Ball count,CTE_pkg_sub_xy,CTE_solder_pkg,CTE_solder_sub_xy,"DieHlfDiagSz, mm",Packag Poisson ratio,"Package Plating (0:None, 1:Ni/Au, )",Solder CTE,Solder Poisson Ratio,Solder Specific Heat J/KgK,Solder Tensile Strength MPa,Solder Thermal conductivity W/mK,Solder Young Module,Solder density,Solder melting temp.,Substrate Poisson ratio,Substrate Thermal Conductivity x-y-direction W/mK,"Substrate thickness, mm","Substratre Plating (0:None, 1:Ni/Au, )","Tmax, °C",Tmean_C,Tmin_C,b_Ag (Wt. % Ag comp. in ball alloy),b_Cu (Wt. % Cu comp. in ball alloy),creep_index,creep_ratio,cycle_mode,fatigue_index,freq_cycle_per_hour,frequency_min_per_cycle,geom_strain_index,p_Ag (Wt. % Ag comp. in paste alloy),p_Cu (Wt. % Cu comp. in paste alloy),pkg_die_ratio,relative_pitch,substrate_thermal_diffusivity_xy,"ΔT, °C",log_life,mean life (cycle)
64.0,-11.38,19.88,8.5,3.39,0.22,1.0,22.5,0.35,236.0,51.5,62.0,40.1,7.4,491.0,0.16,0.8,1.6,1.0,125.0,42.5,-40.0,0.0,0.0,62.6249985119048,0.2097959821309678,0,235.87928010204092,1.428571394557824,42.0,-6638.214865708932,4.0,0.5,1.6696160266619389,0.1413427312115316,0.0005784892387779,165.0,8.354862225428686,4249.79892
64.0,-11.38,19.88,8.5,3.39,0.22,1.0,22.5,0.35,236.0,51.5,62.0,40.1,7.4,491.0,0.16,0.8,1.6,1.0,125.0,42.5,-40.0,0.0,0.0,62.62499973958332,0.6019319434627216,0,41.414999828125,0.2499999989583333,240.0,-6638.214865708932,4.0,0.5,1.6696160266619389,0.1413427312115316,0.0005784892387779,165.0,7.873599559763912,2626.00465
64.0,-11.38,19.88,8.5,3.39,0.22,1.0,22.5,0.35,236.0,51.5,62.0,40.1,7.4,491.0,0.16,0.8,1.6,1.0,125.0,35.0,-55.0,0.0,0.0,62.62499791666673,0.1481179263597707,0,360.17998800000044,1.999999933333336,30.0,-7241.688944409742,4.0,0.5,1.6696160266619389,0.1413427312115316,0.0005784892387779,180.0,8.32367288152946,4119.265498
64.0,-11.38,19.88,8.5,3.39,0.22,1.0,22.5,0.35,236.0,51.5,62.0,40.1,7.4,491.0,0.16,0.8,1.6,1.0,100.0,50.0,0.0,0.0,0.0,50.09999833333338,0.2002398073611453,0,200.0999933333336,1.999999933333336,30.0,-4023.16052467208,4.0,0.5,1.6696160266619389,0.1413427312115316,0.0005784892387779,100.0,9.6036820959402,14818.24712
64.0,-11.38,19.88,8.5,3.39,0.22,1.0,22.5,0.35,236.0,51.5,62.0,40.1,7.4,491.0,0.16,0.8,1.6,1.0,100.0,50.0,0.0,0.0,0.0,128.933329038889,0.3918549273899281,0,200.0999933333336,1.999999933333336,30.0,-4023.16052467208,4.0,0.5,1.6696160266619389,0.1413427312115316,0.0005784892387779,100.0,9.342279903261478,11409.3932
64.0,-11.38,19.88,8.5,3.39,0.22,1.0,22.5,0.35,236.0,51.5,62.0,40.1,7.4,491.0,0.16,0.8,1.6,1.0,100.0,50.0,0.0,0.0,0.0,50.09999875000003,0.250249749005989,0,150.0999962500001,1.4999999625000011,40.0,-4023.16052467208,4.0,0.5,1.6696160266619389,0.1413427312115316,0.0005784892387779,100.0,9.524229888350076,13686.38505
64.0,-11.38,19.88,8.5,3.39,0.22,1.0,22.5,0.35,236.0,51.5,62.0,40.1,7.4,491.0,0.16,0.8,1.6,1.0,100.0,50.0,0.0,0.0,0.0,118.34999704375008,0.4408642188840806,0,150.0999962500001,1.4999999625000011,40.0,-4023.16052467208,4.0,0.5,1.6696160266619389,0.1413427312115316,0.0005784892387779,100.0,9.2865026071147,10790.37634
64.0,-11.38,19.88,8.5,3.39,0.22,1.0,22.5,0.35,236.0,51.5,62.0,40.1,7.4,491.0,0.16,0.8,1.6,1.0,100.0,50.0,0.0,0.0,0.0,159.29999681600003,0.5701503200771978,0,120.09999760000004,1.1999999760000006,50.0,-4023.16052467208,4.0,0.5,1.6696160266619389,0.1413427312115316,0.0005784892387779,100.0,9.142753785028871,9345.467889
64.0,-11.38,19.88,8.5,3.39,0.22,1.0,22.5,0.35,236.0,51.5,62.0,40.1,7.4,491.0,0.16,0.8,1.6,1.0,100.0,50.0,0.0,0.0,0.0,50.09999916666668,0.3335552574367479,0,100.09999833333336,0.9999999833333336,60.0,-4023.16052467208,4.0,0.5,1.6696160266619389,0.1413427312115316,0.0005784892387779,100.0,9.412249082690195,12236.36289
64.0,-11.38,19.88,8.5,3.39,0.22,1.0,22.5,0.35,236.0,51.5,62.0,40.1,7.4,491.0,0.16,0.8,1.6,1.0,100.0,50.0,0.0,0.0,0.0,50.099999375,0.4001597412147751,0,75.09999906250002,0.7499999906250001,80.0,-4023.16052467208,4.0,0.5,1.6696160266619389,0.1413427312115316,0.0005784892387779,100.0,9.332798052877711,11301.71287
64.0,-11.38,19.88,8.5,3.39,0.22,1.0,22.5,0.35,236.0,51.5,62.0,40.1,7.4,491.0,0.16,0.8,1.6,1.0,100.0,50.0,0.0,0.0,0.0,59.22499926093751,0.4409082416470462,0,75.09999906250002,0.7499999906250001,80.0,-4023.16052467208,4.0,0.5,1.6696160266619389,0.1413427312115316,0.0005784892387779,100.0,9.2865026071147,10790.37634
64.0,-11.38,19.88,8.5,3.39,0.22,1.0,22.5,0.35,236.0,51.5,62.0,40.1,7.4,491.0,0.16,0.8,1.6,1.0,100.0,50.0,0.0,0.0,0.0,77.87777691358025,0.5384083539357478,0,66.76666592592593,0.6666666592592594,90.0,-4023.16052467208,4.0,0.5,1.6696160266619389,0.1413427312115316,0.0005784892387779,100.0,9.178246960422562,9683.161166
64.0,-11.38,19.88,8.5,3.39,0.22,1.0,22.5,0.35,236.0,51.5,62.0,40.1,7.4,491.0,0.16,0.8,1.6,1.0,100.0,50.0,0.0,0.0,0.0,70.09999930000001,0.5384024536215111,0,60.0999994,0.599999994,100.0,-4023.16052467208,4.0,0.5,1.6696160266619389,0.1413427312115316,0.0005784892387779,100.0,9.178246960422562,9683.161166
64.0,-11.38,19.88,8.5,3.39,0.22,1.0,22.5,0.35,236.0,51.5,62.0,40.1,7.4,491.0,0.16,0.8,1.6,1.0,100.0,50.0,0.0,0.0,0.0,50.09999958333333,0.49999999500998,0,50.09999958333333,0.4999999958333334,120.0,-4023.16052467208,4.0,0.5,1.6696160266619389,0.1413427312115316,0.0005784892387779,100.0,9.220819074107748,10104.33796
64.0,-11.38,19.88,8.5,3.39,0.22,1.0,22.5,0.35,236.0,51.5,62.0,40.1,7.4,491.0,0.16,0.8,1.6,1.0,100.0,50.0,0.0,0.0,0.0,50.09999964285714,0.5383788704804484,0,42.95714255102041,0.4285714255102041,140.0,-4023.16052467208,4.0,0.5,1.6696160266619389,0.1413427312115316,0.0005784892387779,100.0,9.178246960422562,9683.161166
64.0,-11.38,19.88,8.5,3.39,0.22,1.0,22.5,0.35,236.0,51.5,62.0,40.1,7.4,491.0,0.16,0.8,1.6,1.0,100.0,50.0,0.0,0.0,0.0,50.09999979166666,0.6662233953941235,0,25.09999989583333,0.2499999989583333,240.0,-4023.16052467208,4.0,0.5,1.6696160266619389,0.1413427312115316,0.0005784892387779,100.0,9.029392702526644,8343.790263
64.0,-11.38,19.88,8.5,3.39,0.22,1.0,22.5,0.35,236.0,51.5,62.0,40.1,7.4,491.0,0.16,0.8,1.6,1.0,100.0,50.0,0.0,0.0,0.0,43.15555549575617,0.8365280906103939,0,8.433333321759259,0.0833333332175925,720.0,-4023.16052467208,4.0,0.5,1.6696160266619389,0.1413427312115316,0.0005784892387779,100.0,8.767292567775996,6419.765124
64.0,-11.38,19.88,8.5,3.39,0.22,1.0,22.5,0.35,236.0,51.5,62.0,40.1,7.4,491.0,0.16,0.8,1.6,1.0,100.0,50.0,0.0,0.0,0.0,0.1,0.0006990213818156,1,142.9571394557824,,,-4023.16052467208,4.0,0.5,1.6696160266619389,0.1413427312115316,0.0005784892387779,100.0,9.689341347188607,16143.6071
64.0,-11.38,19.88,8.5,3.39,0.22,1.0,22.5,0.35,236.0,51.5,62.0,40.1,7.4,491.0,0.16,0.8,1.6,1.0,100.0,50.0,0.0,0.0,0.0,0.1,0.0006990213818156,1,142.9571394557824,,,-4023.16052467208,4.0,0.5,1.6696160266619389,0.1413427312115316,0.0005784892387779,100.0,9.403193277268503,12126.04398
64.0,-11.38,19.88,8.5,3.39,0.22,1.0,22.5,0.35,236.0,51.5,62.0,40.1,7.4,491.0,0.16,0.8,1.6,1.0,100.0,50.0,0.0,0.0,0.0,0.1,0.0006990213818156,1,142.9571394557824,,,-4023.16052467208,4.0,0.5,1.6696160266619389,0.1413427312115316,0.0005784892387779,100.0,9.216254133169528,10058.31282
64.0,-11.38,19.88,8.5,3.39,0.22,1.0,22.5,0.35,236.0,51.5,62.0,40.1,7.4,491.0,0.16,0.8,1.6,1.0,100.0,37.5,-25.0,0.0,0.0,112.09999720000006,0.3740095074698029,0,187.6249953125001,1.4999999625000011,40.0,-5028.950655840099,4.0,0.5,1.6696160266619389,0.1413427312115316,0.0005784892387779,125.0,8.983197109972872,7967.06622
64.0,-11.38,19.88,8.5,3.39,0.22,1.0,22.5,0.35,236.0,51.5,62.0,40.1,7.4,491.0,0.16,0.8,1.6,1.0,75.0,37.5,0.0,0.0,0.0,84.07499790000004,0.4275362297113425,0,112.57499718750007,1.4999999625000011,40.0,-3017.37039350406,4.0,0.5,1.6696160266619389,0.1413427312115316,0.0005784892387779,75.0,10.216927825613247,27361.47493
64.0,-11.38,19.88,8.5,3.39,0.22,1.0,22.5,0.35,236.0,51.5,62.0,40.1,7.4,491.0,0.16,0.8,1.6,1.0,60.0,30.0,0.0,0.0,0.0,24.059999400000017,0.2108307026817105,0,90.05999775000006,1.4999999625000011,40.0,-2413.896314803248,4.0,0.5,1.6696160266619389,0.1413427312115316,0.0005784892387779,60.0,11.15905397610509,70195.51719
64.0,-11.38,19.88,8.5,3.39,0.22,1.0,22.5,0.35,236.0,51.5,62.0,40.1,7.4,491.0,0.16,0.8,1.6,1.0,100.0,30.0,-40.0,0.0,0.0,40.099999000000025,0.1602461630486427,0,210.1399947500001,1.4999999625000011,40.0,-5632.424734540911,4.0,0.5,1.6696160266619389,0.1413427312115316,0.0005784892387779,140.0,9.105888797994574,9007.184194
64.0,-11.38,19.88,8.5,3.39,0.22,1.0,22.5,0.35,236.0,51.5,62.0,40.1,7.4,491.0,0.16,0.8,1.6,1.0,125.0,50.0,-25.0,0.0,0.0,78.24999804687506,0.2579103485281527,0,225.14999437500012,1.4999999625000011,40.0,-6034.74078700812,4.0,0.5,1.6696160266619389,0.1413427312115316,0.0005784892387779,150.0,8.44265554518121,4639.862656
64.0,-11.38,19.88,8.5,3.39,0.22,1.0,22.5,0.35,236.0,51.5,62.0,40.1,7.4,491.0,0.16,0.8,1.6,1.0,60.0,10.0,-40.0,0.0,0.0,30.05999900000003,0.1306047961014018,0,200.0999933333336,1.999999933333336,30.0,-4023.16052467208,4.0,0.5,1.6696160266619389,0.1413427312115316,0.0005784892387779,100.0,10.448150437241194,34479.54177
64.0,-5.08,19.88,14.8,,0.22,1.0,22.5,0.35,236.0,51.5,62.0,40.1,7.4,491.0,0.23,36.0,1.6,1.0,125.0,42.5,-40.0,0.0,0.0,62.62499895833334,0.27492427115251,0,165.16499725000006,0.9999999833333336,60.0,-2963.280449718926,4.0,0.5,,0.1413427312115316,0.0118799726721424,165.0,7.883843086962976,2653.052741
64.0,-5.08,19.88,14.8,,0.22,1.0,22.5,0.35,236.0,51.5,62.0,40.1,7.4,491.0,0.23,36.0,1.6,1.0,125.0,42.5,-40.0,0.0,0.0,62.6249985119048,0.2097959821309678,0,235.87928010204092,1.428571394557824,42.0,-2963.280449718926,4.0,0.5,,0.1413427312115316,0.0118799726721424,165.0,7.988109130917888,2944.721716
64.0,-5.08,19.88,14.8,,0.22,1.0,22.5,0.35,236.0,51.5,62.0,40.1,7.4,491.0,0.23,36.0,1.6,1.0,125.0,42.5,-40.0,0.0,0.0,62.62499973958332,0.6019319434627216,0,41.414999828125,0.2499999989583333,240.0,-2963.280449718926,4.0,0.5,,0.1413427312115316,0.0118799726721424,165.0,7.506910902222873,1819.580895
64.0,-5.08,19.88,14.8,,0.22,1.0,22.5,0.35,236.0,51.5,62.0,40.1,7.4,491.0,0.23,36.0,1.6,1.0,100.0,50.0,0.0,0.0,0.0,50.09999833333338,0.2002398073611453,0,200.0999933333336,1.999999933333336,30.0,-1795.9275452841975,4.0,0.5,,0.1413427312115316,0.0118799726721424,100.0,9.236854652127096,10267.68911
64.0,-5.08,19.88,14.8,,0.22,1.0,22.5,0.35,236.0,51.5,62.0,40.1,7.4,491.0,0.23,36.0,1.6,1.0,100.0,50.0,0.0,0.0,0.0,128.933329038889,0.3918549273899281,0,200.0999933333336,1.999999933333336,30.0,-1795.9275452841975,4.0,0.5,,0.1413427312115316,0.0118799726721424,100.0,8.975461393996657,7905.665319
64.0,-5.08,19.88,14.8,,0.22,1.0,22.5,0.35,236.0,51.5,62.0,40.1,7.4,491.0,0.23,36.0,1.6,1.0,100.0,50.0,0.0,0.0,0.0,50.09999875000003,0.250249749005989,0,150.0999962500001,1.4999999625000011,40.0,-1795.9275452841975,4.0,0.5,,0.1413427312115316,0.0118799726721424,100.0,9.157404917455128,9483.412281
64.0,-5.08,19.88,14.8,,0.22,1.0,22.5,0.35,236.0,51.5,62.0,40.1,7.4,491.0,0.23,36.0,1.6,1.0,100.0,50.0,0.0,0.0,0.0,118.34999704375008,0.4408642188840806,0,150.0999962500001,1.4999999625000011,40.0,-1795.9275452841975,4.0,0.5,,0.1413427312115316,0.0118799726721424,100.0,8.91968632518046,7476.743282
64.0,-5.08,19.88,14.8,,0.22,1.0,22.5,0.35,236.0,51.5,62.0,40.1,7.4,491.0,0.23,36.0,1.6,1.0,100.0,50.0,0.0,0.0,0.0,159.29999681600003,0.5701503200771978,0,120.09999760000004,1.1999999760000006,50.0,-1795.9275452841975,4.0,0.5,,0.1413427312115316,0.0118799726721424,100.0,8.775943852213834,6475.553964
64.0,-5.08,19.88,14.8,,0.22,1.0,22.5,0.35,236.0,51.5,62.0,40.1,7.4,491.0,0.23,36.0,1.6,1.0,100.0,50.0,0.0,0.0,0.0,50.09999916666668,0.3335552574367479,0,100.09999833333336,0.9999999833333336,60.0,-1795.9275452841975,4.0,0.5,,0.1413427312115316,0.0118799726721424,100.0,9.045427948827012,8478.679632
64.0,-5.08,19.88,14.8,,0.22,1.0,22.5,0.35,236.0,51.5,62.0,40.1,7.4,491.0,0.23,36.0,1.6,1.0,100.0,50.0,0.0,0.0,0.0,50.099999375,0.4001597412147751,0,75.09999906250002,0.7499999906250001,80.0,-1795.9275452841975,4.0,0.5,,0.1413427312115316,0.0118799726721424,100.0,8.965979913120291,7831.052701
64.0,-5.08,19.88,14.8,,0.22,1.0,22.5,0.35,236.0,51.5,62.0,40.1,7.4,491.0,0.23,36.0,1.6,1.0,100.0,50.0,0.0,0.0,0.0,59.22499926093751,0.4409082416470462,0,75.09999906250002,0.7499999906250001,80.0,-1795.9275452841975,4.0,0.5,,0.1413427312115316,0.0118799726721424,100.0,8.91968632518046,7476.743282
64.0,-5.08,19.88,14.8,,0.22,1.0,22.5,0.35,236.0,51.5,62.0,40.1,7.4,491.0,0.23,36.0,1.6,1.0,100.0,50.0,0.0,0.0,0.0,77.87777691358025,0.5384083539357478,0,66.76666592592593,0.6666666592592594,90.0,-1795.9275452841975,4.0,0.5,,0.1413427312115316,0.0118799726721424,100.0,8.811435374214428,6709.5445
64.0,-5.08,19.88,14.8,,0.22,1.0,22.5,0.35,236.0,51.5,62.0,40.1,7.4,491.0,0.23,36.0,1.6,1.0,100.0,50.0,0.0,0.0,0.0,70.09999930000001,0.5384024536215111,0,60.0999994,0.599999994,100.0,-1795.9275452841975,4.0,0.5,,0.1413427312115316,0.0118799726721424,100.0,8.811435374214428,6709.5445
64.0,-5.08,19.88,14.8,,0.22,1.0,22.5,0.35,236.0,51.5,62.0,40.1,7.4,491.0,0.23,36.0,1.6,1.0,100.0,50.0,0.0,0.0,0.0,50.09999958333333,0.49999999500998,0,50.09999958333333,0.4999999958333334,120.0,-1795.9275452841975,4.0,0.5,,0.1413427312115316,0.0118799726721424,100.0,8.854005580321958,7001.381471
64.0,-5.08,19.88,14.8,,0.22,1.0,22.5,0.35,236.0,51.5,62.0,40.1,7.4,491.0,0.23,36.0,1.6,1.0,100.0,50.0,0.0,0.0,0.0,50.09999964285714,0.5383788704804484,0,42.95714255102041,0.4285714255102041,140.0,-1795.9275452841975,4.0,0.5,,0.1413427312115316,0.0118799726721424,100.0,8.811435374214428,6709.5445
64.0,-5.08,19.88,14.8,,0.22,1.0,22.5,0.35,236.0,51.5,62.0,40.1,7.4,491.0,0.23,36.0,1.6,1.0,100.0,50.0,0.0,0.0,0.0,50.09999979166666,0.6662233953941235,0,25.09999989583333,0.2499999989583333,240.0,-1795.9275452841975,4.0,0.5,,0.1413427312115316,0.0118799726721424,100.0,8.662588461459702,5781.483042
64.0,-5.08,19.88,14.8,,0.22,1.0,22.5,0.35,236.0,51.5,62.0,40.1,7.4,491.0,0.23,36.0,1.6,1.0,100.0,50.0,0.0,0.0,0.0,43.15555549575617,0.8365280906103939,0,8.433333321759259,0.0833333332175925,720.0,-1795.9275452841975,4.0,0.5,,0.1413427312115316,0.0118799726721424,100.0,8.400504240430887,4448.309704
64.0,-5.08,19.88,14.8,,0.22,1.0,22.5,0.35,236.0,51.5,62.0,40.1,7.4,491.0,0.23,36.0,1.6,1.0,100.0,50.0,0.0,0.0,0.0,0.1,0.0006990213818156,1,142.9571394557824,,,-1795.9275452841975,4.0,0.5,,0.1413427312115316,0.0118799726721424,100.0,9.322511448226576,11186.04228
64.0,-5.08,19.88,14.8,,0.22,1.0,22.5,0.35,236.0,51.5,62.0,40.1,7.4,491.0,0.23,36.0,1.6,1.0,100.0,50.0,0.0,0.0,0.0,0.1,0.0006990213818156,1,142.9571394557824,,,-1795.9275452841975,4.0,0.5,,0.1413427312115316,0.0118799726721424,100.0,9.03637247266428,8402.238722
64.0,-5.08,19.88,14.8,,0.22,1.0,22.5,0.35,236.0,51.5,62.0,40.1,7.4,491.0,0.23,36.0,1.6,1.0,100.0,50.0,0.0,0.0,0.0,0.1,0.0006990213818156,1,142.9571394557824,,,-1795.9275452841975,4.0,0.5,,0.1413427312115316,0.0118799726721424,100.0,8.84944084059221,6969.490265
64.0,-5.08,19.88,14.8,,0.22,1.0,22.5,0.35,236.0,51.5,62.0,40.1,7.4,491.0,0.23,36.0,1.6,1.0,100.0,37.5,-25.0,0.0,0.0,112.09999720000006,0.3740095074698029,0,187.6249953125001,1.4999999625000011,40.0,-2244.9094316052465,4.0,0.5,,0.1413427312115316,0.0118799726721424,125.0,8.616395379520842,5520.447756
64.0,-5.08,19.88,14.8,,0.22,1.0,22.5,0.35,236.0,51.5,62.0,40.1,7.4,491.0,0.23,36.0,1.6,1.0,75.0,37.5,0.0,0.0,0.0,84.07499790000004,0.4275362297113425,0,112.57499718750007,1.4999999625000011,40.0,-1346.9456589631482,4.0,0.5,,0.1413427312115316,0.0118799726721424,75.0,9.850086672960906,18958.99805
64.0,-5.08,19.88,14.8,,0.22,1.0,22.5,0.35,236.0,51.5,62.0,40.1,7.4,491.0,0.23,36.0,1.6,1.0,60.0,30.0,0.0,0.0,0.0,24.059999400000017,0.2108307026817105,0,90.05999775000006,1.4999999625000011,40.0,-1077.5565271705186,4.0,0.5,,0.1413427312115316,0.0118799726721424,60.0,10.792202939747588,48639.06922
64.0,-5.08,19.88,14.8,,0.22,1.0,22.5,0.35,236.0,51.5,62.0,40.1,7.4,491.0,0.23,36.0,1.6,1.0,100.0,30.0,-40.0,0.0,0.0,40.099999000000025,0.1602461630486427,0,210.1399947500001,1.4999999625000011,40.0,-2514.2985633978765,4.0,0.5,,0.1413427312115316,0.0118799726721424,140.0,8.739080645850965,6241.154323
64.0,-5.08,19.88,14.8,,0.22,1.0,22.5,0.35,236.0,51.5,62.0,40.1,7.4,491.0,0.23,36.0,1.6,1.0,125.0,50.0,-25.0,0.0,0.0,78.24999804687506,0.2579103485281527,0,225.14999437500012,1.4999999625000011,40.0,-2693.8913179262963,4.0,0.5,,0.1413427312115316,0.0118799726721424,150.0,8.075893688756567,3215.000188
64.0,-5.08,19.88,14.8,,0.22,1.0,22.5,0.35,236.0,51.5,62.0,40.1,7.4,491.0,0.23,36.0,1.6,1.0,60.0,10.0,-40.0,0.0,0.0,30.05999900000003,0.1306047961014018,0,200.0999933333336,1.999999933333336,30.0,-1795.9275452841975,4.0,0.5,,0.1413427312115316,0.0118799726721424,100.0,10.081305940685311,23891.16693
144.0,-17.38,19.88,2.5,4.5254834,0.22,1.0,22.5,0.35,236.0,51.5,62.0,40.1,7.4,491.0,0.34,0.12,1.6,1.0,125.0,42.5,-40.0,0.0,0.0,62.62499895833334,0.27492427115251,0,165.16499725000006,0.9999999833333336,60.0,-15198.7766372391,4.0,0.5,1.874999585458741,0.0942808930497473,0.0007489234179059,165.0,7.801801597818278,2444.002924
144.0,-17.38,19.88,2.5,4.5254834,0.22,1.0,22.5,0.35,236.0,51.5,62.0,40.1,7.4,491.0,0.34,0.12,1.6,1.0,125.0,42.5,-40.0,0.0,0.0,62.6249985119048,0.2097959821309678,0,235.87928010204092,1.428571394557824,42.0,-15198.7766372391,4.0,0.5,1.874999585458741,0.0942808930497473,0.0007489234179059,165.0,7.900276845827148,2697.029163
144.0,-17.38,19.88,2.5,4.5254834,0.22,1.0,22.5,0.35,236.0,51.5,62.0,40.1,7.4,491.0,0.34,0.12,1.6,1.0,125.0,42.5,-40.0,0.0,0.0,62.62499973958332,0.6019319434627216,0,41.414999828125,0.2499999989583333,240.0,-15198.7766372391,4.0,0.5,1.874999585458741,0.0942808930497473,0.0007489234179059,165.0,7.419097884090242,1666.528525
144.0,-17.38,19.88,2.5,4.5254834,0.22,1.0,22.5,0.35,236.0,51.5,62.0,40.1,7.4,491.0,0.34,0.12,1.6,1.0,125.0,35.0,-55.0,0.0,0.0,62.62499791666673,0.1481179263597707,0,360.17998800000044,1.999999933333336,30.0,-16580.483604260833,4.0,0.5,1.874999585458741,0.0942808930497473,0.0007489234179059,180.0,7.869091792232581,2614.189374
144.0,-17.38,19.88,2.5,4.5254834,0.22,1.0,22.5,0.35,236.0,51.5,62.0,40.1,7.4,491.0,0.34,0.12,1.6,1.0,100.0,50.0,0.0,0.0,0.0,50.09999833333338,0.2002398073611453,0,200.0999933333336,1.999999933333336,30.0,-9211.37978014491,4.0,0.5,1.874999585458741,0.0942808930497473,0.0007489234179059,100.0,9.149000134073876,9404.031905
144.0,-17.38,19.88,2.5,4.5254834,0.22,1.0,22.5,0.35,236.0,51.5,62.0,40.1,7.4,491.0,0.34,0.12,1.6,1.0,100.0,50.0,0.0,0.0,0.0,128.933329038889,0.3918549273899281,0,200.0999933333336,1.999999933333336,30.0,-9211.37978014491,4.0,0.5,1.874999585458741,0.0942808930497473,0.0007489234179059,100.0,8.887609547583297,7240.687567
144.0,-17.38,19.88,2.5,4.5254834,0.22,1.0,22.5,0.35,236.0,51.5,62.0,40.1,7.4,491.0,0.34,0.12,1.6,1.0,100.0,50.0,0.0,0.0,0.0,50.09999875000003,0.250249749005989,0,150.0999962500001,1.4999999625000011,40.0,-9211.37978014491,4.0,0.5,1.874999585458741,0.0942808930497473,0.0007489234179059,100.0,9.069551138773445,8685.723797
144.0,-17.38,19.88,2.5,4.5254834,0.22,1.0,22.5,0.35,236.0,51.5,62.0,40.1,7.4,491.0,0.34,0.12,1.6,1.0,100.0,50.0,0.0,0.0,0.0,118.34999704375008,0.4408642188840806,0,150.0999962500001,1.4999999625000011,40.0,-9211.37978014491,4.0,0.5,1.874999585458741,0.0942808930497473,0.0007489234179059,100.0,8.831835145041875,6847.843912
144.0,-17.38,19.88,2.5,4.5254834,0.22,1.0,22.5,0.35,236.0,51.5,62.0,40.1,7.4,491.0,0.34,0.12,1.6,1.0,100.0,50.0,0.0,0.0,0.0,159.29999681600003,0.5701503200771978,0,120.09999760000004,1.1999999760000006,50.0,-9211.37978014491,4.0,0.5,1.874999585458741,0.0942808930497473,0.0007489234179059,100.0,8.688094570679791,5930.868711
144.0,-17.38,19.88,2.5,4.5254834,0.22,1.0,22.5,0.35,236.0,51.5,62.0,40.1,7.4,491.0,0.34,0.12,1.6,1.0,100.0,50.0,0.0,0.0,0.0,50.09999916666668,0.3335552574367479,0,100.09999833333336,0.9999999833333336,60.0,-9211.37978014491,4.0,0.5,1.874999585458741,0.0942808930497473,0.0007489234179059,100.0,8.957575317488516,7765.503309
144.0,-17.38,19.88,2.5,4.5254834,0.22,1.0,22.5,0.35,236.0,51.5,62.0,40.1,7.4,491.0,0.34,0.12,1.6,1.0,100.0,50.0,0.0,0.0,0.0,50.099999375,0.4001597412147751,0,75.09999906250002,0.7499999906250001,80.0,-9211.37978014491,4.0,0.5,1.874999585458741,0.0942808930497473,0.0007489234179059,100.0,8.878128177277468,7172.35092
144.0,-17.38,19.88,2.5,4.5254834,0.22,1.0,22.5,0.35,236.0,51.5,62.0,40.1,7.4,491.0,0.34,0.12,1.6,1.0,100.0,50.0,0.0,0.0,0.0,59.22499926093751,0.4409082416470462,0,75.09999906250002,0.7499999906250001,80.0,-9211.37978014491,4.0,0.5,1.874999585458741,0.0942808930497473,0.0007489234179059,100.0,8.831835145041875,6847.843912
144.0,-17.38,19.88,2.5,4.5254834,0.22,1.0,22.5,0.35,236.0,51.5,62.0,40.1,7.4,491.0,0.34,0.12,1.6,1.0,100.0,50.0,0.0,0.0,0.0,77.87777691358025,0.5384083539357478,0,66.76666592592593,0.6666666592592594,90.0,-9211.37978014491,4.0,0.5,1.874999585458741,0.0942808930497473,0.0007489234179059,100.0,8.723585598115305,6145.177348
144.0,-17.38,19.88,2.5,4.5254834,0.22,1.0,22.5,0.35,236.0,51.5,62.0,40.1,7.4,491.0,0.34,0.12,1.6,1.0,100.0,50.0,0.0,0.0,0.0,70.09999930000001,0.5384024536215111,0,60.0999994,0.599999994,100.0,-9211.37978014491,4.0,0.5,1.874999585458741,0.0942808930497473,0.0007489234179059,100.0,8.723585598115305,6145.177348
144.0,-17.38,19.88,2.5,4.5254834,0.22,1.0,22.5,0.35,236.0,51.5,62.0,40.1,7.4,491.0,0.34,0.12,1.6,1.0,100.0,50.0,0.0,0.0,0.0,50.09999958333333,0.49999999500998,0,50.09999958333333,0.4999999958333334,120.0,-9211.37978014491,4.0,0.5,1.874999585458741,0.0942808930497473,0.0007489234179059,100.0,8.766155233983948,6412.466722
144.0,-17.38,19.88,2.5,4.5254834,0.22,1.0,22.5,0.35,236.0,51.5,62.0,40.1,7.4,491.0,0.34,0.12,1.6,1.0,100.0,50.0,0.0,0.0,0.0,50.09999964285714,0.5383788704804484,0,42.95714255102041,0.4285714255102041,140.0,-9211.37978014491,4.0,0.5,1.874999585458741,0.0942808930497473,0.0007489234179059,100.0,8.723585598115305,6145.177348
144.0,-17.38,19.88,2.5,4.5254834,0.22,1.0,22.5,0.35,236.0,51.5,62.0,40.1,7.4,491.0,0.34,0.12,1.6,1.0,100.0,50.0,0.0,0.0,0.0,50.09999979166666,0.6662233953941235,0,25.09999989583333,0.2499999989583333,240.0,-9211.37978014491,4.0,0.5,1.874999585458741,0.0942808930497473,0.0007489234179059,100.0,8.574740881789355,5295.178924
144.0,-17.38,19.88,2.5,4.5254834,0.22,1.0,22.5,0.35,236.0,51.5,62.0,40.1,7.4,491.0,0.34,0.12,1.6,1.0,100.0,50.0,0.0,0.0,0.0,43.15555549575617,0.8365280906103939,0,8.433333321759259,0.0833333332175925,720.0,-9211.37978014491,4.0,0.5,1.874999585458741,0.0942808930497473,0.0007489234179059,100.0,8.312661419649816,4074.144233
144.0,-17.38,19.88,2.5,4.5254834,0.22,1.0,22.5,0.35,236.0,51.5,62.0,40.1,7.4,491.0,0.34,0.12,1.6,1.0,100.0,50.0,0.0,0.0,0.0,0.1,0.0006990213818156,1,142.9571394557824,,,-9211.37978014491,4.0,0.5,1.874999585458741,0.0942808930497473,0.0007489234179059,100.0,9.23465619651768,10245.13865
144.0,-17.38,19.88,2.5,4.5254834,0.22,1.0,22.5,0.35,236.0,51.5,62.0,40.1,7.4,491.0,0.34,0.12,1.6,1.0,100.0,50.0,0.0,0.0,0.0,0.1,0.0006990213818156,1,142.9571394557824,,,-9211.37978014491,4.0,0.5,1.874999585458741,0.0942808930497473,0.0007489234179059,100.0,8.948519939755124,7695.492155
144.0,-17.38,19.88,2.5,4.5254834,0.22,1.0,22.5,0.35,236.0,51.5,62.0,40.1,7.4,491.0,0.34,0.12,1.6,1.0,100.0,50.0,0.0,0.0,0.0,0.1,0.0006990213818156,1,142.9571394557824,,,-9211.37978014491,4.0,0.5,1.874999585458741,0.0942808930497473,0.0007489234179059,100.0,8.761590554196403,6383.258015
144.0,-17.38,19.88,2.5,4.5254834,0.22,1.0,22.5,0.35,236.0,51.5,62.0,40.1,7.4,491.0,0.34,0.12,1.6,1.0,100.0,37.5,-25.0,0.0,0.0,112.09999720000006,0.3740095074698029,0,187.6249953125001,1.4999999625000011,40.0,-11514.224725181137,4.0,0.5,1.874999585458741,0.0942808930497473,0.0007489234179059,125.0,8.52854855079399,5056.100381
144.0,-17.38,19.88,2.5,4.5254834,0.22,1.0,22.5,0.35,236.0,51.5,62.0,40.1,7.4,491.0,0.34,0.12,1.6,1.0,75.0,37.5,0.0,0.0,0.0,84.07499790000004,0.4275362297113425,0,112.57499718750007,1.4999999625000011,40.0,-6908.534835108682,4.0,0.5,1.874999585458741,0.0942808930497473,0.0007489234179059,75.0,9.762228054884613,17364.2794
144.0,-17.38,19.88,2.5,4.5254834,0.22,1.0,22.5,0.35,236.0,51.5,62.0,40.1,7.4,491.0,0.34,0.12,1.6,1.0,60.0,30.0,0.0,0.0,0.0,24.059999400000017,0.2108307026817105,0,90.05999775000006,1.4999999625000011,40.0,-5526.827868086944,4.0,0.5,1.874999585458741,0.0942808930497473,0.0007489234179059,60.0,10.70434136611702,44547.83874
144.0,-17.38,19.88,2.5,4.5254834,0.22,1.0,22.5,0.35,236.0,51.5,62.0,40.1,7.4,491.0,0.34,0.12,1.6,1.0,100.0,30.0,-40.0,0.0,0.0,40.099999000000025,0.1602461630486427,0,210.1399947500001,1.4999999625000011,40.0,-12895.931692202872,4.0,0.5,1.874999585458741,0.0942808930497473,0.0007489234179059,140.0,8.65123189666095,5716.185379
144.0,-17.38,19.88,2.5,4.5254834,0.22,1.0,22.5,0.35,236.0,51.5,62.0,40.1,7.4,491.0,0.34,0.12,1.6,1.0,125.0,50.0,-25.0,0.0,0.0,78.24999804687506,0.2579103485281527,0,225.14999437500012,1.4999999625000011,40.0,-13817.069670217365,4.0,0.5,1.874999585458741,0.0942808930497473,0.0007489234179059,150.0,7.988058783414712,2944.57341
144.0,-17.38,19.88,2.5,4.5254834,0.22,1.0,22.5,0.35,236.0,51.5,62.0,40.1,7.4,491.0,0.34,0.12,1.6,1.0,60.0,10.0,-40.0,0.0,0.0,30.05999900000003,0.1306047961014018,0,200.0999933333336,1.999999933333336,30.0,-9211.37978014491,4.0,0.5,1.874999585458741,0.0942808930497473,0.0007489234179059,100.0,9.993446322691977,21881.58344
144.0,-17.38,19.88,2.5,4.5254834,0.22,1.0,22.5,0.35,236.0,51.5,62.0,40.1,7.4,491.0,0.34,0.12,1.6,1.0,125.0,42.5,-40.0,0.0,0.0,62.62499895833334,0.27492427115251,0,165.16499725000006,0.9999999833333336,60.0,-15198.7766372391,4.0,0.5,1.874999585458741,0.0942808930497473,0.0007489234179059,165.0,7.6801689101599,2163.985429
144.0,-17.38,19.88,2.5,4.5254834,0.22,1.0,22.5,0.35,236.0,51.5,62.0,40.1,7.4,491.0,0.34,0.12,1.6,1.0,125.0,42.5,-40.0,0.0,0.0,62.6249985119048,0.2097959821309678,0,235.87928010204092,1.428571394557824,42.0,-15198.7766372391,4.0,0.5,1.874999585458741,0.0942808930497473,0.0007489234179059,165.0,7.778639195003589,2388.021615
144.0,-17.38,19.88,2.5,4.5254834,0.22,1.0,22.5,0.35,236.0,51.5,62.0,40.1,7.4,491.0,0.34,0.12,1.6,1.0,125.0,42.5,-40.0,0.0,0.0,62.62499973958332,0.6019319434627216,0,41.414999828125,0.2499999989583333,240.0,-15198.7766372391,4.0,0.5,1.874999585458741,0.0942808930497473,0.0007489234179059,165.0,7.297489870047686,1475.588842
144.0,-17.38,19.88,2.5,4.5254834,0.22,1.0,22.5,0.35,236.0,51.5,62.0,40.1,7.4,491.0,0.34,0.12,1.6,1.0,125.0,35.0,-55.0,0.0,0.0,62.62499791666673,0.1481179263597707,0,360.17998800000044,1.999999933333336,30.0,-16580.483604260833,4.0,0.5,1.874999585458741,0.0942808930497473,0.0007489234179059,180.0,7.747455660333908,2314.673054
144.0,-17.38,19.88,2.5,4.5254834,0.22,1.0,22.5,0.35,236.0,51.5,62.0,40.1,7.4,491.0,0.34,0.12,1.6,1.0,100.0,50.0,0.0,0.0,0.0,50.09999833333338,0.2002398073611453,0,200.0999933333336,1.999999933333336,30.0,-9211.37978014491,4.0,0.5,1.874999585458741,0.0942808930497473,0.0007489234179059,100.0,9.027328282179182,8326.580878
144.0,-17.38,19.88,2.5,4.5254834,0.22,1.0,22.5,0.35,236.0,51.5,62.0,40.1,7.4,491.0,0.34,0.12,1.6,1.0,100.0,50.0,0.0,0.0,0.0,128.933329038889,0.3918549273899281,0,200.0999933333336,1.999999933333336,30.0,-9211.37978014491,4.0,0.5,1.874999585458741,0.0942808930497473,0.0007489234179059,100.0,8.765941805721067,6411.098053
144.0,-17.38,19.88,2.5,4.5254834,0.22,1.0,22.5,0.35,236.0,51.5,62.0,40.1,7.4,491.0,0.34,0.12,1.6,1.0,100.0,50.0,0.0,0.0,0.0,50.09999875000003,0.250249749005989,0,150.0999962500001,1.4999999625000011,40.0,-9211.37978014491,4.0,0.5,1.874999585458741,0.0942808930497473,0.0007489234179059,100.0,8.947880424581227,7690.571705
144.0,-17.38,19.88,2.5,4.5254834,0.22,1.0,22.5,0.35,236.0,51.5,62.0,40.1,7.4,491.0,0.34,0.12,1.6,1.0,100.0,50.0,0.0,0.0,0.0,118.34999704375008,0.4408642188840806,0,150.0999962500001,1.4999999625000011,40.0,-9211.37978014491,4.0,0.5,1.874999585458741,0.0942808930497473,0.0007489234179059,100.0,8.710168428190014,6063.263795
144.0,-17.38,19.88,2.5,4.5254834,0.22,1.0,22.5,0.35,236.0,51.5,62.0,40.1,7.4,491.0,0.34,0.12,1.6,1.0,100.0,50.0,0.0,0.0,0.0,159.29999681600003,0.5701503200771978,0,120.09999760000004,1.1999999760000006,50.0,-9211.37978014491,4.0,0.5,1.874999585458741,0.0942808930497473,0.0007489234179059,100.0,8.566430774336114,5251.349474
144.0,-17.38,19.88,2.5,4.5254834,0.22,1.0,22.5,0.35,236.0,51.5,62.0,40.1,7.4,491.0,0.34,0.12,1.6,1.0,100.0,50.0,0.0,0.0,0.0,50.09999916666668,0.3335552574367479,0,100.09999833333336,0.9999999833333336,60.0,-9211.37978014491,4.0,0.5,1.874999585458741,0.0942808930497473,0.0007489234179059,100.0,8.835906368293992,6875.783921
144.0,-17.38,19.88,2.5,4.5254834,0.22,1.0,22.5,0.35,236.0,51.5,62.0,40.1,7.4,491.0,0.34,0.12,1.6,1.0,100.0,50.0,0.0,0.0,0.0,50.099999375,0.4001597412147751,0,75.09999906250002,0.7499999906250001,80.0,-9211.37978014491,4.0,0.5,1.874999585458741,0.0942808930497473,0.0007489234179059,100.0,8.756460605702381,6350.590962
144.0,-17.38,19.88,2.5,4.5254834,0.22,1.0,22.5,0.35,236.0,51.5,62.0,40.1,7.4,491.0,0.34,0.12,1.6,1.0,100.0,50.0,0.0,0.0,0.0,59.22499926093751,0.4409082416470462,0,75.09999906250002,0.7499999906250001,80.0,-9211.37978014491,4.0,0.5,1.874999585458741,0.0942808930497473,0.0007489234179059,100.0,8.710168428190014,6063.263795
144.0,-17.38,19.88,2.5,4.5254834,0.22,1.0,22.5,0.35,236.0,51.5,62.0,40.1,7.4,491.0,0.34,0.12,1.6,1.0,100.0,50.0,0.0,0.0,0.0,77.87777691358025,0.5384083539357478,0,66.76666592592593,0.6666666592592594,90.0,-9211.37978014491,4.0,0.5,1.874999585458741,0.0942808930497473,0.0007489234179059,100.0,8.601921041174334,5441.104062
144.0,-17.38,19.88,2.5,4.5254834,0.22,1.0,22.5,0.35,236.0,51.5,62.0,40.1,7.4,491.0,0.34,0.12,1.6,1.0,100.0,50.0,0.0,0.0,0.0,70.09999930000001,0.5384024536215111,0,60.0999994,0.599999994,100.0,-9211.37978014491,4.0,0.5,1.874999585458741,0.0942808930497473,0.0007489234179059,100.0,8.601921041174334,5441.104062
144.0,-17.38,19.88,2.5,4.5254834,0.22,1.0,22.5,0.35,236.0,51.5,62.0,40.1,7.4,491.0,0.34,0.12,1.6,1.0,100.0,50.0,0.0,0.0,0.0,50.09999958333333,0.49999999500998,0,50.09999958333333,0.4999999958333334,120.0,-9211.37978014491,4.0,0.5,1.874999585458741,0.0942808930497473,0.0007489234179059,100.0,8.644489799502407,5677.769208
144.0,-17.38,19.88,2.5,4.5254834,0.22,1.0,22.5,0.35,236.0,51.5,62.0,40.1,7.4,491.0,0.34,0.12,1.6,1.0,100.0,50.0,0.0,0.0,0.0,50.09999964285714,0.5383788704804484,0,42.95714255102041,0.4285714255102041,140.0,-9211.37978014491,4.0,0.5,1.874999585458741,0.0942808930497473,0.0007489234179059,100.0,8.601921041174334,5441.104062
144.0,-17.38,19.88,2.5,4.5254834,0.22,1.0,22.5,0.35,236.0,51.5,62.0,40.1,7.4,491.0,0.34,0.12,1.6,1.0,100.0,50.0,0.0,0.0,0.0,50.09999979166666,0.6662233953941235,0,25.09999989583333,0.2499999989583333,240.0,-9211.37978014491,4.0,0.5,1.874999585458741,0.0942808930497473,0.0007489234179059,100.0,8.45307970377913,4688.492768
144.0,-17.38,19.88,2.5,4.5254834,0.22,1.0,22.5,0.35,236.0,51.5,62.0,40.1,7.4,491.0,0.34,0.12,1.6,1.0,100.0,50.0,0.0,0.0,0.0,43.15555549575617,0.8365280906103939,0,8.433333321759259,0.0833333332175925,720.0,-9211.37978014491,4.0,0.5,1.874999585458741,0.0942808930497473,0.0007489234179059,100.0,8.19100756201185,3607.356058
144.0,-17.38,19.88,2.5,4.5254834,0.22,1.0,22.5,0.35,236.0,51.5,62.0,40.1,7.4,491.0,0.34,0.12,1.6,1.0,100.0,50.0,0.0,0.0,0.0,0.1,0.0006990213818156,1,142.9571394557824,,,-9211.37978014491,4.0,0.5,1.874999585458741,0.0942808930497473,0.0007489234179059,100.0,9.112983214722298,9071.319238
144.0,-17.38,19.88,2.5,4.5254834,0.22,1.0,22.5,0.35,236.0,51.5,62.0,40.1,7.4,491.0,0.34,0.12,1.6,1.0,100.0,50.0,0.0,0.0,0.0,0.1,0.0006990213818156,1,142.9571394557824,,,-9211.37978014491,4.0,0.5,1.874999585458741,0.0942808930497473,0.0007489234179059,100.0,8.826851142060468,6813.794176
144.0,-17.38,19.88,2.5,4.5254834,0.22,1.0,22.5,0.35,236.0,51.5,62.0,40.1,7.4,491.0,0.34,0.12,1.6,1.0,100.0,50.0,0.0,0.0,0.0,0.1,0.0006990213818156,1,142.9571394557824,,,-9211.37978014491,4.0,0.5,1.874999585458741,0.0942808930497473,0.0007489234179059,100.0,8.639925212174257,5651.90704
144.0,-17.38,19.88,2.5,4.5254834,0.22,1.0,22.5,0.35,236.0,51.5,62.0,40.1,7.4,491.0,0.34,0.12,1.6,1.0,100.0,37.5,-25.0,0.0,0.0,112.09999720000006,0.3740095074698029,0,187.6249953125001,1.4999999625000011,40.0,-11514.224725181137,4.0,0.5,1.874999585458741,0.0942808930497473,0.0007489234179059,125.0,8.406888527799191,4476.806244
144.0,-17.38,19.88,2.5,4.5254834,0.22,1.0,22.5,0.35,236.0,51.5,62.0,40.1,7.4,491.0,0.34,0.12,1.6,1.0,75.0,37.5,0.0,0.0,0.0,84.07499790000004,0.4275362297113425,0,112.57499718750007,1.4999999625000011,40.0,-6908.534835108682,4.0,0.5,1.874999585458741,0.0942808930497473,0.0007489234179059,75.0,9.64054989621094,15374.7965
144.0,-17.38,19.88,2.5,4.5254834,0.22,1.0,22.5,0.35,236.0,51.5,62.0,40.1,7.4,491.0,0.34,0.12,1.6,1.0,60.0,30.0,0.0,0.0,0.0,24.059999400000017,0.2108307026817105,0,90.05999775000006,1.4999999625000011,40.0,-5526.827868086944,4.0,0.5,1.874999585458741,0.0942808930497473,0.0007489234179059,60.0,10.582658660703425,39443.84558
144.0,-17.38,19.88,2.5,4.5254834,0.22,1.0,22.5,0.35,236.0,51.5,62.0,40.1,7.4,491.0,0.34,0.12,1.6,1.0,100.0,30.0,-40.0,0.0,0.0,40.099999000000025,0.1602461630486427,0,210.1399947500001,1.4999999625000011,40.0,-12895.931692202872,4.0,0.5,1.874999585458741,0.0942808930497473,0.0007489234179059,140.0,8.529568919406485,5061.263121
144.0,-17.38,19.88,2.5,4.5254834,0.22,1.0,22.5,0.35,236.0,51.5,62.0,40.1,7.4,491.0,0.34,0.12,1.6,1.0,125.0,50.0,-25.0,0.0,0.0,78.24999804687506,0.2579103485281527,0,225.14999437500012,1.4999999625000011,40.0,-13817.069670217365,4.0,0.5,1.874999585458741,0.0942808930497473,0.0007489234179059,150.0,7.866417102122382,2607.203899
144.0,-17.38,19.88,2.5,4.5254834,0.22,1.0,22.5,0.35,236.0,51.5,62.0,40.1,7.4,491.0,0.34,0.12,1.6,1.0,60.0,10.0,-40.0,0.0,0.0,30.05999900000003,0.1306047961014018,0,200.0999933333336,1.999999933333336,30.0,-9211.37978014491,4.0,0.5,1.874999585458741,0.0942808930497473,0.0007489234179059,100.0,9.871766625706885,19374.53808
144.0,-17.38,19.88,2.5,4.5254834,0.22,1.0,22.5,0.35,236.0,51.5,62.0,40.1,7.4,491.0,0.34,0.12,1.6,1.0,125.0,42.5,-40.0,0.0,0.0,62.62499895833334,0.27492427115251,0,165.16499725000006,0.9999999833333336,60.0,-15198.7766372391,4.0,0.5,1.874999585458741,0.0942808930497473,0.0007489234179059,165.0,7.712128747073146,2234.295576
144.0,-17.38,19.88,2.5,4.5254834,0.22,1.0,22.5,0.35,236.0,51.5,62.0,40.1,7.4,491.0,0.34,0.12,1.6,1.0,125.0,42.5,-40.0,0.0,0.0,62.6249985119048,0.2097959821309678,0,235.87928010204092,1.428571394557824,42.0,-15198.7766372391,4.0,0.5,1.874999585458741,0.0942808930497473,0.0007489234179059,165.0,7.810600395539157,2465.610933
144.0,-17.38,19.88,2.5,4.5254834,0.22,1.0,22.5,0.35,236.0,51.5,62.0,40.1,7.4,491.0,0.34,0.12,1.6,1.0,125.0,42.5,-40.0,0.0,0.0,62.62499973958332,0.6019319434627216,0,41.414999828125,0.2499999989583333,240.0,-15198.7766372391,4.0,0.5,1.874999585458741,0.0942808930497473,0.0007489234179059,165.0,7.329442930520518,1523.532265
144.0,-17.38,19.88,2.5,4.5254834,0.22,1.0,22.5,0.35,236.0,51.5,62.0,40.1,7.4,491.0,0.34,0.12,1.6,1.0,125.0,35.0,-55.0,0.0,0.0,62.62499791666673,0.1481179263597707,0,360.17998800000044,1.999999933333336,30.0,-16580.483604260833,4.0,0.5,1.874999585458741,0.0942808930497473,0.0007489234179059,180.0,7.779416443388195,2389.8792
144.0,-17.38,19.88,2.5,4.5254834,0.22,1.0,22.5,0.35,236.0,51.5,62.0,40.1,7.4,491.0,0.34,0.12,1.6,1.0,100.0,50.0,0.0,0.0,0.0,50.09999833333338,0.2002398073611453,0,200.0999933333336,1.999999933333336,30.0,-9211.37978014491,4.0,0.5,1.874999585458741,0.0942808930497473,0.0007489234179059,100.0,9.059298875907114,8597.120191
144.0,-17.38,19.88,2.5,4.5254834,0.22,1.0,22.5,0.35,236.0,51.5,62.0,40.1,7.4,491.0,0.34,0.12,1.6,1.0,100.0,50.0,0.0,0.0,0.0,128.933329038889,0.3918549273899281,0,200.0999933333336,1.999999933333336,30.0,-9211.37978014491,4.0,0.5,1.874999585458741,0.0942808930497473,0.0007489234179059,100.0,8.797911270658474,6619.401328
144.0,-17.38,19.88,2.5,4.5254834,0.22,1.0,22.5,0.35,236.0,51.5,62.0,40.1,7.4,491.0,0.34,0.12,1.6,1.0,100.0,50.0,0.0,0.0,0.0,50.09999875000003,0.250249749005989,0,150.0999962500001,1.4999999625000011,40.0,-9211.37978014491,4.0,0.5,1.874999585458741,0.0942808930497473,0.0007489234179059,100.0,8.979850705786601,7940.446415
144.0,-17.38,19.88,2.5,4.5254834,0.22,1.0,22.5,0.35,236.0,51.5,62.0,40.1,7.4,491.0,0.34,0.12,1.6,1.0,100.0,50.0,0.0,0.0,0.0,118.34999704375008,0.4408642188840806,0,150.0999962500001,1.4999999625000011,40.0,-9211.37978014491,4.0,0.5,1.874999585458741,0.0942808930497473,0.0007489234179059,100.0,8.742137611552344,6260.265571
144.0,-17.38,19.88,2.5,4.5254834,0.22,1.0,22.5,0.35,236.0,51.5,62.0,40.1,7.4,491.0,0.34,0.12,1.6,1.0,100.0,50.0,0.0,0.0,0.0,159.29999681600003,0.5701503200771978,0,120.09999760000004,1.1999999760000006,50.0,-9211.37978014491,4.0,0.5,1.874999585458741,0.0942808930497473,0.0007489234179059,100.0,8.598399155475411,5421.971305
144.0,-17.38,19.88,2.5,4.5254834,0.22,1.0,22.5,0.35,236.0,51.5,62.0,40.1,7.4,491.0,0.34,0.12,1.6,1.0,100.0,50.0,0.0,0.0,0.0,50.09999916666668,0.3335552574367479,0,100.09999833333336,0.9999999833333336,60.0,-9211.37978014491,4.0,0.5,1.874999585458741,0.0942808930497473,0.0007489234179059,100.0,8.867876164660586,7099.185324
144.0,-17.38,19.88,2.5,4.5254834,0.22,1.0,22.5,0.35,236.0,51.5,62.0,40.1,7.4,491.0,0.34,0.12,1.6,1.0,100.0,50.0,0.0,0.0,0.0,50.099999375,0.4001597412147751,0,75.09999906250002,0.7499999906250001,80.0,-9211.37978014491,4.0,0.5,1.874999585458741,0.0942808930497473,0.0007489234179059,100.0,8.788430023828505,6556.928298
144.0,-17.38,19.88,2.5,4.5254834,0.22,1.0,22.5,0.35,236.0,51.5,62.0,40.1,7.4,491.0,0.34,0.12,1.6,1.0,100.0,50.0,0.0,0.0,0.0,59.22499926093751,0.4409082416470462,0,75.09999906250002,0.7499999906250001,80.0,-9211.37978014491,4.0,0.5,1.874999585458741,0.0942808930497473,0.0007489234179059,100.0,8.742137611552344,6260.265571
144.0,-17.38,19.88,2.5,4.5254834,0.22,1.0,22.5,0.35,236.0,51.5,62.0,40.1,7.4,491.0,0.34,0.12,1.6,1.0,100.0,50.0,0.0,0.0,0.0,77.87777691358025,0.5384083539357478,0,66.76666592592593,0.6666666592592594,90.0,-9211.37978014491,4.0,0.5,1.874999585458741,0.0942808930497473,0.0007489234179059,100.0,8.633889631252258,5617.891218
144.0,-17.38,19.88,2.5,4.5254834,0.22,1.0,22.5,0.35,236.0,51.5,62.0,40.1,7.4,491.0,0.34,0.12,1.6,1.0,100.0,50.0,0.0,0.0,0.0,70.09999930000001,0.5384024536215111,0,60.0999994,0.599999994,100.0,-9211.37978014491,4.0,0.5,1.874999585458741,0.0942808930497473,0.0007489234179059,100.0,8.633889631252258,5617.891218
144.0,-17.38,19.88,2.5,4.5254834,0.22,1.0,22.5,0.35,236.0,51.5,62.0,40.1,7.4,491.0,0.34,0.12,1.6,1.0,100.0,50.0,0.0,0.0,0.0,50.09999958333333,0.49999999500998,0,50.09999958333333,0.4999999958333334,120.0,-9211.37978014491,4.0,0.5,1.874999585458741,0.0942808930497473,0.0007489234179059,100.0,8.676458630760061,5862.245863
144.0,-17.38,19.88,2.5,4.5254834,0.22,1.0,22.5,0.35,236.0,51.5,62.0,40.1,7.4,491.0,0.34,0.12,1.6,1.0,100.0,50.0,0.0,0.0,0.0,50.09999964285714,0.5383788704804484,0,42.95714255102041,0.4285714255102041,140.0,-9211.37978014491,4.0,0.5,1.874999585458741,0.0942808930497473,0.0007489234179059,100.0,8.633889631252258,5617.891218
144.0,-17.38,19.88,2.5,4.5254834,0.22,1.0,22.5,0.35,236.0,51.5,62.0,40.1,7.4,491.0,0.34,0.12,1.6,1.0,100.0,50.0,0.0,0.0,0.0,50.09999979166666,0.6662233953941235,0,25.09999989583333,0.2499999989583333,240.0,-9211.37978014491,4.0,0.5,1.874999585458741,0.0942808930497473,0.0007489234179059,100.0,8.485047365895795,4840.826797
144.0,-17.38,19.88,2.5,4.5254834,0.22,1.0,22.5,0.35,236.0,51.5,62.0,40.1,7.4,491.0,0.34,0.12,1.6,1.0,100.0,50.0,0.0,0.0,0.0,43.15555549575617,0.8365280906103939,0,8.433333321759259,0.0833333332175925,720.0,-9211.37978014491,4.0,0.5,1.874999585458741,0.0942808930497473,0.0007489234179059,100.0,8.222973213628265,3724.562826
144.0,-17.38,19.88,2.5,4.5254834,0.22,1.0,22.5,0.35,236.0,51.5,62.0,40.1,7.4,491.0,0.34,0.12,1.6,1.0,100.0,50.0,0.0,0.0,0.0,0.1,0.0006990213818156,1,142.9571394557824,,,-9211.37978014491,4.0,0.5,1.874999585458741,0.0942808930497473,0.0007489234179059,100.0,9.144954118708576,9366.055879
144.0,-17.38,19.88,2.5,4.5254834,0.22,1.0,22.5,0.35,236.0,51.5,62.0,40.1,7.4,491.0,0.34,0.12,1.6,1.0,100.0,50.0,0.0,0.0,0.0,0.1,0.0006990213818156,1,142.9571394557824,,,-9211.37978014491,4.0,0.5,1.874999585458741,0.0942808930497473,0.0007489234179059,100.0,8.858820897025707,7035.181469
144.0,-17.38,19.88,2.5,4.5254834,0.22,1.0,22.5,0.35,236.0,51.5,62.0,40.1,7.4,491.0,0.34,0.12,1.6,1.0,100.0,50.0,0.0,0.0,0.0,0.1,0.0006990213818156,1,142.9571394557824,,,-9211.37978014491,4.0,0.5,1.874999585458741,0.0942808930497473,0.0007489234179059,100.0,8.671894017885077,5835.543405
144.0,-17.38,19.88,2.5,4.5254834,0.22,1.0,22.5,0.35,236.0,51.5,62.0,40.1,7.4,491.0,0.34,0.12,1.6,1.0,100.0,37.5,-25.0,0.0,0.0,112.09999720000006,0.3740095074698029,0,187.6249953125001,1.4999999625000011,40.0,-11514.224725181137,4.0,0.5,1.874999585458741,0.0942808930497473,0.0007489234179059,125.0,8.438855872756525,4622.262357
144.0,-17.38,19.88,2.5,4.5254834,0.22,1.0,22.5,0.35,236.0,51.5,62.0,40.1,7.4,491.0,0.34,0.12,1.6,1.0,75.0,37.5,0.0,0.0,0.0,84.07499790000004,0.4275362297113425,0,112.57499718750007,1.4999999625000011,40.0,-6908.534835108682,4.0,0.5,1.874999585458741,0.0942808930497473,0.0007489234179059,75.0,9.672522221957149,15874.3397
144.0,-17.38,19.88,2.5,4.5254834,0.22,1.0,22.5,0.35,236.0,51.5,62.0,40.1,7.4,491.0,0.34,0.12,1.6,1.0,60.0,30.0,0.0,0.0,0.0,24.059999400000017,0.2108307026817105,0,90.05999775000006,1.4999999625000011,40.0,-5526.827868086944,4.0,0.5,1.874999585458741,0.0942808930497473,0.0007489234179059,60.0,10.614632235320148,40725.41733
144.0,-17.38,19.88,2.5,4.5254834,0.22,1.0,22.5,0.35,236.0,51.5,62.0,40.1,7.4,491.0,0.34,0.12,1.6,1.0,100.0,30.0,-40.0,0.0,0.0,40.099999000000025,0.1602461630486427,0,210.1399947500001,1.4999999625000011,40.0,-12895.931692202872,4.0,0.5,1.874999585458741,0.0942808930497473,0.0007489234179059,140.0,8.561537075611886,5225.708848
144.0,-17.38,19.88,2.5,4.5254834,0.22,1.0,22.5,0.35,236.0,51.5,62.0,40.1,7.4,491.0,0.34,0.12,1.6,1.0,125.0,50.0,-25.0,0.0,0.0,78.24999804687506,0.2579103485281527,0,225.14999437500012,1.4999999625000011,40.0,-13817.069670217365,4.0,0.5,1.874999585458741,0.0942808930497473,0.0007489234179059,150.0,7.8983794094281405,2691.914678
144.0,-17.38,19.88,2.5,4.5254834,0.22,1.0,22.5,0.35,236.0,51.5,62.0,40.1,7.4,491.0,0.34,0.12,1.6,1.0,60.0,10.0,-40.0,0.0,0.0,30.05999900000003,0.1306047961014018,0,200.0999933333336,1.999999933333336,30.0,-9211.37978014491,4.0,0.5,1.874999585458741,0.0942808930497473,0.0007489234179059,100.0,9.903739374326358,20004.03707
144.0,-17.38,18.68,1.3000000000000007,4.5254834,0.22,1.0,21.3,0.35,234.0,53.0,64.4,45.1,7.4,491.15,0.34,0.12,1.6,1.0,125.0,42.5,-40.0,0.0,0.0,62.62499895833334,0.27492427115251,0,165.16499725000006,0.9999999833333336,60.0,-15198.7766372391,3.4,0.7,1.874999585458741,0.0942808930497473,0.0007489234179059,165.0,7.6967878656901885,2200.265862
144.0,-17.38,18.68,1.3000000000000007,4.5254834,0.22,1.0,21.3,0.35,234.0,53.0,64.4,45.1,7.4,491.15,0.34,0.12,1.6,1.0,125.0,42.5,-40.0,0.0,0.0,62.6249985119048,0.2097959821309678,0,235.87928010204092,1.428571394557824,42.0,-15198.7766372391,3.4,0.7,1.874999585458741,0.0942808930497473,0.0007489234179059,165.0,7.795258864903438,2428.058141
144.0,-17.38,18.68,1.3000000000000007,4.5254834,0.22,1.0,21.3,0.35,234.0,53.0,64.4,45.1,7.4,491.15,0.34,0.12,1.6,1.0,125.0,42.5,-40.0,0.0,0.0,62.62499973958332,0.6019319434627216,0,41.414999828125,0.2499999989583333,240.0,-15198.7766372391,3.4,0.7,1.874999585458741,0.0942808930497473,0.0007489234179059,165.0,7.314105274795002,1500.327919
144.0,-17.38,18.68,1.3000000000000007,4.5254834,0.22,1.0,21.3,0.35,234.0,53.0,64.4,45.1,7.4,491.15,0.34,0.12,1.6,1.0,125.0,35.0,-55.0,0.0,0.0,62.62499791666673,0.1481179263597707,0,360.17998800000044,1.999999933333336,30.0,-16580.483604260833,3.4,0.7,1.874999585458741,0.0942808930497473,0.0007489234179059,180.0,7.764075111566717,2353.47985
144.0,-17.38,18.68,1.3000000000000007,4.5254834,0.22,1.0,21.3,0.35,234.0,53.0,64.4,45.1,7.4,491.15,0.34,0.12,1.6,1.0,100.0,50.0,0.0,0.0,0.0,50.09999833333338,0.2002398073611453,0,200.0999933333336,1.999999933333336,30.0,-9211.37978014491,3.4,0.7,1.874999585458741,0.0942808930497473,0.0007489234179059,100.0,9.04395287403108,8466.180691
144.0,-17.38,18.68,1.3000000000000007,4.5254834,0.22,1.0,21.3,0.35,234.0,53.0,64.4,45.1,7.4,491.15,0.34,0.12,1.6,1.0,100.0,50.0,0.0,0.0,0.0,128.933329038889,0.3918549273899281,0,200.0999933333336,1.999999933333336,30.0,-9211.37978014491,3.4,0.7,1.874999585458741,0.0942808930497473,0.0007489234179059,100.0,8.782565806103264,6518.583719
144.0,-17.38,18.68,1.3000000000000007,4.5254834,0.22,1.0,21.3,0.35,234.0,53.0,64.4,45.1,7.4,491.15,0.34,0.12,1.6,1.0,100.0,50.0,0.0,0.0,0.0,50.09999875000003,0.250249749005989,0,150.0999962500001,1.4999999625000011,40.0,-9211.37978014491,3.4,0.7,1.874999585458741,0.0942808930497473,0.0007489234179059,100.0,8.964504852653189,7819.508466
144.0,-17.38,18.68,1.3000000000000007,4.5254834,0.22,1.0,21.3,0.35,234.0,53.0,64.4,45.1,7.4,491.15,0.34,0.12,1.6,1.0,100.0,50.0,0.0,0.0,0.0,118.34999704375008,0.4408642188840806,0,150.0999962500001,1.4999999625000011,40.0,-9211.37978014491,3.4,0.7,1.874999585458741,0.0942808930497473,0.0007489234179059,100.0,8.726792280916479,6164.917823
144.0,-17.38,18.68,1.3000000000000007,4.5254834,0.22,1.0,21.3,0.35,234.0,53.0,64.4,45.1,7.4,491.15,0.34,0.12,1.6,1.0,100.0,50.0,0.0,0.0,0.0,159.29999681600003,0.5701503200771978,0,120.09999760000004,1.1999999760000006,50.0,-9211.37978014491,3.4,0.7,1.874999585458741,0.0942808930497473,0.0007489234179059,100.0,8.583054206797662,5339.391302
144.0,-17.38,18.68,1.3000000000000007,4.5254834,0.22,1.0,21.3,0.35,234.0,53.0,64.4,45.1,7.4,491.15,0.34,0.12,1.6,1.0,100.0,50.0,0.0,0.0,0.0,50.09999916666668,0.3335552574367479,0,100.09999833333336,0.9999999833333336,60.0,-9211.37978014491,3.4,0.7,1.874999585458741,0.0942808930497473,0.0007489234179059,100.0,8.852530542298176,6991.060306
144.0,-17.38,18.68,1.3000000000000007,4.5254834,0.22,1.0,21.3,0.35,234.0,53.0,64.4,45.1,7.4,491.15,0.34,0.12,1.6,1.0,100.0,50.0,0.0,0.0,0.0,50.099999375,0.4001597412147751,0,75.09999906250002,0.7499999906250001,80.0,-9211.37978014491,3.4,0.7,1.874999585458741,0.0942808930497473,0.0007489234179059,100.0,8.773084581497926,6457.062192
144.0,-17.38,18.68,1.3000000000000007,4.5254834,0.22,1.0,21.3,0.35,234.0,53.0,64.4,45.1,7.4,491.15,0.34,0.12,1.6,1.0,100.0,50.0,0.0,0.0,0.0,59.22499926093751,0.4409082416470462,0,75.09999906250002,0.7499999906250001,80.0,-9211.37978014491,3.4,0.7,1.874999585458741,0.0942808930497473,0.0007489234179059,100.0,8.726792280916479,6164.917823
144.0,-17.38,18.68,1.3000000000000007,4.5254834,0.22,1.0,21.3,0.35,234.0,53.0,64.4,45.1,7.4,491.15,0.34,0.12,1.6,1.0,100.0,50.0,0.0,0.0,0.0,77.87777691358025,0.5384083539357478,0,66.76666592592593,0.6666666592592594,90.0,-9211.37978014491,3.4,0.7,1.874999585458741,0.0942808930497473,0.0007489234179059,100.0,8.618544583025315,5532.327232
144.0,-17.38,18.68,1.3000000000000007,4.5254834,0.22,1.0,21.3,0.35,234.0,53.0,64.4,45.1,7.4,491.15,0.34,0.12,1.6,1.0,100.0,50.0,0.0,0.0,0.0,70.09999930000001,0.5384024536215111,0,60.0999994,0.599999994,100.0,-9211.37978014491,3.4,0.7,1.874999585458741,0.0942808930497473,0.0007489234179059,100.0,8.618544583025315,5532.327232
144.0,-17.38,18.68,1.3000000000000007,4.5254834,0.22,1.0,21.3,0.35,234.0,53.0,64.4,45.1,7.4,491.15,0.34,0.12,1.6,1.0,100.0,50.0,0.0,0.0,0.0,50.09999958333333,0.49999999500998,0,50.09999958333333,0.4999999958333334,120.0,-9211.37978014491,3.4,0.7,1.874999585458741,0.0942808930497473,0.0007489234179059,100.0,8.661113467750218,5772.960203
144.0,-17.38,18.68,1.3000000000000007,4.5254834,0.22,1.0,21.3,0.35,234.0,53.0,64.4,45.1,7.4,491.15,0.34,0.12,1.6,1.0,100.0,50.0,0.0,0.0,0.0,50.09999964285714,0.5383788704804484,0,42.95714255102041,0.4285714255102041,140.0,-9211.37978014491,3.4,0.7,1.874999585458741,0.0942808930497473,0.0007489234179059,100.0,8.618544583025315,5532.327232
144.0,-17.38,18.68,1.3000000000000007,4.5254834,0.22,1.0,21.3,0.35,234.0,53.0,64.4,45.1,7.4,491.15,0.34,0.12,1.6,1.0,100.0,50.0,0.0,0.0,0.0,50.09999979166666,0.6662233953941235,0,25.09999989583333,0.2499999989583333,240.0,-9211.37978014491,3.4,0.7,1.874999585458741,0.0942808930497473,0.0007489234179059,100.0,8.469702759289055,4767.097986
144.0,-17.38,18.68,1.3000000000000007,4.5254834,0.22,1.0,21.3,0.35,234.0,53.0,64.4,45.1,7.4,491.15,0.34,0.12,1.6,1.0,100.0,50.0,0.0,0.0,0.0,43.15555549575617,0.8365280906103939,0,8.433333321759259,0.0833333332175925,720.0,-9211.37978014491,3.4,0.7,1.874999585458741,0.0942808930497473,0.0007489234179059,100.0,8.207629564259413,3667.835412
144.0,-17.38,18.68,1.3000000000000007,4.5254834,0.22,1.0,21.3,0.35,234.0,53.0,64.4,45.1,7.4,491.15,0.34,0.12,1.6,1.0,100.0,50.0,0.0,0.0,0.0,0.1,0.0006990213818156,1,142.9571394557824,,,-9211.37978014491,3.4,0.7,1.874999585458741,0.0942808930497473,0.0007489234179059,100.0,9.129607969159286,9223.405009
144.0,-17.38,18.68,1.3000000000000007,4.5254834,0.22,1.0,21.3,0.35,234.0,53.0,64.4,45.1,7.4,491.15,0.34,0.12,1.6,1.0,100.0,50.0,0.0,0.0,0.0,0.1,0.0006990213818156,1,142.9571394557824,,,-9211.37978014491,3.4,0.7,1.874999585458741,0.0942808930497473,0.0007489234179059,100.0,8.843475294389604,6928.031269
144.0,-17.38,18.68,1.3000000000000007,4.5254834,0.22,1.0,21.3,0.35,234.0,53.0,64.4,45.1,7.4,491.15,0.34,0.12,1.6,1.0,100.0,50.0,0.0,0.0,0.0,0.1,0.0006990213818156,1,142.9571394557824,,,-9211.37978014491,3.4,0.7,1.874999585458741,0.0942808930497473,0.0007489234179059,100.0,8.656548867102346,5746.664441
144.0,-17.38,18.68,1.3000000000000007,4.5254834,0.22,1.0,21.3,0.35,234.0,53.0,64.4,45.1,7.4,491.15,0.34,0.12,1.6,1.0,100.0,37.5,-25.0,0.0,0.0,112.09999720000006,0.3740095074698029,0,187.6249953125001,1.4999999625000011,40.0,-11514.224725181137,3.4,0.7,1.874999585458741,0.0942808930497473,0.0007489234179059,125.0,8.423511417219533,4551.862419
144.0,-17.38,18.68,1.3000000000000007,4.5254834,0.22,1.0,21.3,0.35,234.0,53.0,64.4,45.1,7.4,491.15,0.34,0.12,1.6,1.0,75.0,37.5,0.0,0.0,0.0,84.07499790000004,0.4275362297113425,0,112.57499718750007,1.4999999625000011,40.0,-6908.534835108682,3.4,0.7,1.874999585458741,0.0942808930497473,0.0007489234179059,75.0,9.657175395508524,15632.56361
144.0,-17.38,18.68,1.3000000000000007,4.5254834,0.22,1.0,21.3,0.35,234.0,53.0,64.4,45.1,7.4,491.15,0.34,0.12,1.6,1.0,60.0,30.0,0.0,0.0,0.0,24.059999400000017,0.2108307026817105,0,90.05999775000006,1.4999999625000011,40.0,-5526.827868086944,3.4,0.7,1.874999585458741,0.0942808930497473,0.0007489234179059,60.0,10.599284814526332,40105.14384
144.0,-17.38,18.68,1.3000000000000007,4.5254834,0.22,1.0,21.3,0.35,234.0,53.0,64.4,45.1,7.4,491.15,0.34,0.12,1.6,1.0,100.0,30.0,-40.0,0.0,0.0,40.099999000000025,0.1602461630486427,0,210.1399947500001,1.4999999625000011,40.0,-12895.931692202872,3.4,0.7,1.874999585458741,0.0942808930497473,0.0007489234179059,140.0,8.54619223410901,5146.118045
144.0,-17.38,18.68,1.3000000000000007,4.5254834,0.22,1.0,21.3,0.35,234.0,53.0,64.4,45.1,7.4,491.15,0.34,0.12,1.6,1.0,125.0,50.0,-25.0,0.0,0.0,78.24999804687506,0.2579103485281527,0,225.14999437500012,1.4999999625000011,40.0,-13817.069670217365,3.4,0.7,1.874999585458741,0.0942808930497473,0.0007489234179059,150.0,7.883037351925,2650.915139
144.0,-17.38,18.68,1.3000000000000007,4.5254834,0.22,1.0,21.3,0.35,234.0,53.0,64.4,45.1,7.4,491.15,0.34,0.12,1.6,1.0,60.0,10.0,-40.0,0.0,0.0,30.05999900000003,0.1306047961014018,0,200.0999933333336,1.999999933333336,30.0,-9211.37978014491,3.4,0.7,1.874999585458741,0.0942808930497473,0.0007489234179059,100.0,9.888392346535907,19699.36311
144.0,-17.38,19.98,2.6000000000000014,4.5254834,0.22,1.0,22.6,0.37,228.0,32.2,62.9,34.0,7.31,500.15,0.34,0.12,1.6,1.0,125.0,42.5,-40.0,0.0,0.0,62.62499895833334,0.27492427115251,0,165.16499725000006,0.9999999833333336,60.0,-15198.7766372391,0.0,0.7,1.874999585458741,0.0942808930497473,0.0007489234179059,165.0,7.931374687773457,2782.250276
144.0,-17.38,19.98,2.6000000000000014,4.5254834,0.22,1.0,22.6,0.37,228.0,32.2,62.9,34.0,7.31,500.15,0.34,0.12,1.6,1.0,125.0,42.5,-40.0,0.0,0.0,62.6249985119048,0.2097959821309678,0,235.87928010204092,1.428571394557824,42.0,-15198.7766372391,0.0,0.7,1.874999585458741,0.0942808930497473,0.0007489234179059,165.0,8.02985459918558,3070.295072
144.0,-17.38,19.98,2.6000000000000014,4.5254834,0.22,1.0,22.6,0.37,228.0,32.2,62.9,34.0,7.31,500.15,0.34,0.12,1.6,1.0,125.0,42.5,-40.0,0.0,0.0,62.62499973958332,0.6019319434627216,0,41.414999828125,0.2499999989583333,240.0,-15198.7766372391,0.0,0.7,1.874999585458741,0.0942808930497473,0.0007489234179059,165.0,7.5486477894967985,1897.174264
144.0,-17.38,19.98,2.6000000000000014,4.5254834,0.22,1.0,22.6,0.37,228.0,32.2,62.9,34.0,7.31,500.15,0.34,0.12,1.6,1.0,125.0,35.0,-55.0,0.0,0.0,62.62499791666673,0.1481179263597707,0,360.17998800000044,1.999999933333336,30.0,-16580.483604260833,0.0,0.7,1.874999585458741,0.0942808930497473,0.0007489234179059,180.0,7.998668118148577,2975.990346
144.0,-17.38,19.98,2.6000000000000014,4.5254834,0.22,1.0,22.6,0.37,228.0,32.2,62.9,34.0,7.31,500.15,0.34,0.12,1.6,1.0,100.0,50.0,0.0,0.0,0.0,50.09999833333338,0.2002398073611453,0,200.0999933333336,1.999999933333336,30.0,-9211.37978014491,0.0,0.7,1.874999585458741,0.0942808930497473,0.0007489234179059,100.0,9.27861002160124,10705.53971
144.0,-17.38,19.98,2.6000000000000014,4.5254834,0.22,1.0,22.6,0.37,228.0,32.2,62.9,34.0,7.31,500.15,0.34,0.12,1.6,1.0,100.0,50.0,0.0,0.0,0.0,128.933329038889,0.3918549273899281,0,200.0999933333336,1.999999933333336,30.0,-9211.37978014491,0.0,0.7,1.874999585458741,0.0942808930497473,0.0007489234179059,100.0,9.017215573663345,8242.790866
144.0,-17.38,19.98,2.6000000000000014,4.5254834,0.22,1.0,22.6,0.37,228.0,32.2,62.9,34.0,7.31,500.15,0.34,0.12,1.6,1.0,100.0,50.0,0.0,0.0,0.0,50.09999875000003,0.250249749005989,0,150.0999962500001,1.4999999625000011,40.0,-9211.37978014491,0.0,0.7,1.874999585458741,0.0942808930497473,0.0007489234179059,100.0,9.19915995772354,9887.818543
144.0,-17.38,19.98,2.6000000000000014,4.5254834,0.22,1.0,22.6,0.37,228.0,32.2,62.9,34.0,7.31,500.15,0.34,0.12,1.6,1.0,100.0,50.0,0.0,0.0,0.0,118.34999704375008,0.4408642188840806,0,150.0999962500001,1.4999999625000011,40.0,-9211.37978014491,0.0,0.7,1.874999585458741,0.0942808930497473,0.0007489234179059,100.0,8.961440208211956,7795.578076
144.0,-17.38,19.98,2.6000000000000014,4.5254834,0.22,1.0,22.6,0.37,228.0,32.2,62.9,34.0,7.31,500.15,0.34,0.12,1.6,1.0,100.0,50.0,0.0,0.0,0.0,159.29999681600003,0.5701503200771978,0,120.09999760000004,1.1999999760000006,50.0,-9211.37978014491,0.0,0.7,1.874999585458741,0.0942808930497473,0.0007489234179059,100.0,8.81769688969473,6751.694502
144.0,-17.38,19.98,2.6000000000000014,4.5254834,0.22,1.0,22.6,0.37,228.0,32.2,62.9,34.0,7.31,500.15,0.34,0.12,1.6,1.0,100.0,50.0,0.0,0.0,0.0,50.09999916666668,0.3335552574367479,0,100.09999833333336,0.9999999833333336,60.0,-9211.37978014491,0.0,0.7,1.874999585458741,0.0942808930497473,0.0007489234179059,100.0,9.087182478138969,8840.240538
144.0,-17.38,19.98,2.6000000000000014,4.5254834,0.22,1.0,22.6,0.37,228.0,32.2,62.9,34.0,7.31,500.15,0.34,0.12,1.6,1.0,100.0,50.0,0.0,0.0,0.0,50.099999375,0.4001597412147751,0,75.09999906250002,0.7499999906250001,80.0,-9211.37978014491,0.0,0.7,1.874999585458741,0.0942808930497473,0.0007489234179059,100.0,9.00773404351793,8164.996502
144.0,-17.38,19.98,2.6000000000000014,4.5254834,0.22,1.0,22.6,0.37,228.0,32.2,62.9,34.0,7.31,500.15,0.34,0.12,1.6,1.0,100.0,50.0,0.0,0.0,0.0,59.22499926093751,0.4409082416470462,0,75.09999906250002,0.7499999906250001,80.0,-9211.37978014491,0.0,0.7,1.874999585458741,0.0942808930497473,0.0007489234179059,100.0,8.961440208211956,7795.578076
144.0,-17.38,19.98,2.6000000000000014,4.5254834,0.22,1.0,22.6,0.37,228.0,32.2,62.9,34.0,7.31,500.15,0.34,0.12,1.6,1.0,100.0,50.0,0.0,0.0,0.0,77.87777691358025,0.5384083539357478,0,66.76666592592593,0.6666666592592594,90.0,-9211.37978014491,0.0,0.7,1.874999585458741,0.0942808930497473,0.0007489234179059,100.0,8.853188631816767,6995.663222
144.0,-17.38,19.98,2.6000000000000014,4.5254834,0.22,1.0,22.6,0.37,228.0,32.2,62.9,34.0,7.31,500.15,0.34,0.12,1.6,1.0,100.0,50.0,0.0,0.0,0.0,70.09999930000001,0.5384024536215111,0,60.0999994,0.599999994,100.0,-9211.37978014491,0.0,0.7,1.874999585458741,0.0942808930497473,0.0007489234179059,100.0,8.853188631816767,6995.663222
144.0,-17.38,19.98,2.6000000000000014,4.5254834,0.22,1.0,22.6,0.37,228.0,32.2,62.9,34.0,7.31,500.15,0.34,0.12,1.6,1.0,100.0,50.0,0.0,0.0,0.0,50.09999958333333,0.49999999500998,0,50.09999958333333,0.4999999958333334,120.0,-9211.37978014491,0.0,0.7,1.874999585458741,0.0942808930497473,0.0007489234179059,100.0,8.89575909204321,7299.945155
144.0,-17.38,19.98,2.6000000000000014,4.5254834,0.22,1.0,22.6,0.37,228.0,32.2,62.9,34.0,7.31,500.15,0.34,0.12,1.6,1.0,100.0,50.0,0.0,0.0,0.0,50.09999964285714,0.5383788704804484,0,42.95714255102041,0.4285714255102041,140.0,-9211.37978014491,0.0,0.7,1.874999585458741,0.0942808930497473,0.0007489234179059,100.0,8.853188631816767,6995.663222
144.0,-17.38,19.98,2.6000000000000014,4.5254834,0.22,1.0,22.6,0.37,228.0,32.2,62.9,34.0,7.31,500.15,0.34,0.12,1.6,1.0,100.0,50.0,0.0,0.0,0.0,50.09999979166666,0.6662233953941235,0,25.09999989583333,0.2499999989583333,240.0,-9211.37978014491,0.0,0.7,1.874999585458741,0.0942808930497473,0.0007489234179059,100.0,8.70434074085202,6028.025939
144.0,-17.38,19.98,2.6000000000000014,4.5254834,0.22,1.0,22.6,0.37,228.0,32.2,62.9,34.0,7.31,500.15,0.34,0.12,1.6,1.0,100.0,50.0,0.0,0.0,0.0,43.15555549575617,0.8365280906103939,0,8.433333321759259,0.0833333332175925,720.0,-9211.37978014491,0.0,0.7,1.874999585458741,0.0942808930497473,0.0007489234179059,100.0,8.442254400505094,4638.001372
144.0,-17.38,19.98,2.6000000000000014,4.5254834,0.22,1.0,22.6,0.37,228.0,32.2,62.9,34.0,7.31,500.15,0.34,0.12,1.6,1.0,100.0,50.0,0.0,0.0,0.0,0.1,0.0006990213818156,1,142.9571394557824,,,-9211.37978014491,0.0,0.7,1.874999585458741,0.0942808930497473,0.0007489234179059,100.0,9.364267144738124,11663.05471
144.0,-17.38,19.98,2.6000000000000014,4.5254834,0.22,1.0,22.6,0.37,228.0,32.2,62.9,34.0,7.31,500.15,0.34,0.12,1.6,1.0,100.0,50.0,0.0,0.0,0.0,0.1,0.0006990213818156,1,142.9571394557824,,,-9211.37978014491,0.0,0.7,1.874999585458741,0.0942808930497473,0.0007489234179059,100.0,9.07812695797899,8760.539916
144.0,-17.38,19.98,2.6000000000000014,4.5254834,0.22,1.0,22.6,0.37,228.0,32.2,62.9,34.0,7.31,500.15,0.34,0.12,1.6,1.0,100.0,50.0,0.0,0.0,0.0,0.1,0.0006990213818156,1,142.9571394557824,,,-9211.37978014491,0.0,0.7,1.874999585458741,0.0942808930497473,0.0007489234179059,100.0,8.891194325575217,7266.693995
144.0,-17.38,19.98,2.6000000000000014,4.5254834,0.22,1.0,22.6,0.37,228.0,32.2,62.9,34.0,7.31,500.15,0.34,0.12,1.6,1.0,100.0,37.5,-25.0,0.0,0.0,112.09999720000006,0.3740095074698029,0,187.6249953125001,1.4999999625000011,40.0,-11514.224725181137,0.0,0.7,1.874999585458741,0.0942808930497473,0.0007489234179059,125.0,8.658147324762286,5755.859186
144.0,-17.38,19.98,2.6000000000000014,4.5254834,0.22,1.0,22.6,0.37,228.0,32.2,62.9,34.0,7.31,500.15,0.34,0.12,1.6,1.0,75.0,37.5,0.0,0.0,0.0,84.07499790000004,0.4275362297113425,0,112.57499718750007,1.4999999625000011,40.0,-6908.534835108682,0.0,0.7,1.874999585458741,0.0942808930497473,0.0007489234179059,75.0,9.89184386817884,19767.47682
144.0,-17.38,19.98,2.6000000000000014,4.5254834,0.22,1.0,22.6,0.37,228.0,32.2,62.9,34.0,7.31,500.15,0.34,0.12,1.6,1.0,60.0,30.0,0.0,0.0,0.0,24.059999400000017,0.2108307026817105,0,90.05999775000006,1.4999999625000011,40.0,-5526.827868086944,0.0,0.7,1.874999585458741,0.0942808930497473,0.0007489234179059,60.0,10.833961451485669,50713.21127
144.0,-17.38,19.98,2.6000000000000014,4.5254834,0.22,1.0,22.6,0.37,228.0,32.2,62.9,34.0,7.31,500.15,0.34,0.12,1.6,1.0,100.0,30.0,-40.0,0.0,0.0,40.099999000000025,0.1602461630486427,0,210.1399947500001,1.4999999625000011,40.0,-12895.931692202872,0.0,0.7,1.874999585458741,0.0942808930497473,0.0007489234179059,140.0,8.780833446077265,6507.29923
144.0,-17.38,19.98,2.6000000000000014,4.5254834,0.22,1.0,22.6,0.37,228.0,32.2,62.9,34.0,7.31,500.15,0.34,0.12,1.6,1.0,125.0,50.0,-25.0,0.0,0.0,78.24999804687506,0.2579103485281527,0,225.14999437500012,1.4999999625000011,40.0,-13817.069670217365,0.0,0.7,1.874999585458741,0.0942808930497473,0.0007489234179059,150.0,8.117640323720437,3352.099174
144.0,-17.38,19.98,2.6000000000000014,4.5254834,0.22,1.0,22.6,0.37,228.0,32.2,62.9,34.0,7.31,500.15,0.34,0.12,1.6,1.0,60.0,10.0,-40.0,0.0,0.0,30.05999900000003,0.1306047961014018,0,200.0999933333336,1.999999933333336,30.0,-9211.37978014491,0.0,0.7,1.874999585458741,0.0942808930497473,0.0007489234179059,100.0,10.123063581402825,24909.97084
144.0,-17.38,18.68,1.3000000000000007,4.5254834,0.22,1.0,21.3,0.35,234.0,53.0,64.4,45.1,7.4,491.15,0.34,0.12,1.6,1.0,125.0,42.5,-40.0,0.0,0.0,62.62499895833334,0.27492427115251,0,165.16499725000006,0.9999999833333336,60.0,-15198.7766372391,3.4,0.7,1.874999585458741,0.0942808930497473,0.0007489234179059,165.0,7.713267141060992,2236.841672
144.0,-17.38,18.68,1.3000000000000007,4.5254834,0.22,1.0,21.3,0.35,234.0,53.0,64.4,45.1,7.4,491.15,0.34,0.12,1.6,1.0,125.0,42.5,-40.0,0.0,0.0,62.6249985119048,0.2097959821309678,0,235.87928010204092,1.428571394557824,42.0,-15198.7766372391,3.4,0.7,1.874999585458741,0.0942808930497473,0.0007489234179059,165.0,7.811738836925121,2468.420624
144.0,-17.38,18.68,1.3000000000000007,4.5254834,0.22,1.0,21.3,0.35,234.0,53.0,64.4,45.1,7.4,491.15,0.34,0.12,1.6,1.0,125.0,42.5,-40.0,0.0,0.0,62.62499973958332,0.6019319434627216,0,41.414999828125,0.2499999989583333,240.0,-15198.7766372391,3.4,0.7,1.874999585458741,0.0942808930497473,0.0007489234179059,165.0,7.330581086941035,1525.268409
144.0,-17.38,18.68,1.3000000000000007,4.5254834,0.22,1.0,21.3,0.35,234.0,53.0,64.4,45.1,7.4,491.15,0.34,0.12,1.6,1.0,125.0,35.0,-55.0,0.0,0.0,62.62499791666673,0.1481179263597707,0,360.17998800000044,1.999999933333336,30.0,-16580.483604260833,3.4,0.7,1.874999585458741,0.0942808930497473,0.0007489234179059,180.0,7.7805548702494916,2392.602591
144.0,-17.38,18.68,1.3000000000000007,4.5254834,0.22,1.0,21.3,0.35,234.0,53.0,64.4,45.1,7.4,491.15,0.34,0.12,1.6,1.0,100.0,50.0,0.0,0.0,0.0,50.09999833333338,0.2002398073611453,0,200.0999933333336,1.999999933333336,30.0,-9211.37978014491,3.4,0.7,1.874999585458741,0.0942808930497473,0.0007489234179059,100.0,9.060437646435066,8606.917054
144.0,-17.38,18.68,1.3000000000000007,4.5254834,0.22,1.0,21.3,0.35,234.0,53.0,64.4,45.1,7.4,491.15,0.34,0.12,1.6,1.0,100.0,50.0,0.0,0.0,0.0,128.933329038889,0.3918549273899281,0,200.0999933333336,1.999999933333336,30.0,-9211.37978014491,3.4,0.7,1.874999585458741,0.0942808930497473,0.0007489234179059,100.0,8.799050001625428,6626.944478
144.0,-17.38,18.68,1.3000000000000007,4.5254834,0.22,1.0,21.3,0.35,234.0,53.0,64.4,45.1,7.4,491.15,0.34,0.12,1.6,1.0,100.0,50.0,0.0,0.0,0.0,50.09999875000003,0.250249749005989,0,150.0999962500001,1.4999999625000011,40.0,-9211.37978014491,3.4,0.7,1.874999585458741,0.0942808930497473,0.0007489234179059,100.0,8.98098946533297,7949.494964
144.0,-17.38,18.68,1.3000000000000007,4.5254834,0.22,1.0,21.3,0.35,234.0,53.0,64.4,45.1,7.4,491.15,0.34,0.12,1.6,1.0,100.0,50.0,0.0,0.0,0.0,118.34999704375008,0.4408642188840806,0,150.0999962500001,1.4999999625000011,40.0,-9211.37978014491,3.4,0.7,1.874999585458741,0.0942808930497473,0.0007489234179059,100.0,8.743276332619384,6267.399467
144.0,-17.38,18.68,1.3000000000000007,4.5254834,0.22,1.0,21.3,0.35,234.0,53.0,64.4,45.1,7.4,491.15,0.34,0.12,1.6,1.0,100.0,50.0,0.0,0.0,0.0,159.29999681600003,0.5701503200771978,0,120.09999760000004,1.1999999760000006,50.0,-9211.37978014491,3.4,0.7,1.874999585458741,0.0942808930497473,0.0007489234179059,100.0,8.599537848554554,5428.149922
144.0,-17.38,18.68,1.3000000000000007,4.5254834,0.22,1.0,21.3,0.35,234.0,53.0,64.4,45.1,7.4,491.15,0.34,0.12,1.6,1.0,100.0,50.0,0.0,0.0,0.0,50.09999916666668,0.3335552574367479,0,100.09999833333336,0.9999999833333336,60.0,-9211.37978014491,3.4,0.7,1.874999585458741,0.0942808930497473,0.0007489234179059,100.0,8.869014907292575,7107.275213
144.0,-17.38,18.68,1.3000000000000007,4.5254834,0.22,1.0,21.3,0.35,234.0,53.0,64.4,45.1,7.4,491.15,0.34,0.12,1.6,1.0,100.0,50.0,0.0,0.0,0.0,50.099999375,0.4001597412147751,0,75.09999906250002,0.7499999906250001,80.0,-9211.37978014491,3.4,0.7,1.874999585458741,0.0942808930497473,0.0007489234179059,100.0,8.789568753042921,6564.400256
144.0,-17.38,18.68,1.3000000000000007,4.5254834,0.22,1.0,21.3,0.35,234.0,53.0,64.4,45.1,7.4,491.15,0.34,0.12,1.6,1.0,100.0,50.0,0.0,0.0,0.0,59.22499926093751,0.4409082416470462,0,75.09999906250002,0.7499999906250001,80.0,-9211.37978014491,3.4,0.7,1.874999585458741,0.0942808930497473,0.0007489234179059,100.0,8.743276332619384,6267.399467
144.0,-17.38,18.68,1.3000000000000007,4.5254834,0.22,1.0,21.3,0.35,234.0,53.0,64.4,45.1,7.4,491.15,0.34,0.12,1.6,1.0,100.0,50.0,0.0,0.0,0.0,77.87777691358025,0.5384083539357478,0,66.76666592592593,0.6666666592592594,90.0,-9211.37978014491,3.4,0.7,1.874999585458741,0.0942808930497473,0.0007489234179059,100.0,8.63502833149294,5624.293095
144.0,-17.38,18.68,1.3000000000000007,4.5254834,0.22,1.0,21.3,0.35,234.0,53.0,64.4,45.1,7.4,491.15,0.34,0.12,1.6,1.0,100.0,50.0,0.0,0.0,0.0,70.09999930000001,0.5384024536215111,0,60.0999994,0.599999994,100.0,-9211.37978014491,3.4,0.7,1.874999585458741,0.0942808930497473,0.0007489234179059,100.0,8.63502833149294,5624.293095
144.0,-17.38,18.68,1.3000000000000007,4.5254834,0.22,1.0,21.3,0.35,234.0,53.0,64.4,45.1,7.4,491.15,0.34,0.12,1.6,1.0,100.0,50.0,0.0,0.0,0.0,50.09999958333333,0.49999999500998,0,50.09999958333333,0.4999999958333334,120.0,-9211.37978014491,3.4,0.7,1.874999585458741,0.0942808930497473,0.0007489234179059,100.0,8.677597339489266,5868.926195
144.0,-17.38,18.68,1.3000000000000007,4.5254834,0.22,1.0,21.3,0.35,234.0,53.0,64.4,45.1,7.4,491.15,0.34,0.12,1.6,1.0,100.0,50.0,0.0,0.0,0.0,50.09999964285714,0.5383788704804484,0,42.95714255102041,0.4285714255102041,140.0,-9211.37978014491,3.4,0.7,1.874999585458741,0.0942808930497473,0.0007489234179059,100.0,8.63502833149294,5624.293095
144.0,-17.38,18.68,1.3000000000000007,4.5254834,0.22,1.0,21.3,0.35,234.0,53.0,64.4,45.1,7.4,491.15,0.34,0.12,1.6,1.0,100.0,50.0,0.0,0.0,0.0,50.09999979166666,0.6662233953941235,0,25.09999989583333,0.2499999989583333,240.0,-9211.37978014491,3.4,0.7,1.874999585458741,0.0942808930497473,0.0007489234179059,100.0,8.486186033627991,4846.343169
144.0,-17.38,18.68,1.3000000000000007,4.5254834,0.22,1.0,21.3,0.35,234.0,53.0,64.4,45.1,7.4,491.15,0.34,0.12,1.6,1.0,100.0,50.0,0.0,0.0,0.0,43.15555549575617,0.8365280906103939,0,8.433333321759259,0.0833333332175925,720.0,-9211.37978014491,3.4,0.7,1.874999585458741,0.0942808930497473,0.0007489234179059,100.0,8.22411181076515,3728.807157
144.0,-17.38,18.68,1.3000000000000007,4.5254834,0.22,1.0,21.3,0.35,234.0,53.0,64.4,45.1,7.4,491.15,0.34,0.12,1.6,1.0,100.0,50.0,0.0,0.0,0.0,0.1,0.0006990213818156,1,142.9571394557824,,,-9211.37978014491,3.4,0.7,1.874999585458741,0.0942808930497473,0.0007489234179059,100.0,9.14609290010633,9376.728984
144.0,-17.38,18.68,1.3000000000000007,4.5254834,0.22,1.0,21.3,0.35,234.0,53.0,64.4,45.1,7.4,491.15,0.34,0.12,1.6,1.0,100.0,50.0,0.0,0.0,0.0,0.1,0.0006990213818156,1,142.9571394557824,,,-9211.37978014491,3.4,0.7,1.874999585458741,0.0942808930497473,0.0007489234179059,100.0,8.859959638157463,7043.198422
144.0,-17.38,18.68,1.3000000000000007,4.5254834,0.22,1.0,21.3,0.35,234.0,53.0,64.4,45.1,7.4,491.15,0.34,0.12,1.6,1.0,100.0,50.0,0.0,0.0,0.0,0.1,0.0006990213818156,1,142.9571394557824,,,-9211.37978014491,3.4,0.7,1.874999585458741,0.0942808930497473,0.0007489234179059,100.0,8.67303272569707,5842.193308
144.0,-17.38,18.68,1.3000000000000007,4.5254834,0.22,1.0,21.3,0.35,234.0,53.0,64.4,45.1,7.4,491.15,0.34,0.12,1.6,1.0,100.0,37.5,-25.0,0.0,0.0,112.09999720000006,0.3740095074698029,0,187.6249953125001,1.4999999625000011,40.0,-11514.224725181137,3.4,0.7,1.874999585458741,0.0942808930497473,0.0007489234179059,125.0,8.43999452925847,4627.529663
144.0,-17.38,18.68,1.3000000000000007,4.5254834,0.22,1.0,21.3,0.35,234.0,53.0,64.4,45.1,7.4,491.15,0.34,0.12,1.6,1.0,75.0,37.5,0.0,0.0,0.0,84.07499790000004,0.4275362297113425,0,112.57499718750007,1.4999999625000011,40.0,-6908.534835108682,3.4,0.7,1.874999585458741,0.0942808930497473,0.0007489234179059,75.0,9.673661053111603,15892.42933
144.0,-17.38,18.68,1.3000000000000007,4.5254834,0.22,1.0,21.3,0.35,234.0,53.0,64.4,45.1,7.4,491.15,0.34,0.12,1.6,1.0,60.0,30.0,0.0,0.0,0.0,24.059999400000017,0.2108307026817105,0,90.05999775000006,1.4999999625000011,40.0,-5526.827868086944,3.4,0.7,1.874999585458741,0.0942808930497473,0.0007489234179059,60.0,10.615771110310677,40771.82605
144.0,-17.38,18.68,1.3000000000000007,4.5254834,0.22,1.0,21.3,0.35,234.0,53.0,64.4,45.1,7.4,491.15,0.34,0.12,1.6,1.0,100.0,30.0,-40.0,0.0,0.0,40.099999000000025,0.1602461630486427,0,210.1399947500001,1.4999999625000011,40.0,-12895.931692202872,3.4,0.7,1.874999585458741,0.0942808930497473,0.0007489234179059,140.0,8.56267576085351,5231.663814
144.0,-17.38,18.68,1.3000000000000007,4.5254834,0.22,1.0,21.3,0.35,234.0,53.0,64.4,45.1,7.4,491.15,0.34,0.12,1.6,1.0,125.0,50.0,-25.0,0.0,0.0,78.24999804687506,0.2579103485281527,0,225.14999437500012,1.4999999625000011,40.0,-13817.069670217365,3.4,0.7,1.874999585458741,0.0942808930497473,0.0007489234179059,150.0,7.89951788966632,2694.982254
144.0,-17.38,18.68,1.3000000000000007,4.5254834,0.22,1.0,21.3,0.35,234.0,53.0,64.4,45.1,7.4,491.15,0.34,0.12,1.6,1.0,60.0,10.0,-40.0,0.0,0.0,30.05999900000003,0.1306047961014018,0,200.0999933333336,1.999999933333336,30.0,-9211.37978014491,3.4,0.7,1.874999585458741,0.0942808930497473,0.0007489234179059,100.0,9.904878220109572,20026.8327
144.0,-17.38,19.98,2.6000000000000014,4.5254834,0.22,1.0,22.6,0.37,228.0,32.2,62.9,34.0,7.31,500.15,0.34,0.12,1.6,1.0,125.0,42.5,-40.0,0.0,0.0,62.62499895833334,0.27492427115251,0,165.16499725000006,0.9999999833333336,60.0,-15198.7766372391,0.0,0.7,1.874999585458741,0.0942808930497473,0.0007489234179059,165.0,5.7827449378449325,323.6491101
144.0,-17.38,19.98,2.6000000000000014,4.5254834,0.22,1.0,22.6,0.37,228.0,32.2,62.9,34.0,7.31,500.15,0.34,0.12,1.6,1.0,125.0,42.5,-40.0,0.0,0.0,62.6249985119048,0.2097959821309678,0,235.87928010204092,1.428571394557824,42.0,-15198.7766372391,0.0,0.7,1.874999585458741,0.0942808930497473,0.0007489234179059,165.0,7.849797647653252,2564.215187
144.0,-17.38,19.98,2.6000000000000014,4.5254834,0.22,1.0,22.6,0.37,228.0,32.2,62.9,34.0,7.31,500.15,0.34,0.12,1.6,1.0,125.0,42.5,-40.0,0.0,0.0,62.62499973958332,0.6019319434627216,0,41.414999828125,0.2499999989583333,240.0,-15198.7766372391,0.0,0.7,1.874999585458741,0.0942808930497473,0.0007489234179059,165.0,7.368630549369396,1584.461085
144.0,-17.38,19.98,2.6000000000000014,4.5254834,0.22,1.0,22.6,0.37,228.0,32.2,62.9,34.0,7.31,500.15,0.34,0.12,1.6,1.0,125.0,35.0,-55.0,0.0,0.0,62.62499791666673,0.1481179263597707,0,360.17998800000044,1.999999933333336,30.0,-16580.483604260833,0.0,0.7,1.874999585458741,0.0942808930497473,0.0007489234179059,180.0,7.818613202240567,2485.454806
144.0,-17.38,19.98,2.6000000000000014,4.5254834,0.22,1.0,22.6,0.37,228.0,32.2,62.9,34.0,7.31,500.15,0.34,0.12,1.6,1.0,100.0,50.0,0.0,0.0,0.0,50.09999833333338,0.2002398073611453,0,200.0999933333336,1.999999933333336,30.0,-9211.37978014491,0.0,0.7,1.874999585458741,0.0942808930497473,0.0007489234179059,100.0,9.098507245762953,8940.934625
144.0,-17.38,19.98,2.6000000000000014,4.5254834,0.22,1.0,22.6,0.37,228.0,32.2,62.9,34.0,7.31,500.15,0.34,0.12,1.6,1.0,100.0,50.0,0.0,0.0,0.0,128.933329038889,0.3918549273899281,0,200.0999933333336,1.999999933333336,30.0,-9211.37978014491,0.0,0.7,1.874999585458741,0.0942808930497473,0.0007489234179059,100.0,8.837118304394101,6884.123196
144.0,-17.38,19.98,2.6000000000000014,4.5254834,0.22,1.0,22.6,0.37,228.0,32.2,62.9,34.0,7.31,500.15,0.34,0.12,1.6,1.0,100.0,50.0,0.0,0.0,0.0,50.09999875000003,0.250249749005989,0,150.0999962500001,1.4999999625000011,40.0,-9211.37978014491,0.0,0.7,1.874999585458741,0.0942808930497473,0.0007489234179059,100.0,9.019058705906607,8257.999274
144.0,-17.38,19.98,2.6000000000000014,4.5254834,0.22,1.0,22.6,0.37,228.0,32.2,62.9,34.0,7.31,500.15,0.34,0.12,1.6,1.0,100.0,50.0,0.0,0.0,0.0,118.34999704375008,0.4408642188840806,0,150.0999962500001,1.4999999625000011,40.0,-9211.37978014491,0.0,0.7,1.874999585458741,0.0942808930497473,0.0007489234179059,100.0,8.781344312043435,6510.624948
144.0,-17.38,19.98,2.6000000000000014,4.5254834,0.22,1.0,22.6,0.37,228.0,32.2,62.9,34.0,7.31,500.15,0.34,0.12,1.6,1.0,100.0,50.0,0.0,0.0,0.0,159.29999681600003,0.5701503200771978,0,120.09999760000004,1.1999999760000006,50.0,-9211.37978014491,0.0,0.7,1.874999585458741,0.0942808930497473,0.0007489234179059,100.0,8.637604906842398,5638.805775
144.0,-17.38,19.98,2.6000000000000014,4.5254834,0.22,1.0,22.6,0.37,228.0,32.2,62.9,34.0,7.31,500.15,0.34,0.12,1.6,1.0,100.0,50.0,0.0,0.0,0.0,50.09999916666668,0.3335552574367479,0,100.09999833333336,0.9999999833333336,60.0,-9211.37978014491,0.0,0.7,1.874999585458741,0.0942808930497473,0.0007489234179059,100.0,8.907083590970567,7383.094625
144.0,-17.38,19.98,2.6000000000000014,4.5254834,0.22,1.0,22.6,0.37,228.0,32.2,62.9,34.0,7.31,500.15,0.34,0.12,1.6,1.0,100.0,50.0,0.0,0.0,0.0,50.099999375,0.4001597412147751,0,75.09999906250002,0.7499999906250001,80.0,-9211.37978014491,0.0,0.7,1.874999585458741,0.0942808930497473,0.0007489234179059,100.0,8.827637002202847,6819.151756
144.0,-17.38,19.98,2.6000000000000014,4.5254834,0.22,1.0,22.6,0.37,228.0,32.2,62.9,34.0,7.31,500.15,0.34,0.12,1.6,1.0,100.0,50.0,0.0,0.0,0.0,59.22499926093751,0.4409082416470462,0,75.09999906250002,0.7499999906250001,80.0,-9211.37978014491,0.0,0.7,1.874999585458741,0.0942808930497473,0.0007489234179059,100.0,8.781344312043435,6510.624948
144.0,-17.38,19.98,2.6000000000000014,4.5254834,0.22,1.0,22.6,0.37,228.0,32.2,62.9,34.0,7.31,500.15,0.34,0.12,1.6,1.0,100.0,50.0,0.0,0.0,0.0,77.87777691358025,0.5384083539357478,0,66.76666592592593,0.6666666592592594,90.0,-9211.37978014491,0.0,0.7,1.874999585458741,0.0942808930497473,0.0007489234179059,100.0,8.673095629732561,5842.56088
144.0,-17.38,19.98,2.6000000000000014,4.5254834,0.22,1.0,22.6,0.37,228.0,32.2,62.9,34.0,7.31,500.15,0.34,0.12,1.6,1.0,100.0,50.0,0.0,0.0,0.0,70.09999930000001,0.5384024536215111,0,60.0999994,0.599999994,100.0,-9211.37978014491,0.0,0.7,1.874999585458741,0.0942808930497473,0.0007489234179059,100.0,8.673095629732561,5842.56088
144.0,-17.38,19.98,2.6000000000000014,4.5254834,0.22,1.0,22.6,0.37,228.0,32.2,62.9,34.0,7.31,500.15,0.34,0.12,1.6,1.0,100.0,50.0,0.0,0.0,0.0,50.09999958333333,0.49999999500998,0,50.09999958333333,0.4999999958333334,120.0,-9211.37978014491,0.0,0.7,1.874999585458741,0.0942808930497473,0.0007489234179059,100.0,8.715664914364082,6096.68771
144.0,-17.38,19.98,2.6000000000000014,4.5254834,0.22,1.0,22.6,0.37,228.0,32.2,62.9,34.0,7.31,500.15,0.34,0.12,1.6,1.0,100.0,50.0,0.0,0.0,0.0,50.09999964285714,0.5383788704804484,0,42.95714255102041,0.4285714255102041,140.0,-9211.37978014491,0.0,0.7,1.874999585458741,0.0942808930497473,0.0007489234179059,100.0,8.673095629732561,5842.56088
144.0,-17.38,19.98,2.6000000000000014,4.5254834,0.22,1.0,22.6,0.37,228.0,32.2,62.9,34.0,7.31,500.15,0.34,0.12,1.6,1.0,100.0,50.0,0.0,0.0,0.0,50.09999979166666,0.6662233953941235,0,25.09999989583333,0.2499999989583333,240.0,-9211.37978014491,0.0,0.7,1.874999585458741,0.0942808930497473,0.0007489234179059,100.0,8.52425226601926,5034.420243
144.0,-17.38,19.98,2.6000000000000014,4.5254834,0.22,1.0,22.6,0.37,228.0,32.2,62.9,34.0,7.31,500.15,0.34,0.12,1.6,1.0,100.0,50.0,0.0,0.0,0.0,43.15555549575617,0.8365280906103939,0,8.433333321759259,0.0833333332175925,720.0,-9211.37978014491,0.0,0.7,1.874999585458741,0.0942808930497473,0.0007489234179059,100.0,8.262175733949272,3873.51485
144.0,-17.38,19.98,2.6000000000000014,4.5254834,0.22,1.0,22.6,0.37,228.0,32.2,62.9,34.0,7.31,500.15,0.34,0.12,1.6,1.0,100.0,50.0,0.0,0.0,0.0,0.1,0.0006990213818156,1,142.9571394557824,,,-9211.37978014491,0.0,0.7,1.874999585458741,0.0942808930497473,0.0007489234179059,100.0,9.184162855676783,9740.621446
144.0,-17.38,19.98,2.6000000000000014,4.5254834,0.22,1.0,22.6,0.37,228.0,32.2,62.9,34.0,7.31,500.15,0.34,0.12,1.6,1.0,100.0,50.0,0.0,0.0,0.0,0.1,0.0006990213818156,1,142.9571394557824,,,-9211.37978014491,0.0,0.7,1.874999585458741,0.0942808930497473,0.0007489234179059,100.0,8.898028273972088,7316.531139
144.0,-17.38,19.98,2.6000000000000014,4.5254834,0.22,1.0,22.6,0.37,228.0,32.2,62.9,34.0,7.31,500.15,0.34,0.12,1.6,1.0,100.0,50.0,0.0,0.0,0.0,0.1,0.0006990213818156,1,142.9571394557824,,,-9211.37978014491,0.0,0.7,1.874999585458741,0.0942808930497473,0.0007489234179059,100.0,8.711100271605046,6068.917373
144.0,-17.38,19.98,2.6000000000000014,4.5254834,0.22,1.0,22.6,0.37,228.0,32.2,62.9,34.0,7.31,500.15,0.34,0.12,1.6,1.0,100.0,37.5,-25.0,0.0,0.0,112.09999720000006,0.3740095074698029,0,187.6249953125001,1.4999999625000011,40.0,-11514.224725181137,0.0,0.7,1.874999585458741,0.0942808930497473,0.0007489234179059,125.0,8.478060397309964,4807.115014
144.0,-17.38,19.98,2.6000000000000014,4.5254834,0.22,1.0,22.6,0.37,228.0,32.2,62.9,34.0,7.31,500.15,0.34,0.12,1.6,1.0,75.0,37.5,0.0,0.0,0.0,84.07499790000004,0.4275362297113425,0,112.57499718750007,1.4999999625000011,40.0,-6908.534835108682,0.0,0.7,1.874999585458741,0.0942808930497473,0.0007489234179059,75.0,9.71173264224318,16509.18335
144.0,-17.38,19.98,2.6000000000000014,4.5254834,0.22,1.0,22.6,0.37,228.0,32.2,62.9,34.0,7.31,500.15,0.34,0.12,1.6,1.0,60.0,30.0,0.0,0.0,0.0,24.059999400000017,0.2108307026817105,0,90.05999775000006,1.4999999625000011,40.0,-5526.827868086944,0.0,0.7,1.874999585458741,0.0942808930497473,0.0007489234179059,60.0,10.653844133441742,42354.10066
144.0,-17.38,19.98,2.6000000000000014,4.5254834,0.22,1.0,22.6,0.37,228.0,32.2,62.9,34.0,7.31,500.15,0.34,0.12,1.6,1.0,100.0,30.0,-40.0,0.0,0.0,40.099999000000025,0.1602461630486427,0,210.1399947500001,1.4999999625000011,40.0,-12895.931692202872,0.0,0.7,1.874999585458741,0.0942808930497473,0.0007489234179059,140.0,8.60074256066674,5434.694426
144.0,-17.38,19.98,2.6000000000000014,4.5254834,0.22,1.0,22.6,0.37,228.0,32.2,62.9,34.0,7.31,500.15,0.34,0.12,1.6,1.0,125.0,50.0,-25.0,0.0,0.0,78.24999804687506,0.2579103485281527,0,225.14999437500012,1.4999999625000011,40.0,-13817.069670217365,0.0,0.7,1.874999585458741,0.0942808930497473,0.0007489234179059,150.0,7.937577971929948,2799.56923
144.0,-17.38,19.98,2.6000000000000014,4.5254834,0.22,1.0,22.6,0.37,228.0,32.2,62.9,34.0,7.31,500.15,0.34,0.12,1.6,1.0,60.0,10.0,-40.0,0.0,0.0,30.05999900000003,0.1306047961014018,0,200.0999933333336,1.999999933333336,30.0,-9211.37978014491,0.0,0.7,1.874999585458741,0.0942808930497473,0.0007489234179059,100.0,9.94295029409048,20804.0348
60.0,-6.3,13.0,6.699999999999999,6.403124237,0.23,2.0,20.7,0.307,232.0,50.0,58.0,41.6,7.37,490.15,0.16,0.8,2.3,2.0,125.0,42.5,-40.0,3.0,0.5,62.62499895833334,0.27492427115251,0,165.16499725000006,0.9999999833333336,60.0,-3528.359208258149,3.9,0.6,1.219755882778777,0.1024294908303401,0.0005784892387779,165.0,8.086106949632889,3248.014341
60.0,-6.3,13.0,6.699999999999999,6.403124237,0.23,2.0,20.7,0.307,232.0,50.0,58.0,41.6,7.37,490.15,0.16,0.8,2.3,2.0,125.0,42.5,-40.0,3.0,0.5,62.6249985119048,0.2097959821309678,0,235.87928010204092,1.428571394557824,42.0,-3528.359208258149,3.9,0.6,1.219755882778777,0.1024294908303401,0.0005784892387779,165.0,8.184591693371468,3584.279427
60.0,-6.3,13.0,6.699999999999999,6.403124237,0.23,2.0,20.7,0.307,232.0,50.0,58.0,41.6,7.37,490.15,0.16,0.8,2.3,2.0,125.0,42.5,-40.0,3.0,0.5,62.62499973958332,0.6019319434627216,0,41.414999828125,0.2499999989583333,240.0,-3528.359208258149,3.9,0.6,1.219755882778777,0.1024294908303401,0.0005784892387779,165.0,7.7033560258638385,2214.771715
60.0,-6.3,13.0,6.699999999999999,6.403124237,0.23,2.0,20.7,0.307,232.0,50.0,58.0,41.6,7.37,490.15,0.16,0.8,2.3,2.0,125.0,35.0,-55.0,3.0,0.5,62.62499791666673,0.1481179263597707,0,360.17998800000044,1.999999933333336,30.0,-3849.1191362816166,3.9,0.6,1.219755882778777,0.1024294908303401,0.0005784892387779,180.0,8.153403733232851,3474.187569
60.0,-6.3,13.0,6.699999999999999,6.403124237,0.23,2.0,20.7,0.307,232.0,50.0,58.0,41.6,7.37,490.15,0.16,0.8,2.3,2.0,100.0,50.0,0.0,3.0,0.5,50.09999833333338,0.2002398073611453,0,200.0999933333336,1.999999933333336,30.0,-2138.399520156454,3.9,0.6,1.219755882778777,0.1024294908303401,0.0005784892387779,100.0,9.433380413933484,12497.7062
60.0,-6.3,13.0,6.699999999999999,6.403124237,0.23,2.0,20.7,0.307,232.0,50.0,58.0,41.6,7.37,490.15,0.16,0.8,2.3,2.0,100.0,50.0,0.0,3.0,0.5,128.933329038889,0.3918549273899281,0,200.0999933333336,1.999999933333336,30.0,-2138.399520156454,3.9,0.6,1.219755882778777,0.1024294908303401,0.0005784892387779,100.0,9.171981964290651,9622.67959
60.0,-6.3,13.0,6.699999999999999,6.403124237,0.23,2.0,20.7,0.307,232.0,50.0,58.0,41.6,7.37,490.15,0.16,0.8,2.3,2.0,100.0,50.0,0.0,3.0,0.5,50.09999875000003,0.250249749005989,0,150.0999962500001,1.4999999625000011,40.0,-2138.399520156454,3.9,0.6,1.219755882778777,0.1024294908303401,0.0005784892387779,100.0,9.353929242312454,11543.09399
60.0,-6.3,13.0,6.699999999999999,6.403124237,0.23,2.0,20.7,0.307,232.0,50.0,58.0,41.6,7.37,490.15,0.16,0.8,2.3,2.0,100.0,50.0,0.0,3.0,0.5,118.34999704375008,0.4408642188840806,0,150.0999962500001,1.4999999625000011,40.0,-2138.399520156454,3.9,0.6,1.219755882778777,0.1024294908303401,0.0005784892387779,100.0,9.11620560098818,9100.600908
60.0,-6.3,13.0,6.699999999999999,6.403124237,0.23,2.0,20.7,0.307,232.0,50.0,58.0,41.6,7.37,490.15,0.16,0.8,2.3,2.0,100.0,50.0,0.0,3.0,0.5,159.29999681600003,0.5701503200771978,0,120.09999760000004,1.1999999760000006,50.0,-2138.399520156454,3.9,0.6,1.219755882778777,0.1024294908303401,0.0005784892387779,100.0,8.97245943921598,7881.965458
60.0,-6.3,13.0,6.699999999999999,6.403124237,0.23,2.0,20.7,0.307,232.0,50.0,58.0,41.6,7.37,490.15,0.16,0.8,2.3,2.0,100.0,50.0,0.0,3.0,0.5,50.09999916666668,0.3335552574367479,0,100.09999833333336,0.9999999833333336,60.0,-2138.399520156454,3.9,0.6,1.219755882778777,0.1024294908303401,0.0005784892387779,100.0,9.241950044502126,10320.14564
60.0,-6.3,13.0,6.699999999999999,6.403124237,0.23,2.0,20.7,0.307,232.0,50.0,58.0,41.6,7.37,490.15,0.16,0.8,2.3,2.0,100.0,50.0,0.0,3.0,0.5,50.099999375,0.4001597412147751,0,75.09999906250002,0.7499999906250001,80.0,-2138.399520156454,3.9,0.6,1.219755882778777,0.1024294908303401,0.0005784892387779,100.0,9.162500268351277,9531.862019
60.0,-6.3,13.0,6.699999999999999,6.403124237,0.23,2.0,20.7,0.307,232.0,50.0,58.0,41.6,7.37,490.15,0.16,0.8,2.3,2.0,100.0,50.0,0.0,3.0,0.5,59.22499926093751,0.4409082416470462,0,75.09999906250002,0.7499999906250001,80.0,-2138.399520156454,3.9,0.6,1.219755882778777,0.1024294908303401,0.0005784892387779,100.0,9.11620560098818,9100.600908
60.0,-6.3,13.0,6.699999999999999,6.403124237,0.23,2.0,20.7,0.307,232.0,50.0,58.0,41.6,7.37,490.15,0.16,0.8,2.3,2.0,100.0,50.0,0.0,3.0,0.5,77.87777691358025,0.5384083539357478,0,66.76666592592593,0.6666666592592594,90.0,-2138.399520156454,3.9,0.6,1.219755882778777,0.1024294908303401,0.0005784892387779,100.0,9.007951921784436,8166.775889
60.0,-6.3,13.0,6.699999999999999,6.403124237,0.23,2.0,20.7,0.307,232.0,50.0,58.0,41.6,7.37,490.15,0.16,0.8,2.3,2.0,100.0,50.0,0.0,3.0,0.5,70.09999930000001,0.5384024536215111,0,60.0999994,0.599999994,100.0,-2138.399520156454,3.9,0.6,1.219755882778777,0.1024294908303401,0.0005784892387779,100.0,9.007951921784436,8166.775889
60.0,-6.3,13.0,6.699999999999999,6.403124237,0.23,2.0,20.7,0.307,232.0,50.0,58.0,41.6,7.37,490.15,0.16,0.8,2.3,2.0,100.0,50.0,0.0,3.0,0.5,50.09999958333333,0.49999999500998,0,50.09999958333333,0.4999999958333334,120.0,-2138.399520156454,3.9,0.6,1.219755882778777,0.1024294908303401,0.0005784892387779,100.0,9.050523236168102,8521.996298
60.0,-6.3,13.0,6.699999999999999,6.403124237,0.23,2.0,20.7,0.307,232.0,50.0,58.0,41.6,7.37,490.15,0.16,0.8,2.3,2.0,100.0,50.0,0.0,3.0,0.5,50.09999964285714,0.5383788704804484,0,42.95714255102041,0.4285714255102041,140.0,-2138.399520156454,3.9,0.6,1.219755882778777,0.1024294908303401,0.0005784892387779,100.0,9.007951921784436,8166.775889
60.0,-6.3,13.0,6.699999999999999,6.403124237,0.23,2.0,20.7,0.307,232.0,50.0,58.0,41.6,7.37,490.15,0.16,0.8,2.3,2.0,100.0,50.0,0.0,3.0,0.5,50.09999979166666,0.6662233953941235,0,25.09999989583333,0.2499999989583333,240.0,-2138.399520156454,3.9,0.6,1.219755882778777,0.1024294908303401,0.0005784892387779,100.0,8.859100741209877,7037.150779
60.0,-6.3,13.0,6.699999999999999,6.403124237,0.23,2.0,20.7,0.307,232.0,50.0,58.0,41.6,7.37,490.15,0.16,0.8,2.3,2.0,100.0,50.0,0.0,3.0,0.5,43.15555549575617,0.8365280906103939,0,8.433333321759259,0.0833333332175925,720.0,-2138.399520156454,3.9,0.6,1.219755882778777,0.1024294908303401,0.0005784892387779,100.0,8.597007273756994,5414.428421
60.0,-6.3,13.0,6.699999999999999,6.403124237,0.23,2.0,20.7,0.307,232.0,50.0,58.0,41.6,7.37,490.15,0.16,0.8,2.3,2.0,100.0,50.0,0.0,3.0,0.5,0.1,0.0006990213818156,1,142.9571394557824,,,-2138.399520156454,3.9,0.6,1.219755882778777,0.1024294908303401,0.0005784892387779,100.0,9.519038636526998,13615.5145
60.0,-6.3,13.0,6.699999999999999,6.403124237,0.23,2.0,20.7,0.307,232.0,50.0,58.0,41.6,7.37,490.15,0.16,0.8,2.3,2.0,100.0,50.0,0.0,3.0,0.5,0.1,0.0006990213818156,1,142.9571394557824,,,-2138.399520156454,3.9,0.6,1.219755882778777,0.1024294908303401,0.0005784892387779,100.0,9.232894376446714,10227.10269
60.0,-6.3,13.0,6.699999999999999,6.403124237,0.23,2.0,20.7,0.307,232.0,50.0,58.0,41.6,7.37,490.15,0.16,0.8,2.3,2.0,100.0,50.0,0.0,3.0,0.5,0.1,0.0006990213818156,1,142.9571394557824,,,-2138.399520156454,3.9,0.6,1.219755882778777,0.1024294908303401,0.0005784892387779,100.0,9.045958379819158,8483.17871
60.0,-6.3,13.0,6.699999999999999,6.403124237,0.23,2.0,20.7,0.307,232.0,50.0,58.0,41.6,7.37,490.15,0.16,0.8,2.3,2.0,100.0,37.5,-25.0,3.0,0.5,112.09999720000006,0.3740095074698029,0,187.6249953125001,1.4999999625000011,40.0,-2672.9994001955674,3.9,0.6,1.219755882778777,0.1024294908303401,0.0005784892387779,125.0,8.81290620059492,6719.421808
60.0,-6.3,13.0,6.699999999999999,6.403124237,0.23,2.0,20.7,0.307,232.0,50.0,58.0,41.6,7.37,490.15,0.16,0.8,2.3,2.0,75.0,37.5,0.0,3.0,0.5,84.07499790000004,0.4275362297113425,0,112.57499718750007,1.4999999625000011,40.0,-1603.7996401173405,3.9,0.6,1.219755882778777,0.1024294908303401,0.0005784892387779,75.0,10.046620399631353,23076.66163
60.0,-6.3,13.0,6.699999999999999,6.403124237,0.23,2.0,20.7,0.307,232.0,50.0,58.0,41.6,7.37,490.15,0.16,0.8,2.3,2.0,60.0,30.0,0.0,3.0,0.5,24.059999400000017,0.2108307026817105,0,90.05999775000006,1.4999999625000011,40.0,-1283.0397120938724,3.9,0.6,1.219755882778777,0.1024294908303401,0.0005784892387779,60.0,10.98874240943058,59202.88297
60.0,-6.3,13.0,6.699999999999999,6.403124237,0.23,2.0,20.7,0.307,232.0,50.0,58.0,41.6,7.37,490.15,0.16,0.8,2.3,2.0,100.0,30.0,-40.0,3.0,0.5,40.099999000000025,0.1602461630486427,0,210.1399947500001,1.4999999625000011,40.0,-2993.7593282190355,3.9,0.6,1.219755882778777,0.1024294908303401,0.0005784892387779,140.0,8.935595198088278,7596.657067
60.0,-6.3,13.0,6.699999999999999,6.403124237,0.23,2.0,20.7,0.307,232.0,50.0,58.0,41.6,7.37,490.15,0.16,0.8,2.3,2.0,125.0,50.0,-25.0,3.0,0.5,78.24999804687506,0.2579103485281527,0,225.14999437500012,1.4999999625000011,40.0,-3207.599280234681,3.9,0.6,1.219755882778777,0.1024294908303401,0.0005784892387779,150.0,8.27238134198385,3913.259092
60.0,-6.3,13.0,6.699999999999999,6.403124237,0.23,2.0,20.7,0.307,232.0,50.0,58.0,41.6,7.37,490.15,0.16,0.8,2.3,2.0,60.0,10.0,-40.0,3.0,0.5,30.05999900000003,0.1306047961014018,0,200.0999933333336,1.999999933333336,30.0,-2138.399520156454,3.9,0.6,1.219755882778777,0.1024294908303401,0.0005784892387779,100.0,10.277841610515772,29080.03756
60.0,-6.3,13.0,6.699999999999999,6.403124237,0.23,2.0,20.7,0.307,232.0,50.0,58.0,41.6,7.37,490.15,0.16,0.8,3.1,2.0,125.0,42.5,-40.0,3.0,0.5,62.62499895833334,0.27492427115251,0,165.16499725000006,0.9999999833333336,60.0,-2618.108525702032,3.9,0.6,1.219755882778777,0.1024294908303401,0.0005784892387779,165.0,8.226038429485484,3736.0
60.0,-6.3,13.0,6.699999999999999,6.403124237,0.23,2.0,20.7,0.307,232.0,50.0,58.0,41.6,7.37,490.15,0.16,0.8,3.1,2.0,125.0,42.5,-40.0,3.0,0.5,62.62499895833334,0.27492427115251,0,165.16499725000006,0.9999999833333336,60.0,-2618.108525702032,3.9,0.6,1.219755882778777,0.1024294908303401,0.0005784892387779,165.0,7.98661359399046,2940.319573
60.0,-6.3,13.0,6.699999999999999,6.403124237,0.23,2.0,20.7,0.307,232.0,50.0,58.0,41.6,7.37,490.15,0.16,0.8,3.1,2.0,125.0,42.5,-40.0,3.0,0.5,62.6249985119048,0.2097959821309678,0,235.87928010204092,1.428571394557824,42.0,-2618.108525702032,3.9,0.6,1.219755882778777,0.1024294908303401,0.0005784892387779,165.0,8.08509531668296,3244.729193
60.0,-6.3,13.0,6.699999999999999,6.403124237,0.23,2.0,20.7,0.307,232.0,50.0,58.0,41.6,7.37,490.15,0.16,0.8,3.1,2.0,125.0,42.5,-40.0,3.0,0.5,62.62499973958332,0.6019319434627216,0,41.414999828125,0.2499999989583333,240.0,-2618.108525702032,3.9,0.6,1.219755882778777,0.1024294908303401,0.0005784892387779,165.0,7.603877689153743,2004.95932
60.0,-6.3,13.0,6.699999999999999,6.403124237,0.23,2.0,20.7,0.307,232.0,50.0,58.0,41.6,7.37,490.15,0.16,0.8,3.1,2.0,125.0,35.0,-55.0,3.0,0.5,62.62499791666673,0.1481179263597707,0,360.17998800000044,1.999999933333336,30.0,-2856.1183916749437,3.9,0.6,1.219755882778777,0.1024294908303401,0.0005784892387779,180.0,8.053908281104935,3145.066688
60.0,-6.3,13.0,6.699999999999999,6.403124237,0.23,2.0,20.7,0.307,232.0,50.0,58.0,41.6,7.37,490.15,0.16,0.8,3.1,2.0,100.0,50.0,0.0,3.0,0.5,50.09999833333338,0.2002398073611453,0,200.0999933333336,1.999999933333336,30.0,-1586.732439819413,3.9,0.6,1.219755882778777,0.1024294908303401,0.0005784892387779,100.0,9.333863222444542,11313.75859
60.0,-6.3,13.0,6.699999999999999,6.403124237,0.23,2.0,20.7,0.307,232.0,50.0,58.0,41.6,7.37,490.15,0.16,0.8,3.1,2.0,100.0,50.0,0.0,3.0,0.5,128.933329038889,0.3918549273899281,0,200.0999933333336,1.999999933333336,30.0,-1586.732439819413,3.9,0.6,1.219755882778777,0.1024294908303401,0.0005784892387779,100.0,9.072467274060648,8711.09243
60.0,-6.3,13.0,6.699999999999999,6.403124237,0.23,2.0,20.7,0.307,232.0,50.0,58.0,41.6,7.37,490.15,0.16,0.8,3.1,2.0,100.0,50.0,0.0,3.0,0.5,50.09999875000003,0.250249749005989,0,150.0999962500001,1.4999999625000011,40.0,-1586.732439819413,3.9,0.6,1.219755882778777,0.1024294908303401,0.0005784892387779,100.0,9.254412742934946,10449.57984
60.0,-6.3,13.0,6.699999999999999,6.403124237,0.23,2.0,20.7,0.307,232.0,50.0,58.0,41.6,7.37,490.15,0.16,0.8,3.1,2.0,100.0,50.0,0.0,3.0,0.5,118.34999704375008,0.4408642188840806,0,150.0999962500001,1.4999999625000011,40.0,-1586.732439819413,3.9,0.6,1.219755882778777,0.1024294908303401,0.0005784892387779,100.0,9.01669153444213,8238.471928
60.0,-6.3,13.0,6.699999999999999,6.403124237,0.23,2.0,20.7,0.307,232.0,50.0,58.0,41.6,7.37,490.15,0.16,0.8,3.1,2.0,100.0,50.0,0.0,3.0,0.5,159.29999681600003,0.5701503200771978,0,120.09999760000004,1.1999999760000006,50.0,-1586.732439819413,3.9,0.6,1.219755882778777,0.1024294908303401,0.0005784892387779,100.0,8.872947150078199,7135.281705
60.0,-6.3,13.0,6.699999999999999,6.403124237,0.23,2.0,20.7,0.307,232.0,50.0,58.0,41.6,7.37,490.15,0.16,0.8,3.1,2.0,100.0,50.0,0.0,3.0,0.5,50.09999916666668,0.3335552574367479,0,100.09999833333336,0.9999999833333336,60.0,-1586.732439819413,3.9,0.6,1.219755882778777,0.1024294908303401,0.0005784892387779,100.0,9.142434619111592,9342.485291
60.0,-6.3,13.0,6.699999999999999,6.403124237,0.23,2.0,20.7,0.307,232.0,50.0,58.0,41.6,7.37,490.15,0.16,0.8,3.1,2.0,100.0,50.0,0.0,3.0,0.5,50.099999375,0.4001597412147751,0,75.09999906250002,0.7499999906250001,80.0,-1586.732439819413,3.9,0.6,1.219755882778777,0.1024294908303401,0.0005784892387779,100.0,9.062985681660535,8628.878297
60.0,-6.3,13.0,6.699999999999999,6.403124237,0.23,2.0,20.7,0.307,232.0,50.0,58.0,41.6,7.37,490.15,0.16,0.8,3.1,2.0,100.0,50.0,0.0,3.0,0.5,59.22499926093751,0.4409082416470462,0,75.09999906250002,0.7499999906250001,80.0,-1586.732439819413,3.9,0.6,1.219755882778777,0.1024294908303401,0.0005784892387779,100.0,9.01669153444213,8238.471928
60.0,-6.3,13.0,6.699999999999999,6.403124237,0.23,2.0,20.7,0.307,232.0,50.0,58.0,41.6,7.37,490.15,0.16,0.8,3.1,2.0,100.0,50.0,0.0,3.0,0.5,77.87777691358025,0.5384083539357478,0,66.76666592592593,0.6666666592592594,90.0,-1586.732439819413,3.9,0.6,1.219755882778777,0.1024294908303401,0.0005784892387779,100.0,8.9084391698137,7393.111135
60.0,-6.3,13.0,6.699999999999999,6.403124237,0.23,2.0,20.7,0.307,232.0,50.0,58.0,41.6,7.37,490.15,0.16,0.8,3.1,2.0,100.0,50.0,0.0,3.0,0.5,70.09999930000001,0.5384024536215111,0,60.0999994,0.599999994,100.0,-1586.732439819413,3.9,0.6,1.219755882778777,0.1024294908303401,0.0005784892387779,100.0,8.9084391698137,7393.111135
60.0,-6.3,13.0,6.699999999999999,6.403124237,0.23,2.0,20.7,0.307,232.0,50.0,58.0,41.6,7.37,490.15,0.16,0.8,3.1,2.0,100.0,50.0,0.0,3.0,0.5,50.09999958333333,0.49999999500998,0,50.09999958333333,0.4999999958333334,120.0,-1586.732439819413,3.9,0.6,1.219755882778777,0.1024294908303401,0.0005784892387779,100.0,8.951009950280161,7714.680381
60.0,-6.3,13.0,6.699999999999999,6.403124237,0.23,2.0,20.7,0.307,232.0,50.0,58.0,41.6,7.37,490.15,0.16,0.8,3.1,2.0,100.0,50.0,0.0,3.0,0.5,50.09999964285714,0.5383788704804484,0,42.95714255102041,0.4285714255102041,140.0,-1586.732439819413,3.9,0.6,1.219755882778777,0.1024294908303401,0.0005784892387779,100.0,8.9084391698137,7393.111135
60.0,-6.3,13.0,6.699999999999999,6.403124237,0.23,2.0,20.7,0.307,232.0,50.0,58.0,41.6,7.37,490.15,0.16,0.8,3.1,2.0,100.0,50.0,0.0,3.0,0.5,50.09999979166666,0.6662233953941235,0,25.09999989583333,0.2499999989583333,240.0,-1586.732439819413,3.9,0.6,1.219755882778777,0.1024294908303401,0.0005784892387779,100.0,8.759590045685439,6370.499019
60.0,-6.3,13.0,6.699999999999999,6.403124237,0.23,2.0,20.7,0.307,232.0,50.0,58.0,41.6,7.37,490.15,0.16,0.8,3.1,2.0,100.0,50.0,0.0,3.0,0.5,43.15555549575617,0.8365280906103939,0,8.433333321759259,0.0833333332175925,720.0,-1586.732439819413,3.9,0.6,1.219755882778777,0.1024294908303401,0.0005784892387779,100.0,8.497501033542086,4901.502331
60.0,-6.3,13.0,6.699999999999999,6.403124237,0.23,2.0,20.7,0.307,232.0,50.0,58.0,41.6,7.37,490.15,0.16,0.8,3.1,2.0,100.0,50.0,0.0,3.0,0.5,0.1,0.0006990213818156,1,142.9571394557824,,,-1586.732439819413,3.9,0.6,1.219755882778777,0.1024294908303401,0.0005784892387779,100.0,9.419520757646575,12325.67334
60.0,-6.3,13.0,6.699999999999999,6.403124237,0.23,2.0,20.7,0.307,232.0,50.0,58.0,41.6,7.37,490.15,0.16,0.8,3.1,2.0,100.0,50.0,0.0,3.0,0.5,0.1,0.0006990213818156,1,142.9571394557824,,,-1586.732439819413,3.9,0.6,1.219755882778777,0.1024294908303401,0.0005784892387779,100.0,9.133379043748011,9258.256601
60.0,-6.3,13.0,6.699999999999999,6.403124237,0.23,2.0,20.7,0.307,232.0,50.0,58.0,41.6,7.37,490.15,0.16,0.8,3.1,2.0,100.0,50.0,0.0,3.0,0.5,0.1,0.0006990213818156,1,142.9571394557824,,,-1586.732439819413,3.9,0.6,1.219755882778777,0.1024294908303401,0.0005784892387779,100.0,8.946445150101221,7679.540107
60.0,-6.3,13.0,6.699999999999999,6.403124237,0.23,2.0,20.7,0.307,232.0,50.0,58.0,41.6,7.37,490.15,0.16,0.8,3.1,2.0,100.0,37.5,-25.0,3.0,0.5,112.09999720000006,0.3740095074698029,0,187.6249953125001,1.4999999625000011,40.0,-1983.4155497742663,3.9,0.6,1.219755882778777,0.1024294908303401,0.0005784892387779,125.0,8.713396207882958,6082.869527
60.0,-6.3,13.0,6.699999999999999,6.403124237,0.23,2.0,20.7,0.307,232.0,50.0,58.0,41.6,7.37,490.15,0.16,0.8,3.1,2.0,75.0,37.5,0.0,3.0,0.5,84.07499790000004,0.4275362297113425,0,112.57499718750007,1.4999999625000011,40.0,-1190.04932986456,3.9,0.6,1.219755882778777,0.1024294908303401,0.0005784892387779,75.0,9.947099370278137,20890.5358
60.0,-6.3,13.0,6.699999999999999,6.403124237,0.23,2.0,20.7,0.307,232.0,50.0,58.0,41.6,7.37,490.15,0.16,0.8,3.1,2.0,60.0,30.0,0.0,3.0,0.5,24.059999400000017,0.2108307026817105,0,90.05999775000006,1.4999999625000011,40.0,-952.039463891648,3.9,0.6,1.219755882778777,0.1024294908303401,0.0005784892387779,60.0,10.889218612973384,53594.40485
60.0,-6.3,13.0,6.699999999999999,6.403124237,0.23,2.0,20.7,0.307,232.0,50.0,58.0,41.6,7.37,490.15,0.16,0.8,3.1,2.0,100.0,30.0,-40.0,3.0,0.5,40.099999000000025,0.1602461630486427,0,210.1399947500001,1.4999999625000011,40.0,-2221.4254157471782,3.9,0.6,1.219755882778777,0.1024294908303401,0.0005784892387779,140.0,8.836083407479538,6877.001489
60.0,-6.3,13.0,6.699999999999999,6.403124237,0.23,2.0,20.7,0.307,232.0,50.0,58.0,41.6,7.37,490.15,0.16,0.8,3.1,2.0,125.0,50.0,-25.0,3.0,0.5,78.24999804687506,0.2579103485281527,0,225.14999437500012,1.4999999625000011,40.0,-2380.09865972912,3.9,0.6,1.219755882778777,0.1024294908303401,0.0005784892387779,150.0,8.172882512234285,3542.543564
60.0,-6.3,13.0,6.699999999999999,6.403124237,0.23,2.0,20.7,0.307,232.0,50.0,58.0,41.6,7.37,490.15,0.16,0.8,3.1,2.0,60.0,10.0,-40.0,3.0,0.5,30.05999900000003,0.1306047961014018,0,200.0999933333336,1.999999933333336,30.0,-1586.732439819413,3.9,0.6,1.219755882778777,0.1024294908303401,0.0005784892387779,100.0,10.178319644997597,26325.19276
484.0,-6.3,14.3,8.0,14.8492424,0.23,1.0,22.0,0.34,236.0,48.0,57.0,42.6,7.4,492.15,0.16,0.8,2.36,0.0,125.0,42.5,-40.0,3.8,0.7,62.62499895833334,0.27492427115251,0,165.16499725000006,0.9999999833333336,60.0,-9028.414852890724,3.8,0.7,1.3809522881145582,0.0619327978280645,0.0005784892387779,165.0,5.74911778148248,312.9135977
484.0,-6.3,14.3,8.0,14.8492424,0.23,1.0,22.0,0.34,236.0,48.0,57.0,42.6,7.4,492.15,0.16,0.8,2.36,0.0,125.0,42.5,-40.0,3.8,0.7,62.6249985119048,0.2097959821309678,0,235.87928010204092,1.428571394557824,42.0,-9028.414852890724,3.8,0.7,1.3809522881145582,0.0619327978280645,0.0005784892387779,165.0,5.847332494935276,345.3093653
484.0,-6.3,14.3,8.0,14.8492424,0.23,1.0,22.0,0.34,236.0,48.0,57.0,42.6,7.4,492.15,0.16,0.8,2.36,0.0,125.0,42.5,-40.0,3.8,0.7,62.62499973958332,0.6019319434627216,0,41.414999828125,0.2499999989583333,240.0,-9028.414852890724,3.8,0.7,1.3809522881145582,0.0619327978280645,0.0005784892387779,165.0,5.3677083277201065,213.3710362
484.0,-6.3,14.3,8.0,14.8492424,0.23,1.0,22.0,0.34,236.0,48.0,57.0,42.6,7.4,492.15,0.16,0.8,2.36,0.0,125.0,35.0,-55.0,3.8,0.7,62.62499791666673,0.1481179263597707,0,360.17998800000044,1.999999933333336,30.0,-9849.179839517155,3.8,0.7,1.3809522881145582,0.0619327978280645,0.0005784892387779,180.0,5.816227195572253,334.7031192
484.0,-6.3,14.3,8.0,14.8492424,0.23,1.0,22.0,0.34,236.0,48.0,57.0,42.6,7.4,492.15,0.16,0.8,2.36,0.0,100.0,50.0,0.0,3.8,0.7,50.09999833333338,0.2002398073611453,0,200.0999933333336,1.999999933333336,30.0,-5471.76657750953,3.8,0.7,1.3809522881145582,0.0619327978280645,0.0005784892387779,100.0,7.094258592530769,1204.028615
484.0,-6.3,14.3,8.0,14.8492424,0.23,1.0,22.0,0.34,236.0,48.0,57.0,42.6,7.4,492.15,0.16,0.8,2.36,0.0,100.0,50.0,0.0,3.8,0.7,128.933329038889,0.3918549273899281,0,200.0999933333336,1.999999933333336,30.0,-5471.76657750953,3.8,0.7,1.3809522881145582,0.0619327978280645,0.0005784892387779,100.0,6.833084149300362,927.0486438
484.0,-6.3,14.3,8.0,14.8492424,0.23,1.0,22.0,0.34,236.0,48.0,57.0,42.6,7.4,492.15,0.16,0.8,2.36,0.0,100.0,50.0,0.0,3.8,0.7,50.09999875000003,0.250249749005989,0,150.0999962500001,1.4999999625000011,40.0,-5471.76657750953,3.8,0.7,1.3809522881145582,0.0619327978280645,0.0005784892387779,100.0,7.014869430621183,1112.061305
484.0,-6.3,14.3,8.0,14.8492424,0.23,1.0,22.0,0.34,236.0,48.0,57.0,42.6,7.4,492.15,0.16,0.8,2.36,0.0,100.0,50.0,0.0,3.8,0.7,118.34999704375008,0.4408642188840806,0,150.0999962500001,1.4999999625000011,40.0,-5471.76657750953,3.8,0.7,1.3809522881145582,0.0619327978280645,0.0005784892387779,100.0,6.777363638231157,876.7516003
484.0,-6.3,14.3,8.0,14.8492424,0.23,1.0,22.0,0.34,236.0,48.0,57.0,42.6,7.4,492.15,0.16,0.8,2.36,0.0,100.0,50.0,0.0,3.8,0.7,159.29999681600003,0.5701503200771978,0,120.09999760000004,1.1999999760000006,50.0,-5471.76657750953,3.8,0.7,1.3809522881145582,0.0619327978280645,0.0005784892387779,100.0,6.633776617771513,759.3483
484.0,-6.3,14.3,8.0,14.8492424,0.23,1.0,22.0,0.34,236.0,48.0,57.0,42.6,7.4,492.15,0.16,0.8,2.36,0.0,100.0,50.0,0.0,3.8,0.7,50.09999916666668,0.3335552574367479,0,100.09999833333336,0.9999999833333336,60.0,-5471.76657750953,3.8,0.7,1.3809522881145582,0.0619327978280645,0.0005784892387779,100.0,6.902986426458918,994.2425004
484.0,-6.3,14.3,8.0,14.8492424,0.23,1.0,22.0,0.34,236.0,48.0,57.0,42.6,7.4,492.15,0.16,0.8,2.36,0.0,100.0,50.0,0.0,3.8,0.7,50.099999375,0.4001597412147751,0,75.09999906250002,0.7499999906250001,80.0,-5471.76657750953,3.8,0.7,1.3809522881145582,0.0619327978280645,0.0005784892387779,100.0,6.82361172984036,918.299282
484.0,-6.3,14.3,8.0,14.8492424,0.23,1.0,22.0,0.34,236.0,48.0,57.0,42.6,7.4,492.15,0.16,0.8,2.36,0.0,100.0,50.0,0.0,3.8,0.7,59.22499926093751,0.4409082416470462,0,75.09999906250002,0.7499999906250001,80.0,-5471.76657750953,3.8,0.7,1.3809522881145582,0.0619327978280645,0.0005784892387779,100.0,6.777363638231157,876.7516003
484.0,-6.3,14.3,8.0,14.8492424,0.23,1.0,22.0,0.34,236.0,48.0,57.0,42.6,7.4,492.15,0.16,0.8,2.36,0.0,100.0,50.0,0.0,3.8,0.7,77.87777691358025,0.5384083539357478,0,66.76666592592593,0.6666666592592594,90.0,-5471.76657750953,3.8,0.7,1.3809522881145582,0.0619327978280645,0.0005784892387779,100.0,6.669227657228282,786.7869279
484.0,-6.3,14.3,8.0,14.8492424,0.23,1.0,22.0,0.34,236.0,48.0,57.0,42.6,7.4,492.15,0.16,0.8,2.36,0.0,100.0,50.0,0.0,3.8,0.7,70.09999930000001,0.5384024536215111,0,60.0999994,0.599999994,100.0,-5471.76657750953,3.8,0.7,1.3809522881145582,0.0619327978280645,0.0005784892387779,100.0,6.669227657228282,786.7869279
484.0,-6.3,14.3,8.0,14.8492424,0.23,1.0,22.0,0.34,236.0,48.0,57.0,42.6,7.4,492.15,0.16,0.8,2.36,0.0,100.0,50.0,0.0,3.8,0.7,50.09999958333333,0.49999999500998,0,50.09999958333333,0.4999999958333334,120.0,-5471.76657750953,3.8,0.7,1.3809522881145582,0.0619327978280645,0.0005784892387779,100.0,6.711751162273152,821.0088507
484.0,-6.3,14.3,8.0,14.8492424,0.23,1.0,22.0,0.34,236.0,48.0,57.0,42.6,7.4,492.15,0.16,0.8,2.36,0.0,100.0,50.0,0.0,3.8,0.7,50.09999964285714,0.5383788704804484,0,42.95714255102041,0.4285714255102041,140.0,-5471.76657750953,3.8,0.7,1.3809522881145582,0.0619327978280645,0.0005784892387779,100.0,6.669227657228282,786.7869279
484.0,-6.3,14.3,8.0,14.8492424,0.23,1.0,22.0,0.34,236.0,48.0,57.0,42.6,7.4,492.15,0.16,0.8,2.36,0.0,100.0,50.0,0.0,3.8,0.7,50.09999979166666,0.6662233953941235,0,25.09999989583333,0.2499999989583333,240.0,-5471.76657750953,3.8,0.7,1.3809522881145582,0.0619327978280645,0.0005784892387779,100.0,6.520560567551191,677.958881
484.0,-6.3,14.3,8.0,14.8492424,0.23,1.0,22.0,0.34,236.0,48.0,57.0,42.6,7.4,492.15,0.16,0.8,2.36,0.0,100.0,50.0,0.0,3.8,0.7,43.15555549575617,0.8365280906103939,0,8.433333321759259,0.0833333332175925,720.0,-5471.76657750953,3.8,0.7,1.3809522881145582,0.0619327978280645,0.0005784892387779,100.0,6.258865836936793,521.6258609
484.0,-6.3,14.3,8.0,14.8492424,0.23,1.0,22.0,0.34,236.0,48.0,57.0,42.6,7.4,492.15,0.16,0.8,2.36,0.0,100.0,50.0,0.0,3.8,0.7,0.1,0.0006990213818156,1,142.9571394557824,,,-5471.76657750953,3.8,0.7,1.3809522881145582,0.0619327978280645,0.0005784892387779,100.0,7.179855251882343,1311.718231
484.0,-6.3,14.3,8.0,14.8492424,0.23,1.0,22.0,0.34,236.0,48.0,57.0,42.6,7.4,492.15,0.16,0.8,2.36,0.0,100.0,50.0,0.0,3.8,0.7,0.1,0.0006990213818156,1,142.9571394557824,,,-5471.76657750953,3.8,0.7,1.3809522881145582,0.0619327978280645,0.0005784892387779,100.0,6.893939018503386,985.278746
484.0,-6.3,14.3,8.0,14.8492424,0.23,1.0,22.0,0.34,236.0,48.0,57.0,42.6,7.4,492.15,0.16,0.8,2.36,0.0,100.0,50.0,0.0,3.8,0.7,0.1,0.0006990213818156,1,142.9571394557824,,,-5471.76657750953,3.8,0.7,1.3809522881145582,0.0619327978280645,0.0005784892387779,100.0,6.707191335777316,817.2691656
484.0,-6.3,14.3,8.0,14.8492424,0.23,1.0,22.0,0.34,236.0,48.0,57.0,42.6,7.4,492.15,0.16,0.8,2.36,0.0,100.0,37.5,-25.0,3.8,0.7,112.09999720000006,0.3740095074698029,0,187.6249953125001,1.4999999625000011,40.0,-6839.708221886913,3.8,0.7,1.3809522881145582,0.0619327978280645,0.0005784892387779,125.0,6.474428949616141,647.348882
484.0,-6.3,14.3,8.0,14.8492424,0.23,1.0,22.0,0.34,236.0,48.0,57.0,42.6,7.4,492.15,0.16,0.8,2.36,0.0,75.0,37.5,0.0,3.8,0.7,84.07499790000004,0.4275362297113425,0,112.57499718750007,1.4999999625000011,40.0,-4103.824933132148,3.8,0.7,1.3809522881145582,0.0619327978280645,0.0005784892387779,75.0,7.707154757244073,2223.204844
484.0,-6.3,14.3,8.0,14.8492424,0.23,1.0,22.0,0.34,236.0,48.0,57.0,42.6,7.4,492.15,0.16,0.8,2.36,0.0,60.0,30.0,0.0,3.8,0.7,24.059999400000017,0.2108307026817105,0,90.05999775000006,1.4999999625000011,40.0,-3283.0599465057185,3.8,0.7,1.3809522881145582,0.0619327978280645,0.0005784892387779,60.0,8.64902882097195,5703.603851
484.0,-6.3,14.3,8.0,14.8492424,0.23,1.0,22.0,0.34,236.0,48.0,57.0,42.6,7.4,492.15,0.16,0.8,2.36,0.0,100.0,30.0,-40.0,3.8,0.7,40.099999000000025,0.1602461630486427,0,210.1399947500001,1.4999999625000011,40.0,-7660.473208513342,3.8,0.7,1.3809522881145582,0.0619327978280645,0.0005784892387779,140.0,6.596957005776338,731.8616988
484.0,-6.3,14.3,8.0,14.8492424,0.23,1.0,22.0,0.34,236.0,48.0,57.0,42.6,7.4,492.15,0.16,0.8,2.36,0.0,125.0,50.0,-25.0,3.8,0.7,78.24999804687506,0.2579103485281527,0,225.14999437500012,1.4999999625000011,40.0,-8207.649866264295,3.8,0.7,1.3809522881145582,0.0619327978280645,0.0005784892387779,150.0,5.934902808545459,377.0032557
484.0,-6.3,14.3,8.0,14.8492424,0.23,1.0,22.0,0.34,236.0,48.0,57.0,42.6,7.4,492.15,0.16,0.8,2.36,0.0,60.0,10.0,-40.0,3.8,0.7,30.05999900000003,0.1306047961014018,0,200.0999933333336,1.999999933333336,30.0,-5471.76657750953,3.8,0.7,1.3809522881145582,0.0619327978280645,0.0005784892387779,100.0,7.93829209236954,2801.569888
484.0,-6.3,14.3,8.0,14.8492424,0.23,1.0,22.0,0.34,236.0,48.0,57.0,42.6,7.4,492.15,0.16,0.8,2.36,0.0,125.0,42.5,-40.0,3.8,0.7,62.62499895833334,0.27492427115251,0,165.16499725000006,0.9999999833333336,60.0,-9028.414852890724,3.8,0.7,1.3809522881145582,0.0619327978280645,0.0005784892387779,165.0,5.707672549494317,300.1692953
484.0,-6.3,14.3,8.0,14.8492424,0.23,1.0,22.0,0.34,236.0,48.0,57.0,42.6,7.4,492.15,0.16,0.8,2.36,0.0,125.0,42.5,-40.0,3.8,0.7,62.6249985119048,0.2097959821309678,0,235.87928010204092,1.428571394557824,42.0,-9028.414852890724,3.8,0.7,1.3809522881145582,0.0619327978280645,0.0005784892387779,165.0,5.805874612481409,331.2456525
484.0,-6.3,14.3,8.0,14.8492424,0.23,1.0,22.0,0.34,236.0,48.0,57.0,42.6,7.4,492.15,0.16,0.8,2.36,0.0,125.0,42.5,-40.0,3.8,0.7,62.62499973958332,0.6019319434627216,0,41.414999828125,0.2499999989583333,240.0,-9028.414852890724,3.8,0.7,1.3809522881145582,0.0619327978280645,0.0005784892387779,165.0,5.326325888599776,204.6808897
484.0,-6.3,14.3,8.0,14.8492424,0.23,1.0,22.0,0.34,236.0,48.0,57.0,42.6,7.4,492.15,0.16,0.8,2.36,0.0,125.0,35.0,-55.0,3.8,0.7,62.62499791666673,0.1481179263597707,0,360.17998800000044,1.999999933333336,30.0,-9849.179839517155,3.8,0.7,1.3809522881145582,0.0619327978280645,0.0005784892387779,180.0,5.774773186197695,321.0713762
484.0,-6.3,14.3,8.0,14.8492424,0.23,1.0,22.0,0.34,236.0,48.0,57.0,42.6,7.4,492.15,0.16,0.8,2.36,0.0,100.0,50.0,0.0,3.8,0.7,50.09999833333338,0.2002398073611453,0,200.0999933333336,1.999999933333336,30.0,-5471.76657750953,3.8,0.7,1.3809522881145582,0.0619327978280645,0.0005784892387779,100.0,7.052713351970865,1154.991102
484.0,-6.3,14.3,8.0,14.8492424,0.23,1.0,22.0,0.34,236.0,48.0,57.0,42.6,7.4,492.15,0.16,0.8,2.36,0.0,100.0,50.0,0.0,3.8,0.7,128.933329038889,0.3918549273899281,0,200.0999933333336,1.999999933333336,30.0,-5471.76657750953,3.8,0.7,1.3809522881145582,0.0619327978280645,0.0005784892387779,100.0,6.791549423547897,889.291933
484.0,-6.3,14.3,8.0,14.8492424,0.23,1.0,22.0,0.34,236.0,48.0,57.0,42.6,7.4,492.15,0.16,0.8,2.36,0.0,100.0,50.0,0.0,3.8,0.7,50.09999875000003,0.250249749005989,0,150.0999962500001,1.4999999625000011,40.0,-5471.76657750953,3.8,0.7,1.3809522881145582,0.0619327978280645,0.0005784892387779,100.0,6.973327101080345,1066.769424
484.0,-6.3,14.3,8.0,14.8492424,0.23,1.0,22.0,0.34,236.0,48.0,57.0,42.6,7.4,492.15,0.16,0.8,2.36,0.0,100.0,50.0,0.0,3.8,0.7,118.34999704375008,0.4408642188840806,0,150.0999962500001,1.4999999625000011,40.0,-5471.76657750953,3.8,0.7,1.3809522881145582,0.0619327978280645,0.0005784892387779,100.0,6.735831533817783,841.0433806
484.0,-6.3,14.3,8.0,14.8492424,0.23,1.0,22.0,0.34,236.0,48.0,57.0,42.6,7.4,492.15,0.16,0.8,2.36,0.0,100.0,50.0,0.0,3.8,0.7,159.29999681600003,0.5701503200771978,0,120.09999760000004,1.1999999760000006,50.0,-5471.76657750953,3.8,0.7,1.3809522881145582,0.0619327978280645,0.0005784892387779,100.0,6.592251981662525,728.4216659
484.0,-6.3,14.3,8.0,14.8492424,0.23,1.0,22.0,0.34,236.0,48.0,57.0,42.6,7.4,492.15,0.16,0.8,2.36,0.0,100.0,50.0,0.0,3.8,0.7,50.09999916666668,0.3335552574367479,0,100.09999833333336,0.9999999833333336,60.0,-5471.76657750953,3.8,0.7,1.3809522881145582,0.0619327978280645,0.0005784892387779,100.0,6.861448612043935,953.7491273
484.0,-6.3,14.3,8.0,14.8492424,0.23,1.0,22.0,0.34,236.0,48.0,57.0,42.6,7.4,492.15,0.16,0.8,2.36,0.0,100.0,50.0,0.0,3.8,0.7,50.099999375,0.4001597412147751,0,75.09999906250002,0.7499999906250001,80.0,-5471.76657750953,3.8,0.7,1.3809522881145582,0.0619327978280645,0.0005784892387779,100.0,6.78207743934785,880.8989139
484.0,-6.3,14.3,8.0,14.8492424,0.23,1.0,22.0,0.34,236.0,48.0,57.0,42.6,7.4,492.15,0.16,0.8,2.36,0.0,100.0,50.0,0.0,3.8,0.7,59.22499926093751,0.4409082416470462,0,75.09999906250002,0.7499999906250001,80.0,-5471.76657750953,3.8,0.7,1.3809522881145582,0.0619327978280645,0.0005784892387779,100.0,6.735831533817783,841.0433806
484.0,-6.3,14.3,8.0,14.8492424,0.23,1.0,22.0,0.34,236.0,48.0,57.0,42.6,7.4,492.15,0.16,0.8,2.36,0.0,100.0,50.0,0.0,3.8,0.7,77.87777691358025,0.5384083539357478,0,66.76666592592593,0.6666666592592594,90.0,-5471.76657750953,3.8,0.7,1.3809522881145582,0.0619327978280645,0.0005784892387779,100.0,6.6277010762205775,754.742777
484.0,-6.3,14.3,8.0,14.8492424,0.23,1.0,22.0,0.34,236.0,48.0,57.0,42.6,7.4,492.15,0.16,0.8,2.36,0.0,100.0,50.0,0.0,3.8,0.7,70.09999930000001,0.5384024536215111,0,60.0999994,0.599999994,100.0,-5471.76657750953,3.8,0.7,1.3809522881145582,0.0619327978280645,0.0005784892387779,100.0,6.6277010762205775,754.742777
484.0,-6.3,14.3,8.0,14.8492424,0.23,1.0,22.0,0.34,236.0,48.0,57.0,42.6,7.4,492.15,0.16,0.8,2.36,0.0,100.0,50.0,0.0,3.8,0.7,50.09999958333333,0.49999999500998,0,50.09999958333333,0.4999999958333334,120.0,-5471.76657750953,3.8,0.7,1.3809522881145582,0.0619327978280645,0.0005784892387779,100.0,6.670222337806194,787.5709141
484.0,-6.3,14.3,8.0,14.8492424,0.23,1.0,22.0,0.34,236.0,48.0,57.0,42.6,7.4,492.15,0.16,0.8,2.36,0.0,100.0,50.0,0.0,3.8,0.7,50.09999964285714,0.5383788704804484,0,42.95714255102041,0.4285714255102041,140.0,-5471.76657750953,3.8,0.7,1.3809522881145582,0.0619327978280645,0.0005784892387779,100.0,6.6277010762205775,754.742777
484.0,-6.3,14.3,8.0,14.8492424,0.23,1.0,22.0,0.34,236.0,48.0,57.0,42.6,7.4,492.15,0.16,0.8,2.36,0.0,100.0,50.0,0.0,3.8,0.7,50.09999979166666,0.6662233953941235,0,25.09999989583333,0.2499999989583333,240.0,-5471.76657750953,3.8,0.7,1.3809522881145582,0.0619327978280645,0.0005784892387779,100.0,6.479042624572195,650.347064
484.0,-6.3,14.3,8.0,14.8492424,0.23,1.0,22.0,0.34,236.0,48.0,57.0,42.6,7.4,492.15,0.16,0.8,2.36,0.0,100.0,50.0,0.0,3.8,0.7,43.15555549575617,0.8365280906103939,0,8.433333321759259,0.0833333332175925,720.0,-5471.76657750953,3.8,0.7,1.3809522881145582,0.0619327978280645,0.0005784892387779,100.0,6.217366598061264,500.3811539
484.0,-6.3,14.3,8.0,14.8492424,0.23,1.0,22.0,0.34,236.0,48.0,57.0,42.6,7.4,492.15,0.16,0.8,2.36,0.0,100.0,50.0,0.0,3.8,0.7,0.1,0.0006990213818156,1,142.9571394557824,,,-5471.76657750953,3.8,0.7,1.3809522881145582,0.0619327978280645,0.0005784892387779,100.0,7.138307121020342,1258.29475
484.0,-6.3,14.3,8.0,14.8492424,0.23,1.0,22.0,0.34,236.0,48.0,57.0,42.6,7.4,492.15,0.16,0.8,2.36,0.0,100.0,50.0,0.0,3.8,0.7,0.1,0.0006990213818156,1,142.9571394557824,,,-5471.76657750953,3.8,0.7,1.3809522881145582,0.0619327978280645,0.0005784892387779,100.0,6.8524015918193495,945.1504475
484.0,-6.3,14.3,8.0,14.8492424,0.23,1.0,22.0,0.34,236.0,48.0,57.0,42.6,7.4,492.15,0.16,0.8,2.36,0.0,100.0,50.0,0.0,3.8,0.7,0.1,0.0006990213818156,1,142.9571394557824,,,-5471.76657750953,3.8,0.7,1.3809522881145582,0.0619327978280645,0.0005784892387779,100.0,6.665662747244056,783.9835383
484.0,-6.3,14.3,8.0,14.8492424,0.23,1.0,22.0,0.34,236.0,48.0,57.0,42.6,7.4,492.15,0.16,0.8,2.36,0.0,100.0,37.5,-25.0,3.8,0.7,112.09999720000006,0.3740095074698029,0,187.6249953125001,1.4999999625000011,40.0,-6839.708221886913,3.8,0.7,1.3809522881145582,0.0619327978280645,0.0005784892387779,125.0,6.432913958796405,620.9837449
484.0,-6.3,14.3,8.0,14.8492424,0.23,1.0,22.0,0.34,236.0,48.0,57.0,42.6,7.4,492.15,0.16,0.8,2.36,0.0,75.0,37.5,0.0,3.8,0.7,84.07499790000004,0.4275362297113425,0,112.57499718750007,1.4999999625000011,40.0,-4103.824933132148,3.8,0.7,1.3809522881145582,0.0619327978280645,0.0005784892387779,75.0,7.665593372192477,2132.65846
484.0,-6.3,14.3,8.0,14.8492424,0.23,1.0,22.0,0.34,236.0,48.0,57.0,42.6,7.4,492.15,0.16,0.8,2.36,0.0,60.0,30.0,0.0,3.8,0.7,24.059999400000017,0.2108307026817105,0,90.05999775000006,1.4999999625000011,40.0,-3283.0599465057185,3.8,0.7,1.3809522881145582,0.0619327978280645,0.0005784892387779,60.0,8.607455790135365,5471.308251
484.0,-6.3,14.3,8.0,14.8492424,0.23,1.0,22.0,0.34,236.0,48.0,57.0,42.6,7.4,492.15,0.16,0.8,2.36,0.0,100.0,30.0,-40.0,3.8,0.7,40.099999000000025,0.1602461630486427,0,210.1399947500001,1.4999999625000011,40.0,-7660.473208513342,3.8,0.7,1.3809522881145582,0.0619327978280645,0.0005784892387779,140.0,6.555434463766321,702.0545352
484.0,-6.3,14.3,8.0,14.8492424,0.23,1.0,22.0,0.34,236.0,48.0,57.0,42.6,7.4,492.15,0.16,0.8,2.36,0.0,125.0,50.0,-25.0,3.8,0.7,78.24999804687506,0.2579103485281527,0,225.14999437500012,1.4999999625000011,40.0,-8207.649866264295,3.8,0.7,1.3809522881145582,0.0619327978280645,0.0005784892387779,150.0,5.893434648092988,361.6487185
484.0,-6.3,14.3,8.0,14.8492424,0.23,1.0,22.0,0.34,236.0,48.0,57.0,42.6,7.4,492.15,0.16,0.8,2.36,0.0,60.0,10.0,-40.0,3.8,0.7,30.05999900000003,0.1306047961014018,0,200.0999933333336,1.999999933333336,30.0,-5471.76657750953,3.8,0.7,1.3809522881145582,0.0619327978280645,0.0005784892387779,100.0,7.896726767965832,2687.467931
484.0,-6.3,14.3,8.0,14.8492424,0.23,1.0,22.0,0.34,236.0,48.0,57.0,42.6,7.4,492.15,0.16,0.8,2.36,0.0,125.0,42.5,-40.0,3.8,0.7,62.62499895833334,0.27492427115251,0,165.16499725000006,0.9999999833333336,60.0,-9028.414852890724,3.8,0.7,1.3809522881145582,0.0619327978280645,0.0005784892387779,165.0,5.8180738755704535,335.3236282
484.0,-6.3,14.3,8.0,14.8492424,0.23,1.0,22.0,0.34,236.0,48.0,57.0,42.6,7.4,492.15,0.16,0.8,2.36,0.0,125.0,42.5,-40.0,3.8,0.7,62.6249985119048,0.2097959821309678,0,235.87928010204092,1.428571394557824,42.0,-9028.414852890724,3.8,0.7,1.3809522881145582,0.0619327978280645,0.0005784892387779,165.0,5.916308508693871,370.0394936
484.0,-6.3,14.3,8.0,14.8492424,0.23,1.0,22.0,0.34,236.0,48.0,57.0,42.6,7.4,492.15,0.16,0.8,2.36,0.0,125.0,42.5,-40.0,3.8,0.7,62.62499973958332,0.6019319434627216,0,41.414999828125,0.2499999989583333,240.0,-9028.414852890724,3.8,0.7,1.3809522881145582,0.0619327978280645,0.0005784892387779,165.0,5.436565538097882,228.6520961
484.0,-6.3,14.3,8.0,14.8492424,0.23,1.0,22.0,0.34,236.0,48.0,57.0,42.6,7.4,492.15,0.16,0.8,2.36,0.0,125.0,35.0,-55.0,3.8,0.7,62.62499791666673,0.1481179263597707,0,360.17998800000044,1.999999933333336,30.0,-9849.179839517155,3.8,0.7,1.3809522881145582,0.0619327978280645,0.0005784892387779,180.0,5.885197111155574,358.6736567
484.0,-6.3,14.3,8.0,14.8492424,0.23,1.0,22.0,0.34,236.0,48.0,57.0,42.6,7.4,492.15,0.16,0.8,2.36,0.0,100.0,50.0,0.0,3.8,0.7,50.09999833333338,0.2002398073611453,0,200.0999933333336,1.999999933333336,30.0,-5471.76657750953,3.8,0.7,1.3809522881145582,0.0619327978280645,0.0005784892387779,100.0,7.163372143938816,1290.257907
484.0,-6.3,14.3,8.0,14.8492424,0.23,1.0,22.0,0.34,236.0,48.0,57.0,42.6,7.4,492.15,0.16,0.8,2.36,0.0,100.0,50.0,0.0,3.8,0.7,128.933329038889,0.3918549273899281,0,200.0999933333336,1.999999933333336,30.0,-5471.76657750953,3.8,0.7,1.3809522881145582,0.0619327978280645,0.0005784892387779,100.0,6.902181147335739,993.441375
484.0,-6.3,14.3,8.0,14.8492424,0.23,1.0,22.0,0.34,236.0,48.0,57.0,42.6,7.4,492.15,0.16,0.8,2.36,0.0,100.0,50.0,0.0,3.8,0.7,50.09999875000003,0.250249749005989,0,150.0999962500001,1.4999999625000011,40.0,-5471.76657750953,3.8,0.7,1.3809522881145582,0.0619327978280645,0.0005784892387779,100.0,7.083978399725139,1191.704146
484.0,-6.3,14.3,8.0,14.8492424,0.23,1.0,22.0,0.34,236.0,48.0,57.0,42.6,7.4,492.15,0.16,0.8,2.36,0.0,100.0,50.0,0.0,3.8,0.7,118.34999704375008,0.4408642188840806,0,150.0999962500001,1.4999999625000011,40.0,-5471.76657750953,3.8,0.7,1.3809522881145582,0.0619327978280645,0.0005784892387779,100.0,6.846456509510476,939.5421925
484.0,-6.3,14.3,8.0,14.8492424,0.23,1.0,22.0,0.34,236.0,48.0,57.0,42.6,7.4,492.15,0.16,0.8,2.36,0.0,100.0,50.0,0.0,3.8,0.7,159.29999681600003,0.5701503200771978,0,120.09999760000004,1.1999999760000006,50.0,-5471.76657750953,3.8,0.7,1.3809522881145582,0.0619327978280645,0.0005784892387779,100.0,6.702857731677018,813.7307835
484.0,-6.3,14.3,8.0,14.8492424,0.23,1.0,22.0,0.34,236.0,48.0,57.0,42.6,7.4,492.15,0.16,0.8,2.36,0.0,100.0,50.0,0.0,3.8,0.7,50.09999916666668,0.3335552574367479,0,100.09999833333336,0.9999999833333336,60.0,-5471.76657750953,3.8,0.7,1.3809522881145582,0.0619327978280645,0.0005784892387779,100.0,6.972088286815795,1065.447475
484.0,-6.3,14.3,8.0,14.8492424,0.23,1.0,22.0,0.34,236.0,48.0,57.0,42.6,7.4,492.15,0.16,0.8,2.36,0.0,100.0,50.0,0.0,3.8,0.7,50.099999375,0.4001597412147751,0,75.09999906250002,0.7499999906250001,80.0,-5471.76657750953,3.8,0.7,1.3809522881145582,0.0619327978280645,0.0005784892387779,100.0,6.892708042419254,984.0654074
484.0,-6.3,14.3,8.0,14.8492424,0.23,1.0,22.0,0.34,236.0,48.0,57.0,42.6,7.4,492.15,0.16,0.8,2.36,0.0,100.0,50.0,0.0,3.8,0.7,59.22499926093751,0.4409082416470462,0,75.09999906250002,0.7499999906250001,80.0,-5471.76657750953,3.8,0.7,1.3809522881145582,0.0619327978280645,0.0005784892387779,100.0,6.846456509510476,939.5421925
484.0,-6.3,14.3,8.0,14.8492424,0.23,1.0,22.0,0.34,236.0,48.0,57.0,42.6,7.4,492.15,0.16,0.8,2.36,0.0,100.0,50.0,0.0,3.8,0.7,77.87777691358025,0.5384083539357478,0,66.76666592592593,0.6666666592592594,90.0,-5471.76657750953,3.8,0.7,1.3809522881145582,0.0619327978280645,0.0005784892387779,100.0,6.738311832730346,843.1344921
484.0,-6.3,14.3,8.0,14.8492424,0.23,1.0,22.0,0.34,236.0,48.0,57.0,42.6,7.4,492.15,0.16,0.8,2.36,0.0,100.0,50.0,0.0,3.8,0.7,70.09999930000001,0.5384024536215111,0,60.0999994,0.599999994,100.0,-5471.76657750953,3.8,0.7,1.3809522881145582,0.0619327978280645,0.0005784892387779,100.0,6.738311832730346,843.1344921
484.0,-6.3,14.3,8.0,14.8492424,0.23,1.0,22.0,0.34,236.0,48.0,57.0,42.6,7.4,492.15,0.16,0.8,2.36,0.0,100.0,50.0,0.0,3.8,0.7,50.09999958333333,0.49999999500998,0,50.09999958333333,0.4999999958333334,120.0,-5471.76657750953,3.8,0.7,1.3809522881145582,0.0619327978280645,0.0005784892387779,100.0,6.780838870001764,879.8072971
484.0,-6.3,14.3,8.0,14.8492424,0.23,1.0,22.0,0.34,236.0,48.0,57.0,42.6,7.4,492.15,0.16,0.8,2.36,0.0,100.0,50.0,0.0,3.8,0.7,50.09999964285714,0.5383788704804484,0,42.95714255102041,0.4285714255102041,140.0,-5471.76657750953,3.8,0.7,1.3809522881145582,0.0619327978280645,0.0005784892387779,100.0,6.738311832730346,843.1344921
484.0,-6.3,14.3,8.0,14.8492424,0.23,1.0,22.0,0.34,236.0,48.0,57.0,42.6,7.4,492.15,0.16,0.8,2.36,0.0,100.0,50.0,0.0,3.8,0.7,50.09999979166666,0.6662233953941235,0,25.09999989583333,0.2499999989583333,240.0,-5471.76657750953,3.8,0.7,1.3809522881145582,0.0619327978280645,0.0005784892387779,100.0,6.58963114405331,726.5124731
484.0,-6.3,14.3,8.0,14.8492424,0.23,1.0,22.0,0.34,236.0,48.0,57.0,42.6,7.4,492.15,0.16,0.8,2.36,0.0,100.0,50.0,0.0,3.8,0.7,43.15555549575617,0.8365280906103939,0,8.433333321759259,0.0833333332175925,720.0,-5471.76657750953,3.8,0.7,1.3809522881145582,0.0619327978280645,0.0005784892387779,100.0,6.327906966320374,558.9833025
484.0,-6.3,14.3,8.0,14.8492424,0.23,1.0,22.0,0.34,236.0,48.0,57.0,42.6,7.4,492.15,0.16,0.8,2.36,0.0,100.0,50.0,0.0,3.8,0.7,0.1,0.0006990213818156,1,142.9571394557824,,,-5471.76657750953,3.8,0.7,1.3809522881145582,0.0619327978280645,0.0005784892387779,100.0,7.248973353421685,1405.659964
484.0,-6.3,14.3,8.0,14.8492424,0.23,1.0,22.0,0.34,236.0,48.0,57.0,42.6,7.4,492.15,0.16,0.8,2.36,0.0,100.0,50.0,0.0,3.8,0.7,0.1,0.0006990213818156,1,142.9571394557824,,,-5471.76657750953,3.8,0.7,1.3809522881145582,0.0619327978280645,0.0005784892387779,100.0,6.96304026889216,1055.841761
484.0,-6.3,14.3,8.0,14.8492424,0.23,1.0,22.0,0.34,236.0,48.0,57.0,42.6,7.4,492.15,0.16,0.8,2.36,0.0,100.0,50.0,0.0,3.8,0.7,0.1,0.0006990213818156,1,142.9571394557824,,,-5471.76657750953,3.8,0.7,1.3809522881145582,0.0619327978280645,0.0005784892387779,100.0,6.776278671782225,875.7997857
484.0,-6.3,14.3,8.0,14.8492424,0.23,1.0,22.0,0.34,236.0,48.0,57.0,42.6,7.4,492.15,0.16,0.8,2.36,0.0,100.0,37.5,-25.0,3.8,0.7,112.09999720000006,0.3740095074698029,0,187.6249953125001,1.4999999625000011,40.0,-6839.708221886913,3.8,0.7,1.3809522881145582,0.0619327978280645,0.0005784892387779,125.0,6.543494878646167,693.7102684
484.0,-6.3,14.3,8.0,14.8492424,0.23,1.0,22.0,0.34,236.0,48.0,57.0,42.6,7.4,492.15,0.16,0.8,2.36,0.0,75.0,37.5,0.0,3.8,0.7,84.07499790000004,0.4275362297113425,0,112.57499718750007,1.4999999625000011,40.0,-4103.824933132148,3.8,0.7,1.3809522881145582,0.0619327978280645,0.0005784892387779,75.0,7.776293722647226,2382.424797
484.0,-6.3,14.3,8.0,14.8492424,0.23,1.0,22.0,0.34,236.0,48.0,57.0,42.6,7.4,492.15,0.16,0.8,2.36,0.0,60.0,30.0,0.0,3.8,0.7,24.059999400000017,0.2108307026817105,0,90.05999775000006,1.4999999625000011,40.0,-3283.0599465057185,3.8,0.7,1.3809522881145582,0.0619327978280645,0.0005784892387779,60.0,8.718186118719768,6112.080623
484.0,-6.3,14.3,8.0,14.8492424,0.23,1.0,22.0,0.34,236.0,48.0,57.0,42.6,7.4,492.15,0.16,0.8,2.36,0.0,100.0,30.0,-40.0,3.8,0.7,40.099999000000025,0.1602461630486427,0,210.1399947500001,1.4999999625000011,40.0,-7660.473208513342,3.8,0.7,1.3809522881145582,0.0619327978280645,0.0005784892387779,140.0,6.666034822762044,784.2756658
484.0,-6.3,14.3,8.0,14.8492424,0.23,1.0,22.0,0.34,236.0,48.0,57.0,42.6,7.4,492.15,0.16,0.8,2.36,0.0,125.0,50.0,-25.0,3.8,0.7,78.24999804687506,0.2579103485281527,0,225.14999437500012,1.4999999625000011,40.0,-8207.649866264295,3.8,0.7,1.3809522881145582,0.0619327978280645,0.0005784892387779,150.0,6.003895005840459,404.0032152
484.0,-6.3,14.3,8.0,14.8492424,0.23,1.0,22.0,0.34,236.0,48.0,57.0,42.6,7.4,492.15,0.16,0.8,2.36,0.0,60.0,10.0,-40.0,3.8,0.7,30.05999900000003,0.1306047961014018,0,200.0999933333336,1.999999933333336,30.0,-5471.76657750953,3.8,0.7,1.3809522881145582,0.0619327978280645,0.0005784892387779,100.0,8.007437258993077,3002.210791
484.0,-6.3,13.0,6.699999999999999,14.8492424,0.23,1.0,20.7,0.36,232.0,50.0,58.0,41.6,7.37,490.15,0.16,0.8,2.36,0.0,125.0,42.5,-40.0,3.0,0.5,62.62499895833334,0.27492427115251,0,165.16499725000006,0.9999999833333336,60.0,-9028.414852890724,3.0,0.5,1.3809522881145582,0.0619327978280645,0.0005784892387779,165.0,5.576123130805655,263.0459473
484.0,-6.3,13.0,6.699999999999999,14.8492424,0.23,1.0,20.7,0.36,232.0,50.0,58.0,41.6,7.37,490.15,0.16,0.8,2.36,0.0,125.0,42.5,-40.0,3.0,0.5,62.6249985119048,0.2097959821309678,0,235.87928010204092,1.428571394557824,42.0,-9028.414852890724,3.0,0.5,1.3809522881145582,0.0619327978280645,0.0005784892387779,165.0,5.674281382946038,290.2789453
484.0,-6.3,13.0,6.699999999999999,14.8492424,0.23,1.0,20.7,0.36,232.0,50.0,58.0,41.6,7.37,490.15,0.16,0.8,2.36,0.0,125.0,42.5,-40.0,3.0,0.5,62.62499973958332,0.6019319434627216,0,41.414999828125,0.2499999989583333,240.0,-9028.414852890724,3.0,0.5,1.3809522881145582,0.0619327978280645,0.0005784892387779,165.0,5.194993895815785,179.3670418
484.0,-6.3,13.0,6.699999999999999,14.8492424,0.23,1.0,20.7,0.36,232.0,50.0,58.0,41.6,7.37,490.15,0.16,0.8,2.36,0.0,125.0,35.0,-55.0,3.0,0.5,62.62499791666673,0.1481179263597707,0,360.17998800000044,1.999999933333336,30.0,-9849.179839517155,3.0,0.5,1.3809522881145582,0.0619327978280645,0.0005784892387779,180.0,5.643193369542374,281.3629696
484.0,-6.3,13.0,6.699999999999999,14.8492424,0.23,1.0,20.7,0.36,232.0,50.0,58.0,41.6,7.37,490.15,0.16,0.8,2.36,0.0,100.0,50.0,0.0,3.0,0.5,50.09999833333338,0.2002398073611453,0,200.0999933333336,1.999999933333336,30.0,-5471.76657750953,3.0,0.5,1.3809522881145582,0.0619327978280645,0.0005784892387779,100.0,6.920817517280265,1012.147922
484.0,-6.3,13.0,6.699999999999999,14.8492424,0.23,1.0,20.7,0.36,232.0,50.0,58.0,41.6,7.37,490.15,0.16,0.8,2.36,0.0,100.0,50.0,0.0,3.0,0.5,128.933329038889,0.3918549273899281,0,200.0999933333336,1.999999933333336,30.0,-5471.76657750953,3.0,0.5,1.3809522881145582,0.0619327978280645,0.0005784892387779,100.0,6.659690018918284,779.3090186
484.0,-6.3,13.0,6.699999999999999,14.8492424,0.23,1.0,20.7,0.36,232.0,50.0,58.0,41.6,7.37,490.15,0.16,0.8,2.36,0.0,100.0,50.0,0.0,3.0,0.5,50.09999875000003,0.250249749005989,0,150.0999962500001,1.4999999625000011,40.0,-5471.76657750953,3.0,0.5,1.3809522881145582,0.0619327978280645,0.0005784892387779,100.0,6.8414413521307935,934.8370338
484.0,-6.3,13.0,6.699999999999999,14.8492424,0.23,1.0,20.7,0.36,232.0,50.0,58.0,41.6,7.37,490.15,0.16,0.8,2.36,0.0,100.0,50.0,0.0,3.0,0.5,118.34999704375008,0.4408642188840806,0,150.0999962500001,1.4999999625000011,40.0,-5471.76657750953,3.0,0.5,1.3809522881145582,0.0619327978280645,0.0005784892387779,100.0,6.603981210757969,737.0275915
484.0,-6.3,13.0,6.699999999999999,14.8492424,0.23,1.0,20.7,0.36,232.0,50.0,58.0,41.6,7.37,490.15,0.16,0.8,2.36,0.0,100.0,50.0,0.0,3.0,0.5,159.29999681600003,0.5701503200771978,0,120.09999760000004,1.1999999760000006,50.0,-5471.76657750953,3.0,0.5,1.3809522881145582,0.0619327978280645,0.0005784892387779,100.0,6.460427531633277,638.3343338
484.0,-6.3,13.0,6.699999999999999,14.8492424,0.23,1.0,20.7,0.36,232.0,50.0,58.0,41.6,7.37,490.15,0.16,0.8,2.36,0.0,100.0,50.0,0.0,3.0,0.5,50.09999916666668,0.3335552574367479,0,100.09999833333336,0.9999999833333336,60.0,-5471.76657750953,3.0,0.5,1.3809522881145582,0.0619327978280645,0.0005784892387779,100.0,6.729578507007898,835.7944886
484.0,-6.3,13.0,6.699999999999999,14.8492424,0.23,1.0,20.7,0.36,232.0,50.0,58.0,41.6,7.37,490.15,0.16,0.8,2.36,0.0,100.0,50.0,0.0,3.0,0.5,50.099999375,0.4001597412147751,0,75.09999906250002,0.7499999906250001,80.0,-5471.76657750953,3.0,0.5,1.3809522881145582,0.0619327978280645,0.0005784892387779,100.0,6.650219543065386,771.9540036
484.0,-6.3,13.0,6.699999999999999,14.8492424,0.23,1.0,20.7,0.36,232.0,50.0,58.0,41.6,7.37,490.15,0.16,0.8,2.36,0.0,100.0,50.0,0.0,3.0,0.5,59.22499926093751,0.4409082416470462,0,75.09999906250002,0.7499999906250001,80.0,-5471.76657750953,3.0,0.5,1.3809522881145582,0.0619327978280645,0.0005784892387779,100.0,6.603981210757969,737.0275915
484.0,-6.3,13.0,6.699999999999999,14.8492424,0.23,1.0,20.7,0.36,232.0,50.0,58.0,41.6,7.37,490.15,0.16,0.8,2.36,0.0,100.0,50.0,0.0,3.0,0.5,77.87777691358025,0.5384083539357478,0,66.76666592592593,0.6666666592592594,90.0,-5471.76657750953,3.0,0.5,1.3809522881145582,0.0619327978280645,0.0005784892387779,100.0,6.495869889000961,661.4001894
484.0,-6.3,13.0,6.699999999999999,14.8492424,0.23,1.0,20.7,0.36,232.0,50.0,58.0,41.6,7.37,490.15,0.16,0.8,2.36,0.0,100.0,50.0,0.0,3.0,0.5,70.09999930000001,0.5384024536215111,0,60.0999994,0.599999994,100.0,-5471.76657750953,3.0,0.5,1.3809522881145582,0.0619327978280645,0.0005784892387779,100.0,6.495869889000961,661.4001894
484.0,-6.3,13.0,6.699999999999999,14.8492424,0.23,1.0,20.7,0.36,232.0,50.0,58.0,41.6,7.37,490.15,0.16,0.8,2.36,0.0,100.0,50.0,0.0,3.0,0.5,50.09999958333333,0.49999999500998,0,50.09999958333333,0.4999999958333334,120.0,-5471.76657750953,3.0,0.5,1.3809522881145582,0.0619327978280645,0.0005784892387779,100.0,6.538383377897561,690.1683164
484.0,-6.3,13.0,6.699999999999999,14.8492424,0.23,1.0,20.7,0.36,232.0,50.0,58.0,41.6,7.37,490.15,0.16,0.8,2.36,0.0,100.0,50.0,0.0,3.0,0.5,50.09999964285714,0.5383788704804484,0,42.95714255102041,0.4285714255102041,140.0,-5471.76657750953,3.0,0.5,1.3809522881145582,0.0619327978280645,0.0005784892387779,100.0,6.495869889000961,661.4001894
484.0,-6.3,13.0,6.699999999999999,14.8492424,0.23,1.0,20.7,0.36,232.0,50.0,58.0,41.6,7.37,490.15,0.16,0.8,2.36,0.0,100.0,50.0,0.0,3.0,0.5,50.09999979166666,0.6662233953941235,0,25.09999989583333,0.2499999989583333,240.0,-5471.76657750953,3.0,0.5,1.3809522881145582,0.0619327978280645,0.0005784892387779,100.0,6.3472413615991785,569.915585
484.0,-6.3,13.0,6.699999999999999,14.8492424,0.23,1.0,20.7,0.36,232.0,50.0,58.0,41.6,7.37,490.15,0.16,0.8,2.36,0.0,100.0,50.0,0.0,3.0,0.5,43.15555549575617,0.8365280906103939,0,8.433333321759259,0.0833333332175925,720.0,-5471.76657750953,3.0,0.5,1.3809522881145582,0.0619327978280645,0.0005784892387779,100.0,6.085630126652738,438.496664
484.0,-6.3,13.0,6.699999999999999,14.8492424,0.23,1.0,20.7,0.36,232.0,50.0,58.0,41.6,7.37,490.15,0.16,0.8,2.36,0.0,100.0,50.0,0.0,3.0,0.5,0.1,0.0006990213818156,1,142.9571394557824,,,-5471.76657750953,3.0,0.5,1.3809522881145582,0.0619327978280645,0.0005784892387779,100.0,7.006401272404785,1102.675522
484.0,-6.3,13.0,6.699999999999999,14.8492424,0.23,1.0,20.7,0.36,232.0,50.0,58.0,41.6,7.37,490.15,0.16,0.8,2.36,0.0,100.0,50.0,0.0,3.0,0.5,0.1,0.0006990213818156,1,142.9571394557824,,,-5471.76657750953,3.0,0.5,1.3809522881145582,0.0619327978280645,0.0005784892387779,100.0,6.720532830010981,828.259248
484.0,-6.3,13.0,6.699999999999999,14.8492424,0.23,1.0,20.7,0.36,232.0,50.0,58.0,41.6,7.37,490.15,0.16,0.8,2.36,0.0,100.0,50.0,0.0,3.0,0.5,0.1,0.0006990213818156,1,142.9571394557824,,,-5471.76657750953,3.0,0.5,1.3809522881145582,0.0619327978280645,0.0005784892387779,100.0,6.533824605026251,687.0246082
484.0,-6.3,13.0,6.699999999999999,14.8492424,0.23,1.0,20.7,0.36,232.0,50.0,58.0,41.6,7.37,490.15,0.16,0.8,2.36,0.0,100.0,37.5,-25.0,3.0,0.5,112.09999720000006,0.3740095074698029,0,187.6249953125001,1.4999999625000011,40.0,-6839.708221886913,3.0,0.5,1.3809522881145582,0.0619327978280645,0.0005784892387779,125.0,6.301122922416452,544.1837656
484.0,-6.3,13.0,6.699999999999999,14.8492424,0.23,1.0,20.7,0.36,232.0,50.0,58.0,41.6,7.37,490.15,0.16,0.8,2.36,0.0,75.0,37.5,0.0,3.0,0.5,84.07499790000004,0.4275362297113425,0,112.57499718750007,1.4999999625000011,40.0,-4103.824933132148,3.0,0.5,1.3809522881145582,0.0619327978280645,0.0005784892387779,75.0,7.533641602073933,1868.902561
484.0,-6.3,13.0,6.699999999999999,14.8492424,0.23,1.0,20.7,0.36,232.0,50.0,58.0,41.6,7.37,490.15,0.16,0.8,2.36,0.0,60.0,30.0,0.0,3.0,0.5,24.059999400000017,0.2108307026817105,0,90.05999775000006,1.4999999625000011,40.0,-3283.0599465057185,3.0,0.5,1.3809522881145582,0.0619327978280645,0.0005784892387779,60.0,8.475463667715923,4794.645836
484.0,-6.3,13.0,6.699999999999999,14.8492424,0.23,1.0,20.7,0.36,232.0,50.0,58.0,41.6,7.37,490.15,0.16,0.8,2.36,0.0,100.0,30.0,-40.0,3.0,0.5,40.099999000000025,0.1602461630486427,0,210.1399947500001,1.4999999625000011,40.0,-7660.473208513342,3.0,0.5,1.3809522881145582,0.0619327978280645,0.0005784892387779,140.0,6.423617268501133,615.2281501
484.0,-6.3,13.0,6.699999999999999,14.8492424,0.23,1.0,20.7,0.36,232.0,50.0,58.0,41.6,7.37,490.15,0.16,0.8,2.36,0.0,125.0,50.0,-25.0,3.0,0.5,78.24999804687506,0.2579103485281527,0,225.14999437500012,1.4999999625000011,40.0,-8207.649866264295,3.0,0.5,1.3809522881145582,0.0619327978280645,0.0005784892387779,150.0,5.76180582181494,316.9219212
484.0,-6.3,13.0,6.699999999999999,14.8492424,0.23,1.0,20.7,0.36,232.0,50.0,58.0,41.6,7.37,490.15,0.16,0.8,2.36,0.0,60.0,10.0,-40.0,3.0,0.5,30.05999900000003,0.1306047961014018,0,200.0999933333336,1.999999933333336,30.0,-5471.76657750953,3.0,0.5,1.3809522881145582,0.0619327978280645,0.0005784892387779,100.0,7.764761349117236,2355.096137
484.0,-6.3,13.0,6.699999999999999,14.8492424,0.23,1.0,20.7,0.36,232.0,50.0,58.0,41.6,7.37,490.15,0.16,0.8,2.36,0.0,125.0,42.5,-40.0,3.0,0.5,62.62499895833334,0.27492427115251,0,165.16499725000006,0.9999999833333336,60.0,-9028.414852890724,3.0,0.5,1.3809522881145582,0.0619327978280645,0.0005784892387779,165.0,5.441071753612894,229.6892931
484.0,-6.3,13.0,6.699999999999999,14.8492424,0.23,1.0,20.7,0.36,232.0,50.0,58.0,41.6,7.37,490.15,0.16,0.8,2.36,0.0,125.0,42.5,-40.0,3.0,0.5,62.6249985119048,0.2097959821309678,0,235.87928010204092,1.428571394557824,42.0,-9028.414852890724,3.0,0.5,1.3809522881145582,0.0619327978280645,0.0005784892387779,165.0,5.539178610446684,253.4688955
484.0,-6.3,13.0,6.699999999999999,14.8492424,0.23,1.0,20.7,0.36,232.0,50.0,58.0,41.6,7.37,490.15,0.16,0.8,2.36,0.0,125.0,42.5,-40.0,3.0,0.5,62.62499973958332,0.6019319434627216,0,41.414999828125,0.2499999989583333,240.0,-9028.414852890724,3.0,0.5,1.3809522881145582,0.0619327978280645,0.0005784892387779,165.0,5.060197510632736,156.6216452
484.0,-6.3,13.0,6.699999999999999,14.8492424,0.23,1.0,20.7,0.36,232.0,50.0,58.0,41.6,7.37,490.15,0.16,0.8,2.36,0.0,125.0,35.0,-55.0,3.0,0.5,62.62499791666673,0.1481179263597707,0,360.17998800000044,1.999999933333336,30.0,-9849.179839517155,3.0,0.5,1.3809522881145582,0.0619327978280645,0.0005784892387779,180.0,5.508106332215426,245.6835478
484.0,-6.3,13.0,6.699999999999999,14.8492424,0.23,1.0,20.7,0.36,232.0,50.0,58.0,41.6,7.37,490.15,0.16,0.8,2.36,0.0,100.0,50.0,0.0,3.0,0.5,50.09999833333338,0.2002398073611453,0,200.0999933333336,1.999999933333336,30.0,-5471.76657750953,3.0,0.5,1.3809522881145582,0.0619327978280645,0.0005784892387779,100.0,6.785359621837481,883.7982225
484.0,-6.3,13.0,6.699999999999999,14.8492424,0.23,1.0,20.7,0.36,232.0,50.0,58.0,41.6,7.37,490.15,0.16,0.8,2.36,0.0,100.0,50.0,0.0,3.0,0.5,128.933329038889,0.3918549273899281,0,200.0999933333336,1.999999933333336,30.0,-5471.76657750953,3.0,0.5,1.3809522881145582,0.0619327978280645,0.0005784892387779,100.0,6.524274888325865,680.4854414
484.0,-6.3,13.0,6.699999999999999,14.8492424,0.23,1.0,20.7,0.36,232.0,50.0,58.0,41.6,7.37,490.15,0.16,0.8,2.36,0.0,100.0,50.0,0.0,3.0,0.5,50.09999875000003,0.250249749005989,0,150.0999962500001,1.4999999625000011,40.0,-5471.76657750953,3.0,0.5,1.3809522881145582,0.0619327978280645,0.0005784892387779,100.0,6.7059952965289344,816.2910686
484.0,-6.3,13.0,6.699999999999999,14.8492424,0.23,1.0,20.7,0.36,232.0,50.0,58.0,41.6,7.37,490.15,0.16,0.8,2.36,0.0,100.0,50.0,0.0,3.0,0.5,118.34999704375008,0.4408642188840806,0,150.0999962500001,1.4999999625000011,40.0,-5471.76657750953,3.0,0.5,1.3809522881145582,0.0619327978280645,0.0005784892387779,100.0,6.468576740381702,643.5656895
484.0,-6.3,13.0,6.699999999999999,14.8492424,0.23,1.0,20.7,0.36,232.0,50.0,58.0,41.6,7.37,490.15,0.16,0.8,2.36,0.0,100.0,50.0,0.0,3.0,0.5,159.29999681600003,0.5701503200771978,0,120.09999760000004,1.1999999760000006,50.0,-5471.76657750953,3.0,0.5,1.3809522881145582,0.0619327978280645,0.0005784892387779,100.0,6.325053430680578,557.3876479
484.0,-6.3,13.0,6.699999999999999,14.8492424,0.23,1.0,20.7,0.36,232.0,50.0,58.0,41.6,7.37,490.15,0.16,0.8,2.36,0.0,100.0,50.0,0.0,3.0,0.5,50.09999916666668,0.3335552574367479,0,100.09999833333336,0.9999999833333336,60.0,-5471.76657750953,3.0,0.5,1.3809522881145582,0.0619327978280645,0.0005784892387779,100.0,6.594150815685922,729.8080324
484.0,-6.3,13.0,6.699999999999999,14.8492424,0.23,1.0,20.7,0.36,232.0,50.0,58.0,41.6,7.37,490.15,0.16,0.8,2.36,0.0,100.0,50.0,0.0,3.0,0.5,50.099999375,0.4001597412147751,0,75.09999906250002,0.7499999906250001,80.0,-5471.76657750953,3.0,0.5,1.3809522881145582,0.0619327978280645,0.0005784892387779,100.0,6.5148061830945885,674.0631102
484.0,-6.3,13.0,6.699999999999999,14.8492424,0.23,1.0,20.7,0.36,232.0,50.0,58.0,41.6,7.37,490.15,0.16,0.8,2.36,0.0,100.0,50.0,0.0,3.0,0.5,59.22499926093751,0.4409082416470462,0,75.09999906250002,0.7499999906250001,80.0,-5471.76657750953,3.0,0.5,1.3809522881145582,0.0619327978280645,0.0005784892387779,100.0,6.468576740381702,643.5656895
484.0,-6.3,13.0,6.699999999999999,14.8492424,0.23,1.0,20.7,0.36,232.0,50.0,58.0,41.6,7.37,490.15,0.16,0.8,2.36,0.0,100.0,50.0,0.0,3.0,0.5,77.87777691358025,0.5384083539357478,0,66.76666592592593,0.6666666592592594,90.0,-5471.76657750953,3.0,0.5,1.3809522881145582,0.0619327978280645,0.0005784892387779,100.0,6.360487880075417,577.5285401
484.0,-6.3,13.0,6.699999999999999,14.8492424,0.23,1.0,20.7,0.36,232.0,50.0,58.0,41.6,7.37,490.15,0.16,0.8,2.36,0.0,100.0,50.0,0.0,3.0,0.5,70.09999930000001,0.5384024536215111,0,60.0999994,0.599999994,100.0,-5471.76657750953,3.0,0.5,1.3809522881145582,0.0619327978280645,0.0005784892387779,100.0,6.360487880075417,577.5285401
484.0,-6.3,13.0,6.699999999999999,14.8492424,0.23,1.0,20.7,0.36,232.0,50.0,58.0,41.6,7.37,490.15,0.16,0.8,2.36,0.0,100.0,50.0,0.0,3.0,0.5,50.09999958333333,0.49999999500998,0,50.09999958333333,0.4999999958333334,120.0,-5471.76657750953,3.0,0.5,1.3809522881145582,0.0619327978280645,0.0005784892387779,100.0,6.402992245520769,602.648603
484.0,-6.3,13.0,6.699999999999999,14.8492424,0.23,1.0,20.7,0.36,232.0,50.0,58.0,41.6,7.37,490.15,0.16,0.8,2.36,0.0,100.0,50.0,0.0,3.0,0.5,50.09999964285714,0.5383788704804484,0,42.95714255102041,0.4285714255102041,140.0,-5471.76657750953,3.0,0.5,1.3809522881145582,0.0619327978280645,0.0005784892387779,100.0,6.360487880075417,577.5285401
484.0,-6.3,13.0,6.699999999999999,14.8492424,0.23,1.0,20.7,0.36,232.0,50.0,58.0,41.6,7.37,490.15,0.16,0.8,2.36,0.0,100.0,50.0,0.0,3.0,0.5,50.09999979166666,0.6662233953941235,0,25.09999989583333,0.2499999989583333,240.0,-5471.76657750953,3.0,0.5,1.3809522881145582,0.0619327978280645,0.0005784892387779,100.0,6.211894475876679,497.645028
484.0,-6.3,13.0,6.699999999999999,14.8492424,0.23,1.0,20.7,0.36,232.0,50.0,58.0,41.6,7.37,490.15,0.16,0.8,2.36,0.0,100.0,50.0,0.0,3.0,0.5,43.15555549575617,0.8365280906103939,0,8.433333321759259,0.0833333332175925,720.0,-5471.76657750953,3.0,0.5,1.3809522881145582,0.0619327978280645,0.0005784892387779,100.0,5.950359281741162,382.8912394
484.0,-6.3,13.0,6.699999999999999,14.8492424,0.23,1.0,20.7,0.36,232.0,50.0,58.0,41.6,7.37,490.15,0.16,0.8,2.36,0.0,100.0,50.0,0.0,3.0,0.5,0.1,0.0006990213818156,1,142.9571394557824,,,-5471.76657750953,3.0,0.5,1.3809522881145582,0.0619327978280645,0.0005784892387779,100.0,6.870931621386276,962.8460873
484.0,-6.3,13.0,6.699999999999999,14.8492424,0.23,1.0,20.7,0.36,232.0,50.0,58.0,41.6,7.37,490.15,0.16,0.8,2.36,0.0,100.0,50.0,0.0,3.0,0.5,0.1,0.0006990213818156,1,142.9571394557824,,,-5471.76657750953,3.0,0.5,1.3809522881145582,0.0619327978280645,0.0005784892387779,100.0,6.585106715318148,723.2283298
484.0,-6.3,13.0,6.699999999999999,14.8492424,0.23,1.0,20.7,0.36,232.0,50.0,58.0,41.6,7.37,490.15,0.16,0.8,2.36,0.0,100.0,50.0,0.0,3.0,0.5,0.1,0.0006990213818156,1,142.9571394557824,,,-5471.76657750953,3.0,0.5,1.3809522881145582,0.0619327978280645,0.0005784892387779,100.0,6.398434432637164,599.9035461
484.0,-6.3,13.0,6.699999999999999,14.8492424,0.23,1.0,20.7,0.36,232.0,50.0,58.0,41.6,7.37,490.15,0.16,0.8,2.36,0.0,100.0,37.5,-25.0,3.0,0.5,112.09999720000006,0.3740095074698029,0,187.6249953125001,1.4999999625000011,40.0,-6839.708221886913,3.0,0.5,1.3809522881145582,0.0619327978280645,0.0005784892387779,125.0,6.165788039695921,475.1762409
484.0,-6.3,13.0,6.699999999999999,14.8492424,0.23,1.0,20.7,0.36,232.0,50.0,58.0,41.6,7.37,490.15,0.16,0.8,2.36,0.0,75.0,37.5,0.0,3.0,0.5,84.07499790000004,0.4275362297113425,0,112.57499718750007,1.4999999625000011,40.0,-4103.824933132148,3.0,0.5,1.3809522881145582,0.0619327978280645,0.0005784892387779,75.0,7.398118038123242,1631.908465
484.0,-6.3,13.0,6.699999999999999,14.8492424,0.23,1.0,20.7,0.36,232.0,50.0,58.0,41.6,7.37,490.15,0.16,0.8,2.36,0.0,60.0,30.0,0.0,3.0,0.5,24.059999400000017,0.2108307026817105,0,90.05999775000006,1.4999999625000011,40.0,-3283.0599465057185,3.0,0.5,1.3809522881145582,0.0619327978280645,0.0005784892387779,60.0,8.339892724227294,4186.640485
484.0,-6.3,13.0,6.699999999999999,14.8492424,0.23,1.0,20.7,0.36,232.0,50.0,58.0,41.6,7.37,490.15,0.16,0.8,2.36,0.0,100.0,30.0,-40.0,3.0,0.5,40.099999000000025,0.1602461630486427,0,210.1399947500001,1.4999999625000011,40.0,-7660.473208513342,3.0,0.5,1.3809522881145582,0.0619327978280645,0.0005784892387779,140.0,6.288251682878922,537.2115416
484.0,-6.3,13.0,6.699999999999999,14.8492424,0.23,1.0,20.7,0.36,232.0,50.0,58.0,41.6,7.37,490.15,0.16,0.8,2.36,0.0,125.0,50.0,-25.0,3.0,0.5,78.24999804687506,0.2579103485281527,0,225.14999437500012,1.4999999625000011,40.0,-8207.649866264295,3.0,0.5,1.3809522881145582,0.0619327978280645,0.0005784892387779,150.0,5.6266612866572485,276.7332961
484.0,-6.3,13.0,6.699999999999999,14.8492424,0.23,1.0,20.7,0.36,232.0,50.0,58.0,41.6,7.37,490.15,0.16,0.8,2.36,0.0,60.0,10.0,-40.0,3.0,0.5,30.05999900000003,0.1306047961014018,0,200.0999933333336,1.999999933333336,30.0,-5471.76657750953,3.0,0.5,1.3809522881145582,0.0619327978280645,0.0005784892387779,100.0,7.629221759451882,2056.448207
484.0,-6.3,13.0,6.699999999999999,14.8492424,0.23,1.0,20.7,0.36,232.0,50.0,58.0,41.6,7.37,490.15,0.16,0.8,2.36,0.0,125.0,42.5,-40.0,3.0,0.5,62.62499895833334,0.27492427115251,0,165.16499725000006,0.9999999833333336,60.0,-9028.414852890724,3.0,0.5,1.3809522881145582,0.0619327978280645,0.0005784892387779,165.0,5.688183061008153,294.3564881
484.0,-6.3,13.0,6.699999999999999,14.8492424,0.23,1.0,20.7,0.36,232.0,50.0,58.0,41.6,7.37,490.15,0.16,0.8,2.36,0.0,125.0,42.5,-40.0,3.0,0.5,62.6249985119048,0.2097959821309678,0,235.87928010204092,1.428571394557824,42.0,-9028.414852890724,3.0,0.5,1.3809522881145582,0.0619327978280645,0.0005784892387779,165.0,5.786378991504425,324.8310487
484.0,-6.3,13.0,6.699999999999999,14.8492424,0.23,1.0,20.7,0.36,232.0,50.0,58.0,41.6,7.37,490.15,0.16,0.8,2.36,0.0,125.0,42.5,-40.0,3.0,0.5,62.62499973958332,0.6019319434627216,0,41.414999828125,0.2499999989583333,240.0,-9028.414852890724,3.0,0.5,1.3809522881145582,0.0619327978280645,0.0005784892387779,165.0,5.306866838438482,200.7172246
484.0,-6.3,13.0,6.699999999999999,14.8492424,0.23,1.0,20.7,0.36,232.0,50.0,58.0,41.6,7.37,490.15,0.16,0.8,2.36,0.0,125.0,35.0,-55.0,3.0,0.5,62.62499791666673,0.1481179263597707,0,360.17998800000044,1.999999933333336,30.0,-9849.179839517155,3.0,0.5,1.3809522881145582,0.0619327978280645,0.0005784892387779,180.0,5.755279442600885,314.8537982
484.0,-6.3,13.0,6.699999999999999,14.8492424,0.23,1.0,20.7,0.36,232.0,50.0,58.0,41.6,7.37,490.15,0.16,0.8,2.36,0.0,100.0,50.0,0.0,3.0,0.5,50.09999833333338,0.2002398073611453,0,200.0999933333336,1.999999933333336,30.0,-5471.76657750953,3.0,0.5,1.3809522881145582,0.0619327978280645,0.0005784892387779,100.0,7.033175378331785,1132.624588
484.0,-6.3,13.0,6.699999999999999,14.8492424,0.23,1.0,20.7,0.36,232.0,50.0,58.0,41.6,7.37,490.15,0.16,0.8,2.36,0.0,100.0,50.0,0.0,3.0,0.5,128.933329038889,0.3918549273899281,0,200.0999933333336,1.999999933333336,30.0,-5471.76657750953,3.0,0.5,1.3809522881145582,0.0619327978280645,0.0005784892387779,100.0,6.772016548321363,872.0707093
484.0,-6.3,13.0,6.699999999999999,14.8492424,0.23,1.0,20.7,0.36,232.0,50.0,58.0,41.6,7.37,490.15,0.16,0.8,2.36,0.0,100.0,50.0,0.0,3.0,0.5,50.09999875000003,0.250249749005989,0,150.0999962500001,1.4999999625000011,40.0,-5471.76657750953,3.0,0.5,1.3809522881145582,0.0619327978280645,0.0005784892387779,100.0,6.95379053950589,1046.111332
484.0,-6.3,13.0,6.699999999999999,14.8492424,0.23,1.0,20.7,0.36,232.0,50.0,58.0,41.6,7.37,490.15,0.16,0.8,2.36,0.0,100.0,50.0,0.0,3.0,0.5,118.34999704375008,0.4408642188840806,0,150.0999962500001,1.4999999625000011,40.0,-5471.76657750953,3.0,0.5,1.3809522881145582,0.0619327978280645,0.0005784892387779,100.0,6.716299929574512,824.7564948
484.0,-6.3,13.0,6.699999999999999,14.8492424,0.23,1.0,20.7,0.36,232.0,50.0,58.0,41.6,7.37,490.15,0.16,0.8,2.36,0.0,100.0,50.0,0.0,3.0,0.5,159.29999681600003,0.5701503200771978,0,120.09999760000004,1.1999999760000006,50.0,-5471.76657750953,3.0,0.5,1.3809522881145582,0.0619327978280645,0.0005784892387779,100.0,6.572723998245158,714.3157104
484.0,-6.3,13.0,6.699999999999999,14.8492424,0.23,1.0,20.7,0.36,232.0,50.0,58.0,41.6,7.37,490.15,0.16,0.8,2.36,0.0,100.0,50.0,0.0,3.0,0.5,50.09999916666668,0.3335552574367479,0,100.09999833333336,0.9999999833333336,60.0,-5471.76657750953,3.0,0.5,1.3809522881145582,0.0619327978280645,0.0005784892387779,100.0,6.841914239428967,935.2796839
484.0,-6.3,13.0,6.699999999999999,14.8492424,0.23,1.0,20.7,0.36,232.0,50.0,58.0,41.6,7.37,490.15,0.16,0.8,2.36,0.0,100.0,50.0,0.0,3.0,0.5,50.099999375,0.4001597412147751,0,75.09999906250002,0.7499999906250001,80.0,-5471.76657750953,3.0,0.5,1.3809522881145582,0.0619327978280645,0.0005784892387779,100.0,6.762544775303568,863.8402219
484.0,-6.3,13.0,6.699999999999999,14.8492424,0.23,1.0,20.7,0.36,232.0,50.0,58.0,41.6,7.37,490.15,0.16,0.8,2.36,0.0,100.0,50.0,0.0,3.0,0.5,59.22499926093751,0.4409082416470462,0,75.09999906250002,0.7499999906250001,80.0,-5471.76657750953,3.0,0.5,1.3809522881145582,0.0619327978280645,0.0005784892387779,100.0,6.716299929574512,824.7564948
484.0,-6.3,13.0,6.699999999999999,14.8492424,0.23,1.0,20.7,0.36,232.0,50.0,58.0,41.6,7.37,490.15,0.16,0.8,2.36,0.0,100.0,50.0,0.0,3.0,0.5,77.87777691358025,0.5384083539357478,0,66.76666592592593,0.6666666592592594,90.0,-5471.76657750953,3.0,0.5,1.3809522881145582,0.0619327978280645,0.0005784892387779,100.0,6.608172149991093,740.1271107
484.0,-6.3,13.0,6.699999999999999,14.8492424,0.23,1.0,20.7,0.36,232.0,50.0,58.0,41.6,7.37,490.15,0.16,0.8,2.36,0.0,100.0,50.0,0.0,3.0,0.5,70.09999930000001,0.5384024536215111,0,60.0999994,0.599999994,100.0,-5471.76657750953,3.0,0.5,1.3809522881145582,0.0619327978280645,0.0005784892387779,100.0,6.608172149991093,740.1271107
484.0,-6.3,13.0,6.699999999999999,14.8492424,0.23,1.0,20.7,0.36,232.0,50.0,58.0,41.6,7.37,490.15,0.16,0.8,2.36,0.0,100.0,50.0,0.0,3.0,0.5,50.09999958333333,0.49999999500998,0,50.09999958333333,0.4999999958333334,120.0,-5471.76657750953,3.0,0.5,1.3809522881145582,0.0619327978280645,0.0005784892387779,100.0,6.650692323850138,772.3195278
484.0,-6.3,13.0,6.699999999999999,14.8492424,0.23,1.0,20.7,0.36,232.0,50.0,58.0,41.6,7.37,490.15,0.16,0.8,2.36,0.0,100.0,50.0,0.0,3.0,0.5,50.09999964285714,0.5383788704804484,0,42.95714255102041,0.4285714255102041,140.0,-5471.76657750953,3.0,0.5,1.3809522881145582,0.0619327978280645,0.0005784892387779,100.0,6.608172149991093,740.1271107
484.0,-6.3,13.0,6.699999999999999,14.8492424,0.23,1.0,20.7,0.36,232.0,50.0,58.0,41.6,7.37,490.15,0.16,0.8,2.36,0.0,100.0,50.0,0.0,3.0,0.5,50.09999979166666,0.6662233953941235,0,25.09999989583333,0.2499999989583333,240.0,-5471.76657750953,3.0,0.5,1.3809522881145582,0.0619327978280645,0.0005784892387779,100.0,6.45951788624247,637.7530307
484.0,-6.3,13.0,6.699999999999999,14.8492424,0.23,1.0,20.7,0.36,232.0,50.0,58.0,41.6,7.37,490.15,0.16,0.8,2.36,0.0,100.0,50.0,0.0,3.0,0.5,43.15555549575617,0.8365280906103939,0,8.433333321759259,0.0833333332175925,720.0,-5471.76657750953,3.0,0.5,1.3809522881145582,0.0619327978280645,0.0005784892387779,100.0,6.197850927604176,490.6912248
484.0,-6.3,13.0,6.699999999999999,14.8492424,0.23,1.0,20.7,0.36,232.0,50.0,58.0,41.6,7.37,490.15,0.16,0.8,2.36,0.0,100.0,50.0,0.0,3.0,0.5,0.1,0.0006990213818156,1,142.9571394557824,,,-5471.76657750953,3.0,0.5,1.3809522881145582,0.0619327978280645,0.0005784892387779,100.0,7.11876774613624,1233.927751
484.0,-6.3,13.0,6.699999999999999,14.8492424,0.23,1.0,20.7,0.36,232.0,50.0,58.0,41.6,7.37,490.15,0.16,0.8,2.36,0.0,100.0,50.0,0.0,3.0,0.5,0.1,0.0006990213818156,1,142.9571394557824,,,-5471.76657750953,3.0,0.5,1.3809522881145582,0.0619327978280645,0.0005784892387779,100.0,6.832867407108751,926.8475183
484.0,-6.3,13.0,6.699999999999999,14.8492424,0.23,1.0,20.7,0.36,232.0,50.0,58.0,41.6,7.37,490.15,0.16,0.8,2.36,0.0,100.0,50.0,0.0,3.0,0.5,0.1,0.0006990213818156,1,142.9571394557824,,,-5471.76657750953,3.0,0.5,1.3809522881145582,0.0619327978280645,0.0005784892387779,100.0,6.646132847758312,768.8016219
484.0,-6.3,13.0,6.699999999999999,14.8492424,0.23,1.0,20.7,0.36,232.0,50.0,58.0,41.6,7.37,490.15,0.16,0.8,2.36,0.0,100.0,37.5,-25.0,3.0,0.5,112.09999720000006,0.3740095074698029,0,187.6249953125001,1.4999999625000011,40.0,-6839.708221886913,3.0,0.5,1.3809522881145582,0.0619327978280645,0.0005784892387779,125.0,6.413390651719839,608.9583351
484.0,-6.3,13.0,6.699999999999999,14.8492424,0.23,1.0,20.7,0.36,232.0,50.0,58.0,41.6,7.37,490.15,0.16,0.8,2.36,0.0,75.0,37.5,0.0,3.0,0.5,84.07499790000004,0.4275362297113425,0,112.57499718750007,1.4999999625000011,40.0,-4103.824933132148,3.0,0.5,1.3809522881145582,0.0619327978280645,0.0005784892387779,75.0,7.646047571429847,2091.359324
484.0,-6.3,13.0,6.699999999999999,14.8492424,0.23,1.0,20.7,0.36,232.0,50.0,58.0,41.6,7.37,490.15,0.16,0.8,2.36,0.0,60.0,30.0,0.0,3.0,0.5,24.059999400000017,0.2108307026817105,0,90.05999775000006,1.4999999625000011,40.0,-3283.0599465057185,3.0,0.5,1.3809522881145582,0.0619327978280645,0.0005784892387779,60.0,8.587904342801055,5365.355841
484.0,-6.3,13.0,6.699999999999999,14.8492424,0.23,1.0,20.7,0.36,232.0,50.0,58.0,41.6,7.37,490.15,0.16,0.8,2.36,0.0,100.0,30.0,-40.0,3.0,0.5,40.099999000000025,0.1602461630486427,0,210.1399947500001,1.4999999625000011,40.0,-7660.473208513342,3.0,0.5,1.3809522881145582,0.0619327978280645,0.0005784892387779,140.0,6.53590749577105,688.4591818
484.0,-6.3,13.0,6.699999999999999,14.8492424,0.23,1.0,20.7,0.36,232.0,50.0,58.0,41.6,7.37,490.15,0.16,0.8,2.36,0.0,125.0,50.0,-25.0,3.0,0.5,78.24999804687506,0.2579103485281527,0,225.14999437500012,1.4999999625000011,40.0,-8207.649866264295,3.0,0.5,1.3809522881145582,0.0619327978280645,0.0005784892387779,150.0,5.873934044156281,354.6453563
484.0,-6.3,13.0,6.699999999999999,14.8492424,0.23,1.0,20.7,0.36,232.0,50.0,58.0,41.6,7.37,490.15,0.16,0.8,2.36,0.0,60.0,10.0,-40.0,3.0,0.5,30.05999900000003,0.1306047961014018,0,200.0999933333336,1.999999933333336,30.0,-5471.76657750953,3.0,0.5,1.3809522881145582,0.0619327978280645,0.0005784892387779,100.0,7.877179057521312,2635.424857
625.0,-6.3,14.3,8.0,,0.23,1.0,22.0,0.35,236.0,48.0,57.0,42.6,7.4,492.15,0.16,0.8,2.36,0.0,100.0,50.0,0.0,3.8,0.7,50.09999833333338,0.2002398073611453,0,200.0999933333336,1.999999933333336,30.0,-6037.811397712835,0.0,0.0,,0.056126598271177,0.0005784892387779,100.0,7.160069207596126,1286.0
625.0,-6.3,14.3,8.0,,0.23,1.0,22.0,0.35,236.0,48.0,57.0,42.6,7.4,492.15,0.16,0.8,2.36,0.0,125.0,42.5,-40.0,3.8,0.7,62.62499895833334,0.27492427115251,0,165.16499725000006,0.9999999833333336,60.0,-9962.388806226178,0.0,0.0,,0.056126598271177,0.0005784892387779,165.0,4.86985342417178,129.3018164
625.0,-6.3,14.3,8.0,,0.23,1.0,22.0,0.35,236.0,48.0,57.0,42.6,7.4,492.15,0.16,0.8,2.36,0.0,125.0,42.5,-40.0,3.8,0.7,62.6249985119048,0.2097959821309678,0,235.87928010204092,1.428571394557824,42.0,-9962.388806226178,0.0,0.0,,0.056126598271177,0.0005784892387779,165.0,4.967646789804302,142.6883603
625.0,-6.3,14.3,8.0,,0.23,1.0,22.0,0.35,236.0,48.0,57.0,42.6,7.4,492.15,0.16,0.8,2.36,0.0,125.0,42.5,-40.0,3.8,0.7,62.62499973958332,0.6019319434627216,0,41.414999828125,0.2499999989583333,240.0,-9962.388806226178,0.0,0.0,,0.056126598271177,0.0005784892387779,165.0,4.490532856219322,88.16894745
625.0,-6.3,14.3,8.0,,0.23,1.0,22.0,0.35,236.0,48.0,57.0,42.6,7.4,492.15,0.16,0.8,2.36,0.0,125.0,35.0,-55.0,3.8,0.7,62.62499791666673,0.1481179263597707,0,360.17998800000044,1.999999933333336,30.0,-10868.060515883102,0.0,0.0,,0.056126598271177,0.0005784892387779,180.0,4.9366705030762414,138.3056588
625.0,-6.3,14.3,8.0,,0.23,1.0,22.0,0.35,236.0,48.0,57.0,42.6,7.4,492.15,0.16,0.8,2.36,0.0,100.0,50.0,0.0,3.8,0.7,50.09999833333338,0.2002398073611453,0,200.0999933333336,1.999999933333336,30.0,-6037.811397712835,0.0,0.0,,0.056126598271177,0.0005784892387779,100.0,6.211658541753569,497.5273945
625.0,-6.3,14.3,8.0,,0.23,1.0,22.0,0.35,236.0,48.0,57.0,42.6,7.4,492.15,0.16,0.8,2.36,0.0,100.0,50.0,0.0,3.8,0.7,128.933329038889,0.3918549273899281,0,200.0999933333336,1.999999933333336,30.0,-6037.811397712835,0.0,0.0,,0.056126598271177,0.0005784892387779,100.0,5.950835325932835,383.0740321
625.0,-6.3,14.3,8.0,,0.23,1.0,22.0,0.35,236.0,48.0,57.0,42.6,7.4,492.15,0.16,0.8,2.36,0.0,100.0,50.0,0.0,3.8,0.7,50.09999875000003,0.250249749005989,0,150.0999962500001,1.4999999625000011,40.0,-6037.811397712835,0.0,0.0,,0.056126598271177,0.0005784892387779,100.0,6.132366627973819,459.5247628
625.0,-6.3,14.3,8.0,,0.23,1.0,22.0,0.35,236.0,48.0,57.0,42.6,7.4,492.15,0.16,0.8,2.36,0.0,100.0,50.0,0.0,3.8,0.7,118.34999704375008,0.4408642188840806,0,150.0999962500001,1.4999999625000011,40.0,-6037.811397712835,0.0,0.0,,0.056126598271177,0.0005784892387779,100.0,5.895202356159819,362.2903425
625.0,-6.3,14.3,8.0,,0.23,1.0,22.0,0.35,236.0,48.0,57.0,42.6,7.4,492.15,0.16,0.8,2.36,0.0,100.0,50.0,0.0,3.8,0.7,159.29999681600003,0.5701503200771978,0,120.09999760000004,1.1999999760000006,50.0,-6037.811397712835,0.0,0.0,,0.056126598271177,0.0005784892387779,100.0,5.751864700677498,313.7770784
625.0,-6.3,14.3,8.0,,0.23,1.0,22.0,0.35,236.0,48.0,57.0,42.6,7.4,492.15,0.16,0.8,2.36,0.0,100.0,50.0,0.0,3.8,0.7,50.09999916666668,0.3335552574367479,0,100.09999833333336,0.9999999833333336,60.0,-6037.811397712835,0.0,0.0,,0.056126598271177,0.0005784892387779,100.0,6.020634449465924,410.8398044
625.0,-6.3,14.3,8.0,,0.23,1.0,22.0,0.35,236.0,48.0,57.0,42.6,7.4,492.15,0.16,0.8,2.36,0.0,100.0,50.0,0.0,3.8,0.7,50.099999375,0.4001597412147751,0,75.09999906250002,0.7499999906250001,80.0,-6037.811397712835,0.0,0.0,,0.056126598271177,0.0005784892387779,100.0,5.9413774468178655,379.4586303
625.0,-6.3,14.3,8.0,,0.23,1.0,22.0,0.35,236.0,48.0,57.0,42.6,7.4,492.15,0.16,0.8,2.36,0.0,100.0,50.0,0.0,3.8,0.7,59.22499926093751,0.4409082416470462,0,75.09999906250002,0.7499999906250001,80.0,-6037.811397712835,0.0,0.0,,0.056126598271177,0.0005784892387779,100.0,5.895202356159819,362.2903425
625.0,-6.3,14.3,8.0,,0.23,1.0,22.0,0.35,236.0,48.0,57.0,42.6,7.4,492.15,0.16,0.8,2.36,0.0,100.0,50.0,0.0,3.8,0.7,77.87777691358025,0.5384083539357478,0,66.76666592592593,0.6666666592592594,90.0,-6037.811397712835,0.0,0.0,,0.056126598271177,0.0005784892387779,100.0,5.787250810927661,325.1152384
625.0,-6.3,14.3,8.0,,0.23,1.0,22.0,0.35,236.0,48.0,57.0,42.6,7.4,492.15,0.16,0.8,2.36,0.0,100.0,50.0,0.0,3.8,0.7,70.09999930000001,0.5384024536215111,0,60.0999994,0.599999994,100.0,-6037.811397712835,0.0,0.0,,0.056126598271177,0.0005784892387779,100.0,5.787250810927661,325.1152384
625.0,-6.3,14.3,8.0,,0.23,1.0,22.0,0.35,236.0,48.0,57.0,42.6,7.4,492.15,0.16,0.8,2.36,0.0,100.0,50.0,0.0,3.8,0.7,50.09999958333333,0.49999999500998,0,50.09999958333333,0.4999999958333334,120.0,-6037.811397712835,0.0,0.0,,0.056126598271177,0.0005784892387779,100.0,5.829699404323959,339.2563841
625.0,-6.3,14.3,8.0,,0.23,1.0,22.0,0.35,236.0,48.0,57.0,42.6,7.4,492.15,0.16,0.8,2.36,0.0,100.0,50.0,0.0,3.8,0.7,50.09999964285714,0.5383788704804484,0,42.95714255102041,0.4285714255102041,140.0,-6037.811397712835,0.0,0.0,,0.056126598271177,0.0005784892387779,100.0,5.787250810927661,325.1152384
625.0,-6.3,14.3,8.0,,0.23,1.0,22.0,0.35,236.0,48.0,57.0,42.6,7.4,492.15,0.16,0.8,2.36,0.0,100.0,50.0,0.0,3.8,0.7,50.09999979166666,0.6662233953941235,0,25.09999989583333,0.2499999989583333,240.0,-6037.811397712835,0.0,0.0,,0.056126598271177,0.0005784892387779,100.0,5.638872084206029,280.1454312
625.0,-6.3,14.3,8.0,,0.23,1.0,22.0,0.35,236.0,48.0,57.0,42.6,7.4,492.15,0.16,0.8,2.36,0.0,100.0,50.0,0.0,3.8,0.7,43.15555549575617,0.8365280906103939,0,8.433333321759259,0.0833333332175925,720.0,-6037.811397712835,0.0,0.0,,0.056126598271177,0.0005784892387779,100.0,5.377801475772968,215.5456708
625.0,-6.3,14.3,8.0,,0.23,1.0,22.0,0.35,236.0,48.0,57.0,42.6,7.4,492.15,0.16,0.8,2.36,0.0,100.0,50.0,0.0,3.8,0.7,0.1,0.0006990213818156,1,142.9571394557824,,,-6037.811397712835,0.0,0.0,,0.056126598271177,0.0005784892387779,100.0,6.2971586380547935,542.0267804
625.0,-6.3,14.3,8.0,,0.23,1.0,22.0,0.35,236.0,48.0,57.0,42.6,7.4,492.15,0.16,0.8,2.36,0.0,100.0,50.0,0.0,3.8,0.7,0.1,0.0006990213818156,1,142.9571394557824,,,-6037.811397712835,0.0,0.0,,0.056126598271177,0.0005784892387779,100.0,6.01159999058334,407.1358116
625.0,-6.3,14.3,8.0,,0.23,1.0,22.0,0.35,236.0,48.0,57.0,42.6,7.4,492.15,0.16,0.8,2.36,0.0,100.0,50.0,0.0,3.8,0.7,0.1,0.0006990213818156,1,142.9571394557824,,,-6037.811397712835,0.0,0.0,,0.056126598271177,0.0005784892387779,100.0,5.825147459318616,337.7110755
625.0,-6.3,14.3,8.0,,0.23,1.0,22.0,0.35,236.0,48.0,57.0,42.6,7.4,492.15,0.16,0.8,2.36,0.0,100.0,37.5,-25.0,3.8,0.7,112.09999720000006,0.3740095074698029,0,187.6249953125001,1.4999999625000011,40.0,-7547.264247141044,0.0,0.0,,0.056126598271177,0.0005784892387779,125.0,5.592838998794135,267.4968008
625.0,-6.3,14.3,8.0,,0.23,1.0,22.0,0.35,236.0,48.0,57.0,42.6,7.4,492.15,0.16,0.8,2.36,0.0,75.0,37.5,0.0,3.8,0.7,84.07499790000004,0.4275362297113425,0,112.57499718750007,1.4999999625000011,40.0,-4528.358548284626,0.0,0.0,,0.056126598271177,0.0005784892387779,75.0,6.82401522189518,918.6702868
625.0,-6.3,14.3,8.0,,0.23,1.0,22.0,0.35,236.0,48.0,57.0,42.6,7.4,492.15,0.16,0.8,2.36,0.0,60.0,30.0,0.0,3.8,0.7,24.059999400000017,0.2108307026817105,0,90.05999775000006,1.4999999625000011,40.0,-3622.6868386277,0.0,0.0,,0.056126598271177,0.0005784892387779,60.0,7.765499943423223,2356.836979
625.0,-6.3,14.3,8.0,,0.23,1.0,22.0,0.35,236.0,48.0,57.0,42.6,7.4,492.15,0.16,0.8,2.36,0.0,100.0,30.0,-40.0,3.8,0.7,40.099999000000025,0.1602461630486427,0,210.1399947500001,1.4999999625000011,40.0,-8452.935956797968,0.0,0.0,,0.056126598271177,0.0005784892387779,140.0,5.7151150016512045,302.419095
625.0,-6.3,14.3,8.0,,0.23,1.0,22.0,0.35,236.0,48.0,57.0,42.6,7.4,492.15,0.16,0.8,2.36,0.0,125.0,50.0,-25.0,3.8,0.7,78.24999804687506,0.2579103485281527,0,225.14999437500012,1.4999999625000011,40.0,-9056.717096569251,0.0,0.0,,0.056126598271177,0.0005784892387779,150.0,5.054874644080147,155.7848752
625.0,-6.3,14.3,8.0,,0.23,1.0,22.0,0.35,236.0,48.0,57.0,42.6,7.4,492.15,0.16,0.8,2.36,0.0,60.0,10.0,-40.0,3.8,0.7,30.05999900000003,0.1306047961014018,0,200.0999933333336,1.999999933333336,30.0,-6037.811397712835,0.0,0.0,,0.056126598271177,0.0005784892387779,100.0,7.055020877512214,1157.661661
625.0,-6.3,14.3,8.0,,0.23,1.0,22.0,0.35,236.0,48.0,57.0,42.6,7.4,492.15,0.16,0.8,2.36,0.0,100.0,50.0,0.0,3.8,0.7,50.09999958333333,0.49999999500998,0,50.09999958333333,0.4999999958333334,120.0,-6037.811397712835,0.0,0.0,,0.056126598271177,0.0005784892387779,100.0,6.905753276311464,997.0
625.0,-6.3,14.3,8.0,,0.23,1.0,22.0,0.35,236.0,48.0,57.0,42.6,7.4,492.15,0.16,0.8,2.36,0.0,125.0,42.5,-40.0,3.8,0.7,62.62499895833334,0.27492427115251,0,165.16499725000006,0.9999999833333336,60.0,-9962.388806226178,0.0,0.0,,0.056126598271177,0.0005784892387779,165.0,4.99728191458238,147.0103072
625.0,-6.3,14.3,8.0,,0.23,1.0,22.0,0.35,236.0,48.0,57.0,42.6,7.4,492.15,0.16,0.8,2.36,0.0,125.0,42.5,-40.0,3.8,0.7,62.6249985119048,0.2097959821309678,0,235.87928010204092,1.428571394557824,42.0,-9962.388806226178,0.0,0.0,,0.056126598271177,0.0005784892387779,165.0,5.0951614811691055,162.2302011
625.0,-6.3,14.3,8.0,,0.23,1.0,22.0,0.35,236.0,48.0,57.0,42.6,7.4,492.15,0.16,0.8,2.36,0.0,125.0,42.5,-40.0,3.8,0.7,62.62499973958332,0.6019319434627216,0,41.414999828125,0.2499999989583333,240.0,-9962.388806226178,0.0,0.0,,0.056126598271177,0.0005784892387779,165.0,4.6175344198436,100.2440987
625.0,-6.3,14.3,8.0,,0.23,1.0,22.0,0.35,236.0,48.0,57.0,42.6,7.4,492.15,0.16,0.8,2.36,0.0,125.0,35.0,-55.0,3.8,0.7,62.62499791666673,0.1481179263597707,0,360.17998800000044,1.999999933333336,30.0,-10868.060515883102,0.0,0.0,,0.056126598271177,0.0005784892387779,180.0,5.064158797684121,157.2472681
625.0,-6.3,14.3,8.0,,0.23,1.0,22.0,0.35,236.0,48.0,57.0,42.6,7.4,492.15,0.16,0.8,2.36,0.0,100.0,50.0,0.0,3.8,0.7,50.09999833333338,0.2002398073611453,0,200.0999933333336,1.999999933333336,30.0,-6037.811397712835,0.0,0.0,,0.056126598271177,0.0005784892387779,100.0,6.339770253728651,565.666107
625.0,-6.3,14.3,8.0,,0.23,1.0,22.0,0.35,236.0,48.0,57.0,42.6,7.4,492.15,0.16,0.8,2.36,0.0,100.0,50.0,0.0,3.8,0.7,128.933329038889,0.3918549273899281,0,200.0999933333336,1.999999933333336,30.0,-6037.811397712835,0.0,0.0,,0.056126598271177,0.0005784892387779,100.0,6.078875013450861,435.5378192
625.0,-6.3,14.3,8.0,,0.23,1.0,22.0,0.35,236.0,48.0,57.0,42.6,7.4,492.15,0.16,0.8,2.36,0.0,100.0,50.0,0.0,3.8,0.7,50.09999875000003,0.250249749005989,0,150.0999962500001,1.4999999625000011,40.0,-6037.811397712835,0.0,0.0,,0.056126598271177,0.0005784892387779,100.0,6.260458395700347,522.4588364
625.0,-6.3,14.3,8.0,,0.23,1.0,22.0,0.35,236.0,48.0,57.0,42.6,7.4,492.15,0.16,0.8,2.36,0.0,100.0,50.0,0.0,3.8,0.7,118.34999704375008,0.4408642188840806,0,150.0999962500001,1.4999999625000011,40.0,-6037.811397712835,0.0,0.0,,0.056126598271177,0.0005784892387779,100.0,6.023224095105892,411.9077057
625.0,-6.3,14.3,8.0,,0.23,1.0,22.0,0.35,236.0,48.0,57.0,42.6,7.4,492.15,0.16,0.8,2.36,0.0,100.0,50.0,0.0,3.8,0.7,159.29999681600003,0.5701503200771978,0,120.09999760000004,1.1999999760000006,50.0,-6037.811397712835,0.0,0.0,,0.056126598271177,0.0005784892387779,100.0,5.879835319903659,356.7503225
625.0,-6.3,14.3,8.0,,0.23,1.0,22.0,0.35,236.0,48.0,57.0,42.6,7.4,492.15,0.16,0.8,2.36,0.0,100.0,50.0,0.0,3.8,0.7,50.09999916666668,0.3335552574367479,0,100.09999833333336,0.9999999833333336,60.0,-6037.811397712835,0.0,0.0,,0.056126598271177,0.0005784892387779,100.0,6.148695288101689,467.1062444
625.0,-6.3,14.3,8.0,,0.23,1.0,22.0,0.35,236.0,48.0,57.0,42.6,7.4,492.15,0.16,0.8,2.36,0.0,100.0,50.0,0.0,3.8,0.7,50.099999375,0.4001597412147751,0,75.09999906250002,0.7499999906250001,80.0,-6037.811397712835,0.0,0.0,,0.056126598271177,0.0005784892387779,100.0,6.069414153156467,431.4272712
625.0,-6.3,14.3,8.0,,0.23,1.0,22.0,0.35,236.0,48.0,57.0,42.6,7.4,492.15,0.16,0.8,2.36,0.0,100.0,50.0,0.0,3.8,0.7,59.22499926093751,0.4409082416470462,0,75.09999906250002,0.7499999906250001,80.0,-6037.811397712835,0.0,0.0,,0.056126598271177,0.0005784892387779,100.0,6.023224095105892,411.9077057
625.0,-6.3,14.3,8.0,,0.23,1.0,22.0,0.35,236.0,48.0,57.0,42.6,7.4,492.15,0.16,0.8,2.36,0.0,100.0,50.0,0.0,3.8,0.7,77.87777691358025,0.5384083539357478,0,66.76666592592593,0.6666666592592594,90.0,-6037.811397712835,0.0,0.0,,0.056126598271177,0.0005784892387779,100.0,5.9152347393755305,369.6412966
625.0,-6.3,14.3,8.0,,0.23,1.0,22.0,0.35,236.0,48.0,57.0,42.6,7.4,492.15,0.16,0.8,2.36,0.0,100.0,50.0,0.0,3.8,0.7,70.09999930000001,0.5384024536215111,0,60.0999994,0.599999994,100.0,-6037.811397712835,0.0,0.0,,0.056126598271177,0.0005784892387779,100.0,5.9152347393755305,369.6412966
625.0,-6.3,14.3,8.0,,0.23,1.0,22.0,0.35,236.0,48.0,57.0,42.6,7.4,492.15,0.16,0.8,2.36,0.0,100.0,50.0,0.0,3.8,0.7,50.09999958333333,0.49999999500998,0,50.09999958333333,0.4999999958333334,120.0,-6037.811397712835,0.0,0.0,,0.056126598271177,0.0005784892387779,100.0,5.957698689759892,385.7191387
625.0,-6.3,14.3,8.0,,0.23,1.0,22.0,0.35,236.0,48.0,57.0,42.6,7.4,492.15,0.16,0.8,2.36,0.0,100.0,50.0,0.0,3.8,0.7,50.09999964285714,0.5383788704804484,0,42.95714255102041,0.4285714255102041,140.0,-6037.811397712835,0.0,0.0,,0.056126598271177,0.0005784892387779,100.0,5.9152347393755305,369.6412966
625.0,-6.3,14.3,8.0,,0.23,1.0,22.0,0.35,236.0,48.0,57.0,42.6,7.4,492.15,0.16,0.8,2.36,0.0,100.0,50.0,0.0,3.8,0.7,50.09999979166666,0.6662233953941235,0,25.09999989583333,0.2499999989583333,240.0,-6037.811397712835,0.0,0.0,,0.056126598271177,0.0005784892387779,100.0,5.766796907773938,318.5126633
625.0,-6.3,14.3,8.0,,0.23,1.0,22.0,0.35,236.0,48.0,57.0,42.6,7.4,492.15,0.16,0.8,2.36,0.0,100.0,50.0,0.0,3.8,0.7,43.15555549575617,0.8365280906103939,0,8.433333321759259,0.0833333332175925,720.0,-6037.811397712835,0.0,0.0,,0.056126598271177,0.0005784892387779,100.0,5.505598420234279,245.0656623
625.0,-6.3,14.3,8.0,,0.23,1.0,22.0,0.35,236.0,48.0,57.0,42.6,7.4,492.15,0.16,0.8,2.36,0.0,100.0,50.0,0.0,3.8,0.7,0.1,0.0006990213818156,1,142.9571394557824,,,-6037.811397712835,0.0,0.0,,0.056126598271177,0.0005784892387779,100.0,6.425290155152345,616.2598927
625.0,-6.3,14.3,8.0,,0.23,1.0,22.0,0.35,236.0,48.0,57.0,42.6,7.4,492.15,0.16,0.8,2.36,0.0,100.0,50.0,0.0,3.8,0.7,0.1,0.0006990213818156,1,142.9571394557824,,,-6037.811397712835,0.0,0.0,,0.056126598271177,0.0005784892387779,100.0,6.139658174018435,462.8949724
625.0,-6.3,14.3,8.0,,0.23,1.0,22.0,0.35,236.0,48.0,57.0,42.6,7.4,492.15,0.16,0.8,2.36,0.0,100.0,50.0,0.0,3.8,0.7,0.1,0.0006990213818156,1,142.9571394557824,,,-6037.811397712835,0.0,0.0,,0.056126598271177,0.0005784892387779,100.0,5.953145128946317,383.9621928
625.0,-6.3,14.3,8.0,,0.23,1.0,22.0,0.35,236.0,48.0,57.0,42.6,7.4,492.15,0.16,0.8,2.36,0.0,100.0,37.5,-25.0,3.8,0.7,112.09999720000006,0.3740095074698029,0,187.6249953125001,1.4999999625000011,40.0,-7547.264247141044,0.0,0.0,,0.056126598271177,0.0005784892387779,125.0,5.720743629247275,304.1317435
625.0,-6.3,14.3,8.0,,0.23,1.0,22.0,0.35,236.0,48.0,57.0,42.6,7.4,492.15,0.16,0.8,2.36,0.0,75.0,37.5,0.0,3.8,0.7,84.07499790000004,0.4275362297113425,0,112.57499718750007,1.4999999625000011,40.0,-4528.358548284626,0.0,0.0,,0.056126598271177,0.0005784892387779,75.0,6.952237602477285,1044.486496
625.0,-6.3,14.3,8.0,,0.23,1.0,22.0,0.35,236.0,48.0,57.0,42.6,7.4,492.15,0.16,0.8,2.36,0.0,60.0,30.0,0.0,3.8,0.7,24.059999400000017,0.2108307026817105,0,90.05999775000006,1.4999999625000011,40.0,-3622.6868386277,0.0,0.0,,0.056126598271177,0.0005784892387779,60.0,7.893802221645653,2679.616868
625.0,-6.3,14.3,8.0,,0.23,1.0,22.0,0.35,236.0,48.0,57.0,42.6,7.4,492.15,0.16,0.8,2.36,0.0,100.0,30.0,-40.0,3.8,0.7,40.099999000000025,0.1602461630486427,0,210.1399947500001,1.4999999625000011,40.0,-8452.935956797968,0.0,0.0,,0.056126598271177,0.0005784892387779,140.0,5.843071290051976,343.8368098
625.0,-6.3,14.3,8.0,,0.23,1.0,22.0,0.35,236.0,48.0,57.0,42.6,7.4,492.15,0.16,0.8,2.36,0.0,125.0,50.0,-25.0,3.8,0.7,78.24999804687506,0.2579103485281527,0,225.14999437500012,1.4999999625000011,40.0,-9056.717096569251,0.0,0.0,,0.056126598271177,0.0005784892387779,150.0,5.182459418470937,177.1203452
625.0,-6.3,14.3,8.0,,0.23,1.0,22.0,0.35,236.0,48.0,57.0,42.6,7.4,492.15,0.16,0.8,2.36,0.0,60.0,10.0,-40.0,3.8,0.7,30.05999900000003,0.1306047961014018,0,200.0999933333336,1.999999933333336,30.0,-6037.811397712835,0.0,0.0,,0.056126598271177,0.0005784892387779,100.0,7.183270277628079,1316.208861
625.0,-6.3,14.3,8.0,,0.23,1.0,22.0,0.35,236.0,48.0,57.0,42.6,7.4,492.15,0.16,0.8,2.36,0.0,125.0,42.5,-40.0,3.8,0.7,62.6249985119048,0.2097959821309678,0,235.87928010204092,1.428571394557824,42.0,-9962.388806226178,0.0,0.0,,0.056126598271177,0.0005784892387779,165.0,6.050912005751401,423.5
625.0,-6.3,14.3,8.0,,0.23,1.0,22.0,0.35,236.0,48.0,57.0,42.6,7.4,492.15,0.16,0.8,2.36,0.0,125.0,42.5,-40.0,3.8,0.7,62.62499895833334,0.27492427115251,0,165.16499725000006,0.9999999833333336,60.0,-9962.388806226178,0.0,0.0,,0.056126598271177,0.0005784892387779,165.0,5.007111290081555,148.4723297
625.0,-6.3,14.3,8.0,,0.23,1.0,22.0,0.35,236.0,48.0,57.0,42.6,7.4,492.15,0.16,0.8,2.36,0.0,125.0,42.5,-40.0,3.8,0.7,62.6249985119048,0.2097959821309678,0,235.87928010204092,1.428571394557824,42.0,-9962.388806226178,0.0,0.0,,0.056126598271177,0.0005784892387779,165.0,5.104997060662529,163.843586
625.0,-6.3,14.3,8.0,,0.23,1.0,22.0,0.35,236.0,48.0,57.0,42.6,7.4,492.15,0.16,0.8,2.36,0.0,125.0,42.5,-40.0,3.8,0.7,62.62499973958332,0.6019319434627216,0,41.414999828125,0.2499999989583333,240.0,-9962.388806226178,0.0,0.0,,0.056126598271177,0.0005784892387779,165.0,4.627333061979134,101.2410297
625.0,-6.3,14.3,8.0,,0.23,1.0,22.0,0.35,236.0,48.0,57.0,42.6,7.4,492.15,0.16,0.8,2.36,0.0,125.0,35.0,-55.0,3.8,0.7,62.62499791666673,0.1481179263597707,0,360.17998800000044,1.999999933333336,30.0,-10868.060515883102,0.0,0.0,,0.056126598271177,0.0005784892387779,180.0,5.073992477103628,158.8110975
625.0,-6.3,14.3,8.0,,0.23,1.0,22.0,0.35,236.0,48.0,57.0,42.6,7.4,492.15,0.16,0.8,2.36,0.0,100.0,50.0,0.0,3.8,0.7,50.09999833333338,0.2002398073611453,0,200.0999933333336,1.999999933333336,30.0,-6037.811397712835,0.0,0.0,,0.056126598271177,0.0005784892387779,100.0,6.349648783965921,571.2916757
625.0,-6.3,14.3,8.0,,0.23,1.0,22.0,0.35,236.0,48.0,57.0,42.6,7.4,492.15,0.16,0.8,2.36,0.0,100.0,50.0,0.0,3.8,0.7,128.933329038889,0.3918549273899281,0,200.0999933333336,1.999999933333336,30.0,-6037.811397712835,0.0,0.0,,0.056126598271177,0.0005784892387779,100.0,6.088748363691126,439.8692577
625.0,-6.3,14.3,8.0,,0.23,1.0,22.0,0.35,236.0,48.0,57.0,42.6,7.4,492.15,0.16,0.8,2.36,0.0,100.0,50.0,0.0,3.8,0.7,50.09999875000003,0.250249749005989,0,150.0999962500001,1.4999999625000011,40.0,-6037.811397712835,0.0,0.0,,0.056126598271177,0.0005784892387779,100.0,6.2703354915179705,527.6547073
625.0,-6.3,14.3,8.0,,0.23,1.0,22.0,0.35,236.0,48.0,57.0,42.6,7.4,492.15,0.16,0.8,2.36,0.0,100.0,50.0,0.0,3.8,0.7,118.34999704375008,0.4408642188840806,0,150.0999962500001,1.4999999625000011,40.0,-6037.811397712835,0.0,0.0,,0.056126598271177,0.0005784892387779,100.0,6.033096154363382,416.0041419
625.0,-6.3,14.3,8.0,,0.23,1.0,22.0,0.35,236.0,48.0,57.0,42.6,7.4,492.15,0.16,0.8,2.36,0.0,100.0,50.0,0.0,3.8,0.7,159.29999681600003,0.5701503200771978,0,120.09999760000004,1.1999999760000006,50.0,-6037.811397712835,0.0,0.0,,0.056126598271177,0.0005784892387779,100.0,5.889703702077199,360.2982166
625.0,-6.3,14.3,8.0,,0.23,1.0,22.0,0.35,236.0,48.0,57.0,42.6,7.4,492.15,0.16,0.8,2.36,0.0,100.0,50.0,0.0,3.8,0.7,50.09999916666668,0.3335552574367479,0,100.09999833333336,0.9999999833333336,60.0,-6037.811397712835,0.0,0.0,,0.056126598271177,0.0005784892387779,100.0,6.158570159462805,471.7516319
625.0,-6.3,14.3,8.0,,0.23,1.0,22.0,0.35,236.0,48.0,57.0,42.6,7.4,492.15,0.16,0.8,2.36,0.0,100.0,50.0,0.0,3.8,0.7,50.099999375,0.4001597412147751,0,75.09999906250002,0.7499999906250001,80.0,-6037.811397712835,0.0,0.0,,0.056126598271177,0.0005784892387779,100.0,6.079287288831373,435.7178301
625.0,-6.3,14.3,8.0,,0.23,1.0,22.0,0.35,236.0,48.0,57.0,42.6,7.4,492.15,0.16,0.8,2.36,0.0,100.0,50.0,0.0,3.8,0.7,59.22499926093751,0.4409082416470462,0,75.09999906250002,0.7499999906250001,80.0,-6037.811397712835,0.0,0.0,,0.056126598271177,0.0005784892387779,100.0,6.033096154363382,416.0041419
625.0,-6.3,14.3,8.0,,0.23,1.0,22.0,0.35,236.0,48.0,57.0,42.6,7.4,492.15,0.16,0.8,2.36,0.0,100.0,50.0,0.0,3.8,0.7,77.87777691358025,0.5384083539357478,0,66.76666592592593,0.6666666592592594,90.0,-6037.811397712835,0.0,0.0,,0.056126598271177,0.0005784892387779,100.0,5.925104078965831,373.3173919
625.0,-6.3,14.3,8.0,,0.23,1.0,22.0,0.35,236.0,48.0,57.0,42.6,7.4,492.15,0.16,0.8,2.36,0.0,100.0,50.0,0.0,3.8,0.7,70.09999930000001,0.5384024536215111,0,60.0999994,0.599999994,100.0,-6037.811397712835,0.0,0.0,,0.056126598271177,0.0005784892387779,100.0,5.925104078965831,373.3173919
625.0,-6.3,14.3,8.0,,0.23,1.0,22.0,0.35,236.0,48.0,57.0,42.6,7.4,492.15,0.16,0.8,2.36,0.0,100.0,50.0,0.0,3.8,0.7,50.09999958333333,0.49999999500998,0,50.09999958333333,0.4999999958333334,120.0,-6037.811397712835,0.0,0.0,,0.056126598271177,0.0005784892387779,100.0,5.967569133963425,389.5551287
625.0,-6.3,14.3,8.0,,0.23,1.0,22.0,0.35,236.0,48.0,57.0,42.6,7.4,492.15,0.16,0.8,2.36,0.0,100.0,50.0,0.0,3.8,0.7,50.09999964285714,0.5383788704804484,0,42.95714255102041,0.4285714255102041,140.0,-6037.811397712835,0.0,0.0,,0.056126598271177,0.0005784892387779,100.0,5.925104078965831,373.3173919
625.0,-6.3,14.3,8.0,,0.23,1.0,22.0,0.35,236.0,48.0,57.0,42.6,7.4,492.15,0.16,0.8,2.36,0.0,100.0,50.0,0.0,3.8,0.7,50.09999979166666,0.6662233953941235,0,25.09999989583333,0.2499999989583333,240.0,-6037.811397712835,0.0,0.0,,0.056126598271177,0.0005784892387779,100.0,5.776661995858647,321.6802826
625.0,-6.3,14.3,8.0,,0.23,1.0,22.0,0.35,236.0,48.0,57.0,42.6,7.4,492.15,0.16,0.8,2.36,0.0,100.0,50.0,0.0,3.8,0.7,43.15555549575617,0.8365280906103939,0,8.433333321759259,0.0833333332175925,720.0,-6037.811397712835,0.0,0.0,,0.056126598271177,0.0005784892387779,100.0,5.5154543090524655,247.5028487
625.0,-6.3,14.3,8.0,,0.23,1.0,22.0,0.35,236.0,48.0,57.0,42.6,7.4,492.15,0.16,0.8,2.36,0.0,100.0,50.0,0.0,3.8,0.7,0.1,0.0006990213818156,1,142.9571394557824,,,-6037.811397712835,0.0,0.0,,0.056126598271177,0.0005784892387779,100.0,6.435170109867886,622.3886184
625.0,-6.3,14.3,8.0,,0.23,1.0,22.0,0.35,236.0,48.0,57.0,42.6,7.4,492.15,0.16,0.8,2.36,0.0,100.0,50.0,0.0,3.8,0.7,0.1,0.0006990213818156,1,142.9571394557824,,,-6037.811397712835,0.0,0.0,,0.056126598271177,0.0005784892387779,100.0,6.14953285450138,467.4984787
625.0,-6.3,14.3,8.0,,0.23,1.0,22.0,0.35,236.0,48.0,57.0,42.6,7.4,492.15,0.16,0.8,2.36,0.0,100.0,50.0,0.0,3.8,0.7,0.1,0.0006990213818156,1,142.9571394557824,,,-6037.811397712835,0.0,0.0,,0.056126598271177,0.0005784892387779,100.0,5.963015456900713,387.7807099
625.0,-6.3,14.3,8.0,,0.23,1.0,22.0,0.35,236.0,48.0,57.0,42.6,7.4,492.15,0.16,0.8,2.36,0.0,100.0,37.5,-25.0,3.8,0.7,112.09999720000006,0.3740095074698029,0,187.6249953125001,1.4999999625000011,40.0,-7547.264247141044,0.0,0.0,,0.056126598271177,0.0005784892387779,125.0,5.730607264897123,307.1563441
625.0,-6.3,14.3,8.0,,0.23,1.0,22.0,0.35,236.0,48.0,57.0,42.6,7.4,492.15,0.16,0.8,2.36,0.0,75.0,37.5,0.0,3.8,0.7,84.07499790000004,0.4275362297113425,0,112.57499718750007,1.4999999625000011,40.0,-4528.358548284626,0.0,0.0,,0.056126598271177,0.0005784892387779,75.0,6.962124090664189,1054.873949
625.0,-6.3,14.3,8.0,,0.23,1.0,22.0,0.35,236.0,48.0,57.0,42.6,7.4,492.15,0.16,0.8,2.36,0.0,60.0,30.0,0.0,3.8,0.7,24.059999400000017,0.2108307026817105,0,90.05999775000006,1.4999999625000011,40.0,-3622.6868386277,0.0,0.0,,0.056126598271177,0.0005784892387779,60.0,7.9036944558338895,2706.265749
625.0,-6.3,14.3,8.0,,0.23,1.0,22.0,0.35,236.0,48.0,57.0,42.6,7.4,492.15,0.16,0.8,2.36,0.0,100.0,30.0,-40.0,3.8,0.7,40.099999000000025,0.1602461630486427,0,210.1399947500001,1.4999999625000011,40.0,-8452.935956797968,0.0,0.0,,0.056126598271177,0.0005784892387779,140.0,5.852938641499548,347.2562786
625.0,-6.3,14.3,8.0,,0.23,1.0,22.0,0.35,236.0,48.0,57.0,42.6,7.4,492.15,0.16,0.8,2.36,0.0,125.0,50.0,-25.0,3.8,0.7,78.24999804687506,0.2579103485281527,0,225.14999437500012,1.4999999625000011,40.0,-9056.717096569251,0.0,0.0,,0.056126598271177,0.0005784892387779,150.0,5.192300041349151,178.8818131
625.0,-6.3,14.3,8.0,,0.23,1.0,22.0,0.35,236.0,48.0,57.0,42.6,7.4,492.15,0.16,0.8,2.36,0.0,60.0,10.0,-40.0,3.8,0.7,30.05999900000003,0.1306047961014018,0,200.0999933333336,1.999999933333336,30.0,-6037.811397712835,0.0,0.0,,0.056126598271177,0.0005784892387779,100.0,7.193158709550242,1329.298603
680.0,-11.38,19.88,8.5,9.192388155,0.22,0.0,22.5,0.35,236.0,52.4,62.0,40.1,7.4,491.15,0.19,0.8,0.61,0.0,125.0,42.5,-40.0,4.0,0.5,62.62499895833334,0.27492427115251,0,165.16499725000006,0.9999999833333336,60.0,-76056.7988597676,0.0,0.0,2.6923073993814186,0.040406100151932,0.0003809523807709,165.0,7.148242960316129,1270.869266
680.0,-11.38,19.88,8.5,9.192388155,0.22,0.0,22.5,0.35,236.0,52.4,62.0,40.1,7.4,491.15,0.19,0.8,0.61,0.0,125.0,42.5,-40.0,4.0,0.5,62.6249985119048,0.2097959821309678,0,235.87928010204092,1.428571394557824,42.0,-76056.7988597676,0.0,0.0,2.6923073993814186,0.040406100151932,0.0003809523807709,165.0,7.246682814602574,1402.441642
680.0,-11.38,19.88,8.5,9.192388155,0.22,0.0,22.5,0.35,236.0,52.4,62.0,40.1,7.4,491.15,0.19,0.8,0.61,0.0,125.0,42.5,-40.0,4.0,0.5,62.62499973958332,0.6019319434627216,0,41.414999828125,0.2499999989583333,240.0,-76056.7988597676,0.0,0.0,2.6923073993814186,0.040406100151932,0.0003809523807709,165.0,6.765715192155358,866.586477
680.0,-11.38,19.88,8.5,9.192388155,0.22,0.0,22.5,0.35,236.0,52.4,62.0,40.1,7.4,491.15,0.19,0.8,0.61,0.0,125.0,35.0,-55.0,4.0,0.5,62.62499791666673,0.1481179263597707,0,360.17998800000044,1.999999933333336,30.0,-82971.05330156464,0.0,0.0,2.6923073993814186,0.040406100151932,0.0003809523807709,180.0,7.215508594855438,1359.365367
680.0,-11.38,19.88,8.5,9.192388155,0.22,0.0,22.5,0.35,236.0,52.4,62.0,40.1,7.4,491.15,0.19,0.8,0.61,0.0,100.0,50.0,0.0,4.0,0.5,50.09999833333338,0.2002398073611453,0,200.0999933333336,1.999999933333336,30.0,-46095.02961198036,0.0,0.0,2.6923073993814186,0.040406100151932,0.0003809523807709,100.0,8.495162168646111,4890.049439
680.0,-11.38,19.88,8.5,9.192388155,0.22,0.0,22.5,0.35,236.0,52.4,62.0,40.1,7.4,491.15,0.19,0.8,0.61,0.0,100.0,50.0,0.0,4.0,0.5,128.933329038889,0.3918549273899281,0,200.0999933333336,1.999999933333336,30.0,-46095.02961198036,0.0,0.0,2.6923073993814186,0.040406100151932,0.0003809523807709,100.0,8.233800899352202,3765.12123
680.0,-11.38,19.88,8.5,9.192388155,0.22,0.0,22.5,0.35,236.0,52.4,62.0,40.1,7.4,491.15,0.19,0.8,0.61,0.0,100.0,50.0,0.0,4.0,0.5,50.09999875000003,0.250249749005989,0,150.0999962500001,1.4999999625000011,40.0,-46095.02961198036,0.0,0.0,2.6923073993814186,0.040406100151932,0.0003809523807709,100.0,8.415721288627035,4516.532825
680.0,-11.38,19.88,8.5,9.192388155,0.22,0.0,22.5,0.35,236.0,52.4,62.0,40.1,7.4,491.15,0.19,0.8,0.61,0.0,100.0,50.0,0.0,4.0,0.5,118.34999704375008,0.4408642188840806,0,150.0999962500001,1.4999999625000011,40.0,-46095.02961198036,0.0,0.0,2.6923073993814186,0.040406100151932,0.0003809523807709,100.0,8.178033807366075,3560.844499
680.0,-11.38,19.88,8.5,9.192388155,0.22,0.0,22.5,0.35,236.0,52.4,62.0,40.1,7.4,491.15,0.19,0.8,0.61,0.0,100.0,50.0,0.0,4.0,0.5,159.29999681600003,0.5701503200771978,0,120.09999760000004,1.1999999760000006,50.0,-46095.02961198036,0.0,0.0,2.6923073993814186,0.040406100151932,0.0003809523807709,100.0,8.034314065001276,3084.021992
680.0,-11.38,19.88,8.5,9.192388155,0.22,0.0,22.5,0.35,236.0,52.4,62.0,40.1,7.4,491.15,0.19,0.8,0.61,0.0,100.0,50.0,0.0,4.0,0.5,50.09999916666668,0.3335552574367479,0,100.09999833333336,0.9999999833333336,60.0,-46095.02961198036,0.0,0.0,2.6923073993814186,0.040406100151932,0.0003809523807709,100.0,8.303758056795335,4038.022785
680.0,-11.38,19.88,8.5,9.192388155,0.22,0.0,22.5,0.35,236.0,52.4,62.0,40.1,7.4,491.15,0.19,0.8,0.61,0.0,100.0,50.0,0.0,4.0,0.5,50.099999375,0.4001597412147751,0,75.09999906250002,0.7499999906250001,80.0,-46095.02961198036,0.0,0.0,2.6923073993814186,0.040406100151932,0.0003809523807709,100.0,8.22432074343999,3729.586517
680.0,-11.38,19.88,8.5,9.192388155,0.22,0.0,22.5,0.35,236.0,52.4,62.0,40.1,7.4,491.15,0.19,0.8,0.61,0.0,100.0,50.0,0.0,4.0,0.5,59.22499926093751,0.4409082416470462,0,75.09999906250002,0.7499999906250001,80.0,-46095.02961198036,0.0,0.0,2.6923073993814186,0.040406100151932,0.0003809523807709,100.0,8.178033807366075,3560.844499
680.0,-11.38,19.88,8.5,9.192388155,0.22,0.0,22.5,0.35,236.0,52.4,62.0,40.1,7.4,491.15,0.19,0.8,0.61,0.0,100.0,50.0,0.0,4.0,0.5,77.87777691358025,0.5384083539357478,0,66.76666592592593,0.6666666592592594,90.0,-46095.02961198036,0.0,0.0,2.6923073993814186,0.040406100151932,0.0003809523807709,100.0,8.069799667241677,3195.461409
680.0,-11.38,19.88,8.5,9.192388155,0.22,0.0,22.5,0.35,236.0,52.4,62.0,40.1,7.4,491.15,0.19,0.8,0.61,0.0,100.0,50.0,0.0,4.0,0.5,70.09999930000001,0.5384024536215111,0,60.0999994,0.599999994,100.0,-46095.02961198036,0.0,0.0,2.6923073993814186,0.040406100151932,0.0003809523807709,100.0,8.069799667241677,3195.461409
680.0,-11.38,19.88,8.5,9.192388155,0.22,0.0,22.5,0.35,236.0,52.4,62.0,40.1,7.4,491.15,0.19,0.8,0.61,0.0,100.0,50.0,0.0,4.0,0.5,50.09999958333333,0.49999999500998,0,50.09999958333333,0.4999999958333334,120.0,-46095.02961198036,0.0,0.0,2.6923073993814186,0.040406100151932,0.0003809523807709,100.0,8.112363044577492,3334.450543
680.0,-11.38,19.88,8.5,9.192388155,0.22,0.0,22.5,0.35,236.0,52.4,62.0,40.1,7.4,491.15,0.19,0.8,0.61,0.0,100.0,50.0,0.0,4.0,0.5,50.09999964285714,0.5383788704804484,0,42.95714255102041,0.4285714255102041,140.0,-46095.02961198036,0.0,0.0,2.6923073993814186,0.040406100151932,0.0003809523807709,100.0,8.069799667241677,3195.461409
680.0,-11.38,19.88,8.5,9.192388155,0.22,0.0,22.5,0.35,236.0,52.4,62.0,40.1,7.4,491.15,0.19,0.8,0.61,0.0,100.0,50.0,0.0,4.0,0.5,50.09999979166666,0.6662233953941235,0,25.09999989583333,0.2499999989583333,240.0,-46095.02961198036,0.0,0.0,2.6923073993814186,0.040406100151932,0.0003809523807709,100.0,7.92097905165453,2753.466491
680.0,-11.38,19.88,8.5,9.192388155,0.22,0.0,22.5,0.35,236.0,52.4,62.0,40.1,7.4,491.15,0.19,0.8,0.61,0.0,100.0,50.0,0.0,4.0,0.5,43.15555549575617,0.8365280906103939,0,8.433333321759259,0.0833333332175925,720.0,-46095.02961198036,0.0,0.0,2.6923073993814186,0.040406100151932,0.0003809523807709,100.0,7.65895180252566,2118.534573
680.0,-11.38,19.88,8.5,9.192388155,0.22,0.0,22.5,0.35,236.0,52.4,62.0,40.1,7.4,491.15,0.19,0.8,0.61,0.0,100.0,50.0,0.0,4.0,0.5,0.1,0.0006990213818156,1,142.9571394557824,,,-46095.02961198036,0.0,0.0,2.6923073993814186,0.040406100151932,0.0003809523807709,100.0,8.580810174380408,5327.420727
680.0,-11.38,19.88,8.5,9.192388155,0.22,0.0,22.5,0.35,236.0,52.4,62.0,40.1,7.4,491.15,0.19,0.8,0.61,0.0,100.0,50.0,0.0,4.0,0.5,0.1,0.0006990213818156,1,142.9571394557824,,,-46095.02961198036,0.0,0.0,2.6923073993814186,0.040406100151932,0.0003809523807709,100.0,8.294703760118875,4001.617336
680.0,-11.38,19.88,8.5,9.192388155,0.22,0.0,22.5,0.35,236.0,52.4,62.0,40.1,7.4,491.15,0.19,0.8,0.61,0.0,100.0,50.0,0.0,4.0,0.5,0.1,0.0006990213818156,1,142.9571394557824,,,-46095.02961198036,0.0,0.0,2.6923073993814186,0.040406100151932,0.0003809523807709,100.0,8.107799023250836,3319.262162
680.0,-11.38,19.88,8.5,9.192388155,0.22,0.0,22.5,0.35,236.0,52.4,62.0,40.1,7.4,491.15,0.19,0.8,0.61,0.0,100.0,37.5,-25.0,4.0,0.5,112.09999720000006,0.3740095074698029,0,187.6249953125001,1.4999999625000011,40.0,-57618.787014975445,0.0,0.0,2.6923073993814186,0.040406100151932,0.0003809523807709,125.0,7.874794958974291,2629.146847
680.0,-11.38,19.88,8.5,9.192388155,0.22,0.0,22.5,0.35,236.0,52.4,62.0,40.1,7.4,491.15,0.19,0.8,0.61,0.0,75.0,37.5,0.0,4.0,0.5,84.07499790000004,0.4275362297113425,0,112.57499718750007,1.4999999625000011,40.0,-34571.27220898527,0.0,0.0,2.6923073993814186,0.040406100151932,0.0003809523807709,75.0,9.108345101302056,9029.338224
680.0,-11.38,19.88,8.5,9.192388155,0.22,0.0,22.5,0.35,236.0,52.4,62.0,40.1,7.4,491.15,0.19,0.8,0.61,0.0,60.0,30.0,0.0,4.0,0.5,24.059999400000017,0.2108307026817105,0,90.05999775000006,1.4999999625000011,40.0,-27657.017767188216,0.0,0.0,2.6923073993814186,0.040406100151932,0.0003809523807709,60.0,10.05042597746665,23164.65279
680.0,-11.38,19.88,8.5,9.192388155,0.22,0.0,22.5,0.35,236.0,52.4,62.0,40.1,7.4,491.15,0.19,0.8,0.61,0.0,100.0,30.0,-40.0,4.0,0.5,40.099999000000025,0.1602461630486427,0,210.1399947500001,1.4999999625000011,40.0,-64533.0414567725,0.0,0.0,2.6923073993814186,0.040406100151932,0.0003809523807709,140.0,7.997457233599546,2972.387736
680.0,-11.38,19.88,8.5,9.192388155,0.22,0.0,22.5,0.35,236.0,52.4,62.0,40.1,7.4,491.15,0.19,0.8,0.61,0.0,125.0,50.0,-25.0,4.0,0.5,78.24999804687506,0.2579103485281527,0,225.14999437500012,1.4999999625000011,40.0,-69142.54441797054,0.0,0.0,2.6923073993814186,0.040406100151932,0.0003809523807709,150.0,7.334436008450473,1531.163409
680.0,-11.38,19.88,8.5,9.192388155,0.22,0.0,22.5,0.35,236.0,52.4,62.0,40.1,7.4,491.15,0.19,0.8,0.61,0.0,60.0,10.0,-40.0,4.0,0.5,30.05999900000003,0.1306047961014018,0,200.0999933333336,1.999999933333336,30.0,-46095.02961198036,0.0,0.0,2.6923073993814186,0.040406100151932,0.0003809523807709,100.0,9.339552396547054,11378.31368
680.0,-11.38,19.88,8.5,9.192388155,0.22,0.0,22.5,0.35,236.0,52.4,62.0,40.1,7.4,491.15,0.19,0.8,0.61,0.0,125.0,42.5,-40.0,4.0,0.5,62.62499895833334,0.27492427115251,0,165.16499725000006,0.9999999833333336,60.0,-76056.7988597676,0.0,0.0,2.6923073993814186,0.040406100151932,0.0003809523807709,165.0,7.177226989455235,1308.272593
680.0,-11.38,19.88,8.5,9.192388155,0.22,0.0,22.5,0.35,236.0,52.4,62.0,40.1,7.4,491.15,0.19,0.8,0.61,0.0,125.0,42.5,-40.0,4.0,0.5,62.6249985119048,0.2097959821309678,0,235.87928010204092,1.428571394557824,42.0,-76056.7988597676,0.0,0.0,2.6923073993814186,0.040406100151932,0.0003809523807709,165.0,7.275668950958573,1443.717314
680.0,-11.38,19.88,8.5,9.192388155,0.22,0.0,22.5,0.35,236.0,52.4,62.0,40.1,7.4,491.15,0.19,0.8,0.61,0.0,125.0,42.5,-40.0,4.0,0.5,62.62499973958332,0.6019319434627216,0,41.414999828125,0.2499999989583333,240.0,-76056.7988597676,0.0,0.0,2.6923073993814186,0.040406100151932,0.0003809523807709,165.0,6.794688745870244,892.091238
680.0,-11.38,19.88,8.5,9.192388155,0.22,0.0,22.5,0.35,236.0,52.4,62.0,40.1,7.4,491.15,0.19,0.8,0.61,0.0,125.0,35.0,-55.0,4.0,0.5,62.62499791666673,0.1481179263597707,0,360.17998800000044,1.999999933333336,30.0,-82971.05330156464,0.0,0.0,2.6923073993814186,0.040406100151932,0.0003809523807709,180.0,7.244494085784647,1399.373248
680.0,-11.38,19.88,8.5,9.192388155,0.22,0.0,22.5,0.35,236.0,52.4,62.0,40.1,7.4,491.15,0.19,0.8,0.61,0.0,100.0,50.0,0.0,4.0,0.5,50.09999833333338,0.2002398073611453,0,200.0999933333336,1.999999933333336,30.0,-46095.02961198036,0.0,0.0,2.6923073993814186,0.040406100151932,0.0003809523807709,100.0,8.524162830954081,5033.96992
680.0,-11.38,19.88,8.5,9.192388155,0.22,0.0,22.5,0.35,236.0,52.4,62.0,40.1,7.4,491.15,0.19,0.8,0.61,0.0,100.0,50.0,0.0,4.0,0.5,128.933329038889,0.3918549273899281,0,200.0999933333336,1.999999933333336,30.0,-46095.02961198036,0.0,0.0,2.6923073993814186,0.040406100151932,0.0003809523807709,100.0,8.262799815522799,3875.933618
680.0,-11.38,19.88,8.5,9.192388155,0.22,0.0,22.5,0.35,236.0,52.4,62.0,40.1,7.4,491.15,0.19,0.8,0.61,0.0,100.0,50.0,0.0,4.0,0.5,50.09999875000003,0.250249749005989,0,150.0999962500001,1.4999999625000011,40.0,-46095.02961198036,0.0,0.0,2.6923073993814186,0.040406100151932,0.0003809523807709,100.0,8.444721467447263,4649.460228
680.0,-11.38,19.88,8.5,9.192388155,0.22,0.0,22.5,0.35,236.0,52.4,62.0,40.1,7.4,491.15,0.19,0.8,0.61,0.0,100.0,50.0,0.0,4.0,0.5,118.34999704375008,0.4408642188840806,0,150.0999962500001,1.4999999625000011,40.0,-46095.02961198036,0.0,0.0,2.6923073993814186,0.040406100151932,0.0003809523807709,100.0,8.207032288276366,3665.644759
680.0,-11.38,19.88,8.5,9.192388155,0.22,0.0,22.5,0.35,236.0,52.4,62.0,40.1,7.4,491.15,0.19,0.8,0.61,0.0,100.0,50.0,0.0,4.0,0.5,159.29999681600003,0.5701503200771978,0,120.09999760000004,1.1999999760000006,50.0,-46095.02961198036,0.0,0.0,2.6923073993814186,0.040406100151932,0.0003809523807709,100.0,8.06331130535633,3174.788749
680.0,-11.38,19.88,8.5,9.192388155,0.22,0.0,22.5,0.35,236.0,52.4,62.0,40.1,7.4,491.15,0.19,0.8,0.61,0.0,100.0,50.0,0.0,4.0,0.5,50.09999916666668,0.3335552574367479,0,100.09999833333336,0.9999999833333336,60.0,-46095.02961198036,0.0,0.0,2.6923073993814186,0.040406100151932,0.0003809523807709,100.0,8.332757485703533,4156.867018
680.0,-11.38,19.88,8.5,9.192388155,0.22,0.0,22.5,0.35,236.0,52.4,62.0,40.1,7.4,491.15,0.19,0.8,0.61,0.0,100.0,50.0,0.0,4.0,0.5,50.099999375,0.4001597412147751,0,75.09999906250002,0.7499999906250001,80.0,-46095.02961198036,0.0,0.0,2.6923073993814186,0.040406100151932,0.0003809523807709,100.0,8.253319587188347,3839.353072
680.0,-11.38,19.88,8.5,9.192388155,0.22,0.0,22.5,0.35,236.0,52.4,62.0,40.1,7.4,491.15,0.19,0.8,0.61,0.0,100.0,50.0,0.0,4.0,0.5,59.22499926093751,0.4409082416470462,0,75.09999906250002,0.7499999906250001,80.0,-46095.02961198036,0.0,0.0,2.6923073993814186,0.040406100151932,0.0003809523807709,100.0,8.207032288276366,3665.644759
680.0,-11.38,19.88,8.5,9.192388155,0.22,0.0,22.5,0.35,236.0,52.4,62.0,40.1,7.4,491.15,0.19,0.8,0.61,0.0,100.0,50.0,0.0,4.0,0.5,77.87777691358025,0.5384083539357478,0,66.76666592592593,0.6666666592592594,90.0,-46095.02961198036,0.0,0.0,2.6923073993814186,0.040406100151932,0.0003809523807709,100.0,8.098797230625346,3289.507972
680.0,-11.38,19.88,8.5,9.192388155,0.22,0.0,22.5,0.35,236.0,52.4,62.0,40.1,7.4,491.15,0.19,0.8,0.61,0.0,100.0,50.0,0.0,4.0,0.5,70.09999930000001,0.5384024536215111,0,60.0999994,0.599999994,100.0,-46095.02961198036,0.0,0.0,2.6923073993814186,0.040406100151932,0.0003809523807709,100.0,8.098797230625346,3289.507972
680.0,-11.38,19.88,8.5,9.192388155,0.22,0.0,22.5,0.35,236.0,52.4,62.0,40.1,7.4,491.15,0.19,0.8,0.61,0.0,100.0,50.0,0.0,4.0,0.5,50.09999958333333,0.49999999500998,0,50.09999958333333,0.4999999958333334,120.0,-46095.02961198036,0.0,0.0,2.6923073993814186,0.040406100151932,0.0003809523807709,100.0,8.141360980668583,3432.587736
680.0,-11.38,19.88,8.5,9.192388155,0.22,0.0,22.5,0.35,236.0,52.4,62.0,40.1,7.4,491.15,0.19,0.8,0.61,0.0,100.0,50.0,0.0,4.0,0.5,50.09999964285714,0.5383788704804484,0,42.95714255102041,0.4285714255102041,140.0,-46095.02961198036,0.0,0.0,2.6923073993814186,0.040406100151932,0.0003809523807709,100.0,8.098797230625346,3289.507972
680.0,-11.38,19.88,8.5,9.192388155,0.22,0.0,22.5,0.35,236.0,52.4,62.0,40.1,7.4,491.15,0.19,0.8,0.61,0.0,100.0,50.0,0.0,4.0,0.5,50.09999979166666,0.6662233953941235,0,25.09999989583333,0.2499999989583333,240.0,-46095.02961198036,0.0,0.0,2.6923073993814186,0.040406100151932,0.0003809523807709,100.0,7.949975179514148,2834.504571
680.0,-11.38,19.88,8.5,9.192388155,0.22,0.0,22.5,0.35,236.0,52.4,62.0,40.1,7.4,491.15,0.19,0.8,0.61,0.0,100.0,50.0,0.0,4.0,0.5,43.15555549575617,0.8365280906103939,0,8.433333321759259,0.0833333332175925,720.0,-46095.02961198036,0.0,0.0,2.6923073993814186,0.040406100151932,0.0003809523807709,100.0,7.687944821301679,2180.885786
680.0,-11.38,19.88,8.5,9.192388155,0.22,0.0,22.5,0.35,236.0,52.4,62.0,40.1,7.4,491.15,0.19,0.8,0.61,0.0,100.0,50.0,0.0,4.0,0.5,0.1,0.0006990213818156,1,142.9571394557824,,,-46095.02961198036,0.0,0.0,2.6923073993814186,0.040406100151932,0.0003809523807709,100.0,8.609811316344818,5484.21361
680.0,-11.38,19.88,8.5,9.192388155,0.22,0.0,22.5,0.35,236.0,52.4,62.0,40.1,7.4,491.15,0.19,0.8,0.61,0.0,100.0,50.0,0.0,4.0,0.5,0.1,0.0006990213818156,1,142.9571394557824,,,-46095.02961198036,0.0,0.0,2.6923073993814186,0.040406100151932,0.0003809523807709,100.0,8.323703124754255,4119.39011
680.0,-11.38,19.88,8.5,9.192388155,0.22,0.0,22.5,0.35,236.0,52.4,62.0,40.1,7.4,491.15,0.19,0.8,0.61,0.0,100.0,50.0,0.0,4.0,0.5,0.1,0.0006990213818156,1,142.9571394557824,,,-46095.02961198036,0.0,0.0,2.6923073993814186,0.040406100151932,0.0003809523807709,100.0,8.136796920044093,3416.952341
680.0,-11.38,19.88,8.5,9.192388155,0.22,0.0,22.5,0.35,236.0,52.4,62.0,40.1,7.4,491.15,0.19,0.8,0.61,0.0,100.0,37.5,-25.0,4.0,0.5,112.09999720000006,0.3740095074698029,0,187.6249953125001,1.4999999625000011,40.0,-57618.787014975445,0.0,0.0,2.6923073993814186,0.040406100151932,0.0003809523807709,125.0,7.903790596557427,2706.52604
680.0,-11.38,19.88,8.5,9.192388155,0.22,0.0,22.5,0.35,236.0,52.4,62.0,40.1,7.4,491.15,0.19,0.8,0.61,0.0,75.0,37.5,0.0,4.0,0.5,84.07499790000004,0.4275362297113425,0,112.57499718750007,1.4999999625000011,40.0,-34571.27220898527,0.0,0.0,2.6923073993814186,0.040406100151932,0.0003809523807709,75.0,9.13734844290694,9295.083328
680.0,-11.38,19.88,8.5,9.192388155,0.22,0.0,22.5,0.35,236.0,52.4,62.0,40.1,7.4,491.15,0.19,0.8,0.61,0.0,60.0,30.0,0.0,4.0,0.5,24.059999400000017,0.2108307026817105,0,90.05999775000006,1.4999999625000011,40.0,-27657.017767188216,0.0,0.0,2.6923073993814186,0.040406100151932,0.0003809523807709,60.0,10.079431250625849,23846.41848
680.0,-11.38,19.88,8.5,9.192388155,0.22,0.0,22.5,0.35,236.0,52.4,62.0,40.1,7.4,491.15,0.19,0.8,0.61,0.0,100.0,30.0,-40.0,4.0,0.5,40.099999000000025,0.1602461630486427,0,210.1399947500001,1.4999999625000011,40.0,-64533.0414567725,0.0,0.0,2.6923073993814186,0.040406100151932,0.0003809523807709,140.0,8.026454125876054,3059.868952
680.0,-11.38,19.88,8.5,9.192388155,0.22,0.0,22.5,0.35,236.0,52.4,62.0,40.1,7.4,491.15,0.19,0.8,0.61,0.0,125.0,50.0,-25.0,4.0,0.5,78.24999804687506,0.2579103485281527,0,225.14999437500012,1.4999999625000011,40.0,-69142.54441797054,0.0,0.0,2.6923073993814186,0.040406100151932,0.0003809523807709,150.0,7.363423856200627,1576.227529
680.0,-11.38,19.88,8.5,9.192388155,0.22,0.0,22.5,0.35,236.0,52.4,62.0,40.1,7.4,491.15,0.19,0.8,0.61,0.0,60.0,10.0,-40.0,4.0,0.5,30.05999900000003,0.1306047961014018,0,200.0999933333336,1.999999933333336,30.0,-46095.02961198036,0.0,0.0,2.6923073993814186,0.040406100151932,0.0003809523807709,100.0,9.368556391671389,11713.19217
680.0,-11.38,19.88,8.5,9.192388155,0.22,0.0,22.5,0.35,236.0,52.4,62.0,40.1,7.4,491.15,0.19,0.8,0.61,0.0,125.0,42.5,-40.0,4.0,0.5,62.62499895833334,0.27492427115251,0,165.16499725000006,0.9999999833333336,60.0,-76056.7988597676,0.0,0.0,2.6923073993814186,0.040406100151932,0.0003809523807709,165.0,7.383582300567016,1608.34461
680.0,-11.38,19.88,8.5,9.192388155,0.22,0.0,22.5,0.35,236.0,52.4,62.0,40.1,7.4,491.15,0.19,0.8,0.61,0.0,125.0,42.5,-40.0,4.0,0.5,62.6249985119048,0.2097959821309678,0,235.87928010204092,1.428571394557824,42.0,-76056.7988597676,0.0,0.0,2.6923073993814186,0.040406100151932,0.0003809523807709,165.0,7.482037623513122,1774.855617
680.0,-11.38,19.88,8.5,9.192388155,0.22,0.0,22.5,0.35,236.0,52.4,62.0,40.1,7.4,491.15,0.19,0.8,0.61,0.0,125.0,42.5,-40.0,4.0,0.5,62.62499973958332,0.6019319434627216,0,41.414999828125,0.2499999989583333,240.0,-76056.7988597676,0.0,0.0,2.6923073993814186,0.040406100151932,0.0003809523807709,165.0,7.000977639899523,1096.705795
680.0,-11.38,19.88,8.5,9.192388155,0.22,0.0,22.5,0.35,236.0,52.4,62.0,40.1,7.4,491.15,0.19,0.8,0.61,0.0,125.0,35.0,-55.0,4.0,0.5,62.62499791666673,0.1481179263597707,0,360.17998800000044,1.999999933333336,30.0,-82971.05330156464,0.0,0.0,2.6923073993814186,0.040406100151932,0.0003809523807709,180.0,7.450858668556815,1720.340572
680.0,-11.38,19.88,8.5,9.192388155,0.22,0.0,22.5,0.35,236.0,52.4,62.0,40.1,7.4,491.15,0.19,0.8,0.61,0.0,100.0,50.0,0.0,4.0,0.5,50.09999833333338,0.2002398073611453,0,200.0999933333336,1.999999933333336,30.0,-46095.02961198036,0.0,0.0,2.6923073993814186,0.040406100151932,0.0003809523807709,100.0,8.730623596729128,6188.586714
680.0,-11.38,19.88,8.5,9.192388155,0.22,0.0,22.5,0.35,236.0,52.4,62.0,40.1,7.4,491.15,0.19,0.8,0.61,0.0,100.0,50.0,0.0,4.0,0.5,128.933329038889,0.3918549273899281,0,200.0999933333336,1.999999933333336,30.0,-46095.02961198036,0.0,0.0,2.6923073993814186,0.040406100151932,0.0003809523807709,100.0,8.469249512586979,4764.937351
680.0,-11.38,19.88,8.5,9.192388155,0.22,0.0,22.5,0.35,236.0,52.4,62.0,40.1,7.4,491.15,0.19,0.8,0.61,0.0,100.0,50.0,0.0,4.0,0.5,50.09999875000003,0.250249749005989,0,150.0999962500001,1.4999999625000011,40.0,-46095.02961198036,0.0,0.0,2.6923073993814186,0.040406100151932,0.0003809523807709,100.0,8.65117916932621,5715.883935
680.0,-11.38,19.88,8.5,9.192388155,0.22,0.0,22.5,0.35,236.0,52.4,62.0,40.1,7.4,491.15,0.19,0.8,0.61,0.0,100.0,50.0,0.0,4.0,0.5,118.34999704375008,0.4408642188840806,0,150.0999962500001,1.4999999625000011,40.0,-46095.02961198036,0.0,0.0,2.6923073993814186,0.040406100151932,0.0003809523807709,100.0,8.413479225229302,4506.415576
680.0,-11.38,19.88,8.5,9.192388155,0.22,0.0,22.5,0.35,236.0,52.4,62.0,40.1,7.4,491.15,0.19,0.8,0.61,0.0,100.0,50.0,0.0,4.0,0.5,159.29999681600003,0.5701503200771978,0,120.09999760000004,1.1999999760000006,50.0,-46095.02961198036,0.0,0.0,2.6923073993814186,0.040406100151932,0.0003809523807709,100.0,8.269750377070824,3902.974349
680.0,-11.38,19.88,8.5,9.192388155,0.22,0.0,22.5,0.35,236.0,52.4,62.0,40.1,7.4,491.15,0.19,0.8,0.61,0.0,100.0,50.0,0.0,4.0,0.5,50.09999916666668,0.3335552574367479,0,100.09999833333336,0.9999999833333336,60.0,-46095.02961198036,0.0,0.0,2.6923073993814186,0.040406100151932,0.0003809523807709,100.0,8.53921043463929,5110.307057
680.0,-11.38,19.88,8.5,9.192388155,0.22,0.0,22.5,0.35,236.0,52.4,62.0,40.1,7.4,491.15,0.19,0.8,0.61,0.0,100.0,50.0,0.0,4.0,0.5,50.099999375,0.4001597412147751,0,75.09999906250002,0.7499999906250001,80.0,-46095.02961198036,0.0,0.0,2.6923073993814186,0.040406100151932,0.0003809523807709,100.0,8.45976882583779,4719.966506
680.0,-11.38,19.88,8.5,9.192388155,0.22,0.0,22.5,0.35,236.0,52.4,62.0,40.1,7.4,491.15,0.19,0.8,0.61,0.0,100.0,50.0,0.0,4.0,0.5,59.22499926093751,0.4409082416470462,0,75.09999906250002,0.7499999906250001,80.0,-46095.02961198036,0.0,0.0,2.6923073993814186,0.040406100151932,0.0003809523807709,100.0,8.413479225229302,4506.415576
680.0,-11.38,19.88,8.5,9.192388155,0.22,0.0,22.5,0.35,236.0,52.4,62.0,40.1,7.4,491.15,0.19,0.8,0.61,0.0,100.0,50.0,0.0,4.0,0.5,77.87777691358025,0.5384083539357478,0,66.76666592592593,0.6666666592592594,90.0,-46095.02961198036,0.0,0.0,2.6923073993814186,0.040406100151932,0.0003809523807709,100.0,8.305238350628642,4044.006153
680.0,-11.38,19.88,8.5,9.192388155,0.22,0.0,22.5,0.35,236.0,52.4,62.0,40.1,7.4,491.15,0.19,0.8,0.61,0.0,100.0,50.0,0.0,4.0,0.5,70.09999930000001,0.5384024536215111,0,60.0999994,0.599999994,100.0,-46095.02961198036,0.0,0.0,2.6923073993814186,0.040406100151932,0.0003809523807709,100.0,8.305238350628642,4044.006153
680.0,-11.38,19.88,8.5,9.192388155,0.22,0.0,22.5,0.35,236.0,52.4,62.0,40.1,7.4,491.15,0.19,0.8,0.61,0.0,100.0,50.0,0.0,4.0,0.5,50.09999958333333,0.49999999500998,0,50.09999958333333,0.4999999958333334,120.0,-46095.02961198036,0.0,0.0,2.6923073993814186,0.040406100151932,0.0003809523807709,100.0,8.347804463739138,4219.903416
680.0,-11.38,19.88,8.5,9.192388155,0.22,0.0,22.5,0.35,236.0,52.4,62.0,40.1,7.4,491.15,0.19,0.8,0.61,0.0,100.0,50.0,0.0,4.0,0.5,50.09999964285714,0.5383788704804484,0,42.95714255102041,0.4285714255102041,140.0,-46095.02961198036,0.0,0.0,2.6923073993814186,0.040406100151932,0.0003809523807709,100.0,8.305238350628642,4044.006153
680.0,-11.38,19.88,8.5,9.192388155,0.22,0.0,22.5,0.35,236.0,52.4,62.0,40.1,7.4,491.15,0.19,0.8,0.61,0.0,100.0,50.0,0.0,4.0,0.5,50.09999979166666,0.6662233953941235,0,25.09999989583333,0.2499999989583333,240.0,-46095.02961198036,0.0,0.0,2.6923073993814186,0.040406100151932,0.0003809523807709,100.0,8.156407200692712,3484.640872
680.0,-11.38,19.88,8.5,9.192388155,0.22,0.0,22.5,0.35,236.0,52.4,62.0,40.1,7.4,491.15,0.19,0.8,0.61,0.0,100.0,50.0,0.0,4.0,0.5,43.15555549575617,0.8365280906103939,0,8.433333321759259,0.0833333332175925,720.0,-46095.02961198036,0.0,0.0,2.6923073993814186,0.040406100151932,0.0003809523807709,100.0,7.894357130192618,2681.104778
680.0,-11.38,19.88,8.5,9.192388155,0.22,0.0,22.5,0.35,236.0,52.4,62.0,40.1,7.4,491.15,0.19,0.8,0.61,0.0,100.0,50.0,0.0,4.0,0.5,0.1,0.0006990213818156,1,142.9571394557824,,,-46095.02961198036,0.0,0.0,2.6923073993814186,0.040406100151932,0.0003809523807709,100.0,8.81627512394294,6742.100574
680.0,-11.38,19.88,8.5,9.192388155,0.22,0.0,22.5,0.35,236.0,52.4,62.0,40.1,7.4,491.15,0.19,0.8,0.61,0.0,100.0,50.0,0.0,4.0,0.5,0.1,0.0006990213818156,1,142.9571394557824,,,-46095.02961198036,0.0,0.0,2.6923073993814186,0.040406100151932,0.0003809523807709,100.0,8.530155665366506,5064.234255
680.0,-11.38,19.88,8.5,9.192388155,0.22,0.0,22.5,0.35,236.0,52.4,62.0,40.1,7.4,491.15,0.19,0.8,0.61,0.0,100.0,50.0,0.0,4.0,0.5,0.1,0.0006990213818156,1,142.9571394557824,,,-46095.02961198036,0.0,0.0,2.6923073993814186,0.040406100151932,0.0003809523807709,100.0,8.343240154596762,4200.681808
680.0,-11.38,19.88,8.5,9.192388155,0.22,0.0,22.5,0.35,236.0,52.4,62.0,40.1,7.4,491.15,0.19,0.8,0.61,0.0,100.0,37.5,-25.0,4.0,0.5,112.09999720000006,0.3740095074698029,0,187.6249953125001,1.4999999625000011,40.0,-57618.787014975445,0.0,0.0,2.6923073993814186,0.040406100151932,0.0003809523807709,125.0,8.110219507078941,3327.308537
680.0,-11.38,19.88,8.5,9.192388155,0.22,0.0,22.5,0.35,236.0,52.4,62.0,40.1,7.4,491.15,0.19,0.8,0.61,0.0,75.0,37.5,0.0,4.0,0.5,84.07499790000004,0.4275362297113425,0,112.57499718750007,1.4999999625000011,40.0,-34571.27220898527,0.0,0.0,2.6923073993814186,0.040406100151932,0.0003809523807709,75.0,9.343826194562409,11427.05064
680.0,-11.38,19.88,8.5,9.192388155,0.22,0.0,22.5,0.35,236.0,52.4,62.0,40.1,7.4,491.15,0.19,0.8,0.61,0.0,60.0,30.0,0.0,4.0,0.5,24.059999400000017,0.2108307026817105,0,90.05999775000006,1.4999999625000011,40.0,-27657.017767188216,0.0,0.0,2.6923073993814186,0.040406100151932,0.0003809523807709,60.0,10.28592124882889,29315.9536
680.0,-11.38,19.88,8.5,9.192388155,0.22,0.0,22.5,0.35,236.0,52.4,62.0,40.1,7.4,491.15,0.19,0.8,0.61,0.0,100.0,30.0,-40.0,4.0,0.5,40.099999000000025,0.1602461630486427,0,210.1399947500001,1.4999999625000011,40.0,-64533.0414567725,0.0,0.0,2.6923073993814186,0.040406100151932,0.0003809523807709,140.0,8.232890991953285,3761.695967
680.0,-11.38,19.88,8.5,9.192388155,0.22,0.0,22.5,0.35,236.0,52.4,62.0,40.1,7.4,491.15,0.19,0.8,0.61,0.0,125.0,50.0,-25.0,4.0,0.5,78.24999804687506,0.2579103485281527,0,225.14999437500012,1.4999999625000011,40.0,-69142.54441797054,0.0,0.0,2.6923073993814186,0.040406100151932,0.0003809523807709,150.0,7.569803379857041,1937.759045
680.0,-11.38,19.88,8.5,9.192388155,0.22,0.0,22.5,0.35,236.0,52.4,62.0,40.1,7.4,491.15,0.19,0.8,0.61,0.0,60.0,10.0,-40.0,4.0,0.5,30.05999900000003,0.1306047961014018,0,200.0999933333336,1.999999933333336,30.0,-46095.02961198036,0.0,0.0,2.6923073993814186,0.040406100151932,0.0003809523807709,100.0,9.575038286145846,14399.78915
680.0,-11.38,19.88,8.5,9.192388155,0.22,0.0,22.5,0.35,236.0,52.4,62.0,40.1,7.4,491.15,0.19,0.8,0.61,0.0,125.0,42.5,-40.0,4.0,0.5,62.62499895833334,0.27492427115251,0,165.16499725000006,0.9999999833333336,60.0,-76056.7988597676,0.0,0.0,2.6923073993814186,0.040406100151932,0.0003809523807709,165.0,7.37018316964755,1586.924616
680.0,-11.38,19.88,8.5,9.192388155,0.22,0.0,22.5,0.35,236.0,52.4,62.0,40.1,7.4,491.15,0.19,0.8,0.61,0.0,125.0,42.5,-40.0,4.0,0.5,62.6249985119048,0.2097959821309678,0,235.87928010204092,1.428571394557824,42.0,-76056.7988597676,0.0,0.0,2.6923073993814186,0.040406100151932,0.0003809523807709,165.0,7.4686377061056275,1751.218023
680.0,-11.38,19.88,8.5,9.192388155,0.22,0.0,22.5,0.35,236.0,52.4,62.0,40.1,7.4,491.15,0.19,0.8,0.61,0.0,125.0,42.5,-40.0,4.0,0.5,62.62499973958332,0.6019319434627216,0,41.414999828125,0.2499999989583333,240.0,-76056.7988597676,0.0,0.0,2.6923073993814186,0.040406100151932,0.0003809523807709,165.0,6.987582418191692,1082.099826
680.0,-11.38,19.88,8.5,9.192388155,0.22,0.0,22.5,0.35,236.0,52.4,62.0,40.1,7.4,491.15,0.19,0.8,0.61,0.0,125.0,35.0,-55.0,4.0,0.5,62.62499791666673,0.1481179263597707,0,360.17998800000044,1.999999933333336,30.0,-82971.05330156464,0.0,0.0,2.6923073993814186,0.040406100151932,0.0003809523807709,180.0,7.4374589916138625,1697.429011
680.0,-11.38,19.88,8.5,9.192388155,0.22,0.0,22.5,0.35,236.0,52.4,62.0,40.1,7.4,491.15,0.19,0.8,0.61,0.0,100.0,50.0,0.0,4.0,0.5,50.09999833333338,0.2002398073611453,0,200.0999933333336,1.999999933333336,30.0,-46095.02961198036,0.0,0.0,2.6923073993814186,0.040406100151932,0.0003809523807709,100.0,8.717218259196592,6106.166882
680.0,-11.38,19.88,8.5,9.192388155,0.22,0.0,22.5,0.35,236.0,52.4,62.0,40.1,7.4,491.15,0.19,0.8,0.61,0.0,100.0,50.0,0.0,4.0,0.5,128.933329038889,0.3918549273899281,0,200.0999933333336,1.999999933333336,30.0,-46095.02961198036,0.0,0.0,2.6923073993814186,0.040406100151932,0.0003809523807709,100.0,8.4558448264484,4701.477735
680.0,-11.38,19.88,8.5,9.192388155,0.22,0.0,22.5,0.35,236.0,52.4,62.0,40.1,7.4,491.15,0.19,0.8,0.61,0.0,100.0,50.0,0.0,4.0,0.5,50.09999875000003,0.250249749005989,0,150.0999962500001,1.4999999625000011,40.0,-46095.02961198036,0.0,0.0,2.6923073993814186,0.040406100151932,0.0003809523807709,100.0,8.63777401219705,5639.759577
680.0,-11.38,19.88,8.5,9.192388155,0.22,0.0,22.5,0.35,236.0,52.4,62.0,40.1,7.4,491.15,0.19,0.8,0.61,0.0,100.0,50.0,0.0,4.0,0.5,118.34999704375008,0.4408642188840806,0,150.0999962500001,1.4999999625000011,40.0,-46095.02961198036,0.0,0.0,2.6923073993814186,0.040406100151932,0.0003809523807709,100.0,8.400074701575361,4446.398963
680.0,-11.38,19.88,8.5,9.192388155,0.22,0.0,22.5,0.35,236.0,52.4,62.0,40.1,7.4,491.15,0.19,0.8,0.61,0.0,100.0,50.0,0.0,4.0,0.5,159.29999681600003,0.5701503200771978,0,120.09999760000004,1.1999999760000006,50.0,-46095.02961198036,0.0,0.0,2.6923073993814186,0.040406100151932,0.0003809523807709,100.0,8.256346316271056,3850.994389
680.0,-11.38,19.88,8.5,9.192388155,0.22,0.0,22.5,0.35,236.0,52.4,62.0,40.1,7.4,491.15,0.19,0.8,0.61,0.0,100.0,50.0,0.0,4.0,0.5,50.09999916666668,0.3335552574367479,0,100.09999833333336,0.9999999833333336,60.0,-46095.02961198036,0.0,0.0,2.6923073993814186,0.040406100151932,0.0003809523807709,100.0,8.525805557098016,5042.247794
680.0,-11.38,19.88,8.5,9.192388155,0.22,0.0,22.5,0.35,236.0,52.4,62.0,40.1,7.4,491.15,0.19,0.8,0.61,0.0,100.0,50.0,0.0,4.0,0.5,50.099999375,0.4001597412147751,0,75.09999906250002,0.7499999906250001,80.0,-46095.02961198036,0.0,0.0,2.6923073993814186,0.040406100151932,0.0003809523807709,100.0,8.446364166588161,4657.105813
680.0,-11.38,19.88,8.5,9.192388155,0.22,0.0,22.5,0.35,236.0,52.4,62.0,40.1,7.4,491.15,0.19,0.8,0.61,0.0,100.0,50.0,0.0,4.0,0.5,59.22499926093751,0.4409082416470462,0,75.09999906250002,0.7499999906250001,80.0,-46095.02961198036,0.0,0.0,2.6923073993814186,0.040406100151932,0.0003809523807709,100.0,8.400074701575361,4446.398963
680.0,-11.38,19.88,8.5,9.192388155,0.22,0.0,22.5,0.35,236.0,52.4,62.0,40.1,7.4,491.15,0.19,0.8,0.61,0.0,100.0,50.0,0.0,4.0,0.5,77.87777691358025,0.5384083539357478,0,66.76666592592593,0.6666666592592594,90.0,-46095.02961198036,0.0,0.0,2.6923073993814186,0.040406100151932,0.0003809523807709,100.0,8.291834169257863,3990.147926
680.0,-11.38,19.88,8.5,9.192388155,0.22,0.0,22.5,0.35,236.0,52.4,62.0,40.1,7.4,491.15,0.19,0.8,0.61,0.0,100.0,50.0,0.0,4.0,0.5,70.09999930000001,0.5384024536215111,0,60.0999994,0.599999994,100.0,-46095.02961198036,0.0,0.0,2.6923073993814186,0.040406100151932,0.0003809523807709,100.0,8.291834169257863,3990.147926
680.0,-11.38,19.88,8.5,9.192388155,0.22,0.0,22.5,0.35,236.0,52.4,62.0,40.1,7.4,491.15,0.19,0.8,0.61,0.0,100.0,50.0,0.0,4.0,0.5,50.09999958333333,0.49999999500998,0,50.09999958333333,0.4999999958333334,120.0,-46095.02961198036,0.0,0.0,2.6923073993814186,0.040406100151932,0.0003809523807709,100.0,8.334400143167654,4163.702582
680.0,-11.38,19.88,8.5,9.192388155,0.22,0.0,22.5,0.35,236.0,52.4,62.0,40.1,7.4,491.15,0.19,0.8,0.61,0.0,100.0,50.0,0.0,4.0,0.5,50.09999964285714,0.5383788704804484,0,42.95714255102041,0.4285714255102041,140.0,-46095.02961198036,0.0,0.0,2.6923073993814186,0.040406100151932,0.0003809523807709,100.0,8.291834169257863,3990.147926
680.0,-11.38,19.88,8.5,9.192388155,0.22,0.0,22.5,0.35,236.0,52.4,62.0,40.1,7.4,491.15,0.19,0.8,0.61,0.0,100.0,50.0,0.0,4.0,0.5,50.09999979166666,0.6662233953941235,0,25.09999989583333,0.2499999989583333,240.0,-46095.02961198036,0.0,0.0,2.6923073993814186,0.040406100151932,0.0003809523807709,100.0,8.143003554821636,3438.232293
680.0,-11.38,19.88,8.5,9.192388155,0.22,0.0,22.5,0.35,236.0,52.4,62.0,40.1,7.4,491.15,0.19,0.8,0.61,0.0,100.0,50.0,0.0,4.0,0.5,43.15555549575617,0.8365280906103939,0,8.433333321759259,0.0833333332175925,720.0,-46095.02961198036,0.0,0.0,2.6923073993814186,0.040406100151932,0.0003809523807709,100.0,7.880954644414854,2645.397723
680.0,-11.38,19.88,8.5,9.192388155,0.22,0.0,22.5,0.35,236.0,52.4,62.0,40.1,7.4,491.15,0.19,0.8,0.61,0.0,100.0,50.0,0.0,4.0,0.5,0.1,0.0006990213818156,1,142.9571394557824,,,-46095.02961198036,0.0,0.0,2.6923073993814186,0.040406100151932,0.0003809523807709,100.0,8.802869607483256,6652.309024
680.0,-11.38,19.88,8.5,9.192388155,0.22,0.0,22.5,0.35,236.0,52.4,62.0,40.1,7.4,491.15,0.19,0.8,0.61,0.0,100.0,50.0,0.0,4.0,0.5,0.1,0.0006990213818156,1,142.9571394557824,,,-46095.02961198036,0.0,0.0,2.6923073993814186,0.040406100151932,0.0003809523807709,100.0,8.516750811980883,4996.788592
680.0,-11.38,19.88,8.5,9.192388155,0.22,0.0,22.5,0.35,236.0,52.4,62.0,40.1,7.4,491.15,0.19,0.8,0.61,0.0,100.0,50.0,0.0,4.0,0.5,0.1,0.0006990213818156,1,142.9571394557824,,,-46095.02961198036,0.0,0.0,2.6923073993814186,0.040406100151932,0.0003809523807709,100.0,8.329835848870308,4144.736969
680.0,-11.38,19.88,8.5,9.192388155,0.22,0.0,22.5,0.35,236.0,52.4,62.0,40.1,7.4,491.15,0.19,0.8,0.61,0.0,100.0,37.5,-25.0,4.0,0.5,112.09999720000006,0.3740095074698029,0,187.6249953125001,1.4999999625000011,40.0,-57618.787014975445,0.0,0.0,2.6923073993814186,0.040406100151932,0.0003809523807709,125.0,8.096816044261923,3282.995316
680.0,-11.38,19.88,8.5,9.192388155,0.22,0.0,22.5,0.35,236.0,52.4,62.0,40.1,7.4,491.15,0.19,0.8,0.61,0.0,75.0,37.5,0.0,4.0,0.5,84.07499790000004,0.4275362297113425,0,112.57499718750007,1.4999999625000011,40.0,-34571.27220898527,0.0,0.0,2.6923073993814186,0.040406100151932,0.0003809523807709,75.0,9.330419857660472,11274.86475
680.0,-11.38,19.88,8.5,9.192388155,0.22,0.0,22.5,0.35,236.0,52.4,62.0,40.1,7.4,491.15,0.19,0.8,0.61,0.0,60.0,30.0,0.0,4.0,0.5,24.059999400000017,0.2108307026817105,0,90.05999775000006,1.4999999625000011,40.0,-27657.017767188216,0.0,0.0,2.6923073993814186,0.040406100151932,0.0003809523807709,60.0,10.272514190953004,28925.52262
680.0,-11.38,19.88,8.5,9.192388155,0.22,0.0,22.5,0.35,236.0,52.4,62.0,40.1,7.4,491.15,0.19,0.8,0.61,0.0,100.0,30.0,-40.0,4.0,0.5,40.099999000000025,0.1602461630486427,0,210.1399947500001,1.4999999625000011,40.0,-64533.0414567725,0.0,0.0,2.6923073993814186,0.040406100151932,0.0003809523807709,140.0,8.219487061014846,3711.597558
680.0,-11.38,19.88,8.5,9.192388155,0.22,0.0,22.5,0.35,236.0,52.4,62.0,40.1,7.4,491.15,0.19,0.8,0.61,0.0,125.0,50.0,-25.0,4.0,0.5,78.24999804687506,0.2579103485281527,0,225.14999437500012,1.4999999625000011,40.0,-69142.54441797054,0.0,0.0,2.6923073993814186,0.040406100151932,0.0003809523807709,150.0,7.556402823802619,1911.951897
680.0,-11.38,19.88,8.5,9.192388155,0.22,0.0,22.5,0.35,236.0,52.4,62.0,40.1,7.4,491.15,0.19,0.8,0.61,0.0,60.0,10.0,-40.0,4.0,0.5,30.05999900000003,0.1306047961014018,0,200.0999933333336,1.999999933333336,30.0,-46095.02961198036,0.0,0.0,2.6923073993814186,0.040406100151932,0.0003809523807709,100.0,9.561631704952225,14208.01221
676.0,-6.3,14.8,8.5,12.02081528,0.23,1.0,22.5,0.35,236.0,52.4,62.0,40.1,7.4,491.15,0.16,0.8,1.8,0.0,125.0,42.5,-40.0,4.0,0.5,62.62499895833334,0.27492427115251,0,165.16499725000006,0.9999999833333336,60.0,-11019.440573045533,0.0,0.0,1.5882351618470951,0.0523782773499962,0.0005784892387779,165.0,7.352651839574952,1559.328788
676.0,-6.3,14.8,8.5,12.02081528,0.23,1.0,22.5,0.35,236.0,52.4,62.0,40.1,7.4,491.15,0.16,0.8,1.8,0.0,125.0,42.5,-40.0,4.0,0.5,62.6249985119048,0.2097959821309678,0,235.87928010204092,1.428571394557824,42.0,-11019.440573045533,0.0,0.0,1.5882351618470951,0.0523782773499962,0.0005784892387779,165.0,7.451105331324922,1720.765215
676.0,-6.3,14.8,8.5,12.02081528,0.23,1.0,22.5,0.35,236.0,52.4,62.0,40.1,7.4,491.15,0.16,0.8,1.8,0.0,125.0,42.5,-40.0,4.0,0.5,62.62499973958332,0.6019319434627216,0,41.414999828125,0.2499999989583333,240.0,-11019.440573045533,0.0,0.0,1.5882351618470951,0.0523782773499962,0.0005784892387779,165.0,6.970056283119516,1063.28265
676.0,-6.3,14.8,8.5,12.02081528,0.23,1.0,22.5,0.35,236.0,52.4,62.0,40.1,7.4,491.15,0.16,0.8,1.8,0.0,125.0,35.0,-55.0,4.0,0.5,62.62499791666673,0.1481179263597707,0,360.17998800000044,1.999999933333336,30.0,-12021.207897867853,0.0,0.0,1.5882351618470951,0.0523782773499962,0.0005784892387779,180.0,7.419926937237109,1667.911568
676.0,-6.3,14.8,8.5,12.02081528,0.23,1.0,22.5,0.35,236.0,52.4,62.0,40.1,7.4,491.15,0.16,0.8,1.8,0.0,100.0,50.0,0.0,4.0,0.5,50.09999833333338,0.2002398073611453,0,200.0999933333336,1.999999933333336,30.0,-6678.448832148806,0.0,0.0,1.5882351618470951,0.0523782773499962,0.0005784892387779,100.0,8.699678682605548,5999.983687
676.0,-6.3,14.8,8.5,12.02081528,0.23,1.0,22.5,0.35,236.0,52.4,62.0,40.1,7.4,491.15,0.16,0.8,1.8,0.0,100.0,50.0,0.0,4.0,0.5,128.933329038889,0.3918549273899281,0,200.0999933333336,1.999999933333336,30.0,-6678.448832148806,0.0,0.0,1.5882351618470951,0.0523782773499962,0.0005784892387779,100.0,8.438306115609565,4619.721384
676.0,-6.3,14.8,8.5,12.02081528,0.23,1.0,22.5,0.35,236.0,52.4,62.0,40.1,7.4,491.15,0.16,0.8,1.8,0.0,100.0,50.0,0.0,4.0,0.5,50.09999875000003,0.250249749005989,0,150.0999962500001,1.4999999625000011,40.0,-6678.448832148806,0.0,0.0,1.5882351618470951,0.0523782773499962,0.0005784892387779,100.0,8.620234675156933,5541.686972
676.0,-6.3,14.8,8.5,12.02081528,0.23,1.0,22.5,0.35,236.0,52.4,62.0,40.1,7.4,491.15,0.16,0.8,1.8,0.0,100.0,50.0,0.0,4.0,0.5,118.34999704375008,0.4408642188840806,0,150.0999962500001,1.4999999625000011,40.0,-6678.448832148806,0.0,0.0,1.5882351618470951,0.0523782773499962,0.0005784892387779,100.0,8.38253620646457,4369.078304
676.0,-6.3,14.8,8.5,12.02081528,0.23,1.0,22.5,0.35,236.0,52.4,62.0,40.1,7.4,491.15,0.16,0.8,1.8,0.0,100.0,50.0,0.0,4.0,0.5,159.29999681600003,0.5701503200771978,0,120.09999760000004,1.1999999760000006,50.0,-6678.448832148806,0.0,0.0,1.5882351618470951,0.0523782773499962,0.0005784892387779,100.0,8.23880843638673,3784.027519
676.0,-6.3,14.8,8.5,12.02081528,0.23,1.0,22.5,0.35,236.0,52.4,62.0,40.1,7.4,491.15,0.16,0.8,1.8,0.0,100.0,50.0,0.0,4.0,0.5,50.09999916666668,0.3335552574367479,0,100.09999833333336,0.9999999833333336,60.0,-6678.448832148806,0.0,0.0,1.5882351618470951,0.0523782773499962,0.0005784892387779,100.0,8.50826659181337,4954.565621
676.0,-6.3,14.8,8.5,12.02081528,0.23,1.0,22.5,0.35,236.0,52.4,62.0,40.1,7.4,491.15,0.16,0.8,1.8,0.0,100.0,50.0,0.0,4.0,0.5,50.099999375,0.4001597412147751,0,75.09999906250002,0.7499999906250001,80.0,-6678.448832148806,0.0,0.0,1.5882351618470951,0.0523782773499962,0.0005784892387779,100.0,8.428825491472704,4576.121067
676.0,-6.3,14.8,8.5,12.02081528,0.23,1.0,22.5,0.35,236.0,52.4,62.0,40.1,7.4,491.15,0.16,0.8,1.8,0.0,100.0,50.0,0.0,4.0,0.5,59.22499926093751,0.4409082416470462,0,75.09999906250002,0.7499999906250001,80.0,-6678.448832148806,0.0,0.0,1.5882351618470951,0.0523782773499962,0.0005784892387779,100.0,8.38253620646457,4369.078304
676.0,-6.3,14.8,8.5,12.02081528,0.23,1.0,22.5,0.35,236.0,52.4,62.0,40.1,7.4,491.15,0.16,0.8,1.8,0.0,100.0,50.0,0.0,4.0,0.5,77.87777691358025,0.5384083539357478,0,66.76666592592593,0.6666666592592594,90.0,-6678.448832148806,0.0,0.0,1.5882351618470951,0.0523782773499962,0.0005784892387779,100.0,8.274296129074624,3920.761245
676.0,-6.3,14.8,8.5,12.02081528,0.23,1.0,22.5,0.35,236.0,52.4,62.0,40.1,7.4,491.15,0.16,0.8,1.8,0.0,100.0,50.0,0.0,4.0,0.5,70.09999930000001,0.5384024536215111,0,60.0999994,0.599999994,100.0,-6678.448832148806,0.0,0.0,1.5882351618470951,0.0523782773499962,0.0005784892387779,100.0,8.274296129074624,3920.761245
676.0,-6.3,14.8,8.5,12.02081528,0.23,1.0,22.5,0.35,236.0,52.4,62.0,40.1,7.4,491.15,0.16,0.8,1.8,0.0,100.0,50.0,0.0,4.0,0.5,50.09999958333333,0.49999999500998,0,50.09999958333333,0.4999999958333334,120.0,-6678.448832148806,0.0,0.0,1.5882351618470951,0.0523782773499962,0.0005784892387779,100.0,8.31686191816607,4091.297872
676.0,-6.3,14.8,8.5,12.02081528,0.23,1.0,22.5,0.35,236.0,52.4,62.0,40.1,7.4,491.15,0.16,0.8,1.8,0.0,100.0,50.0,0.0,4.0,0.5,50.09999964285714,0.5383788704804484,0,42.95714255102041,0.4285714255102041,140.0,-6678.448832148806,0.0,0.0,1.5882351618470951,0.0523782773499962,0.0005784892387779,100.0,8.274296129074624,3920.761245
676.0,-6.3,14.8,8.5,12.02081528,0.23,1.0,22.5,0.35,236.0,52.4,62.0,40.1,7.4,491.15,0.16,0.8,1.8,0.0,100.0,50.0,0.0,4.0,0.5,50.09999979166666,0.6662233953941235,0,25.09999989583333,0.2499999989583333,240.0,-6678.448832148806,0.0,0.0,1.5882351618470951,0.0523782773499962,0.0005784892387779,100.0,8.12546622608792,3378.443149
676.0,-6.3,14.8,8.5,12.02081528,0.23,1.0,22.5,0.35,236.0,52.4,62.0,40.1,7.4,491.15,0.16,0.8,1.8,0.0,100.0,50.0,0.0,4.0,0.5,43.15555549575617,0.8365280906103939,0,8.433333321759259,0.0833333332175925,720.0,-6678.448832148806,0.0,0.0,1.5882351618470951,0.0523782773499962,0.0005784892387779,100.0,7.86341885705214,2599.395576
676.0,-6.3,14.8,8.5,12.02081528,0.23,1.0,22.5,0.35,236.0,52.4,62.0,40.1,7.4,491.15,0.16,0.8,1.8,0.0,100.0,50.0,0.0,4.0,0.5,0.1,0.0006990213818156,1,142.9571394557824,,,-6678.448832148806,0.0,0.0,1.5882351618470951,0.0523782773499962,0.0005784892387779,100.0,8.78532979292131,6536.628689
676.0,-6.3,14.8,8.5,12.02081528,0.23,1.0,22.5,0.35,236.0,52.4,62.0,40.1,7.4,491.15,0.16,0.8,1.8,0.0,100.0,50.0,0.0,4.0,0.5,0.1,0.0006990213818156,1,142.9571394557824,,,-6678.448832148806,0.0,0.0,1.5882351618470951,0.0523782773499962,0.0005784892387779,100.0,8.499211878647355,4909.896932
676.0,-6.3,14.8,8.5,12.02081528,0.23,1.0,22.5,0.35,236.0,52.4,62.0,40.1,7.4,491.15,0.16,0.8,1.8,0.0,100.0,50.0,0.0,4.0,0.5,0.1,0.0006990213818156,1,142.9571394557824,,,-6678.448832148806,0.0,0.0,1.5882351618470951,0.0523782773499962,0.0005784892387779,100.0,8.312297643174373,4072.662061
676.0,-6.3,14.8,8.5,12.02081528,0.23,1.0,22.5,0.35,236.0,52.4,62.0,40.1,7.4,491.15,0.16,0.8,1.8,0.0,100.0,37.5,-25.0,4.0,0.5,112.09999720000006,0.3740095074698029,0,187.6249953125001,1.4999999625000011,40.0,-8348.061040186009,0.0,0.0,1.5882351618470951,0.0523782773499962,0.0005784892387779,125.0,8.079278958900785,3225.905666
676.0,-6.3,14.8,8.5,12.02081528,0.23,1.0,22.5,0.35,236.0,52.4,62.0,40.1,7.4,491.15,0.16,0.8,1.8,0.0,75.0,37.5,0.0,4.0,0.5,84.07499790000004,0.4275362297113425,0,112.57499718750007,1.4999999625000011,40.0,-5008.836624111605,0.0,0.0,1.5882351618470951,0.0523782773499962,0.0005784892387779,75.0,9.312878952918926,11078.80048
676.0,-6.3,14.8,8.5,12.02081528,0.23,1.0,22.5,0.35,236.0,52.4,62.0,40.1,7.4,491.15,0.16,0.8,1.8,0.0,60.0,30.0,0.0,4.0,0.5,24.059999400000017,0.2108307026817105,0,90.05999775000006,1.4999999625000011,40.0,-4007.069299289284,0.0,0.0,1.5882351618470951,0.0523782773499962,0.0005784892387779,60.0,10.254972328524971,28422.52222
676.0,-6.3,14.8,8.5,12.02081528,0.23,1.0,22.5,0.35,236.0,52.4,62.0,40.1,7.4,491.15,0.16,0.8,1.8,0.0,100.0,30.0,-40.0,4.0,0.5,40.099999000000025,0.1602461630486427,0,210.1399947500001,1.4999999625000011,40.0,-9349.828365008329,0.0,0.0,1.5882351618470951,0.0523782773499962,0.0005784892387779,140.0,8.201949353274673,3647.054728
676.0,-6.3,14.8,8.5,12.02081528,0.23,1.0,22.5,0.35,236.0,52.4,62.0,40.1,7.4,491.15,0.16,0.8,1.8,0.0,125.0,50.0,-25.0,4.0,0.5,78.24999804687506,0.2579103485281527,0,225.14999437500012,1.4999999625000011,40.0,-10017.67324822321,0.0,0.0,1.5882351618470951,0.0523782773499962,0.0005784892387779,150.0,7.538869600343425,1878.704007
676.0,-6.3,14.8,8.5,12.02081528,0.23,1.0,22.5,0.35,236.0,52.4,62.0,40.1,7.4,491.15,0.16,0.8,1.8,0.0,60.0,10.0,-40.0,4.0,0.5,30.05999900000003,0.1306047961014018,0,200.0999933333336,1.999999933333336,30.0,-6678.448832148806,0.0,0.0,1.5882351618470951,0.0523782773499962,0.0005784892387779,100.0,9.544090476240374,13960.94197
676.0,-6.3,14.8,8.5,12.02081528,0.23,1.0,22.5,0.35,236.0,52.4,62.0,40.1,7.4,491.15,0.16,0.8,1.8,0.0,125.0,42.5,-40.0,4.0,0.5,62.62499895833334,0.27492427115251,0,165.16499725000006,0.9999999833333336,60.0,-11019.440573045533,0.0,0.0,1.5882351618470951,0.0523782773499962,0.0005784892387779,165.0,7.395250694178785,1627.233061
676.0,-6.3,14.8,8.5,12.02081528,0.23,1.0,22.5,0.35,236.0,52.4,62.0,40.1,7.4,491.15,0.16,0.8,1.8,0.0,125.0,42.5,-40.0,4.0,0.5,62.6249985119048,0.2097959821309678,0,235.87928010204092,1.428571394557824,42.0,-11019.440573045533,0.0,0.0,1.5882351618470951,0.0523782773499962,0.0005784892387779,165.0,7.493706693620026,1795.699579
676.0,-6.3,14.8,8.5,12.02081528,0.23,1.0,22.5,0.35,236.0,52.4,62.0,40.1,7.4,491.15,0.16,0.8,1.8,0.0,125.0,42.5,-40.0,4.0,0.5,62.62499973958332,0.6019319434627216,0,41.414999828125,0.2499999989583333,240.0,-11019.440573045533,0.0,0.0,1.5882351618470951,0.0523782773499962,0.0005784892387779,165.0,7.012642672335255,1109.585544
676.0,-6.3,14.8,8.5,12.02081528,0.23,1.0,22.5,0.35,236.0,52.4,62.0,40.1,7.4,491.15,0.16,0.8,1.8,0.0,125.0,35.0,-55.0,4.0,0.5,62.62499791666673,0.1481179263597707,0,360.17998800000044,1.999999933333336,30.0,-12021.207897867853,0.0,0.0,1.5882351618470951,0.0523782773499962,0.0005784892387779,180.0,7.462527531917085,1740.544308
676.0,-6.3,14.8,8.5,12.02081528,0.23,1.0,22.5,0.35,236.0,52.4,62.0,40.1,7.4,491.15,0.16,0.8,1.8,0.0,100.0,50.0,0.0,4.0,0.5,50.09999833333338,0.2002398073611453,0,200.0999933333336,1.999999933333336,30.0,-6678.448832148806,0.0,0.0,1.5882351618470951,0.0523782773499962,0.0005784892387779,100.0,8.742297327846785,6261.265677
676.0,-6.3,14.8,8.5,12.02081528,0.23,1.0,22.5,0.35,236.0,52.4,62.0,40.1,7.4,491.15,0.16,0.8,1.8,0.0,100.0,50.0,0.0,4.0,0.5,128.933329038889,0.3918549273899281,0,200.0999933333336,1.999999933333336,30.0,-6678.448832148806,0.0,0.0,1.5882351618470951,0.0523782773499962,0.0005784892387779,100.0,8.480922683564515,4820.89693
676.0,-6.3,14.8,8.5,12.02081528,0.23,1.0,22.5,0.35,236.0,52.4,62.0,40.1,7.4,491.15,0.16,0.8,1.8,0.0,100.0,50.0,0.0,4.0,0.5,50.09999875000003,0.250249749005989,0,150.0999962500001,1.4999999625000011,40.0,-6678.448832148806,0.0,0.0,1.5882351618470951,0.0523782773499962,0.0005784892387779,100.0,8.66285274551022,5783.011462
676.0,-6.3,14.8,8.5,12.02081528,0.23,1.0,22.5,0.35,236.0,52.4,62.0,40.1,7.4,491.15,0.16,0.8,1.8,0.0,100.0,50.0,0.0,4.0,0.5,118.34999704375008,0.4408642188840806,0,150.0999962500001,1.4999999625000011,40.0,-6678.448832148806,0.0,0.0,1.5882351618470951,0.0523782773499962,0.0005784892387779,100.0,8.425152256542347,4559.339067
676.0,-6.3,14.8,8.5,12.02081528,0.23,1.0,22.5,0.35,236.0,52.4,62.0,40.1,7.4,491.15,0.16,0.8,1.8,0.0,100.0,50.0,0.0,4.0,0.5,159.29999681600003,0.5701503200771978,0,120.09999760000004,1.1999999760000006,50.0,-6678.448832148806,0.0,0.0,1.5882351618470951,0.0523782773499962,0.0005784892387779,100.0,8.281423010421381,3948.811007
676.0,-6.3,14.8,8.5,12.02081528,0.23,1.0,22.5,0.35,236.0,52.4,62.0,40.1,7.4,491.15,0.16,0.8,1.8,0.0,100.0,50.0,0.0,4.0,0.5,50.09999916666668,0.3335552574367479,0,100.09999833333336,0.9999999833333336,60.0,-6678.448832148806,0.0,0.0,1.5882351618470951,0.0523782773499962,0.0005784892387779,100.0,8.550883770178698,5170.322669
676.0,-6.3,14.8,8.5,12.02081528,0.23,1.0,22.5,0.35,236.0,52.4,62.0,40.1,7.4,491.15,0.16,0.8,1.8,0.0,100.0,50.0,0.0,4.0,0.5,50.099999375,0.4001597412147751,0,75.09999906250002,0.7499999906250001,80.0,-6678.448832148806,0.0,0.0,1.5882351618470951,0.0523782773499962,0.0005784892387779,100.0,8.471441973628151,4775.397946
676.0,-6.3,14.8,8.5,12.02081528,0.23,1.0,22.5,0.35,236.0,52.4,62.0,40.1,7.4,491.15,0.16,0.8,1.8,0.0,100.0,50.0,0.0,4.0,0.5,59.22499926093751,0.4409082416470462,0,75.09999906250002,0.7499999906250001,80.0,-6678.448832148806,0.0,0.0,1.5882351618470951,0.0523782773499962,0.0005784892387779,100.0,8.425152256542347,4559.339067
676.0,-6.3,14.8,8.5,12.02081528,0.23,1.0,22.5,0.35,236.0,52.4,62.0,40.1,7.4,491.15,0.16,0.8,1.8,0.0,100.0,50.0,0.0,4.0,0.5,77.87777691358025,0.5384083539357478,0,66.76666592592593,0.6666666592592594,90.0,-6678.448832148806,0.0,0.0,1.5882351618470951,0.0523782773499962,0.0005784892387779,100.0,8.316911087620342,4091.499093
676.0,-6.3,14.8,8.5,12.02081528,0.23,1.0,22.5,0.35,236.0,52.4,62.0,40.1,7.4,491.15,0.16,0.8,1.8,0.0,100.0,50.0,0.0,4.0,0.5,70.09999930000001,0.5384024536215111,0,60.0999994,0.599999994,100.0,-6678.448832148806,0.0,0.0,1.5882351618470951,0.0523782773499962,0.0005784892387779,100.0,8.316911087620342,4091.499093
676.0,-6.3,14.8,8.5,12.02081528,0.23,1.0,22.5,0.35,236.0,52.4,62.0,40.1,7.4,491.15,0.16,0.8,1.8,0.0,100.0,50.0,0.0,4.0,0.5,50.09999958333333,0.49999999500998,0,50.09999958333333,0.4999999958333334,120.0,-6678.448832148806,0.0,0.0,1.5882351618470951,0.0523782773499962,0.0005784892387779,100.0,8.359477320039474,4269.462098
676.0,-6.3,14.8,8.5,12.02081528,0.23,1.0,22.5,0.35,236.0,52.4,62.0,40.1,7.4,491.15,0.16,0.8,1.8,0.0,100.0,50.0,0.0,4.0,0.5,50.09999964285714,0.5383788704804484,0,42.95714255102041,0.4285714255102041,140.0,-6678.448832148806,0.0,0.0,1.5882351618470951,0.0523782773499962,0.0005784892387779,100.0,8.316911087620342,4091.499093
676.0,-6.3,14.8,8.5,12.02081528,0.23,1.0,22.5,0.35,236.0,52.4,62.0,40.1,7.4,491.15,0.16,0.8,1.8,0.0,100.0,50.0,0.0,4.0,0.5,50.09999979166666,0.6662233953941235,0,25.09999989583333,0.2499999989583333,240.0,-6678.448832148806,0.0,0.0,1.5882351618470951,0.0523782773499962,0.0005784892387779,100.0,8.168079476911439,3525.564607
676.0,-6.3,14.8,8.5,12.02081528,0.23,1.0,22.5,0.35,236.0,52.4,62.0,40.1,7.4,491.15,0.16,0.8,1.8,0.0,100.0,50.0,0.0,4.0,0.5,43.15555549575617,0.8365280906103939,0,8.433333321759259,0.0833333332175925,720.0,-6678.448832148806,0.0,0.0,1.5882351618470951,0.0523782773499962,0.0005784892387779,100.0,7.906028408667854,2712.591759
676.0,-6.3,14.8,8.5,12.02081528,0.23,1.0,22.5,0.35,236.0,52.4,62.0,40.1,7.4,491.15,0.16,0.8,1.8,0.0,100.0,50.0,0.0,4.0,0.5,0.1,0.0006990213818156,1,142.9571394557824,,,-6678.448832148806,0.0,0.0,1.5882351618470951,0.0523782773499962,0.0005784892387779,100.0,8.827949009043255,6821.280022
676.0,-6.3,14.8,8.5,12.02081528,0.23,1.0,22.5,0.35,236.0,52.4,62.0,40.1,7.4,491.15,0.16,0.8,1.8,0.0,100.0,50.0,0.0,4.0,0.5,0.1,0.0006990213818156,1,142.9571394557824,,,-6678.448832148806,0.0,0.0,1.5882351618470951,0.0523782773499962,0.0005784892387779,100.0,8.541828980343395,5123.708787
676.0,-6.3,14.8,8.5,12.02081528,0.23,1.0,22.5,0.35,236.0,52.4,62.0,40.1,7.4,491.15,0.16,0.8,1.8,0.0,100.0,50.0,0.0,4.0,0.5,0.1,0.0006990213818156,1,142.9571394557824,,,-6678.448832148806,0.0,0.0,1.5882351618470951,0.0523782773499962,0.0005784892387779,100.0,8.354912998359826,4250.014751
676.0,-6.3,14.8,8.5,12.02081528,0.23,1.0,22.5,0.35,236.0,52.4,62.0,40.1,7.4,491.15,0.16,0.8,1.8,0.0,100.0,37.5,-25.0,4.0,0.5,112.09999720000006,0.3740095074698029,0,187.6249953125001,1.4999999625000011,40.0,-8348.061040186009,0.0,0.0,1.5882351618470951,0.0523782773499962,0.0005784892387779,125.0,8.121891626182418,3366.384557
676.0,-6.3,14.8,8.5,12.02081528,0.23,1.0,22.5,0.35,236.0,52.4,62.0,40.1,7.4,491.15,0.16,0.8,1.8,0.0,75.0,37.5,0.0,4.0,0.5,84.07499790000004,0.4275362297113425,0,112.57499718750007,1.4999999625000011,40.0,-5008.836624111605,0.0,0.0,1.5882351618470951,0.0523782773499962,0.0005784892387779,75.0,9.355500785046932,11561.25029
676.0,-6.3,14.8,8.5,12.02081528,0.23,1.0,22.5,0.35,236.0,52.4,62.0,40.1,7.4,491.15,0.16,0.8,1.8,0.0,60.0,30.0,0.0,4.0,0.5,24.059999400000017,0.2108307026817105,0,90.05999775000006,1.4999999625000011,40.0,-4007.069299289284,0.0,0.0,1.5882351618470951,0.0523782773499962,0.0005784892387779,60.0,10.297596459388275,29660.24111
676.0,-6.3,14.8,8.5,12.02081528,0.23,1.0,22.5,0.35,236.0,52.4,62.0,40.1,7.4,491.15,0.16,0.8,1.8,0.0,100.0,30.0,-40.0,4.0,0.5,40.099999000000025,0.1602461630486427,0,210.1399947500001,1.4999999625000011,40.0,-9349.828365008329,0.0,0.0,1.5882351618470951,0.0523782773499962,0.0005784892387779,140.0,8.244563513644515,3805.873447
676.0,-6.3,14.8,8.5,12.02081528,0.23,1.0,22.5,0.35,236.0,52.4,62.0,40.1,7.4,491.15,0.16,0.8,1.8,0.0,125.0,50.0,-25.0,4.0,0.5,78.24999804687506,0.2579103485281527,0,225.14999437500012,1.4999999625000011,40.0,-10017.67324822321,0.0,0.0,1.5882351618470951,0.0523782773499962,0.0005784892387779,150.0,7.5814729991104866,1960.51615
676.0,-6.3,14.8,8.5,12.02081528,0.23,1.0,22.5,0.35,236.0,52.4,62.0,40.1,7.4,491.15,0.16,0.8,1.8,0.0,60.0,10.0,-40.0,4.0,0.5,30.05999900000003,0.1306047961014018,0,200.0999933333336,1.999999933333336,30.0,-6678.448832148806,0.0,0.0,1.5882351618470951,0.0523782773499962,0.0005784892387779,100.0,9.586713086537356,14568.90074
676.0,-6.3,13.2,6.899999999999999,12.02081528,0.23,1.0,20.9,0.38,230.0,45.2,62.0,37.0,7.3,490.15,0.16,0.8,1.8,0.0,125.0,42.5,-40.0,1.0,0.5,62.62499895833334,0.27492427115251,0,165.16499725000006,0.9999999833333336,60.0,-11019.440573045533,0.0,0.0,1.5882351618470951,0.0523782773499962,0.0005784892387779,165.0,6.935631791238904,1027.268698
676.0,-6.3,13.2,6.899999999999999,12.02081528,0.23,1.0,20.9,0.38,230.0,45.2,62.0,37.0,7.3,490.15,0.16,0.8,1.8,0.0,125.0,42.5,-40.0,1.0,0.5,62.6249985119048,0.2097959821309678,0,235.87928010204092,1.428571394557824,42.0,-11019.440573045533,0.0,0.0,1.5882351618470951,0.0523782773499962,0.0005784892387779,165.0,7.034054169377836,1133.621245
676.0,-6.3,13.2,6.899999999999999,12.02081528,0.23,1.0,20.9,0.38,230.0,45.2,62.0,37.0,7.3,490.15,0.16,0.8,1.8,0.0,125.0,42.5,-40.0,1.0,0.5,62.62499973958332,0.6019319434627216,0,41.414999828125,0.2499999989583333,240.0,-11019.440573045533,0.0,0.0,1.5882351618470951,0.0523782773499962,0.0005784892387779,165.0,6.553190883696463,700.4789442
676.0,-6.3,13.2,6.899999999999999,12.02081528,0.23,1.0,20.9,0.38,230.0,45.2,62.0,37.0,7.3,490.15,0.16,0.8,1.8,0.0,125.0,35.0,-55.0,1.0,0.5,62.62499791666673,0.1481179263597707,0,360.17998800000044,1.999999933333336,30.0,-12021.207897867853,0.0,0.0,1.5882351618470951,0.0523782773499962,0.0005784892387779,180.0,7.002885298922284,1098.801842
676.0,-6.3,13.2,6.899999999999999,12.02081528,0.23,1.0,20.9,0.38,230.0,45.2,62.0,37.0,7.3,490.15,0.16,0.8,1.8,0.0,100.0,50.0,0.0,1.0,0.5,50.09999833333338,0.2002398073611453,0,200.0999933333336,1.999999933333336,30.0,-6678.448832148806,0.0,0.0,1.5882351618470951,0.0523782773499962,0.0005784892387779,100.0,8.282413053383234,3952.723426
676.0,-6.3,13.2,6.899999999999999,12.02081528,0.23,1.0,20.9,0.38,230.0,45.2,62.0,37.0,7.3,490.15,0.16,0.8,1.8,0.0,100.0,50.0,0.0,1.0,0.5,128.933329038889,0.3918549273899281,0,200.0999933333336,1.999999933333336,30.0,-6678.448832148806,0.0,0.0,1.5882351618470951,0.0523782773499962,0.0005784892387779,100.0,8.02106626523117,3043.421764
676.0,-6.3,13.2,6.899999999999999,12.02081528,0.23,1.0,20.9,0.38,230.0,45.2,62.0,37.0,7.3,490.15,0.16,0.8,1.8,0.0,100.0,50.0,0.0,1.0,0.5,50.09999875000003,0.250249749005989,0,150.0999962500001,1.4999999625000011,40.0,-6678.448832148806,0.0,0.0,1.5882351618470951,0.0523782773499962,0.0005784892387779,100.0,8.202976181655611,3650.802578
676.0,-6.3,13.2,6.899999999999999,12.02081528,0.23,1.0,20.9,0.38,230.0,45.2,62.0,37.0,7.3,490.15,0.16,0.8,1.8,0.0,100.0,50.0,0.0,1.0,0.5,118.34999704375008,0.4408642188840806,0,150.0999962500001,1.4999999625000011,40.0,-6678.448832148806,0.0,0.0,1.5882351618470951,0.0523782773499962,0.0005784892387779,100.0,7.965302783936858,2878.300852
676.0,-6.3,13.2,6.899999999999999,12.02081528,0.23,1.0,20.9,0.38,230.0,45.2,62.0,37.0,7.3,490.15,0.16,0.8,1.8,0.0,100.0,50.0,0.0,1.0,0.5,159.29999681600003,0.5701503200771978,0,120.09999760000004,1.1999999760000006,50.0,-6678.448832148806,0.0,0.0,1.5882351618470951,0.0523782773499962,0.0005784892387779,100.0,7.821593331094851,2492.875814
676.0,-6.3,13.2,6.899999999999999,12.02081528,0.23,1.0,20.9,0.38,230.0,45.2,62.0,37.0,7.3,490.15,0.16,0.8,1.8,0.0,100.0,50.0,0.0,1.0,0.5,50.09999916666668,0.3335552574367479,0,100.09999833333336,0.9999999833333336,60.0,-6678.448832148806,0.0,0.0,1.5882351618470951,0.0523782773499962,0.0005784892387779,100.0,8.091019168501404,3264.013474
676.0,-6.3,13.2,6.899999999999999,12.02081528,0.23,1.0,20.9,0.38,230.0,45.2,62.0,37.0,7.3,490.15,0.16,0.8,1.8,0.0,100.0,50.0,0.0,1.0,0.5,50.099999375,0.4001597412147751,0,75.09999906250002,0.7499999906250001,80.0,-6678.448832148806,0.0,0.0,1.5882351618470951,0.0523782773499962,0.0005784892387779,100.0,8.011586708873999,3014.698354
676.0,-6.3,13.2,6.899999999999999,12.02081528,0.23,1.0,20.9,0.38,230.0,45.2,62.0,37.0,7.3,490.15,0.16,0.8,1.8,0.0,100.0,50.0,0.0,1.0,0.5,59.22499926093751,0.4409082416470462,0,75.09999906250002,0.7499999906250001,80.0,-6678.448832148806,0.0,0.0,1.5882351618470951,0.0523782773499962,0.0005784892387779,100.0,7.965302783936858,2878.300852
676.0,-6.3,13.2,6.899999999999999,12.02081528,0.23,1.0,20.9,0.38,230.0,45.2,62.0,37.0,7.3,490.15,0.16,0.8,1.8,0.0,100.0,50.0,0.0,1.0,0.5,77.87777691358025,0.5384083539357478,0,66.76666592592593,0.6666666592592594,90.0,-6678.448832148806,0.0,0.0,1.5882351618470951,0.0523782773499962,0.0005784892387779,100.0,7.857076253679304,2582.954493
676.0,-6.3,13.2,6.899999999999999,12.02081528,0.23,1.0,20.9,0.38,230.0,45.2,62.0,37.0,7.3,490.15,0.16,0.8,1.8,0.0,100.0,50.0,0.0,1.0,0.5,70.09999930000001,0.5384024536215111,0,60.0999994,0.599999994,100.0,-6678.448832148806,0.0,0.0,1.5882351618470951,0.0523782773499962,0.0005784892387779,100.0,7.857076253679304,2582.954493
676.0,-6.3,13.2,6.899999999999999,12.02081528,0.23,1.0,20.9,0.38,230.0,45.2,62.0,37.0,7.3,490.15,0.16,0.8,1.8,0.0,100.0,50.0,0.0,1.0,0.5,50.09999958333333,0.49999999500998,0,50.09999958333333,0.4999999958333334,120.0,-6678.448832148806,0.0,0.0,1.5882351618470951,0.0523782773499962,0.0005784892387779,100.0,7.899636539936331,2695.302152
676.0,-6.3,13.2,6.899999999999999,12.02081528,0.23,1.0,20.9,0.38,230.0,45.2,62.0,37.0,7.3,490.15,0.16,0.8,1.8,0.0,100.0,50.0,0.0,1.0,0.5,50.09999964285714,0.5383788704804484,0,42.95714255102041,0.4285714255102041,140.0,-6678.448832148806,0.0,0.0,1.5882351618470951,0.0523782773499962,0.0005784892387779,100.0,7.857076253679304,2582.954493
676.0,-6.3,13.2,6.899999999999999,12.02081528,0.23,1.0,20.9,0.38,230.0,45.2,62.0,37.0,7.3,490.15,0.16,0.8,1.8,0.0,100.0,50.0,0.0,1.0,0.5,50.09999979166666,0.6662233953941235,0,25.09999989583333,0.2499999989583333,240.0,-6678.448832148806,0.0,0.0,1.5882351618470951,0.0523782773499962,0.0005784892387779,100.0,7.708267541164396,2225.681281
676.0,-6.3,13.2,6.899999999999999,12.02081528,0.23,1.0,20.9,0.38,230.0,45.2,62.0,37.0,7.3,490.15,0.16,0.8,1.8,0.0,100.0,50.0,0.0,1.0,0.5,43.15555549575617,0.8365280906103939,0,8.433333321759259,0.0833333332175925,720.0,-6678.448832148806,0.0,0.0,1.5882351618470951,0.0523782773499962,0.0005784892387779,100.0,7.446266079198089,1712.453287
676.0,-6.3,13.2,6.899999999999999,12.02081528,0.23,1.0,20.9,0.38,230.0,45.2,62.0,37.0,7.3,490.15,0.16,0.8,1.8,0.0,100.0,50.0,0.0,1.0,0.5,0.1,0.0006990213818156,1,142.9571394557824,,,-6678.448832148806,0.0,0.0,1.5882351618470951,0.0523782773499962,0.0005784892387779,100.0,8.368057079666803,4306.259266
676.0,-6.3,13.2,6.899999999999999,12.02081528,0.23,1.0,20.9,0.38,230.0,45.2,62.0,37.0,7.3,490.15,0.16,0.8,1.8,0.0,100.0,50.0,0.0,1.0,0.5,0.1,0.0006990213818156,1,142.9571394557824,,,-6678.448832148806,0.0,0.0,1.5882351618470951,0.0523782773499962,0.0005784892387779,100.0,8.08196540566435,3234.586231
676.0,-6.3,13.2,6.899999999999999,12.02081528,0.23,1.0,20.9,0.38,230.0,45.2,62.0,37.0,7.3,490.15,0.16,0.8,1.8,0.0,100.0,50.0,0.0,1.0,0.5,0.1,0.0006990213818156,1,142.9571394557824,,,-6678.448832148806,0.0,0.0,1.5882351618470951,0.0523782773499962,0.0005784892387779,100.0,7.895072843800509,2683.025084
676.0,-6.3,13.2,6.899999999999999,12.02081528,0.23,1.0,20.9,0.38,230.0,45.2,62.0,37.0,7.3,490.15,0.16,0.8,1.8,0.0,100.0,37.5,-25.0,1.0,0.5,112.09999720000006,0.3740095074698029,0,187.6249953125001,1.4999999625000011,40.0,-8348.061040186009,0.0,0.0,1.5882351618470951,0.0523782773499962,0.0005784892387779,125.0,7.662087517696495,2125.191261
676.0,-6.3,13.2,6.899999999999999,12.02081528,0.23,1.0,20.9,0.38,230.0,45.2,62.0,37.0,7.3,490.15,0.16,0.8,1.8,0.0,75.0,37.5,0.0,1.0,0.5,84.07499790000004,0.4275362297113425,0,112.57499718750007,1.4999999625000011,40.0,-5008.836624111605,0.0,0.0,1.5882351618470951,0.0523782773499962,0.0005784892387779,75.0,8.895573763384352,7298.592206
676.0,-6.3,13.2,6.899999999999999,12.02081528,0.23,1.0,20.9,0.38,230.0,45.2,62.0,37.0,7.3,490.15,0.16,0.8,1.8,0.0,60.0,30.0,0.0,1.0,0.5,24.059999400000017,0.2108307026817105,0,90.05999775000006,1.4999999625000011,40.0,-4007.069299289284,0.0,0.0,1.5882351618470951,0.0523782773499962,0.0005784892387779,60.0,9.837638616379712,18724.44581
676.0,-6.3,13.2,6.899999999999999,12.02081528,0.23,1.0,20.9,0.38,230.0,45.2,62.0,37.0,7.3,490.15,0.16,0.8,1.8,0.0,100.0,30.0,-40.0,1.0,0.5,40.099999000000025,0.1602461630486427,0,210.1399947500001,1.4999999625000011,40.0,-9349.828365008329,0.0,0.0,1.5882351618470951,0.0523782773499962,0.0005784892387779,140.0,7.784739385500663,2402.639643
676.0,-6.3,13.2,6.899999999999999,12.02081528,0.23,1.0,20.9,0.38,230.0,45.2,62.0,37.0,7.3,490.15,0.16,0.8,1.8,0.0,125.0,50.0,-25.0,1.0,0.5,78.24999804687506,0.2579103485281527,0,225.14999437500012,1.4999999625000011,40.0,-10017.67324822321,0.0,0.0,1.5882351618470951,0.0523782773499962,0.0005784892387779,150.0,7.1217931697127845,1237.669588
676.0,-6.3,13.2,6.899999999999999,12.02081528,0.23,1.0,20.9,0.38,230.0,45.2,62.0,37.0,7.3,490.15,0.16,0.8,1.8,0.0,60.0,10.0,-40.0,1.0,0.5,30.05999900000003,0.1306047961014018,0,200.0999933333336,1.999999933333336,30.0,-6678.448832148806,0.0,0.0,1.5882351618470951,0.0523782773499962,0.0005784892387779,100.0,9.126775637792466,9197.315402
676.0,-6.3,13.0,6.699999999999999,12.02081528,0.23,1.0,20.7,0.36,232.0,50.0,58.0,41.6,7.37,490.15,0.16,0.8,1.8,0.0,125.0,42.5,-40.0,3.0,0.5,62.62499895833334,0.27492427115251,0,165.16499725000006,0.9999999833333336,60.0,-11019.440573045533,0.0,0.0,1.5882351618470951,0.0523782773499962,0.0005784892387779,165.0,7.448890663920292,1716.956297
676.0,-6.3,13.0,6.699999999999999,12.02081528,0.23,1.0,20.7,0.36,232.0,50.0,58.0,41.6,7.37,490.15,0.16,0.8,1.8,0.0,125.0,42.5,-40.0,3.0,0.5,62.6249985119048,0.2097959821309678,0,235.87928010204092,1.428571394557824,42.0,-11019.440573045533,0.0,0.0,1.5882351618470951,0.0523782773499962,0.0005784892387779,165.0,7.547349672844315,1894.711811
676.0,-6.3,13.0,6.699999999999999,12.02081528,0.23,1.0,20.7,0.36,232.0,50.0,58.0,41.6,7.37,490.15,0.16,0.8,1.8,0.0,125.0,42.5,-40.0,3.0,0.5,62.62499973958332,0.6019319434627216,0,41.414999828125,0.2499999989583333,240.0,-11019.440573045533,0.0,0.0,1.5882351618470951,0.0523782773499962,0.0005784892387779,165.0,7.066267681508967,1170.766457
676.0,-6.3,13.0,6.699999999999999,12.02081528,0.23,1.0,20.7,0.36,232.0,50.0,58.0,41.6,7.37,490.15,0.16,0.8,1.8,0.0,125.0,35.0,-55.0,3.0,0.5,62.62499791666673,0.1481179263597707,0,360.17998800000044,1.999999933333336,30.0,-12021.207897867853,0.0,0.0,1.5882351618470951,0.0523782773499962,0.0005784892387779,180.0,7.516169589691514,1836.515359
676.0,-6.3,13.0,6.699999999999999,12.02081528,0.23,1.0,20.7,0.36,232.0,50.0,58.0,41.6,7.37,490.15,0.16,0.8,1.8,0.0,100.0,50.0,0.0,3.0,0.5,50.09999833333338,0.2002398073611453,0,200.0999933333336,1.999999933333336,30.0,-6678.448832148806,0.0,0.0,1.5882351618470951,0.0523782773499962,0.0005784892387779,100.0,8.795961047840452,6606.502652
676.0,-6.3,13.0,6.699999999999999,12.02081528,0.23,1.0,20.7,0.36,232.0,50.0,58.0,41.6,7.37,490.15,0.16,0.8,1.8,0.0,100.0,50.0,0.0,3.0,0.5,128.933329038889,0.3918549273899281,0,200.0999933333336,1.999999933333336,30.0,-6678.448832148806,0.0,0.0,1.5882351618470951,0.0523782773499962,0.0005784892387779,100.0,8.534583910831032,5086.714092
676.0,-6.3,13.0,6.699999999999999,12.02081528,0.23,1.0,20.7,0.36,232.0,50.0,58.0,41.6,7.37,490.15,0.16,0.8,1.8,0.0,100.0,50.0,0.0,3.0,0.5,50.09999875000003,0.250249749005989,0,150.0999962500001,1.4999999625000011,40.0,-6678.448832148806,0.0,0.0,1.5882351618470951,0.0523782773499962,0.0005784892387779,100.0,8.716515775438914,6101.878203
676.0,-6.3,13.0,6.699999999999999,12.02081528,0.23,1.0,20.7,0.36,232.0,50.0,58.0,41.6,7.37,490.15,0.16,0.8,1.8,0.0,100.0,50.0,0.0,3.0,0.5,118.34999704375008,0.4408642188840806,0,150.0999962500001,1.4999999625000011,40.0,-6678.448832148806,0.0,0.0,1.5882351618470951,0.0523782773499962,0.0005784892387779,100.0,8.47881286214548,4810.734313
676.0,-6.3,13.0,6.699999999999999,12.02081528,0.23,1.0,20.7,0.36,232.0,50.0,58.0,41.6,7.37,490.15,0.16,0.8,1.8,0.0,100.0,50.0,0.0,3.0,0.5,159.29999681600003,0.5701503200771978,0,120.09999760000004,1.1999999760000006,50.0,-6678.448832148806,0.0,0.0,1.5882351618470951,0.0523782773499962,0.0005784892387779,100.0,8.335081844686599,4166.542634
676.0,-6.3,13.0,6.699999999999999,12.02081528,0.23,1.0,20.7,0.36,232.0,50.0,58.0,41.6,7.37,490.15,0.16,0.8,1.8,0.0,100.0,50.0,0.0,3.0,0.5,50.09999916666668,0.3335552574367479,0,100.09999833333336,0.9999999833333336,60.0,-6678.448832148806,0.0,0.0,1.5882351618470951,0.0523782773499962,0.0005784892387779,100.0,8.604545729737055,5455.406652
676.0,-6.3,13.0,6.699999999999999,12.02081528,0.23,1.0,20.7,0.36,232.0,50.0,58.0,41.6,7.37,490.15,0.16,0.8,1.8,0.0,100.0,50.0,0.0,3.0,0.5,50.099999375,0.4001597412147751,0,75.09999906250002,0.7499999906250001,80.0,-6678.448832148806,0.0,0.0,1.5882351618470951,0.0523782773499962,0.0005784892387779,100.0,8.525103097661786,5038.706361
676.0,-6.3,13.0,6.699999999999999,12.02081528,0.23,1.0,20.7,0.36,232.0,50.0,58.0,41.6,7.37,490.15,0.16,0.8,1.8,0.0,100.0,50.0,0.0,3.0,0.5,59.22499926093751,0.4409082416470462,0,75.09999906250002,0.7499999906250001,80.0,-6678.448832148806,0.0,0.0,1.5882351618470951,0.0523782773499962,0.0005784892387779,100.0,8.47881286214548,4810.734313
676.0,-6.3,13.0,6.699999999999999,12.02081528,0.23,1.0,20.7,0.36,232.0,50.0,58.0,41.6,7.37,490.15,0.16,0.8,1.8,0.0,100.0,50.0,0.0,3.0,0.5,77.87777691358025,0.5384083539357478,0,66.76666592592593,0.6666666592592594,90.0,-6678.448832148806,0.0,0.0,1.5882351618470951,0.0523782773499962,0.0005784892387779,100.0,8.370570383163775,4317.098331
676.0,-6.3,13.0,6.699999999999999,12.02081528,0.23,1.0,20.7,0.36,232.0,50.0,58.0,41.6,7.37,490.15,0.16,0.8,1.8,0.0,100.0,50.0,0.0,3.0,0.5,70.09999930000001,0.5384024536215111,0,60.0999994,0.599999994,100.0,-6678.448832148806,0.0,0.0,1.5882351618470951,0.0523782773499962,0.0005784892387779,100.0,8.370570383163775,4317.098331
676.0,-6.3,13.0,6.699999999999999,12.02081528,0.23,1.0,20.7,0.36,232.0,50.0,58.0,41.6,7.37,490.15,0.16,0.8,1.8,0.0,100.0,50.0,0.0,3.0,0.5,50.09999958333333,0.49999999500998,0,50.09999958333333,0.4999999958333334,120.0,-6678.448832148806,0.0,0.0,1.5882351618470951,0.0523782773499962,0.0005784892387779,100.0,8.413137147897883,4504.873955
676.0,-6.3,13.0,6.699999999999999,12.02081528,0.23,1.0,20.7,0.36,232.0,50.0,58.0,41.6,7.37,490.15,0.16,0.8,1.8,0.0,100.0,50.0,0.0,3.0,0.5,50.09999964285714,0.5383788704804484,0,42.95714255102041,0.4285714255102041,140.0,-6678.448832148806,0.0,0.0,1.5882351618470951,0.0523782773499962,0.0005784892387779,100.0,8.370570383163775,4317.098331
676.0,-6.3,13.0,6.699999999999999,12.02081528,0.23,1.0,20.7,0.36,232.0,50.0,58.0,41.6,7.37,490.15,0.16,0.8,1.8,0.0,100.0,50.0,0.0,3.0,0.5,50.09999979166666,0.6662233953941235,0,25.09999989583333,0.2499999989583333,240.0,-6678.448832148806,0.0,0.0,1.5882351618470951,0.0523782773499962,0.0005784892387779,100.0,8.22173672344866,3719.959051
676.0,-6.3,13.0,6.699999999999999,12.02081528,0.23,1.0,20.7,0.36,232.0,50.0,58.0,41.6,7.37,490.15,0.16,0.8,1.8,0.0,100.0,50.0,0.0,3.0,0.5,43.15555549575617,0.8365280906103939,0,8.433333321759259,0.0833333332175925,720.0,-6678.448832148806,0.0,0.0,1.5882351618470951,0.0523782773499962,0.0005784892387779,100.0,7.959681215864803,2862.160077
676.0,-6.3,13.0,6.699999999999999,12.02081528,0.23,1.0,20.7,0.36,232.0,50.0,58.0,41.6,7.37,490.15,0.16,0.8,1.8,0.0,100.0,50.0,0.0,3.0,0.5,0.1,0.0006990213818156,1,142.9571394557824,,,-6678.448832148806,0.0,0.0,1.5882351618470951,0.0523782773499962,0.0005784892387779,100.0,8.881613414054693,7197.395364
676.0,-6.3,13.0,6.699999999999999,12.02081528,0.23,1.0,20.7,0.36,232.0,50.0,58.0,41.6,7.37,490.15,0.16,0.8,1.8,0.0,100.0,50.0,0.0,3.0,0.5,0.1,0.0006990213818156,1,142.9571394557824,,,-6678.448832148806,0.0,0.0,1.5882351618470951,0.0523782773499962,0.0005784892387779,100.0,8.595490847957949,5406.222549
676.0,-6.3,13.0,6.699999999999999,12.02081528,0.23,1.0,20.7,0.36,232.0,50.0,58.0,41.6,7.37,490.15,0.16,0.8,1.8,0.0,100.0,50.0,0.0,3.0,0.5,0.1,0.0006990213818156,1,142.9571394557824,,,-6678.448832148806,0.0,0.0,1.5882351618470951,0.0523782773499962,0.0005784892387779,100.0,8.408572770257821,4484.35431
676.0,-6.3,13.0,6.699999999999999,12.02081528,0.23,1.0,20.7,0.36,232.0,50.0,58.0,41.6,7.37,490.15,0.16,0.8,1.8,0.0,100.0,37.5,-25.0,3.0,0.5,112.09999720000006,0.3740095074698029,0,187.6249953125001,1.4999999625000011,40.0,-8348.061040186009,0.0,0.0,1.5882351618470951,0.0523782773499962,0.0005784892387779,125.0,8.175548172153706,3552.002047
676.0,-6.3,13.0,6.699999999999999,12.02081528,0.23,1.0,20.7,0.36,232.0,50.0,58.0,41.6,7.37,490.15,0.16,0.8,1.8,0.0,75.0,37.5,0.0,3.0,0.5,84.07499790000004,0.4275362297113425,0,112.57499718750007,1.4999999625000011,40.0,-5008.836624111605,0.0,0.0,1.5882351618470951,0.0523782773499962,0.0005784892387779,75.0,9.409168330459138,12198.72062
676.0,-6.3,13.0,6.699999999999999,12.02081528,0.23,1.0,20.7,0.36,232.0,50.0,58.0,41.6,7.37,490.15,0.16,0.8,1.8,0.0,60.0,30.0,0.0,3.0,0.5,24.059999400000017,0.2108307026817105,0,90.05999775000006,1.4999999625000011,40.0,-4007.069299289284,0.0,0.0,1.5882351618470951,0.0523782773499962,0.0005784892387779,60.0,10.351266762538463,31295.66316
676.0,-6.3,13.0,6.699999999999999,12.02081528,0.23,1.0,20.7,0.36,232.0,50.0,58.0,41.6,7.37,490.15,0.16,0.8,1.8,0.0,100.0,30.0,-40.0,3.0,0.5,40.099999000000025,0.1602461630486427,0,210.1399947500001,1.4999999625000011,40.0,-9349.828365008329,0.0,0.0,1.5882351618470951,0.0523782773499962,0.0005784892387779,140.0,8.298221851062722,4015.723707
676.0,-6.3,13.0,6.699999999999999,12.02081528,0.23,1.0,20.7,0.36,232.0,50.0,58.0,41.6,7.37,490.15,0.16,0.8,1.8,0.0,125.0,50.0,-25.0,3.0,0.5,78.24999804687506,0.2579103485281527,0,225.14999437500012,1.4999999625000011,40.0,-10017.67324822321,0.0,0.0,1.5882351618470951,0.0523782773499962,0.0005784892387779,150.0,7.635118422202116,2068.616125
676.0,-6.3,13.0,6.699999999999999,12.02081528,0.23,1.0,20.7,0.36,232.0,50.0,58.0,41.6,7.37,490.15,0.16,0.8,1.8,0.0,60.0,10.0,-40.0,3.0,0.5,30.05999900000003,0.1306047961014018,0,200.0999933333336,1.999999933333336,30.0,-6678.448832148806,0.0,0.0,1.5882351618470951,0.0523782773499962,0.0005784892387779,100.0,9.640381564910012,15372.20849
676.0,-6.3,22.3,16.0,12.02081528,0.23,1.0,30.0,0.36,234.0,39.0,62.8,44.1,7.4,494.15,0.16,0.8,1.8,0.0,125.0,42.5,-40.0,3.5,0.0,62.62499895833334,0.27492427115251,0,165.16499725000006,0.9999999833333336,60.0,-11019.440573045533,0.0,0.0,1.5882351618470951,0.0523782773499962,0.0005784892387779,165.0,7.37717323237825,1598.063193
676.0,-6.3,22.3,16.0,12.02081528,0.23,1.0,30.0,0.36,234.0,39.0,62.8,44.1,7.4,494.15,0.16,0.8,1.8,0.0,125.0,42.5,-40.0,3.5,0.0,62.6249985119048,0.2097959821309678,0,235.87928010204092,1.428571394557824,42.0,-11019.440573045533,0.0,0.0,1.5882351618470951,0.0523782773499962,0.0005784892387779,165.0,7.475628180646039,1763.509771
676.0,-6.3,22.3,16.0,12.02081528,0.23,1.0,30.0,0.36,234.0,39.0,62.8,44.1,7.4,494.15,0.16,0.8,1.8,0.0,125.0,42.5,-40.0,3.5,0.0,62.62499973958332,0.6019319434627216,0,41.414999828125,0.2499999989583333,240.0,-11019.440573045533,0.0,0.0,1.5882351618470951,0.0523782773499962,0.0005784892387779,165.0,6.994570435305084,1089.695053
676.0,-6.3,22.3,16.0,12.02081528,0.23,1.0,30.0,0.36,234.0,39.0,62.8,44.1,7.4,494.15,0.16,0.8,1.8,0.0,125.0,35.0,-55.0,3.5,0.0,62.62499791666673,0.1481179263597707,0,360.17998800000044,1.999999933333336,30.0,-12021.207897867853,0.0,0.0,1.5882351618470951,0.0523782773499962,0.0005784892387779,180.0,7.444449340468036,1709.343216
676.0,-6.3,22.3,16.0,12.02081528,0.23,1.0,30.0,0.36,234.0,39.0,62.8,44.1,7.4,494.15,0.16,0.8,1.8,0.0,100.0,50.0,0.0,3.5,0.0,50.09999833333338,0.2002398073611453,0,200.0999933333336,1.999999933333336,30.0,-6678.448832148806,0.0,0.0,1.5882351618470951,0.0523782773499962,0.0005784892387779,100.0,8.7242115705478,6149.02589
676.0,-6.3,22.3,16.0,12.02081528,0.23,1.0,30.0,0.36,234.0,39.0,62.8,44.1,7.4,494.15,0.16,0.8,1.8,0.0,100.0,50.0,0.0,3.5,0.0,128.933329038889,0.3918549273899281,0,200.0999933333336,1.999999933333336,30.0,-6678.448832148806,0.0,0.0,1.5882351618470951,0.0523782773499962,0.0005784892387779,100.0,8.462837796950277,4734.477271
676.0,-6.3,22.3,16.0,12.02081528,0.23,1.0,30.0,0.36,234.0,39.0,62.8,44.1,7.4,494.15,0.16,0.8,1.8,0.0,100.0,50.0,0.0,3.5,0.0,50.09999875000003,0.250249749005989,0,150.0999962500001,1.4999999625000011,40.0,-6678.448832148806,0.0,0.0,1.5882351618470951,0.0523782773499962,0.0005784892387779,100.0,8.644767229238047,5679.344886
676.0,-6.3,22.3,16.0,12.02081528,0.23,1.0,30.0,0.36,234.0,39.0,62.8,44.1,7.4,494.15,0.16,0.8,1.8,0.0,100.0,50.0,0.0,3.5,0.0,118.34999704375008,0.4408642188840806,0,150.0999962500001,1.4999999625000011,40.0,-6678.448832148806,0.0,0.0,1.5882351618470951,0.0523782773499962,0.0005784892387779,100.0,8.407067586956266,4477.608108
676.0,-6.3,22.3,16.0,12.02081528,0.23,1.0,30.0,0.36,234.0,39.0,62.8,44.1,7.4,494.15,0.16,0.8,1.8,0.0,100.0,50.0,0.0,3.5,0.0,159.29999681600003,0.5701503200771978,0,120.09999760000004,1.1999999760000006,50.0,-6678.448832148806,0.0,0.0,1.5882351618470951,0.0523782773499962,0.0005784892387779,100.0,8.263338959505761,3878.024407
676.0,-6.3,22.3,16.0,12.02081528,0.23,1.0,30.0,0.36,234.0,39.0,62.8,44.1,7.4,494.15,0.16,0.8,1.8,0.0,100.0,50.0,0.0,3.5,0.0,50.09999916666668,0.3335552574367479,0,100.09999833333336,0.9999999833333336,60.0,-6678.448832148806,0.0,0.0,1.5882351618470951,0.0523782773499962,0.0005784892387779,100.0,8.532798627718579,5077.639185
676.0,-6.3,22.3,16.0,12.02081528,0.23,1.0,30.0,0.36,234.0,39.0,62.8,44.1,7.4,494.15,0.16,0.8,1.8,0.0,100.0,50.0,0.0,3.5,0.0,50.099999375,0.4001597412147751,0,75.09999906250002,0.7499999906250001,80.0,-6678.448832148806,0.0,0.0,1.5882351618470951,0.0523782773499962,0.0005784892387779,100.0,8.45335712302096,4689.793904
676.0,-6.3,22.3,16.0,12.02081528,0.23,1.0,30.0,0.36,234.0,39.0,62.8,44.1,7.4,494.15,0.16,0.8,1.8,0.0,100.0,50.0,0.0,3.5,0.0,59.22499926093751,0.4409082416470462,0,75.09999906250002,0.7499999906250001,80.0,-6678.448832148806,0.0,0.0,1.5882351618470951,0.0523782773499962,0.0005784892387779,100.0,8.407067586956266,4477.608108
676.0,-6.3,22.3,16.0,12.02081528,0.23,1.0,30.0,0.36,234.0,39.0,62.8,44.1,7.4,494.15,0.16,0.8,1.8,0.0,100.0,50.0,0.0,3.5,0.0,77.87777691358025,0.5384083539357478,0,66.76666592592593,0.6666666592592594,90.0,-6678.448832148806,0.0,0.0,1.5882351618470951,0.0523782773499962,0.0005784892387779,100.0,8.298826875669477,4018.154659
676.0,-6.3,22.3,16.0,12.02081528,0.23,1.0,30.0,0.36,234.0,39.0,62.8,44.1,7.4,494.15,0.16,0.8,1.8,0.0,100.0,50.0,0.0,3.5,0.0,70.09999930000001,0.5384024536215111,0,60.0999994,0.599999994,100.0,-6678.448832148806,0.0,0.0,1.5882351618470951,0.0523782773499962,0.0005784892387779,100.0,8.298826875669477,4018.154659
676.0,-6.3,22.3,16.0,12.02081528,0.23,1.0,30.0,0.36,234.0,39.0,62.8,44.1,7.4,494.15,0.16,0.8,1.8,0.0,100.0,50.0,0.0,3.5,0.0,50.09999958333333,0.49999999500998,0,50.09999958333333,0.4999999958333334,120.0,-6678.448832148806,0.0,0.0,1.5882351618470951,0.0523782773499962,0.0005784892387779,100.0,8.341392922328145,4192.92749
676.0,-6.3,22.3,16.0,12.02081528,0.23,1.0,30.0,0.36,234.0,39.0,62.8,44.1,7.4,494.15,0.16,0.8,1.8,0.0,100.0,50.0,0.0,3.5,0.0,50.09999964285714,0.5383788704804484,0,42.95714255102041,0.4285714255102041,140.0,-6678.448832148806,0.0,0.0,1.5882351618470951,0.0523782773499962,0.0005784892387779,100.0,8.298826875669477,4018.154659
676.0,-6.3,22.3,16.0,12.02081528,0.23,1.0,30.0,0.36,234.0,39.0,62.8,44.1,7.4,494.15,0.16,0.8,1.8,0.0,100.0,50.0,0.0,3.5,0.0,50.09999979166666,0.6662233953941235,0,25.09999989583333,0.2499999989583333,240.0,-6678.448832148806,0.0,0.0,1.5882351618470951,0.0523782773499962,0.0005784892387779,100.0,8.149995980946018,3462.365146
676.0,-6.3,22.3,16.0,12.02081528,0.23,1.0,30.0,0.36,234.0,39.0,62.8,44.1,7.4,494.15,0.16,0.8,1.8,0.0,100.0,50.0,0.0,3.5,0.0,43.15555549575617,0.8365280906103939,0,8.433333321759259,0.0833333332175925,720.0,-6678.448832148806,0.0,0.0,1.5882351618470951,0.0523782773499962,0.0005784892387779,100.0,7.887946463346353,2663.965693
676.0,-6.3,22.3,16.0,12.02081528,0.23,1.0,30.0,0.36,234.0,39.0,62.8,44.1,7.4,494.15,0.16,0.8,1.8,0.0,100.0,50.0,0.0,3.5,0.0,0.1,0.0006990213818156,1,142.9571394557824,,,-6678.448832148806,0.0,0.0,1.5882351618470951,0.0523782773499962,0.0005784892387779,100.0,8.809863012543214,6699.001388
676.0,-6.3,22.3,16.0,12.02081528,0.23,1.0,30.0,0.36,234.0,39.0,62.8,44.1,7.4,494.15,0.16,0.8,1.8,0.0,100.0,50.0,0.0,3.5,0.0,0.1,0.0006990213818156,1,142.9571394557824,,,-6678.448832148806,0.0,0.0,1.5882351618470951,0.0523782773499962,0.0005784892387779,100.0,8.523743869994705,5031.860906
676.0,-6.3,22.3,16.0,12.02081528,0.23,1.0,30.0,0.36,234.0,39.0,62.8,44.1,7.4,494.15,0.16,0.8,1.8,0.0,100.0,50.0,0.0,3.5,0.0,0.1,0.0006990213818156,1,142.9571394557824,,,-6678.448832148806,0.0,0.0,1.5882351618470951,0.0523782773499962,0.0005784892387779,100.0,8.33682862015634,4173.828757
676.0,-6.3,22.3,16.0,12.02081528,0.23,1.0,30.0,0.36,234.0,39.0,62.8,44.1,7.4,494.15,0.16,0.8,1.8,0.0,100.0,37.5,-25.0,3.5,0.0,112.09999720000006,0.3740095074698029,0,187.6249953125001,1.4999999625000011,40.0,-8348.061040186009,0.0,0.0,1.5882351618470951,0.0523782773499962,0.0005784892387779,125.0,8.103808374540648,3306.038565
676.0,-6.3,22.3,16.0,12.02081528,0.23,1.0,30.0,0.36,234.0,39.0,62.8,44.1,7.4,494.15,0.16,0.8,1.8,0.0,75.0,37.5,0.0,3.5,0.0,84.07499790000004,0.4275362297113425,0,112.57499718750007,1.4999999625000011,40.0,-5008.836624111605,0.0,0.0,1.5882351618470951,0.0523782773499962,0.0005784892387779,75.0,9.337413692320345,11354.0027
676.0,-6.3,22.3,16.0,12.02081528,0.23,1.0,30.0,0.36,234.0,39.0,62.8,44.1,7.4,494.15,0.16,0.8,1.8,0.0,60.0,30.0,0.0,3.5,0.0,24.059999400000017,0.2108307026817105,0,90.05999775000006,1.4999999625000011,40.0,-4007.069299289284,0.0,0.0,1.5882351618470951,0.0523782773499962,0.0005784892387779,60.0,10.27950840287228,29128.55003
676.0,-6.3,22.3,16.0,12.02081528,0.23,1.0,30.0,0.36,234.0,39.0,62.8,44.1,7.4,494.15,0.16,0.8,1.8,0.0,100.0,30.0,-40.0,3.5,0.0,40.099999000000025,0.1602461630486427,0,210.1399947500001,1.4999999625000011,40.0,-9349.828365008329,0.0,0.0,1.5882351618470951,0.0523782773499962,0.0005784892387779,140.0,8.226479636126673,3737.649153
676.0,-6.3,22.3,16.0,12.02081528,0.23,1.0,30.0,0.36,234.0,39.0,62.8,44.1,7.4,494.15,0.16,0.8,1.8,0.0,125.0,50.0,-25.0,3.5,0.0,78.24999804687506,0.2579103485281527,0,225.14999437500012,1.4999999625000011,40.0,-10017.67324822321,0.0,0.0,1.5882351618470951,0.0523782773499962,0.0005784892387779,150.0,7.563393632914575,1925.371832
676.0,-6.3,22.3,16.0,12.02081528,0.23,1.0,30.0,0.36,234.0,39.0,62.8,44.1,7.4,494.15,0.16,0.8,1.8,0.0,60.0,10.0,-40.0,3.5,0.0,30.05999900000003,0.1306047961014018,0,200.0999933333336,1.999999933333336,30.0,-6678.448832148806,0.0,0.0,1.5882351618470951,0.0523782773499962,0.0005784892387779,100.0,9.568625667402674,14307.73784
960.0,-5.08,18.08,13.0,7.399913851,0.22,1.0,20.7,0.36,232.0,50.0,58.0,41.6,7.38,490.15,0.23,36.0,2.3622,1.0,125.0,42.5,-40.0,3.0,0.5,62.62499895833334,0.27492427115251,0,165.16499725000006,0.9999999833333336,60.0,-8277.438543793163,3.0,0.5,3.153712242627533,0.042850036374496,1.1879972676058923e-05,165.0,6.044973997194933,420.9867845
960.0,-5.08,18.08,13.0,7.399913851,0.22,1.0,20.7,0.36,232.0,50.0,58.0,41.6,7.38,490.15,0.23,36.0,2.3622,1.0,125.0,42.5,-40.0,3.0,0.5,62.6249985119048,0.2097959821309678,0,235.87928010204092,1.428571394557824,42.0,-8277.438543793163,3.0,0.5,3.153712242627533,0.042850036374496,1.1879972676058923e-05,165.0,6.143265270807069,464.571308
960.0,-5.08,18.08,13.0,7.399913851,0.22,1.0,20.7,0.36,232.0,50.0,58.0,41.6,7.38,490.15,0.23,36.0,2.3622,1.0,125.0,42.5,-40.0,3.0,0.5,62.62499973958332,0.6019319434627216,0,41.414999828125,0.2499999989583333,240.0,-8277.438543793163,3.0,0.5,3.153712242627533,0.042850036374496,1.1879972676058923e-05,165.0,5.663184424155834,287.0645031
960.0,-5.08,18.08,13.0,7.399913851,0.22,1.0,20.7,0.36,232.0,50.0,58.0,41.6,7.38,490.15,0.23,36.0,2.3622,1.0,125.0,35.0,-55.0,3.0,0.5,62.62499791666673,0.1481179263597707,0,360.17998800000044,1.999999933333336,30.0,-9029.932956865268,3.0,0.5,3.153712242627533,0.042850036374496,1.1879972676058923e-05,180.0,6.112136533502508,450.3019075
960.0,-5.08,18.08,13.0,7.399913851,0.22,1.0,20.7,0.36,232.0,50.0,58.0,41.6,7.38,490.15,0.23,36.0,2.3622,1.0,100.0,50.0,0.0,3.0,0.5,50.09999833333338,0.2002398073611453,0,200.0999933333336,1.999999933333336,30.0,-5016.629420480704,3.0,0.5,3.153712242627533,0.042850036374496,1.1879972676058923e-05,100.0,7.390719870277524,1619.872511
960.0,-5.08,18.08,13.0,7.399913851,0.22,1.0,20.7,0.36,232.0,50.0,58.0,41.6,7.38,490.15,0.23,36.0,2.3622,1.0,100.0,50.0,0.0,3.0,0.5,128.933329038889,0.3918549273899281,0,200.0999933333336,1.999999933333336,30.0,-5016.629420480704,3.0,0.5,3.153712242627533,0.042850036374496,1.1879972676058923e-05,100.0,7.129481830025491,1247.230004
960.0,-5.08,18.08,13.0,7.399913851,0.22,1.0,20.7,0.36,232.0,50.0,58.0,41.6,7.38,490.15,0.23,36.0,2.3622,1.0,100.0,50.0,0.0,3.0,0.5,50.09999875000003,0.250249749005989,0,150.0999962500001,1.4999999625000011,40.0,-5016.629420480704,3.0,0.5,3.153712242627533,0.042850036374496,1.1879972676058923e-05,100.0,7.311313102044661,1496.141799
960.0,-5.08,18.08,13.0,7.399913851,0.22,1.0,20.7,0.36,232.0,50.0,58.0,41.6,7.38,490.15,0.23,36.0,2.3622,1.0,100.0,50.0,0.0,3.0,0.5,118.34999704375008,0.4408642188840806,0,150.0999962500001,1.4999999625000011,40.0,-5016.629420480704,3.0,0.5,3.153712242627533,0.042850036374496,1.1879972676058923e-05,100.0,7.073745463596603,1179.561514
960.0,-5.08,18.08,13.0,7.399913851,0.22,1.0,20.7,0.36,232.0,50.0,58.0,41.6,7.38,490.15,0.23,36.0,2.3622,1.0,100.0,50.0,0.0,3.0,0.5,159.29999681600003,0.5701503200771978,0,120.09999760000004,1.1999999760000006,50.0,-5016.629420480704,3.0,0.5,3.153712242627533,0.042850036374496,1.1879972676058923e-05,100.0,6.930113269926364,1021.609804
960.0,-5.08,18.08,13.0,7.399913851,0.22,1.0,20.7,0.36,232.0,50.0,58.0,41.6,7.38,490.15,0.23,36.0,2.3622,1.0,100.0,50.0,0.0,3.0,0.5,50.09999916666668,0.3335552574367479,0,100.09999833333336,0.9999999833333336,60.0,-5016.629420480704,3.0,0.5,3.153712242627533,0.042850036374496,1.1879972676058923e-05,100.0,7.199402787937733,1337.631079
960.0,-5.08,18.08,13.0,7.399913851,0.22,1.0,20.7,0.36,232.0,50.0,58.0,41.6,7.38,490.15,0.23,36.0,2.3622,1.0,100.0,50.0,0.0,3.0,0.5,50.099999375,0.4001597412147751,0,75.09999906250002,0.7499999906250001,80.0,-5016.629420480704,3.0,0.5,3.153712242627533,0.042850036374496,1.1879972676058923e-05,100.0,7.120006777065821,1235.458813
960.0,-5.08,18.08,13.0,7.399913851,0.22,1.0,20.7,0.36,232.0,50.0,58.0,41.6,7.38,490.15,0.23,36.0,2.3622,1.0,100.0,50.0,0.0,3.0,0.5,59.22499926093751,0.4409082416470462,0,75.09999906250002,0.7499999906250001,80.0,-5016.629420480704,3.0,0.5,3.153712242627533,0.042850036374496,1.1879972676058923e-05,100.0,7.073745463596603,1179.561514
960.0,-5.08,18.08,13.0,7.399913851,0.22,1.0,20.7,0.36,232.0,50.0,58.0,41.6,7.38,490.15,0.23,36.0,2.3622,1.0,100.0,50.0,0.0,3.0,0.5,77.87777691358025,0.5384083539357478,0,66.76666592592593,0.6666666592592594,90.0,-5016.629420480704,3.0,0.5,3.153712242627533,0.042850036374496,1.1879972676058923e-05,100.0,6.9655760725668445,1058.525105
960.0,-5.08,18.08,13.0,7.399913851,0.22,1.0,20.7,0.36,232.0,50.0,58.0,41.6,7.38,490.15,0.23,36.0,2.3622,1.0,100.0,50.0,0.0,3.0,0.5,70.09999930000001,0.5384024536215111,0,60.0999994,0.599999994,100.0,-5016.629420480704,3.0,0.5,3.153712242627533,0.042850036374496,1.1879972676058923e-05,100.0,6.9655760725668445,1058.525105
960.0,-5.08,18.08,13.0,7.399913851,0.22,1.0,20.7,0.36,232.0,50.0,58.0,41.6,7.38,490.15,0.23,36.0,2.3622,1.0,100.0,50.0,0.0,3.0,0.5,50.09999958333333,0.49999999500998,0,50.09999958333333,0.4999999958333334,120.0,-5016.629420480704,3.0,0.5,3.153712242627533,0.042850036374496,1.1879972676058923e-05,100.0,7.008113148646852,1104.566496
960.0,-5.08,18.08,13.0,7.399913851,0.22,1.0,20.7,0.36,232.0,50.0,58.0,41.6,7.38,490.15,0.23,36.0,2.3622,1.0,100.0,50.0,0.0,3.0,0.5,50.09999964285714,0.5383788704804484,0,42.95714255102041,0.4285714255102041,140.0,-5016.629420480704,3.0,0.5,3.153712242627533,0.042850036374496,1.1879972676058923e-05,100.0,6.9655760725668445,1058.525105
960.0,-5.08,18.08,13.0,7.399913851,0.22,1.0,20.7,0.36,232.0,50.0,58.0,41.6,7.38,490.15,0.23,36.0,2.3622,1.0,100.0,50.0,0.0,3.0,0.5,50.09999979166666,0.6662233953941235,0,25.09999989583333,0.2499999989583333,240.0,-5016.629420480704,3.0,0.5,3.153712242627533,0.042850036374496,1.1879972676058923e-05,100.0,6.816856732328248,912.1103443
960.0,-5.08,18.08,13.0,7.399913851,0.22,1.0,20.7,0.36,232.0,50.0,58.0,41.6,7.38,490.15,0.23,36.0,2.3622,1.0,100.0,50.0,0.0,3.0,0.5,43.15555549575617,0.8365280906103939,0,8.433333321759259,0.0833333332175925,720.0,-5016.629420480704,3.0,0.5,3.153712242627533,0.042850036374496,1.1879972676058923e-05,100.0,6.555048851768072,701.7834812
960.0,-5.08,18.08,13.0,7.399913851,0.22,1.0,20.7,0.36,232.0,50.0,58.0,41.6,7.38,490.15,0.23,36.0,2.3622,1.0,100.0,50.0,0.0,3.0,0.5,0.1,0.0006990213818156,1,142.9571394557824,,,-5016.629420480704,3.0,0.5,3.153712242627533,0.042850036374496,1.1879972676058923e-05,100.0,7.476334009756369,1764.755653
960.0,-5.08,18.08,13.0,7.399913851,0.22,1.0,20.7,0.36,232.0,50.0,58.0,41.6,7.38,490.15,0.23,36.0,2.3622,1.0,100.0,50.0,0.0,3.0,0.5,0.1,0.0006990213818156,1,142.9571394557824,,,-5016.629420480704,3.0,0.5,3.153712242627533,0.042850036374496,1.1879972676058923e-05,100.0,7.19035303492408,1325.571449
960.0,-5.08,18.08,13.0,7.399913851,0.22,1.0,20.7,0.36,232.0,50.0,58.0,41.6,7.38,490.15,0.23,36.0,2.3622,1.0,100.0,50.0,0.0,3.0,0.5,0.1,0.0006990213818156,1,142.9571394557824,,,-5016.629420480704,3.0,0.5,3.153712242627533,0.042850036374496,1.1879972676058923e-05,100.0,7.003551894093985,1099.535209
960.0,-5.08,18.08,13.0,7.399913851,0.22,1.0,20.7,0.36,232.0,50.0,58.0,41.6,7.38,490.15,0.23,36.0,2.3622,1.0,100.0,37.5,-25.0,3.0,0.5,112.09999720000006,0.3740095074698029,0,187.6249953125001,1.4999999625000011,40.0,-6270.78677560088,3.0,0.5,3.153712242627533,0.042850036374496,1.1879972676058923e-05,125.0,6.770707256657197,870.9283531
960.0,-5.08,18.08,13.0,7.399913851,0.22,1.0,20.7,0.36,232.0,50.0,58.0,41.6,7.38,490.15,0.23,36.0,2.3622,1.0,75.0,37.5,0.0,3.0,0.5,84.07499790000004,0.4275362297113425,0,112.57499718750007,1.4999999625000011,40.0,-3762.472065360528,3.0,0.5,3.153712242627533,0.042850036374496,1.1879972676058923e-05,75.0,8.003713667838058,2991.048856
960.0,-5.08,18.08,13.0,7.399913851,0.22,1.0,20.7,0.36,232.0,50.0,58.0,41.6,7.38,490.15,0.23,36.0,2.3622,1.0,60.0,30.0,0.0,3.0,0.5,24.059999400000017,0.2108307026817105,0,90.05999775000006,1.4999999625000011,40.0,-3009.977652288422,3.0,0.5,3.153712242627533,0.042850036374496,1.1879972676058923e-05,60.0,8.945658154680523,7673.497935
960.0,-5.08,18.08,13.0,7.399913851,0.22,1.0,20.7,0.36,232.0,50.0,58.0,41.6,7.38,490.15,0.23,36.0,2.3622,1.0,100.0,30.0,-40.0,3.0,0.5,40.099999000000025,0.1602461630486427,0,210.1399947500001,1.4999999625000011,40.0,-7023.281188672986,3.0,0.5,3.153712242627533,0.042850036374496,1.1879972676058923e-05,140.0,6.893280990450358,984.6299604
960.0,-5.08,18.08,13.0,7.399913851,0.22,1.0,20.7,0.36,232.0,50.0,58.0,41.6,7.38,490.15,0.23,36.0,2.3622,1.0,125.0,50.0,-25.0,3.0,0.5,78.24999804687506,0.2579103485281527,0,225.14999437500012,1.4999999625000011,40.0,-7524.944130721056,3.0,0.5,3.153712242627533,0.042850036374496,1.1879972676058923e-05,150.0,6.230897781962286,507.2115419
960.0,-5.08,18.08,13.0,7.399913851,0.22,1.0,20.7,0.36,232.0,50.0,58.0,41.6,7.38,490.15,0.23,36.0,2.3622,1.0,60.0,10.0,-40.0,3.0,0.5,30.05999900000003,0.1306047961014018,0,200.0999933333336,1.999999933333336,30.0,-5016.629420480704,3.0,0.5,3.153712242627533,0.042850036374496,1.1879972676058923e-05,100.0,8.234874824542791,3769.167935
960.0,-5.08,18.08,13.0,7.399913851,0.22,1.0,20.7,0.36,232.0,50.0,58.0,41.6,7.38,490.15,0.23,36.0,2.3622,1.0,125.0,42.5,-40.0,3.0,0.5,62.62499895833334,0.27492427115251,0,165.16499725000006,0.9999999833333336,60.0,-8277.438543793163,3.0,0.5,3.153712242627533,0.042850036374496,1.1879972676058923e-05,165.0,6.077126950516741,434.7753902
960.0,-5.08,18.08,13.0,7.399913851,0.22,1.0,20.7,0.36,232.0,50.0,58.0,41.6,7.38,490.15,0.23,36.0,2.3622,1.0,125.0,42.5,-40.0,3.0,0.5,62.6249985119048,0.2097959821309678,0,235.87928010204092,1.428571394557824,42.0,-8277.438543793163,3.0,0.5,3.153712242627533,0.042850036374496,1.1879972676058923e-05,165.0,6.175425260167647,479.7874402
960.0,-5.08,18.08,13.0,7.399913851,0.22,1.0,20.7,0.36,232.0,50.0,58.0,41.6,7.38,490.15,0.23,36.0,2.3622,1.0,125.0,42.5,-40.0,3.0,0.5,62.62499973958332,0.6019319434627216,0,41.414999828125,0.2499999989583333,240.0,-8277.438543793163,3.0,0.5,3.153712242627533,0.042850036374496,1.1879972676058923e-05,165.0,5.695302434535684,296.4667442
960.0,-5.08,18.08,13.0,7.399913851,0.22,1.0,20.7,0.36,232.0,50.0,58.0,41.6,7.38,490.15,0.23,36.0,2.3622,1.0,125.0,35.0,-55.0,3.0,0.5,62.62499791666673,0.1481179263597707,0,360.17998800000044,1.999999933333336,30.0,-9029.932956865268,3.0,0.5,3.153712242627533,0.042850036374496,1.1879972676058923e-05,180.0,6.144294368986329,465.0506732
960.0,-5.08,18.08,13.0,7.399913851,0.22,1.0,20.7,0.36,232.0,50.0,58.0,41.6,7.38,490.15,0.23,36.0,2.3622,1.0,100.0,50.0,0.0,3.0,0.5,50.09999833333338,0.2002398073611453,0,200.0999933333336,1.999999933333336,30.0,-5016.629420480704,3.0,0.5,3.153712242627533,0.042850036374496,1.1879972676058923e-05,100.0,7.422928414409123,1672.928293
960.0,-5.08,18.08,13.0,7.399913851,0.22,1.0,20.7,0.36,232.0,50.0,58.0,41.6,7.38,490.15,0.23,36.0,2.3622,1.0,100.0,50.0,0.0,3.0,0.5,128.933329038889,0.3918549273899281,0,200.0999933333336,1.999999933333336,30.0,-5016.629420480704,3.0,0.5,3.153712242627533,0.042850036374496,1.1879972676058923e-05,100.0,7.161684533179631,1288.080604
960.0,-5.08,18.08,13.0,7.399913851,0.22,1.0,20.7,0.36,232.0,50.0,58.0,41.6,7.38,490.15,0.23,36.0,2.3622,1.0,100.0,50.0,0.0,3.0,0.5,50.09999875000003,0.250249749005989,0,150.0999962500001,1.4999999625000011,40.0,-5016.629420480704,3.0,0.5,3.153712242627533,0.042850036374496,1.1879972676058923e-05,100.0,7.343520029405165,1545.145022
960.0,-5.08,18.08,13.0,7.399913851,0.22,1.0,20.7,0.36,232.0,50.0,58.0,41.6,7.38,490.15,0.23,36.0,2.3622,1.0,100.0,50.0,0.0,3.0,0.5,118.34999704375008,0.4408642188840806,0,150.0999962500001,1.4999999625000011,40.0,-5016.629420480704,3.0,0.5,3.153712242627533,0.042850036374496,1.1879972676058923e-05,100.0,7.105946710516897,1218.195764
960.0,-5.08,18.08,13.0,7.399913851,0.22,1.0,20.7,0.36,232.0,50.0,58.0,41.6,7.38,490.15,0.23,36.0,2.3622,1.0,100.0,50.0,0.0,3.0,0.5,159.29999681600003,0.5701503200771978,0,120.09999760000004,1.1999999760000006,50.0,-5016.629420480704,3.0,0.5,3.153712242627533,0.042850036374496,1.1879972676058923e-05,100.0,6.962310367331177,1055.070652
960.0,-5.08,18.08,13.0,7.399913851,0.22,1.0,20.7,0.36,232.0,50.0,58.0,41.6,7.38,490.15,0.23,36.0,2.3622,1.0,100.0,50.0,0.0,3.0,0.5,50.09999916666668,0.3335552574367479,0,100.09999833333336,0.9999999833333336,60.0,-5016.629420480704,3.0,0.5,3.153712242627533,0.042850036374496,1.1879972676058923e-05,100.0,7.231607207036995,1381.442591
960.0,-5.08,18.08,13.0,7.399913851,0.22,1.0,20.7,0.36,232.0,50.0,58.0,41.6,7.38,490.15,0.23,36.0,2.3622,1.0,100.0,50.0,0.0,3.0,0.5,50.099999375,0.4001597412147751,0,75.09999906250002,0.7499999906250001,80.0,-5016.629420480704,3.0,0.5,3.153712242627533,0.042850036374496,1.1879972676058923e-05,100.0,7.152209237967242,1275.92387
960.0,-5.08,18.08,13.0,7.399913851,0.22,1.0,20.7,0.36,232.0,50.0,58.0,41.6,7.38,490.15,0.23,36.0,2.3622,1.0,100.0,50.0,0.0,3.0,0.5,59.22499926093751,0.4409082416470462,0,75.09999906250002,0.7499999906250001,80.0,-5016.629420480704,3.0,0.5,3.153712242627533,0.042850036374496,1.1879972676058923e-05,100.0,7.105946710516897,1218.195764
960.0,-5.08,18.08,13.0,7.399913851,0.22,1.0,20.7,0.36,232.0,50.0,58.0,41.6,7.38,490.15,0.23,36.0,2.3622,1.0,100.0,50.0,0.0,3.0,0.5,77.87777691358025,0.5384083539357478,0,66.76666592592593,0.6666666592592594,90.0,-5016.629420480704,3.0,0.5,3.153712242627533,0.042850036374496,1.1879972676058923e-05,100.0,6.997774250455139,1093.195042
960.0,-5.08,18.08,13.0,7.399913851,0.22,1.0,20.7,0.36,232.0,50.0,58.0,41.6,7.38,490.15,0.23,36.0,2.3622,1.0,100.0,50.0,0.0,3.0,0.5,70.09999930000001,0.5384024536215111,0,60.0999994,0.599999994,100.0,-5016.629420480704,3.0,0.5,3.153712242627533,0.042850036374496,1.1879972676058923e-05,100.0,6.997774250455139,1093.195042
960.0,-5.08,18.08,13.0,7.399913851,0.22,1.0,20.7,0.36,232.0,50.0,58.0,41.6,7.38,490.15,0.23,36.0,2.3622,1.0,100.0,50.0,0.0,3.0,0.5,50.09999958333333,0.49999999500998,0,50.09999958333333,0.4999999958333334,120.0,-5016.629420480704,3.0,0.5,3.153712242627533,0.042850036374496,1.1879972676058923e-05,100.0,7.040312572701332,1140.744429
960.0,-5.08,18.08,13.0,7.399913851,0.22,1.0,20.7,0.36,232.0,50.0,58.0,41.6,7.38,490.15,0.23,36.0,2.3622,1.0,100.0,50.0,0.0,3.0,0.5,50.09999964285714,0.5383788704804484,0,42.95714255102041,0.4285714255102041,140.0,-5016.629420480704,3.0,0.5,3.153712242627533,0.042850036374496,1.1879972676058923e-05,100.0,6.997774250455139,1093.195042
960.0,-5.08,18.08,13.0,7.399913851,0.22,1.0,20.7,0.36,232.0,50.0,58.0,41.6,7.38,490.15,0.23,36.0,2.3622,1.0,100.0,50.0,0.0,3.0,0.5,50.09999979166666,0.6662233953941235,0,25.09999989583333,0.2499999989583333,240.0,-5016.629420480704,3.0,0.5,3.153712242627533,0.042850036374496,1.1879972676058923e-05,100.0,6.849050110392401,941.9847497
960.0,-5.08,18.08,13.0,7.399913851,0.22,1.0,20.7,0.36,232.0,50.0,58.0,41.6,7.38,490.15,0.23,36.0,2.3622,1.0,100.0,50.0,0.0,3.0,0.5,43.15555549575617,0.8365280906103939,0,8.433333321759259,0.0833333332175925,720.0,-5016.629420480704,3.0,0.5,3.153712242627533,0.042850036374496,1.1879972676058923e-05,100.0,6.58723183487208,724.7690381
960.0,-5.08,18.08,13.0,7.399913851,0.22,1.0,20.7,0.36,232.0,50.0,58.0,41.6,7.38,490.15,0.23,36.0,2.3622,1.0,100.0,50.0,0.0,3.0,0.5,0.1,0.0006990213818156,1,142.9571394557824,,,-5016.629420480704,3.0,0.5,3.153712242627533,0.042850036374496,1.1879972676058923e-05,100.0,7.508544159201495,1822.556801
960.0,-5.08,18.08,13.0,7.399913851,0.22,1.0,20.7,0.36,232.0,50.0,58.0,41.6,7.38,490.15,0.23,36.0,2.3622,1.0,100.0,50.0,0.0,3.0,0.5,0.1,0.0006990213818156,1,142.9571394557824,,,-5016.629420480704,3.0,0.5,3.153712242627533,0.042850036374496,1.1879972676058923e-05,100.0,7.222557238491652,1368.987971
960.0,-5.08,18.08,13.0,7.399913851,0.22,1.0,20.7,0.36,232.0,50.0,58.0,41.6,7.38,490.15,0.23,36.0,2.3622,1.0,100.0,50.0,0.0,3.0,0.5,0.1,0.0006990213818156,1,142.9571394557824,,,-5016.629420480704,3.0,0.5,3.153712242627533,0.042850036374496,1.1879972676058923e-05,100.0,7.035751187922098,1135.548353
960.0,-5.08,18.08,13.0,7.399913851,0.22,1.0,20.7,0.36,232.0,50.0,58.0,41.6,7.38,490.15,0.23,36.0,2.3622,1.0,100.0,37.5,-25.0,3.0,0.5,112.09999720000006,0.3740095074698029,0,187.6249953125001,1.4999999625000011,40.0,-6270.78677560088,3.0,0.5,3.153712242627533,0.042850036374496,1.1879972676058923e-05,125.0,6.802898994289619,899.4539223
960.0,-5.08,18.08,13.0,7.399913851,0.22,1.0,20.7,0.36,232.0,50.0,58.0,41.6,7.38,490.15,0.23,36.0,2.3622,1.0,75.0,37.5,0.0,3.0,0.5,84.07499790000004,0.4275362297113425,0,112.57499718750007,1.4999999625000011,40.0,-3762.472065360528,3.0,0.5,3.153712242627533,0.042850036374496,1.1879972676058923e-05,75.0,8.035931178941716,3089.01486
960.0,-5.08,18.08,13.0,7.399913851,0.22,1.0,20.7,0.36,232.0,50.0,58.0,41.6,7.38,490.15,0.23,36.0,2.3622,1.0,60.0,30.0,0.0,3.0,0.5,24.059999400000017,0.2108307026817105,0,90.05999775000006,1.4999999625000011,40.0,-3009.977652288422,3.0,0.5,3.153712242627533,0.042850036374496,1.1879972676058923e-05,60.0,8.9778821330923,7924.828478
960.0,-5.08,18.08,13.0,7.399913851,0.22,1.0,20.7,0.36,232.0,50.0,58.0,41.6,7.38,490.15,0.23,36.0,2.3622,1.0,100.0,30.0,-40.0,3.0,0.5,40.099999000000025,0.1602461630486427,0,210.1399947500001,1.4999999625000011,40.0,-7023.281188672986,3.0,0.5,3.153712242627533,0.042850036374496,1.1879972676058923e-05,140.0,6.925476923908217,1016.879605
960.0,-5.08,18.08,13.0,7.399913851,0.22,1.0,20.7,0.36,232.0,50.0,58.0,41.6,7.38,490.15,0.23,36.0,2.3622,1.0,125.0,50.0,-25.0,3.0,0.5,78.24999804687506,0.2579103485281527,0,225.14999437500012,1.4999999625000011,40.0,-7524.944130721056,3.0,0.5,3.153712242627533,0.042850036374496,1.1879972676058923e-05,150.0,6.263063487132,523.8242723
960.0,-5.08,18.08,13.0,7.399913851,0.22,1.0,20.7,0.36,232.0,50.0,58.0,41.6,7.38,490.15,0.23,36.0,2.3622,1.0,60.0,10.0,-40.0,3.0,0.5,30.05999900000003,0.1306047961014018,0,200.0999933333336,1.999999933333336,30.0,-5016.629420480704,3.0,0.5,3.153712242627533,0.042850036374496,1.1879972676058923e-05,100.0,8.267094523484843,3892.619721
960.0,-5.08,18.08,13.0,7.399913851,0.22,1.0,20.7,0.36,232.0,50.0,58.0,41.6,7.38,490.15,0.23,36.0,2.3622,1.0,125.0,42.5,-40.0,3.0,0.5,62.62499895833334,0.27492427115251,0,165.16499725000006,0.9999999833333336,60.0,-8277.438543793163,3.0,0.5,3.153712242627533,0.042850036374496,1.1879972676058923e-05,165.0,6.044226539068544,420.6714849
960.0,-5.08,18.08,13.0,7.399913851,0.22,1.0,20.7,0.36,232.0,50.0,58.0,41.6,7.38,490.15,0.23,36.0,2.3622,1.0,125.0,42.5,-40.0,3.0,0.5,62.6249985119048,0.2097959821309678,0,235.87928010204092,1.428571394557824,42.0,-8277.438543793163,3.0,0.5,3.153712242627533,0.042850036374496,1.1879972676058923e-05,165.0,6.142517646382316,464.2233656
960.0,-5.08,18.08,13.0,7.399913851,0.22,1.0,20.7,0.36,232.0,50.0,58.0,41.6,7.38,490.15,0.23,36.0,2.3622,1.0,125.0,42.5,-40.0,3.0,0.5,62.62499973958332,0.6019319434627216,0,41.414999828125,0.2499999989583333,240.0,-8277.438543793163,3.0,0.5,3.153712242627533,0.042850036374496,1.1879972676058923e-05,165.0,5.662437791822095,286.8495051
960.0,-5.08,18.08,13.0,7.399913851,0.22,1.0,20.7,0.36,232.0,50.0,58.0,41.6,7.38,490.15,0.23,36.0,2.3622,1.0,125.0,35.0,-55.0,3.0,0.5,62.62499791666673,0.1481179263597707,0,360.17998800000044,1.999999933333336,30.0,-9029.932956865268,3.0,0.5,3.153712242627533,0.042850036374496,1.1879972676058923e-05,180.0,6.111388960156153,449.9646523
960.0,-5.08,18.08,13.0,7.399913851,0.22,1.0,20.7,0.36,232.0,50.0,58.0,41.6,7.38,490.15,0.23,36.0,2.3622,1.0,100.0,50.0,0.0,3.0,0.5,50.09999833333338,0.2002398073611453,0,200.0999933333336,1.999999933333336,30.0,-5016.629420480704,3.0,0.5,3.153712242627533,0.042850036374496,1.1879972676058923e-05,100.0,7.389971098083905,1618.659301
960.0,-5.08,18.08,13.0,7.399913851,0.22,1.0,20.7,0.36,232.0,50.0,58.0,41.6,7.38,490.15,0.23,36.0,2.3622,1.0,100.0,50.0,0.0,3.0,0.5,128.933329038889,0.3918549273899281,0,200.0999933333336,1.999999933333336,30.0,-5016.629420480704,3.0,0.5,3.153712242627533,0.042850036374496,1.1879972676058923e-05,100.0,7.128733195801843,1246.295886
960.0,-5.08,18.08,13.0,7.399913851,0.22,1.0,20.7,0.36,232.0,50.0,58.0,41.6,7.38,490.15,0.23,36.0,2.3622,1.0,100.0,50.0,0.0,3.0,0.5,50.09999875000003,0.250249749005989,0,150.0999962500001,1.4999999625000011,40.0,-5016.629420480704,3.0,0.5,3.153712242627533,0.042850036374496,1.1879972676058923e-05,100.0,7.31056436899495,1495.021259
960.0,-5.08,18.08,13.0,7.399913851,0.22,1.0,20.7,0.36,232.0,50.0,58.0,41.6,7.38,490.15,0.23,36.0,2.3622,1.0,100.0,50.0,0.0,3.0,0.5,118.34999704375008,0.4408642188840806,0,150.0999962500001,1.4999999625000011,40.0,-5016.629420480704,3.0,0.5,3.153712242627533,0.042850036374496,1.1879972676058923e-05,100.0,7.0729968641369325,1178.678077
960.0,-5.08,18.08,13.0,7.399913851,0.22,1.0,20.7,0.36,232.0,50.0,58.0,41.6,7.38,490.15,0.23,36.0,2.3622,1.0,100.0,50.0,0.0,3.0,0.5,159.29999681600003,0.5701503200771978,0,120.09999760000004,1.1999999760000006,50.0,-5016.629420480704,3.0,0.5,3.153712242627533,0.042850036374496,1.1879972676058923e-05,100.0,6.92936476801808,1020.844665
960.0,-5.08,18.08,13.0,7.399913851,0.22,1.0,20.7,0.36,232.0,50.0,58.0,41.6,7.38,490.15,0.23,36.0,2.3622,1.0,100.0,50.0,0.0,3.0,0.5,50.09999916666668,0.3335552574367479,0,100.09999833333336,0.9999999833333336,60.0,-5016.629420480704,3.0,0.5,3.153712242627533,0.042850036374496,1.1879972676058923e-05,100.0,7.198654113353226,1336.629255
960.0,-5.08,18.08,13.0,7.399913851,0.22,1.0,20.7,0.36,232.0,50.0,58.0,41.6,7.38,490.15,0.23,36.0,2.3622,1.0,100.0,50.0,0.0,3.0,0.5,50.099999375,0.4001597412147751,0,75.09999906250002,0.7499999906250001,80.0,-5016.629420480704,3.0,0.5,3.153712242627533,0.042850036374496,1.1879972676058923e-05,100.0,7.11925814849264,1234.533511
960.0,-5.08,18.08,13.0,7.399913851,0.22,1.0,20.7,0.36,232.0,50.0,58.0,41.6,7.38,490.15,0.23,36.0,2.3622,1.0,100.0,50.0,0.0,3.0,0.5,59.22499926093751,0.4409082416470462,0,75.09999906250002,0.7499999906250001,80.0,-5016.629420480704,3.0,0.5,3.153712242627533,0.042850036374496,1.1879972676058923e-05,100.0,7.0729968641369325,1178.678077
960.0,-5.08,18.08,13.0,7.399913851,0.22,1.0,20.7,0.36,232.0,50.0,58.0,41.6,7.38,490.15,0.23,36.0,2.3622,1.0,100.0,50.0,0.0,3.0,0.5,77.87777691358025,0.5384083539357478,0,66.76666592592593,0.6666666592592594,90.0,-5016.629420480704,3.0,0.5,3.153712242627533,0.042850036374496,1.1879972676058923e-05,100.0,6.964827545944883,1057.732319
960.0,-5.08,18.08,13.0,7.399913851,0.22,1.0,20.7,0.36,232.0,50.0,58.0,41.6,7.38,490.15,0.23,36.0,2.3622,1.0,100.0,50.0,0.0,3.0,0.5,70.09999930000001,0.5384024536215111,0,60.0999994,0.599999994,100.0,-5016.629420480704,3.0,0.5,3.153712242627533,0.042850036374496,1.1879972676058923e-05,100.0,6.964827545944883,1057.732319
960.0,-5.08,18.08,13.0,7.399913851,0.22,1.0,20.7,0.36,232.0,50.0,58.0,41.6,7.38,490.15,0.23,36.0,2.3622,1.0,100.0,50.0,0.0,3.0,0.5,50.09999958333333,0.49999999500998,0,50.09999958333333,0.4999999958333334,120.0,-5016.629420480704,3.0,0.5,3.153712242627533,0.042850036374496,1.1879972676058923e-05,100.0,7.007364592435808,1103.739227
960.0,-5.08,18.08,13.0,7.399913851,0.22,1.0,20.7,0.36,232.0,50.0,58.0,41.6,7.38,490.15,0.23,36.0,2.3622,1.0,100.0,50.0,0.0,3.0,0.5,50.09999964285714,0.5383788704804484,0,42.95714255102041,0.4285714255102041,140.0,-5016.629420480704,3.0,0.5,3.153712242627533,0.042850036374496,1.1879972676058923e-05,100.0,6.964827545944883,1057.732319
960.0,-5.08,18.08,13.0,7.399913851,0.22,1.0,20.7,0.36,232.0,50.0,58.0,41.6,7.38,490.15,0.23,36.0,2.3622,1.0,100.0,50.0,0.0,3.0,0.5,50.09999979166666,0.6662233953941235,0,25.09999989583333,0.2499999989583333,240.0,-5016.629420480704,3.0,0.5,3.153712242627533,0.042850036374496,1.1879972676058923e-05,100.0,6.816108318987715,911.427216
960.0,-5.08,18.08,13.0,7.399913851,0.22,1.0,20.7,0.36,232.0,50.0,58.0,41.6,7.38,490.15,0.23,36.0,2.3622,1.0,100.0,50.0,0.0,3.0,0.5,43.15555549575617,0.8365280906103939,0,8.433333321759259,0.0833333332175925,720.0,-5016.629420480704,3.0,0.5,3.153712242627533,0.042850036374496,1.1879972676058923e-05,100.0,6.554300684006158,701.2578779
960.0,-5.08,18.08,13.0,7.399913851,0.22,1.0,20.7,0.36,232.0,50.0,58.0,41.6,7.38,490.15,0.23,36.0,2.3622,1.0,100.0,50.0,0.0,3.0,0.5,0.1,0.0006990213818156,1,142.9571394557824,,,-5016.629420480704,3.0,0.5,3.153712242627533,0.042850036374496,1.1879972676058923e-05,100.0,7.47558519951265,1763.433932
960.0,-5.08,18.08,13.0,7.399913851,0.22,1.0,20.7,0.36,232.0,50.0,58.0,41.6,7.38,490.15,0.23,36.0,2.3622,1.0,100.0,50.0,0.0,3.0,0.5,0.1,0.0006990213818156,1,142.9571394557824,,,-5016.629420480704,3.0,0.5,3.153712242627533,0.042850036374496,1.1879972676058923e-05,100.0,7.189604366103448,1324.578658
960.0,-5.08,18.08,13.0,7.399913851,0.22,1.0,20.7,0.36,232.0,50.0,58.0,41.6,7.38,490.15,0.23,36.0,2.3622,1.0,100.0,50.0,0.0,3.0,0.5,0.1,0.0006990213818156,1,142.9571394557824,,,-5016.629420480704,3.0,0.5,3.153712242627533,0.042850036374496,1.1879972676058923e-05,100.0,7.00280334080018,1098.711708
960.0,-5.08,18.08,13.0,7.399913851,0.22,1.0,20.7,0.36,232.0,50.0,58.0,41.6,7.38,490.15,0.23,36.0,2.3622,1.0,100.0,37.5,-25.0,3.0,0.5,112.09999720000006,0.3740095074698029,0,187.6249953125001,1.4999999625000011,40.0,-6270.78677560088,3.0,0.5,3.153712242627533,0.042850036374496,1.1879972676058923e-05,125.0,6.769958882086236,870.2760682
960.0,-5.08,18.08,13.0,7.399913851,0.22,1.0,20.7,0.36,232.0,50.0,58.0,41.6,7.38,490.15,0.23,36.0,2.3622,1.0,75.0,37.5,0.0,3.0,0.5,84.07499790000004,0.4275362297113425,0,112.57499718750007,1.4999999625000011,40.0,-3762.472065360528,3.0,0.5,3.153712242627533,0.042850036374496,1.1879972676058923e-05,75.0,8.00296468407035,2988.808699
960.0,-5.08,18.08,13.0,7.399913851,0.22,1.0,20.7,0.36,232.0,50.0,58.0,41.6,7.38,490.15,0.23,36.0,2.3622,1.0,60.0,30.0,0.0,3.0,0.5,24.059999400000017,0.2108307026817105,0,90.05999775000006,1.4999999625000011,40.0,-3009.977652288422,3.0,0.5,3.153712242627533,0.042850036374496,1.1879972676058923e-05,60.0,8.944909017994668,7667.75084
960.0,-5.08,18.08,13.0,7.399913851,0.22,1.0,20.7,0.36,232.0,50.0,58.0,41.6,7.38,490.15,0.23,36.0,2.3622,1.0,100.0,30.0,-40.0,3.0,0.5,40.099999000000025,0.1602461630486427,0,210.1399947500001,1.4999999625000011,40.0,-7023.281188672986,3.0,0.5,3.153712242627533,0.042850036374496,1.1879972676058923e-05,140.0,6.892532516639544,983.8925182
960.0,-5.08,18.08,13.0,7.399913851,0.22,1.0,20.7,0.36,232.0,50.0,58.0,41.6,7.38,490.15,0.23,36.0,2.3622,1.0,125.0,50.0,-25.0,3.0,0.5,78.24999804687506,0.2579103485281527,0,225.14999437500012,1.4999999625000011,40.0,-7524.944130721056,3.0,0.5,3.153712242627533,0.042850036374496,1.1879972676058923e-05,150.0,6.230150022584545,506.831664
960.0,-5.08,18.08,13.0,7.399913851,0.22,1.0,20.7,0.36,232.0,50.0,58.0,41.6,7.38,490.15,0.23,36.0,2.3622,1.0,60.0,10.0,-40.0,3.0,0.5,30.05999900000003,0.1306047961014018,0,200.0999933333336,1.999999933333336,30.0,-5016.629420480704,3.0,0.5,3.153712242627533,0.042850036374496,1.1879972676058923e-05,100.0,8.234125789110227,3766.345003
960.0,-5.08,18.08,13.0,7.399913851,0.22,1.0,20.7,0.36,232.0,50.0,58.0,41.6,7.38,490.15,0.23,36.0,3.175,1.0,125.0,42.5,-40.0,3.0,0.5,62.62499895833334,0.27492427115251,0,165.16499725000006,0.9999999833333336,60.0,-6159.081475658692,3.0,0.5,3.153712242627533,0.042850036374496,1.1879972676058923e-05,165.0,5.837809054863445,342.0269635
960.0,-5.08,18.08,13.0,7.399913851,0.22,1.0,20.7,0.36,232.0,50.0,58.0,41.6,7.38,490.15,0.23,36.0,3.175,1.0,125.0,42.5,-40.0,3.0,0.5,62.6249985119048,0.2097959821309678,0,235.87928010204092,1.428571394557824,42.0,-6159.081475658692,3.0,0.5,3.153712242627533,0.042850036374496,1.1879972676058923e-05,165.0,5.936049140583128,377.4368214
960.0,-5.08,18.08,13.0,7.399913851,0.22,1.0,20.7,0.36,232.0,50.0,58.0,41.6,7.38,490.15,0.23,36.0,3.175,1.0,125.0,42.5,-40.0,3.0,0.5,62.62499973958332,0.6019319434627216,0,41.414999828125,0.2499999989583333,240.0,-6159.081475658692,3.0,0.5,3.153712242627533,0.042850036374496,1.1879972676058923e-05,165.0,5.456273647879309,233.2229988
960.0,-5.08,18.08,13.0,7.399913851,0.22,1.0,20.7,0.36,232.0,50.0,58.0,41.6,7.38,490.15,0.23,36.0,3.175,1.0,125.0,35.0,-55.0,3.0,0.5,62.62499791666673,0.1481179263597707,0,360.17998800000044,1.999999933333336,30.0,-6718.997973445844,3.0,0.5,3.153712242627533,0.042850036374496,1.1879972676058923e-05,180.0,5.904936073774338,365.8437741
960.0,-5.08,18.08,13.0,7.399913851,0.22,1.0,20.7,0.36,232.0,50.0,58.0,41.6,7.38,490.15,0.23,36.0,3.175,1.0,100.0,50.0,0.0,3.0,0.5,50.09999833333338,0.2002398073611453,0,200.0999933333336,1.999999933333336,30.0,-3732.776651914358,3.0,0.5,3.153712242627533,0.042850036374496,1.1879972676058923e-05,100.0,7.183150420811455,1316.050994
960.0,-5.08,18.08,13.0,7.399913851,0.22,1.0,20.7,0.36,232.0,50.0,58.0,41.6,7.38,490.15,0.23,36.0,3.175,1.0,100.0,50.0,0.0,3.0,0.5,128.933329038889,0.3918549273899281,0,200.0999933333336,1.999999933333336,30.0,-3732.776651914358,3.0,0.5,3.153712242627533,0.042850036374496,1.1879972676058923e-05,100.0,6.921954893580208,1013.300908
960.0,-5.08,18.08,13.0,7.399913851,0.22,1.0,20.7,0.36,232.0,50.0,58.0,41.6,7.38,490.15,0.23,36.0,3.175,1.0,100.0,50.0,0.0,3.0,0.5,50.09999875000003,0.250249749005989,0,150.0999962500001,1.4999999625000011,40.0,-3732.776651914358,3.0,0.5,3.153712242627533,0.042850036374496,1.1879972676058923e-05,100.0,7.103755421737444,1215.527079
960.0,-5.08,18.08,13.0,7.399913851,0.22,1.0,20.7,0.36,232.0,50.0,58.0,41.6,7.38,490.15,0.23,36.0,3.175,1.0,100.0,50.0,0.0,3.0,0.5,118.34999704375008,0.4408642188840806,0,150.0999962500001,1.4999999625000011,40.0,-3732.776651914358,3.0,0.5,3.153712242627533,0.042850036374496,1.1879972676058923e-05,100.0,6.8662291262881965,958.3242461
960.0,-5.08,18.08,13.0,7.399913851,0.22,1.0,20.7,0.36,232.0,50.0,58.0,41.6,7.38,490.15,0.23,36.0,3.175,1.0,100.0,50.0,0.0,3.0,0.5,159.29999681600003,0.5701503200771978,0,120.09999760000004,1.1999999760000006,50.0,-3732.776651914358,3.0,0.5,3.153712242627533,0.042850036374496,1.1879972676058923e-05,100.0,6.722627130591971,829.997786
960.0,-5.08,18.08,13.0,7.399913851,0.22,1.0,20.7,0.36,232.0,50.0,58.0,41.6,7.38,490.15,0.23,36.0,3.175,1.0,100.0,50.0,0.0,3.0,0.5,50.09999916666668,0.3335552574367479,0,100.09999833333336,0.9999999833333336,60.0,-3732.776651914358,3.0,0.5,3.153712242627533,0.042850036374496,1.1879972676058923e-05,100.0,6.991863363493896,1086.746456
960.0,-5.08,18.08,13.0,7.399913851,0.22,1.0,20.7,0.36,232.0,50.0,58.0,41.6,7.38,490.15,0.23,36.0,3.175,1.0,100.0,50.0,0.0,3.0,0.5,50.099999375,0.4001597412147751,0,75.09999906250002,0.7499999906250001,80.0,-3732.776651914358,3.0,0.5,3.153712242627533,0.042850036374496,1.1879972676058923e-05,100.0,6.912481601303787,1003.737509
960.0,-5.08,18.08,13.0,7.399913851,0.22,1.0,20.7,0.36,232.0,50.0,58.0,41.6,7.38,490.15,0.23,36.0,3.175,1.0,100.0,50.0,0.0,3.0,0.5,59.22499926093751,0.4409082416470462,0,75.09999906250002,0.7499999906250001,80.0,-3732.776651914358,3.0,0.5,3.153712242627533,0.042850036374496,1.1879972676058923e-05,100.0,6.8662291262881965,958.3242461
960.0,-5.08,18.08,13.0,7.399913851,0.22,1.0,20.7,0.36,232.0,50.0,58.0,41.6,7.38,490.15,0.23,36.0,3.175,1.0,100.0,50.0,0.0,3.0,0.5,77.87777691358025,0.5384083539357478,0,66.76666592592593,0.6666666592592594,90.0,-3732.776651914358,3.0,0.5,3.153712242627533,0.042850036374496,1.1879972676058923e-05,100.0,6.758082069507212,859.9892936
960.0,-5.08,18.08,13.0,7.399913851,0.22,1.0,20.7,0.36,232.0,50.0,58.0,41.6,7.38,490.15,0.23,36.0,3.175,1.0,100.0,50.0,0.0,3.0,0.5,70.09999930000001,0.5384024536215111,0,60.0999994,0.599999994,100.0,-3732.776651914358,3.0,0.5,3.153712242627533,0.042850036374496,1.1879972676058923e-05,100.0,6.758082069507212,859.9892936
960.0,-5.08,18.08,13.0,7.399913851,0.22,1.0,20.7,0.36,232.0,50.0,58.0,41.6,7.38,490.15,0.23,36.0,3.175,1.0,100.0,50.0,0.0,3.0,0.5,50.09999958333333,0.49999999500998,0,50.09999958333333,0.4999999958333334,120.0,-3732.776651914358,3.0,0.5,3.153712242627533,0.042850036374496,1.1879972676058923e-05,100.0,6.800610073490172,897.3952116
960.0,-5.08,18.08,13.0,7.399913851,0.22,1.0,20.7,0.36,232.0,50.0,58.0,41.6,7.38,490.15,0.23,36.0,3.175,1.0,100.0,50.0,0.0,3.0,0.5,50.09999964285714,0.5383788704804484,0,42.95714255102041,0.4285714255102041,140.0,-3732.776651914358,3.0,0.5,3.153712242627533,0.042850036374496,1.1879972676058923e-05,100.0,6.758082069507212,859.9892936
960.0,-5.08,18.08,13.0,7.399913851,0.22,1.0,20.7,0.36,232.0,50.0,58.0,41.6,7.38,490.15,0.23,36.0,3.175,1.0,100.0,50.0,0.0,3.0,0.5,50.09999979166666,0.6662233953941235,0,25.09999989583333,0.2499999989583333,240.0,-3732.776651914358,3.0,0.5,3.153712242627533,0.042850036374496,1.1879972676058923e-05,100.0,6.609397658976448,741.0359254
960.0,-5.08,18.08,13.0,7.399913851,0.22,1.0,20.7,0.36,232.0,50.0,58.0,41.6,7.38,490.15,0.23,36.0,3.175,1.0,100.0,50.0,0.0,3.0,0.5,43.15555549575617,0.8365280906103939,0,8.433333321759259,0.0833333332175925,720.0,-3732.776651914358,3.0,0.5,3.153712242627533,0.042850036374496,1.1879972676058923e-05,100.0,6.347665421593546,570.1577388
960.0,-5.08,18.08,13.0,7.399913851,0.22,1.0,20.7,0.36,232.0,50.0,58.0,41.6,7.38,490.15,0.23,36.0,3.175,1.0,100.0,50.0,0.0,3.0,0.5,0.1,0.0006990213818156,1,142.9571394557824,,,-3732.776651914358,3.0,0.5,3.153712242627533,0.042850036374496,1.1879972676058923e-05,100.0,7.268752875183326,1433.760012
960.0,-5.08,18.08,13.0,7.399913851,0.22,1.0,20.7,0.36,232.0,50.0,58.0,41.6,7.38,490.15,0.23,36.0,3.175,1.0,100.0,50.0,0.0,3.0,0.5,0.1,0.0006990213818156,1,142.9571394557824,,,-3732.776651914358,3.0,0.5,3.153712242627533,0.042850036374496,1.1879972676058923e-05,100.0,6.982815177981126,1076.948717
960.0,-5.08,18.08,13.0,7.399913851,0.22,1.0,20.7,0.36,232.0,50.0,58.0,41.6,7.38,490.15,0.23,36.0,3.175,1.0,100.0,50.0,0.0,3.0,0.5,0.1,0.0006990213818156,1,142.9571394557824,,,-3732.776651914358,3.0,0.5,3.153712242627533,0.042850036374496,1.1879972676058923e-05,100.0,6.7960497736055325,893.3075875
960.0,-5.08,18.08,13.0,7.399913851,0.22,1.0,20.7,0.36,232.0,50.0,58.0,41.6,7.38,490.15,0.23,36.0,3.175,1.0,100.0,37.5,-25.0,3.0,0.5,112.09999720000006,0.3740095074698029,0,187.6249953125001,1.4999999625000011,40.0,-4665.970814892948,3.0,0.5,3.153712242627533,0.042850036374496,1.1879972676058923e-05,125.0,6.5632601213870005,707.5779834
960.0,-5.08,18.08,13.0,7.399913851,0.22,1.0,20.7,0.36,232.0,50.0,58.0,41.6,7.38,490.15,0.23,36.0,3.175,1.0,75.0,37.5,0.0,3.0,0.5,84.07499790000004,0.4275362297113425,0,112.57499718750007,1.4999999625000011,40.0,-2799.5824889357687,3.0,0.5,3.153712242627533,0.042850036374496,1.1879972676058923e-05,75.0,7.79607895435108,2430.051003
960.0,-5.08,18.08,13.0,7.399913851,0.22,1.0,20.7,0.36,232.0,50.0,58.0,41.6,7.38,490.15,0.23,36.0,3.175,1.0,60.0,30.0,0.0,3.0,0.5,24.059999400000017,0.2108307026817105,0,90.05999775000006,1.4999999625000011,40.0,-2239.665991148615,3.0,0.5,3.153712242627533,0.042850036374496,1.1879972676058923e-05,60.0,8.737976367555426,6234.265052
960.0,-5.08,18.08,13.0,7.399913851,0.22,1.0,20.7,0.36,232.0,50.0,58.0,41.6,7.38,490.15,0.23,36.0,3.175,1.0,100.0,30.0,-40.0,3.0,0.5,40.099999000000025,0.1602461630486427,0,210.1399947500001,1.4999999625000011,40.0,-5225.887312680101,3.0,0.5,3.153712242627533,0.042850036374496,1.1879972676058923e-05,140.0,6.685803319315528,799.9538415
960.0,-5.08,18.08,13.0,7.399913851,0.22,1.0,20.7,0.36,232.0,50.0,58.0,41.6,7.38,490.15,0.23,36.0,3.175,1.0,125.0,50.0,-25.0,3.0,0.5,78.24999804687506,0.2579103485281527,0,225.14999437500012,1.4999999625000011,40.0,-5599.164977871537,3.0,0.5,3.153712242627533,0.042850036374496,1.1879972676058923e-05,150.0,6.023640067656928,412.0794997
960.0,-5.08,18.08,13.0,7.399913851,0.22,1.0,20.7,0.36,232.0,50.0,58.0,41.6,7.38,490.15,0.23,36.0,3.175,1.0,60.0,10.0,-40.0,3.0,0.5,30.05999900000003,0.1306047961014018,0,200.0999933333336,1.999999933333336,30.0,-3732.776651914358,3.0,0.5,3.153712242627533,0.042850036374496,1.1879972676058923e-05,100.0,8.027224187666913,3062.226918
960.0,-5.08,18.08,13.0,7.399913851,0.22,1.0,20.7,0.36,232.0,50.0,58.0,41.6,7.38,490.15,0.23,36.0,3.175,1.0,125.0,42.5,-40.0,3.0,0.5,62.62499895833334,0.27492427115251,0,165.16499725000006,0.9999999833333336,60.0,-6159.081475658692,3.0,0.5,3.153712242627533,0.042850036374496,1.1879972676058923e-05,165.0,5.666819655527301,288.1135899
960.0,-5.08,18.08,13.0,7.399913851,0.22,1.0,20.7,0.36,232.0,50.0,58.0,41.6,7.38,490.15,0.23,36.0,3.175,1.0,125.0,42.5,-40.0,3.0,0.5,62.6249985119048,0.2097959821309678,0,235.87928010204092,1.428571394557824,42.0,-6159.081475658692,3.0,0.5,3.153712242627533,0.042850036374496,1.1879972676058923e-05,165.0,5.765008725026505,317.9418268
960.0,-5.08,18.08,13.0,7.399913851,0.22,1.0,20.7,0.36,232.0,50.0,58.0,41.6,7.38,490.15,0.23,36.0,3.175,1.0,125.0,42.5,-40.0,3.0,0.5,62.62499973958332,0.6019319434627216,0,41.414999828125,0.2499999989583333,240.0,-6159.081475658692,3.0,0.5,3.153712242627533,0.042850036374496,1.1879972676058923e-05,165.0,5.285537485641176,196.460287
960.0,-5.08,18.08,13.0,7.399913851,0.22,1.0,20.7,0.36,232.0,50.0,58.0,41.6,7.38,490.15,0.23,36.0,3.175,1.0,125.0,35.0,-55.0,3.0,0.5,62.62499791666673,0.1481179263597707,0,360.17998800000044,1.999999933333336,30.0,-6718.997973445844,3.0,0.5,3.153712242627533,0.042850036374496,1.1879972676058923e-05,180.0,5.733911276552995,308.1761801
960.0,-5.08,18.08,13.0,7.399913851,0.22,1.0,20.7,0.36,232.0,50.0,58.0,41.6,7.38,490.15,0.23,36.0,3.175,1.0,100.0,50.0,0.0,3.0,0.5,50.09999833333338,0.2002398073611453,0,200.0999933333336,1.999999933333336,30.0,-3732.776651914358,3.0,0.5,3.153712242627533,0.042850036374496,1.1879972676058923e-05,100.0,7.011757726783128,1108.603171
960.0,-5.08,18.08,13.0,7.399913851,0.22,1.0,20.7,0.36,232.0,50.0,58.0,41.6,7.38,490.15,0.23,36.0,3.175,1.0,100.0,50.0,0.0,3.0,0.5,128.933329038889,0.3918549273899281,0,200.0999933333336,1.999999933333336,30.0,-3732.776651914358,3.0,0.5,3.153712242627533,0.042850036374496,1.1879972676058923e-05,100.0,6.750604600839886,853.5752833
960.0,-5.08,18.08,13.0,7.399913851,0.22,1.0,20.7,0.36,232.0,50.0,58.0,41.6,7.38,490.15,0.23,36.0,3.175,1.0,100.0,50.0,0.0,3.0,0.5,50.09999875000003,0.250249749005989,0,150.0999962500001,1.4999999625000011,40.0,-3732.776651914358,3.0,0.5,3.153712242627533,0.042850036374496,1.1879972676058923e-05,100.0,6.932374466437925,1023.924742
960.0,-5.08,18.08,13.0,7.399913851,0.22,1.0,20.7,0.36,232.0,50.0,58.0,41.6,7.38,490.15,0.23,36.0,3.175,1.0,100.0,50.0,0.0,3.0,0.5,118.34999704375008,0.4408642188840806,0,150.0999962500001,1.4999999625000011,40.0,-3732.776651914358,3.0,0.5,3.153712242627533,0.042850036374496,1.1879972676058923e-05,100.0,6.694889404071358,807.2645385
960.0,-5.08,18.08,13.0,7.399913851,0.22,1.0,20.7,0.36,232.0,50.0,58.0,41.6,7.38,490.15,0.23,36.0,3.175,1.0,100.0,50.0,0.0,3.0,0.5,159.29999681600003,0.5701503200771978,0,120.09999760000004,1.1999999760000006,50.0,-3732.776651914358,3.0,0.5,3.153712242627533,0.042850036374496,1.1879972676058923e-05,100.0,6.551317524054724,699.166052
960.0,-5.08,18.08,13.0,7.399913851,0.22,1.0,20.7,0.36,232.0,50.0,58.0,41.6,7.38,490.15,0.23,36.0,3.175,1.0,100.0,50.0,0.0,3.0,0.5,50.09999916666668,0.3335552574367479,0,100.09999833333336,0.9999999833333336,60.0,-3732.776651914358,3.0,0.5,3.153712242627533,0.042850036374496,1.1879972676058923e-05,100.0,6.820500616400968,915.443682
960.0,-5.08,18.08,13.0,7.399913851,0.22,1.0,20.7,0.36,232.0,50.0,58.0,41.6,7.38,490.15,0.23,36.0,3.175,1.0,100.0,50.0,0.0,3.0,0.5,50.099999375,0.4001597412147751,0,75.09999906250002,0.7499999906250001,80.0,-3732.776651914358,3.0,0.5,3.153712242627533,0.042850036374496,1.1879972676058923e-05,100.0,6.741133063922595,845.5193532
960.0,-5.08,18.08,13.0,7.399913851,0.22,1.0,20.7,0.36,232.0,50.0,58.0,41.6,7.38,490.15,0.23,36.0,3.175,1.0,100.0,50.0,0.0,3.0,0.5,59.22499926093751,0.4409082416470462,0,75.09999906250002,0.7499999906250001,80.0,-3732.776651914358,3.0,0.5,3.153712242627533,0.042850036374496,1.1879972676058923e-05,100.0,6.694889404071358,807.2645385
960.0,-5.08,18.08,13.0,7.399913851,0.22,1.0,20.7,0.36,232.0,50.0,58.0,41.6,7.38,490.15,0.23,36.0,3.175,1.0,100.0,50.0,0.0,3.0,0.5,77.87777691358025,0.5384083539357478,0,66.76666592592593,0.6666666592592594,90.0,-3732.776651914358,3.0,0.5,3.153712242627533,0.042850036374496,1.1879972676058923e-05,100.0,6.5867646208087125,724.4300278
960.0,-5.08,18.08,13.0,7.399913851,0.22,1.0,20.7,0.36,232.0,50.0,58.0,41.6,7.38,490.15,0.23,36.0,3.175,1.0,100.0,50.0,0.0,3.0,0.5,70.09999930000001,0.5384024536215111,0,60.0999994,0.599999994,100.0,-3732.776651914358,3.0,0.5,3.153712242627533,0.042850036374496,1.1879972676058923e-05,100.0,6.5867646208087125,724.4300278
960.0,-5.08,18.08,13.0,7.399913851,0.22,1.0,20.7,0.36,232.0,50.0,58.0,41.6,7.38,490.15,0.23,36.0,3.175,1.0,100.0,50.0,0.0,3.0,0.5,50.09999958333333,0.49999999500998,0,50.09999958333333,0.4999999958333334,120.0,-3732.776651914358,3.0,0.5,3.153712242627533,0.042850036374496,1.1879972676058923e-05,100.0,6.629283577476085,755.9396877
960.0,-5.08,18.08,13.0,7.399913851,0.22,1.0,20.7,0.36,232.0,50.0,58.0,41.6,7.38,490.15,0.23,36.0,3.175,1.0,100.0,50.0,0.0,3.0,0.5,50.09999964285714,0.5383788704804484,0,42.95714255102041,0.4285714255102041,140.0,-3732.776651914358,3.0,0.5,3.153712242627533,0.042850036374496,1.1879972676058923e-05,100.0,6.5867646208087125,724.4300278
960.0,-5.08,18.08,13.0,7.399913851,0.22,1.0,20.7,0.36,232.0,50.0,58.0,41.6,7.38,490.15,0.23,36.0,3.175,1.0,100.0,50.0,0.0,3.0,0.5,50.09999979166666,0.6662233953941235,0,25.09999989583333,0.2499999989583333,240.0,-3732.776651914358,3.0,0.5,3.153712242627533,0.042850036374496,1.1879972676058923e-05,100.0,6.438115042741165,624.2271619
960.0,-5.08,18.08,13.0,7.399913851,0.22,1.0,20.7,0.36,232.0,50.0,58.0,41.6,7.38,490.15,0.23,36.0,3.175,1.0,100.0,50.0,0.0,3.0,0.5,43.15555549575617,0.8365280906103939,0,8.433333321759259,0.0833333332175925,720.0,-3732.776651914358,3.0,0.5,3.153712242627533,0.042850036374496,1.1879972676058923e-05,100.0,6.1764582297582376,480.2843356
960.0,-5.08,18.08,13.0,7.399913851,0.22,1.0,20.7,0.36,232.0,50.0,58.0,41.6,7.38,490.15,0.23,36.0,3.175,1.0,100.0,50.0,0.0,3.0,0.5,0.1,0.0006990213818156,1,142.9571394557824,,,-3732.776651914358,3.0,0.5,3.153712242627533,0.042850036374496,1.1879972676058923e-05,100.0,7.097348526994697,1207.757833
960.0,-5.08,18.08,13.0,7.399913851,0.22,1.0,20.7,0.36,232.0,50.0,58.0,41.6,7.38,490.15,0.23,36.0,3.175,1.0,100.0,50.0,0.0,3.0,0.5,0.1,0.0006990213818156,1,142.9571394557824,,,-3732.776651914358,3.0,0.5,3.153712242627533,0.042850036374496,1.1879972676058923e-05,100.0,6.811453994515805,907.1903512
960.0,-5.08,18.08,13.0,7.399913851,0.22,1.0,20.7,0.36,232.0,50.0,58.0,41.6,7.38,490.15,0.23,36.0,3.175,1.0,100.0,50.0,0.0,3.0,0.5,0.1,0.0006990213818156,1,142.9571394557824,,,-3732.776651914358,3.0,0.5,3.153712242627533,0.042850036374496,1.1879972676058923e-05,100.0,6.624724229468489,752.4963918
960.0,-5.08,18.08,13.0,7.399913851,0.22,1.0,20.7,0.36,232.0,50.0,58.0,41.6,7.38,490.15,0.23,36.0,3.175,1.0,100.0,37.5,-25.0,3.0,0.5,112.09999720000006,0.3740095074698029,0,187.6249953125001,1.4999999625000011,40.0,-4665.970814892948,3.0,0.5,3.153712242627533,0.042850036374496,1.1879972676058923e-05,125.0,6.391989409606638,596.0431624
960.0,-5.08,18.08,13.0,7.399913851,0.22,1.0,20.7,0.36,232.0,50.0,58.0,41.6,7.38,490.15,0.23,36.0,3.175,1.0,75.0,37.5,0.0,3.0,0.5,84.07499790000004,0.4275362297113425,0,112.57499718750007,1.4999999625000011,40.0,-2799.5824889357687,3.0,0.5,3.153712242627533,0.042850036374496,1.1879972676058923e-05,75.0,7.624621161450001,2047.004455
960.0,-5.08,18.08,13.0,7.399913851,0.22,1.0,20.7,0.36,232.0,50.0,58.0,41.6,7.38,490.15,0.23,36.0,3.175,1.0,60.0,30.0,0.0,3.0,0.5,24.059999400000017,0.2108307026817105,0,90.05999775000006,1.4999999625000011,40.0,-2239.665991148615,3.0,0.5,3.153712242627533,0.042850036374496,1.1879972676058923e-05,60.0,8.566471615034288,5251.563988
960.0,-5.08,18.08,13.0,7.399913851,0.22,1.0,20.7,0.36,232.0,50.0,58.0,41.6,7.38,490.15,0.23,36.0,3.175,1.0,100.0,30.0,-40.0,3.0,0.5,40.099999000000025,0.1602461630486427,0,210.1399947500001,1.4999999625000011,40.0,-5225.887312680101,3.0,0.5,3.153712242627533,0.042850036374496,1.1879972676058923e-05,140.0,6.514502157452665,673.8579049
960.0,-5.08,18.08,13.0,7.399913851,0.22,1.0,20.7,0.36,232.0,50.0,58.0,41.6,7.38,490.15,0.23,36.0,3.175,1.0,125.0,50.0,-25.0,3.0,0.5,78.24999804687506,0.2579103485281527,0,225.14999437500012,1.4999999625000011,40.0,-5599.164977871537,3.0,0.5,3.153712242627533,0.042850036374496,1.1879972676058923e-05,150.0,5.852558203278974,347.1238138
960.0,-5.08,18.08,13.0,7.399913851,0.22,1.0,20.7,0.36,232.0,50.0,58.0,41.6,7.38,490.15,0.23,36.0,3.175,1.0,60.0,10.0,-40.0,3.0,0.5,30.05999900000003,0.1306047961014018,0,200.0999933333336,1.999999933333336,30.0,-3732.776651914358,3.0,0.5,3.153712242627533,0.042850036374496,1.1879972676058923e-05,100.0,7.85575051060663,2579.531103
960.0,-5.08,18.08,13.0,7.399913851,0.22,1.0,20.7,0.36,232.0,50.0,58.0,41.6,7.38,490.15,0.23,36.0,3.175,1.0,125.0,42.5,-40.0,3.0,0.5,62.62499895833334,0.27492427115251,0,165.16499725000006,0.9999999833333336,60.0,-6159.081475658692,3.0,0.5,3.153712242627533,0.042850036374496,1.1879972676058923e-05,165.0,5.775057229465982,321.1628714
960.0,-5.08,18.08,13.0,7.399913851,0.22,1.0,20.7,0.36,232.0,50.0,58.0,41.6,7.38,490.15,0.23,36.0,3.175,1.0,125.0,42.5,-40.0,3.0,0.5,62.6249985119048,0.2097959821309678,0,235.87928010204092,1.428571394557824,42.0,-6159.081475658692,3.0,0.5,3.153712242627533,0.042850036374496,1.1879972676058923e-05,165.0,5.873279597695084,354.4126816
960.0,-5.08,18.08,13.0,7.399913851,0.22,1.0,20.7,0.36,232.0,50.0,58.0,41.6,7.38,490.15,0.23,36.0,3.175,1.0,125.0,42.5,-40.0,3.0,0.5,62.62499973958332,0.6019319434627216,0,41.414999828125,0.2499999989583333,240.0,-6159.081475658692,3.0,0.5,3.153712242627533,0.042850036374496,1.1879972676058923e-05,165.0,5.39360977710358,218.9960908
960.0,-5.08,18.08,13.0,7.399913851,0.22,1.0,20.7,0.36,232.0,50.0,58.0,41.6,7.38,490.15,0.23,36.0,3.175,1.0,125.0,35.0,-55.0,3.0,0.5,62.62499791666673,0.1481179263597707,0,360.17998800000044,1.999999933333336,30.0,-6718.997973445844,3.0,0.5,3.153712242627533,0.042850036374496,1.1879972676058923e-05,180.0,5.842171954766186,343.5268253
960.0,-5.08,18.08,13.0,7.399913851,0.22,1.0,20.7,0.36,232.0,50.0,58.0,41.6,7.38,490.15,0.23,36.0,3.175,1.0,100.0,50.0,0.0,3.0,0.5,50.09999833333338,0.2002398073611453,0,200.0999933333336,1.999999933333336,30.0,-3732.776651914358,3.0,0.5,3.153712242627533,0.042850036374496,1.1879972676058923e-05,100.0,7.120258552380434,1235.770162
960.0,-5.08,18.08,13.0,7.399913851,0.22,1.0,20.7,0.36,232.0,50.0,58.0,41.6,7.38,490.15,0.23,36.0,3.175,1.0,100.0,50.0,0.0,3.0,0.5,128.933329038889,0.3918549273899281,0,200.0999933333336,1.999999933333336,30.0,-3732.776651914358,3.0,0.5,3.153712242627533,0.042850036374496,1.1879972676058923e-05,100.0,6.859077747029459,951.4882272
960.0,-5.08,18.08,13.0,7.399913851,0.22,1.0,20.7,0.36,232.0,50.0,58.0,41.6,7.38,490.15,0.23,36.0,3.175,1.0,100.0,50.0,0.0,3.0,0.5,50.09999875000003,0.250249749005989,0,150.0999962500001,1.4999999625000011,40.0,-3732.776651914358,3.0,0.5,3.153712242627533,0.042850036374496,1.1879972676058923e-05,100.0,7.040867629570808,1141.378338
960.0,-5.08,18.08,13.0,7.399913851,0.22,1.0,20.7,0.36,232.0,50.0,58.0,41.6,7.38,490.15,0.23,36.0,3.175,1.0,100.0,50.0,0.0,3.0,0.5,118.34999704375008,0.4408642188840806,0,150.0999962500001,1.4999999625000011,40.0,-3732.776651914358,3.0,0.5,3.153712242627533,0.042850036374496,1.1879972676058923e-05,100.0,6.803355649969282,899.8652136
960.0,-5.08,18.08,13.0,7.399913851,0.22,1.0,20.7,0.36,232.0,50.0,58.0,41.6,7.38,490.15,0.23,36.0,3.175,1.0,100.0,50.0,0.0,3.0,0.5,159.29999681600003,0.5701503200771978,0,120.09999760000004,1.1999999760000006,50.0,-3732.776651914358,3.0,0.5,3.153712242627533,0.042850036374496,1.1879972676058923e-05,100.0,6.659764110921282,779.3668354
960.0,-5.08,18.08,13.0,7.399913851,0.22,1.0,20.7,0.36,232.0,50.0,58.0,41.6,7.38,490.15,0.23,36.0,3.175,1.0,100.0,50.0,0.0,3.0,0.5,50.09999916666668,0.3335552574367479,0,100.09999833333336,0.9999999833333336,60.0,-3732.776651914358,3.0,0.5,3.153712242627533,0.042850036374496,1.1879972676058923e-05,100.0,6.928981892908331,1020.453501
960.0,-5.08,18.08,13.0,7.399913851,0.22,1.0,20.7,0.36,232.0,50.0,58.0,41.6,7.38,490.15,0.23,36.0,3.175,1.0,100.0,50.0,0.0,3.0,0.5,50.099999375,0.4001597412147751,0,75.09999906250002,0.7499999906250001,80.0,-3732.776651914358,3.0,0.5,3.153712242627533,0.042850036374496,1.1879972676058923e-05,100.0,6.8496050640818416,942.5082078
960.0,-5.08,18.08,13.0,7.399913851,0.22,1.0,20.7,0.36,232.0,50.0,58.0,41.6,7.38,490.15,0.23,36.0,3.175,1.0,100.0,50.0,0.0,3.0,0.5,59.22499926093751,0.4409082416470462,0,75.09999906250002,0.7499999906250001,80.0,-3732.776651914358,3.0,0.5,3.153712242627533,0.042850036374496,1.1879972676058923e-05,100.0,6.803355649969282,899.8652136
960.0,-5.08,18.08,13.0,7.399913851,0.22,1.0,20.7,0.36,232.0,50.0,58.0,41.6,7.38,490.15,0.23,36.0,3.175,1.0,100.0,50.0,0.0,3.0,0.5,77.87777691358025,0.5384083539357478,0,66.76666592592593,0.6666666592592594,90.0,-3732.776651914358,3.0,0.5,3.153712242627533,0.042850036374496,1.1879972676058923e-05,100.0,6.695216326990299,807.5288219
960.0,-5.08,18.08,13.0,7.399913851,0.22,1.0,20.7,0.36,232.0,50.0,58.0,41.6,7.38,490.15,0.23,36.0,3.175,1.0,100.0,50.0,0.0,3.0,0.5,70.09999930000001,0.5384024536215111,0,60.0999994,0.599999994,100.0,-3732.776651914358,3.0,0.5,3.153712242627533,0.042850036374496,1.1879972676058923e-05,100.0,6.695216326990299,807.5288219
960.0,-5.08,18.08,13.0,7.399913851,0.22,1.0,20.7,0.36,232.0,50.0,58.0,41.6,7.38,490.15,0.23,36.0,3.175,1.0,100.0,50.0,0.0,3.0,0.5,50.09999958333333,0.49999999500998,0,50.09999958333333,0.4999999958333334,120.0,-3732.776651914358,3.0,0.5,3.153712242627533,0.042850036374496,1.1879972676058923e-05,100.0,6.737741189523991,842.6529299
960.0,-5.08,18.08,13.0,7.399913851,0.22,1.0,20.7,0.36,232.0,50.0,58.0,41.6,7.38,490.15,0.23,36.0,3.175,1.0,100.0,50.0,0.0,3.0,0.5,50.09999964285714,0.5383788704804484,0,42.95714255102041,0.4285714255102041,140.0,-3732.776651914358,3.0,0.5,3.153712242627533,0.042850036374496,1.1879972676058923e-05,100.0,6.695216326990299,807.5288219
960.0,-5.08,18.08,13.0,7.399913851,0.22,1.0,20.7,0.36,232.0,50.0,58.0,41.6,7.38,490.15,0.23,36.0,3.175,1.0,100.0,50.0,0.0,3.0,0.5,50.09999979166666,0.6662233953941235,0,25.09999989583333,0.2499999989583333,240.0,-3732.776651914358,3.0,0.5,3.153712242627533,0.042850036374496,1.1879972676058923e-05,100.0,6.54654401103772,695.8317647
960.0,-5.08,18.08,13.0,7.399913851,0.22,1.0,20.7,0.36,232.0,50.0,58.0,41.6,7.38,490.15,0.23,36.0,3.175,1.0,100.0,50.0,0.0,3.0,0.5,43.15555549575617,0.8365280906103939,0,8.433333321759259,0.0833333332175925,720.0,-3732.776651914358,3.0,0.5,3.153712242627533,0.042850036374496,1.1879972676058923e-05,100.0,6.284837963530304,535.3773709
960.0,-5.08,18.08,13.0,7.399913851,0.22,1.0,20.7,0.36,232.0,50.0,58.0,41.6,7.38,490.15,0.23,36.0,3.175,1.0,100.0,50.0,0.0,3.0,0.5,0.1,0.0006990213818156,1,142.9571394557824,,,-3732.776651914358,3.0,0.5,3.153712242627533,0.042850036374496,1.1879972676058923e-05,100.0,7.205856960277755,1346.298776
960.0,-5.08,18.08,13.0,7.399913851,0.22,1.0,20.7,0.36,232.0,50.0,58.0,41.6,7.38,490.15,0.23,36.0,3.175,1.0,100.0,50.0,0.0,3.0,0.5,0.1,0.0006990213818156,1,142.9571394557824,,,-3732.776651914358,3.0,0.5,3.153712242627533,0.042850036374496,1.1879972676058923e-05,100.0,6.919934250312779,1011.253437
960.0,-5.08,18.08,13.0,7.399913851,0.22,1.0,20.7,0.36,232.0,50.0,58.0,41.6,7.38,490.15,0.23,36.0,3.175,1.0,100.0,50.0,0.0,3.0,0.5,0.1,0.0006990213818156,1,142.9571394557824,,,-3732.776651914358,3.0,0.5,3.153712242627533,0.042850036374496,1.1879972676058923e-05,100.0,6.733181220110192,838.8146562
960.0,-5.08,18.08,13.0,7.399913851,0.22,1.0,20.7,0.36,232.0,50.0,58.0,41.6,7.38,490.15,0.23,36.0,3.175,1.0,100.0,37.5,-25.0,3.0,0.5,112.09999720000006,0.3740095074698029,0,187.6249953125001,1.4999999625000011,40.0,-4665.970814892948,3.0,0.5,3.153712242627533,0.042850036374496,1.1879972676058923e-05,125.0,6.500410606949855,664.4148009
960.0,-5.08,18.08,13.0,7.399913851,0.22,1.0,20.7,0.36,232.0,50.0,58.0,41.6,7.38,490.15,0.23,36.0,3.175,1.0,75.0,37.5,0.0,3.0,0.5,84.07499790000004,0.4275362297113425,0,112.57499718750007,1.4999999625000011,40.0,-2799.5824889357687,3.0,0.5,3.153712242627533,0.042850036374496,1.1879972676058923e-05,75.0,7.733164483796855,2281.814713
960.0,-5.08,18.08,13.0,7.399913851,0.22,1.0,20.7,0.36,232.0,50.0,58.0,41.6,7.38,490.15,0.23,36.0,3.175,1.0,60.0,30.0,0.0,3.0,0.5,24.059999400000017,0.2108307026817105,0,90.05999775000006,1.4999999625000011,40.0,-2239.665991148615,3.0,0.5,3.153712242627533,0.042850036374496,1.1879972676058923e-05,60.0,8.675045593522077,5853.966729
960.0,-5.08,18.08,13.0,7.399913851,0.22,1.0,20.7,0.36,232.0,50.0,58.0,41.6,7.38,490.15,0.23,36.0,3.175,1.0,100.0,30.0,-40.0,3.0,0.5,40.099999000000025,0.1602461630486427,0,210.1399947500001,1.4999999625000011,40.0,-5225.887312680101,3.0,0.5,3.153712242627533,0.042850036374496,1.1879972676058923e-05,140.0,6.622943231931205,751.1556109
960.0,-5.08,18.08,13.0,7.399913851,0.22,1.0,20.7,0.36,232.0,50.0,58.0,41.6,7.38,490.15,0.23,36.0,3.175,1.0,125.0,50.0,-25.0,3.0,0.5,78.24999804687506,0.2579103485281527,0,225.14999437500012,1.4999999625000011,40.0,-5599.164977871537,3.0,0.5,3.153712242627533,0.042850036374496,1.1879972676058923e-05,150.0,5.960856130554009,386.9421112
960.0,-5.08,18.08,13.0,7.399913851,0.22,1.0,20.7,0.36,232.0,50.0,58.0,41.6,7.38,490.15,0.23,36.0,3.175,1.0,60.0,10.0,-40.0,3.0,0.5,30.05999900000003,0.1306047961014018,0,200.0999933333336,1.999999933333336,30.0,-3732.776651914358,3.0,0.5,3.153712242627533,0.042850036374496,1.1879972676058923e-05,100.0,7.964304202253447,2875.42707
960.0,-5.08,18.08,13.0,7.399913851,0.22,1.0,20.7,0.36,232.0,50.0,58.0,41.6,7.38,490.15,0.23,36.0,3.175,1.0,125.0,42.5,-40.0,3.0,0.5,62.62499895833334,0.27492427115251,0,165.16499725000006,0.9999999833333336,60.0,-6159.081475658692,3.0,0.5,3.153712242627533,0.042850036374496,1.1879972676058923e-05,165.0,6.017168837292154,409.4149977
960.0,-5.08,18.08,13.0,7.399913851,0.22,1.0,20.7,0.36,232.0,50.0,58.0,41.6,7.38,490.15,0.23,36.0,3.175,1.0,125.0,42.5,-40.0,3.0,0.5,62.6249985119048,0.2097959821309678,0,235.87928010204092,1.428571394557824,42.0,-6159.081475658692,3.0,0.5,3.153712242627533,0.042850036374496,1.1879972676058923e-05,165.0,6.115453840929418,451.8015006
960.0,-5.08,18.08,13.0,7.399913851,0.22,1.0,20.7,0.36,232.0,50.0,58.0,41.6,7.38,490.15,0.23,36.0,3.175,1.0,125.0,42.5,-40.0,3.0,0.5,62.62499973958332,0.6019319434627216,0,41.414999828125,0.2499999989583333,240.0,-6159.081475658692,3.0,0.5,3.153712242627533,0.042850036374496,1.1879972676058923e-05,165.0,5.635410400434746,279.1738772
960.0,-5.08,18.08,13.0,7.399913851,0.22,1.0,20.7,0.36,232.0,50.0,58.0,41.6,7.38,490.15,0.23,36.0,3.175,1.0,125.0,35.0,-55.0,3.0,0.5,62.62499791666673,0.1481179263597707,0,360.17998800000044,1.999999933333336,30.0,-6718.997973445844,3.0,0.5,3.153712242627533,0.042850036374496,1.1879972676058923e-05,180.0,6.084327023046021,437.9243273
960.0,-5.08,18.08,13.0,7.399913851,0.22,1.0,20.7,0.36,232.0,50.0,58.0,41.6,7.38,490.15,0.23,36.0,3.175,1.0,100.0,50.0,0.0,3.0,0.5,50.09999833333338,0.2002398073611453,0,200.0999933333336,1.999999933333336,30.0,-3732.776651914358,3.0,0.5,3.153712242627533,0.042850036374496,1.1879972676058923e-05,100.0,7.362865171364742,1575.346602
960.0,-5.08,18.08,13.0,7.399913851,0.22,1.0,20.7,0.36,232.0,50.0,58.0,41.6,7.38,490.15,0.23,36.0,3.175,1.0,100.0,50.0,0.0,3.0,0.5,128.933329038889,0.3918549273899281,0,200.0999933333336,1.999999933333336,30.0,-3732.776651914358,3.0,0.5,3.153712242627533,0.042850036374496,1.1879972676058923e-05,100.0,7.101632336400555,1212.947028
960.0,-5.08,18.08,13.0,7.399913851,0.22,1.0,20.7,0.36,232.0,50.0,58.0,41.6,7.38,490.15,0.23,36.0,3.175,1.0,100.0,50.0,0.0,3.0,0.5,50.09999875000003,0.250249749005989,0,150.0999962500001,1.4999999625000011,40.0,-3732.776651914358,3.0,0.5,3.153712242627533,0.042850036374496,1.1879972676058923e-05,100.0,7.283459844073788,1455.016912
960.0,-5.08,18.08,13.0,7.399913851,0.22,1.0,20.7,0.36,232.0,50.0,58.0,41.6,7.38,490.15,0.23,36.0,3.175,1.0,100.0,50.0,0.0,3.0,0.5,118.34999704375008,0.4408642188840806,0,150.0999962500001,1.4999999625000011,40.0,-3732.776651914358,3.0,0.5,3.153712242627533,0.042850036374496,1.1879972676058923e-05,100.0,7.0458972682022925,1147.138562
960.0,-5.08,18.08,13.0,7.399913851,0.22,1.0,20.7,0.36,232.0,50.0,58.0,41.6,7.38,490.15,0.23,36.0,3.175,1.0,100.0,50.0,0.0,3.0,0.5,159.29999681600003,0.5701503200771978,0,120.09999760000004,1.1999999760000006,50.0,-3732.776651914358,3.0,0.5,3.153712242627533,0.042850036374496,1.1879972676058923e-05,100.0,6.902268772091074,993.5285165
960.0,-5.08,18.08,13.0,7.399913851,0.22,1.0,20.7,0.36,232.0,50.0,58.0,41.6,7.38,490.15,0.23,36.0,3.175,1.0,100.0,50.0,0.0,3.0,0.5,50.09999916666668,0.3335552574367479,0,100.09999833333336,0.9999999833333336,60.0,-3732.776651914358,3.0,0.5,3.153712242627533,0.042850036374496,1.1879972676058923e-05,100.0,7.1715517650228,1300.863222
960.0,-5.08,18.08,13.0,7.399913851,0.22,1.0,20.7,0.36,232.0,50.0,58.0,41.6,7.38,490.15,0.23,36.0,3.175,1.0,100.0,50.0,0.0,3.0,0.5,50.099999375,0.4001597412147751,0,75.09999906250002,0.7499999906250001,80.0,-3732.776651914358,3.0,0.5,3.153712242627533,0.042850036374496,1.1879972676058923e-05,100.0,7.092157498861287,1201.499395
960.0,-5.08,18.08,13.0,7.399913851,0.22,1.0,20.7,0.36,232.0,50.0,58.0,41.6,7.38,490.15,0.23,36.0,3.175,1.0,100.0,50.0,0.0,3.0,0.5,59.22499926093751,0.4409082416470462,0,75.09999906250002,0.7499999906250001,80.0,-3732.776651914358,3.0,0.5,3.153712242627533,0.042850036374496,1.1879972676058923e-05,100.0,7.0458972682022925,1147.138562
960.0,-5.08,18.08,13.0,7.399913851,0.22,1.0,20.7,0.36,232.0,50.0,58.0,41.6,7.38,490.15,0.23,36.0,3.175,1.0,100.0,50.0,0.0,3.0,0.5,77.87777691358025,0.5384083539357478,0,66.76666592592593,0.6666666592592594,90.0,-3732.776651914358,3.0,0.5,3.153712242627533,0.042850036374496,1.1879972676058923e-05,100.0,6.937730611938446,1029.429116
960.0,-5.08,18.08,13.0,7.399913851,0.22,1.0,20.7,0.36,232.0,50.0,58.0,41.6,7.38,490.15,0.23,36.0,3.175,1.0,100.0,50.0,0.0,3.0,0.5,70.09999930000001,0.5384024536215111,0,60.0999994,0.599999994,100.0,-3732.776651914358,3.0,0.5,3.153712242627533,0.042850036374496,1.1879972676058923e-05,100.0,6.937730611938446,1029.429116
960.0,-5.08,18.08,13.0,7.399913851,0.22,1.0,20.7,0.36,232.0,50.0,58.0,41.6,7.38,490.15,0.23,36.0,3.175,1.0,100.0,50.0,0.0,3.0,0.5,50.09999958333333,0.49999999500998,0,50.09999958333333,0.4999999958333334,120.0,-3732.776651914358,3.0,0.5,3.153712242627533,0.042850036374496,1.1879972676058923e-05,100.0,6.980266577273151,1074.204954
960.0,-5.08,18.08,13.0,7.399913851,0.22,1.0,20.7,0.36,232.0,50.0,58.0,41.6,7.38,490.15,0.23,36.0,3.175,1.0,100.0,50.0,0.0,3.0,0.5,50.09999964285714,0.5383788704804484,0,42.95714255102041,0.4285714255102041,140.0,-3732.776651914358,3.0,0.5,3.153712242627533,0.042850036374496,1.1879972676058923e-05,100.0,6.937730611938446,1029.429116
960.0,-5.08,18.08,13.0,7.399913851,0.22,1.0,20.7,0.36,232.0,50.0,58.0,41.6,7.38,490.15,0.23,36.0,3.175,1.0,100.0,50.0,0.0,3.0,0.5,50.09999979166666,0.6662233953941235,0,25.09999989583333,0.2499999989583333,240.0,-3732.776651914358,3.0,0.5,3.153712242627533,0.042850036374496,1.1879972676058923e-05,100.0,6.789015549014654,887.0389006
960.0,-5.08,18.08,13.0,7.399913851,0.22,1.0,20.7,0.36,232.0,50.0,58.0,41.6,7.38,490.15,0.23,36.0,3.175,1.0,100.0,50.0,0.0,3.0,0.5,43.15555549575617,0.8365280906103939,0,8.433333321759259,0.0833333332175925,720.0,-3732.776651914358,3.0,0.5,3.153712242627533,0.042850036374496,1.1879972676058923e-05,100.0,6.5272169319031175,682.4933535
960.0,-5.08,18.08,13.0,7.399913851,0.22,1.0,20.7,0.36,232.0,50.0,58.0,41.6,7.38,490.15,0.23,36.0,3.175,1.0,100.0,50.0,0.0,3.0,0.5,0.1,0.0006990213818156,1,142.9571394557824,,,-3732.776651914358,3.0,0.5,3.153712242627533,0.042850036374496,1.1879972676058923e-05,100.0,7.448477879646837,1716.247298
960.0,-5.08,18.08,13.0,7.399913851,0.22,1.0,20.7,0.36,232.0,50.0,58.0,41.6,7.38,490.15,0.23,36.0,3.175,1.0,100.0,50.0,0.0,3.0,0.5,0.1,0.0006990213818156,1,142.9571394557824,,,-3732.776651914358,3.0,0.5,3.153712242627533,0.042850036374496,1.1879972676058923e-05,100.0,7.162502204276858,1289.135079
960.0,-5.08,18.08,13.0,7.399913851,0.22,1.0,20.7,0.36,232.0,50.0,58.0,41.6,7.38,490.15,0.23,36.0,3.175,1.0,100.0,50.0,0.0,3.0,0.5,0.1,0.0006990213818156,1,142.9571394557824,,,-3732.776651914358,3.0,0.5,3.153712242627533,0.042850036374496,1.1879972676058923e-05,100.0,6.975705439167891,1069.311963
960.0,-5.08,18.08,13.0,7.399913851,0.22,1.0,20.7,0.36,232.0,50.0,58.0,41.6,7.38,490.15,0.23,36.0,3.175,1.0,100.0,37.5,-25.0,3.0,0.5,112.09999720000006,0.3740095074698029,0,187.6249953125001,1.4999999625000011,40.0,-4665.970814892948,3.0,0.5,3.153712242627533,0.042850036374496,1.1879972676058923e-05,125.0,6.742867535234393,846.9888908
960.0,-5.08,18.08,13.0,7.399913851,0.22,1.0,20.7,0.36,232.0,50.0,58.0,41.6,7.38,490.15,0.23,36.0,3.175,1.0,75.0,37.5,0.0,3.0,0.5,84.07499790000004,0.4275362297113425,0,112.57499718750007,1.4999999625000011,40.0,-2799.5824889357687,3.0,0.5,3.153712242627533,0.042850036374496,1.1879972676058923e-05,75.0,7.975850977763185,2908.833022
960.0,-5.08,18.08,13.0,7.399913851,0.22,1.0,20.7,0.36,232.0,50.0,58.0,41.6,7.38,490.15,0.23,36.0,3.175,1.0,60.0,30.0,0.0,3.0,0.5,24.059999400000017,0.2108307026817105,0,90.05999775000006,1.4999999625000011,40.0,-2239.665991148615,3.0,0.5,3.153712242627533,0.042850036374496,1.1879972676058923e-05,60.0,8.917789700841384,7462.574253
960.0,-5.08,18.08,13.0,7.399913851,0.22,1.0,20.7,0.36,232.0,50.0,58.0,41.6,7.38,490.15,0.23,36.0,3.175,1.0,100.0,30.0,-40.0,3.0,0.5,40.099999000000025,0.1602461630486427,0,210.1399947500001,1.4999999625000011,40.0,-5225.887312680101,3.0,0.5,3.153712242627533,0.042850036374496,1.1879972676058923e-05,140.0,6.865437529711608,957.5651488
960.0,-5.08,18.08,13.0,7.399913851,0.22,1.0,20.7,0.36,232.0,50.0,58.0,41.6,7.38,490.15,0.23,36.0,3.175,1.0,125.0,50.0,-25.0,3.0,0.5,78.24999804687506,0.2579103485281527,0,225.14999437500012,1.4999999625000011,40.0,-5599.164977871537,3.0,0.5,3.153712242627533,0.042850036374496,1.1879972676058923e-05,150.0,6.203081258932062,493.26967
960.0,-5.08,18.08,13.0,7.399913851,0.22,1.0,20.7,0.36,232.0,50.0,58.0,41.6,7.38,490.15,0.23,36.0,3.175,1.0,60.0,10.0,-40.0,3.0,0.5,30.05999900000003,0.1306047961014018,0,200.0999933333336,1.999999933333336,30.0,-3732.776651914358,3.0,0.5,3.153712242627533,0.042850036374496,1.1879972676058923e-05,100.0,8.207010184718204,3665.563714
960.0,-5.08,18.08,13.0,7.399913851,0.22,1.0,20.7,0.36,232.0,50.0,58.0,41.6,7.38,490.15,0.23,36.0,3.175,1.0,125.0,42.5,-40.0,3.0,0.5,62.62499895833334,0.27492427115251,0,165.16499725000006,0.9999999833333336,60.0,-6159.081475658692,3.0,0.5,3.153712242627533,0.042850036374496,1.1879972676058923e-05,165.0,6.133943924778677,460.2517202
960.0,-5.08,18.08,13.0,7.399913851,0.22,1.0,20.7,0.36,232.0,50.0,58.0,41.6,7.38,490.15,0.23,36.0,3.175,1.0,125.0,42.5,-40.0,3.0,0.5,62.6249985119048,0.2097959821309678,0,235.87928010204092,1.428571394557824,42.0,-6159.081475658692,3.0,0.5,3.153712242627533,0.042850036374496,1.1879972676058923e-05,165.0,6.232254127814255,507.9013202
960.0,-5.08,18.08,13.0,7.399913851,0.22,1.0,20.7,0.36,232.0,50.0,58.0,41.6,7.38,490.15,0.23,36.0,3.175,1.0,125.0,42.5,-40.0,3.0,0.5,62.62499973958332,0.6019319434627216,0,41.414999828125,0.2499999989583333,240.0,-6159.081475658692,3.0,0.5,3.153712242627533,0.042850036374496,1.1879972676058923e-05,165.0,5.75206034000395,313.8386672
960.0,-5.08,18.08,13.0,7.399913851,0.22,1.0,20.7,0.36,232.0,50.0,58.0,41.6,7.38,490.15,0.23,36.0,3.175,1.0,125.0,35.0,-55.0,3.0,0.5,62.62499791666673,0.1481179263597707,0,360.17998800000044,1.999999933333336,30.0,-6718.997973445844,3.0,0.5,3.153712242627533,0.042850036374496,1.1879972676058923e-05,180.0,6.201119595608282,492.3010297
960.0,-5.08,18.08,13.0,7.399913851,0.22,1.0,20.7,0.36,232.0,50.0,58.0,41.6,7.38,490.15,0.23,36.0,3.175,1.0,100.0,50.0,0.0,3.0,0.5,50.09999833333338,0.2002398073611453,0,200.0999933333336,1.999999933333336,30.0,-3732.776651914358,3.0,0.5,3.153712242627533,0.042850036374496,1.1879972676058923e-05,100.0,7.479839350383944,1770.956089
960.0,-5.08,18.08,13.0,7.399913851,0.22,1.0,20.7,0.36,232.0,50.0,58.0,41.6,7.38,490.15,0.23,36.0,3.175,1.0,100.0,50.0,0.0,3.0,0.5,128.933329038889,0.3918549273899281,0,200.0999933333336,1.999999933333336,30.0,-3732.776651914358,3.0,0.5,3.153712242627533,0.042850036374496,1.1879972676058923e-05,100.0,7.218585596492664,1363.55766
960.0,-5.08,18.08,13.0,7.399913851,0.22,1.0,20.7,0.36,232.0,50.0,58.0,41.6,7.38,490.15,0.23,36.0,3.175,1.0,100.0,50.0,0.0,3.0,0.5,50.09999875000003,0.250249749005989,0,150.0999962500001,1.4999999625000011,40.0,-3732.776651914358,3.0,0.5,3.153712242627533,0.042850036374496,1.1879972676058923e-05,100.0,7.400428232667603,1635.685162
960.0,-5.08,18.08,13.0,7.399913851,0.22,1.0,20.7,0.36,232.0,50.0,58.0,41.6,7.38,490.15,0.23,36.0,3.175,1.0,100.0,50.0,0.0,3.0,0.5,118.34999704375008,0.4408642188840806,0,150.0999962500001,1.4999999625000011,40.0,-3732.776651914358,3.0,0.5,3.153712242627533,0.042850036374496,1.1879972676058923e-05,100.0,7.1628453125753895,1289.577811
960.0,-5.08,18.08,13.0,7.399913851,0.22,1.0,20.7,0.36,232.0,50.0,58.0,41.6,7.38,490.15,0.23,36.0,3.175,1.0,100.0,50.0,0.0,3.0,0.5,159.29999681600003,0.5701503200771978,0,120.09999760000004,1.1999999760000006,50.0,-3732.776651914358,3.0,0.5,3.153712242627533,0.042850036374496,1.1879972676058923e-05,100.0,7.019201956029213,1116.894133
960.0,-5.08,18.08,13.0,7.399913851,0.22,1.0,20.7,0.36,232.0,50.0,58.0,41.6,7.38,490.15,0.23,36.0,3.175,1.0,100.0,50.0,0.0,3.0,0.5,50.09999916666668,0.3335552574367479,0,100.09999833333336,0.9999999833333336,60.0,-3732.776651914358,3.0,0.5,3.153712242627533,0.042850036374496,1.1879972676058923e-05,100.0,7.288511169945409,1462.390335
960.0,-5.08,18.08,13.0,7.399913851,0.22,1.0,20.7,0.36,232.0,50.0,58.0,41.6,7.38,490.15,0.23,36.0,3.175,1.0,100.0,50.0,0.0,3.0,0.5,50.099999375,0.4001597412147751,0,75.09999906250002,0.7499999906250001,80.0,-3732.776651914358,3.0,0.5,3.153712242627533,0.042850036374496,1.1879972676058923e-05,100.0,7.209109892793098,1350.688584
960.0,-5.08,18.08,13.0,7.399913851,0.22,1.0,20.7,0.36,232.0,50.0,58.0,41.6,7.38,490.15,0.23,36.0,3.175,1.0,100.0,50.0,0.0,3.0,0.5,59.22499926093751,0.4409082416470462,0,75.09999906250002,0.7499999906250001,80.0,-3732.776651914358,3.0,0.5,3.153712242627533,0.042850036374496,1.1879972676058923e-05,100.0,7.1628453125753895,1289.577811
960.0,-5.08,18.08,13.0,7.399913851,0.22,1.0,20.7,0.36,232.0,50.0,58.0,41.6,7.38,490.15,0.23,36.0,3.175,1.0,100.0,50.0,0.0,3.0,0.5,77.87777691358025,0.5384083539357478,0,66.76666592592593,0.6666666592592594,90.0,-3732.776651914358,3.0,0.5,3.153712242627533,0.042850036374496,1.1879972676058923e-05,100.0,7.0546676654557,1157.25248
960.0,-5.08,18.08,13.0,7.399913851,0.22,1.0,20.7,0.36,232.0,50.0,58.0,41.6,7.38,490.15,0.23,36.0,3.175,1.0,100.0,50.0,0.0,3.0,0.5,70.09999930000001,0.5384024536215111,0,60.0999994,0.599999994,100.0,-3732.776651914358,3.0,0.5,3.153712242627533,0.042850036374496,1.1879972676058923e-05,100.0,7.0546676654557,1157.25248
960.0,-5.08,18.08,13.0,7.399913851,0.22,1.0,20.7,0.36,232.0,50.0,58.0,41.6,7.38,490.15,0.23,36.0,3.175,1.0,100.0,50.0,0.0,3.0,0.5,50.09999958333333,0.49999999500998,0,50.09999958333333,0.4999999958333334,120.0,-3732.776651914358,3.0,0.5,3.153712242627533,0.042850036374496,1.1879972676058923e-05,100.0,7.09720809529382,1207.588097
960.0,-5.08,18.08,13.0,7.399913851,0.22,1.0,20.7,0.36,232.0,50.0,58.0,41.6,7.38,490.15,0.23,36.0,3.175,1.0,100.0,50.0,0.0,3.0,0.5,50.09999964285714,0.5383788704804484,0,42.95714255102041,0.4285714255102041,140.0,-3732.776651914358,3.0,0.5,3.153712242627533,0.042850036374496,1.1879972676058923e-05,100.0,7.0546676654557,1157.25248
960.0,-5.08,18.08,13.0,7.399913851,0.22,1.0,20.7,0.36,232.0,50.0,58.0,41.6,7.38,490.15,0.23,36.0,3.175,1.0,100.0,50.0,0.0,3.0,0.5,50.09999979166666,0.6662233953941235,0,25.09999989583333,0.2499999989583333,240.0,-3732.776651914358,3.0,0.5,3.153712242627533,0.042850036374496,1.1879972676058923e-05,100.0,6.90593541313036,997.1817891
960.0,-5.08,18.08,13.0,7.399913851,0.22,1.0,20.7,0.36,232.0,50.0,58.0,41.6,7.38,490.15,0.23,36.0,3.175,1.0,100.0,50.0,0.0,3.0,0.5,43.15555549575617,0.8365280906103939,0,8.433333321759259,0.0833333332175925,720.0,-3732.776651914358,3.0,0.5,3.153712242627533,0.042850036374496,1.1879972676058923e-05,100.0,6.644099568086578,767.2379901
960.0,-5.08,18.08,13.0,7.399913851,0.22,1.0,20.7,0.36,232.0,50.0,58.0,41.6,7.38,490.15,0.23,36.0,3.175,1.0,100.0,50.0,0.0,3.0,0.5,0.1,0.0006990213818156,1,142.9571394557824,,,-3732.776651914358,3.0,0.5,3.153712242627533,0.042850036374496,1.1879972676058923e-05,100.0,7.565457808763205,1929.352309
960.0,-5.08,18.08,13.0,7.399913851,0.22,1.0,20.7,0.36,232.0,50.0,58.0,41.6,7.38,490.15,0.23,36.0,3.175,1.0,100.0,50.0,0.0,3.0,0.5,0.1,0.0006990213818156,1,142.9571394557824,,,-3732.776651914358,3.0,0.5,3.153712242627533,0.042850036374496,1.1879972676058923e-05,100.0,7.279460837745605,1449.205918
960.0,-5.08,18.08,13.0,7.399913851,0.22,1.0,20.7,0.36,232.0,50.0,58.0,41.6,7.38,490.15,0.23,36.0,3.175,1.0,100.0,50.0,0.0,3.0,0.5,0.1,0.0006990213818156,1,142.9571394557824,,,-3732.776651914358,3.0,0.5,3.153712242627533,0.042850036374496,1.1879972676058923e-05,100.0,7.092646488056569,1202.087548
960.0,-5.08,18.08,13.0,7.399913851,0.22,1.0,20.7,0.36,232.0,50.0,58.0,41.6,7.38,490.15,0.23,36.0,3.175,1.0,100.0,37.5,-25.0,3.0,0.5,112.09999720000006,0.3740095074698029,0,187.6249953125001,1.4999999625000011,40.0,-4665.970814892948,3.0,0.5,3.153712242627533,0.042850036374496,1.1879972676058923e-05,125.0,6.859781524189858,952.1588026
960.0,-5.08,18.08,13.0,7.399913851,0.22,1.0,20.7,0.36,232.0,50.0,58.0,41.6,7.38,490.15,0.23,36.0,3.175,1.0,75.0,37.5,0.0,3.0,0.5,84.07499790000004,0.4275362297113425,0,112.57499718750007,1.4999999625000011,40.0,-2799.5824889357687,3.0,0.5,3.153712242627533,0.042850036374496,1.1879972676058923e-05,75.0,8.092857269646691,3270.020418
960.0,-5.08,18.08,13.0,7.399913851,0.22,1.0,20.7,0.36,232.0,50.0,58.0,41.6,7.38,490.15,0.23,36.0,3.175,1.0,60.0,30.0,0.0,3.0,0.5,24.059999400000017,0.2108307026817105,0,90.05999775000006,1.4999999625000011,40.0,-2239.665991148615,3.0,0.5,3.153712242627533,0.042850036374496,1.1879972676058923e-05,60.0,9.034819153300589,8389.195941
960.0,-5.08,18.08,13.0,7.399913851,0.22,1.0,20.7,0.36,232.0,50.0,58.0,41.6,7.38,490.15,0.23,36.0,3.175,1.0,100.0,30.0,-40.0,3.0,0.5,40.099999000000025,0.1602461630486427,0,210.1399947500001,1.4999999625000011,40.0,-5225.887312680101,3.0,0.5,3.153712242627533,0.042850036374496,1.1879972676058923e-05,140.0,6.982366545818982,1076.465223
960.0,-5.08,18.08,13.0,7.399913851,0.22,1.0,20.7,0.36,232.0,50.0,58.0,41.6,7.38,490.15,0.23,36.0,3.175,1.0,125.0,50.0,-25.0,3.0,0.5,78.24999804687506,0.2579103485281527,0,225.14999437500012,1.4999999625000011,40.0,-5599.164977871537,3.0,0.5,3.153712242627533,0.042850036374496,1.1879972676058923e-05,150.0,6.319902016082421,554.5185579
960.0,-5.08,18.08,13.0,7.399913851,0.22,1.0,20.7,0.36,232.0,50.0,58.0,41.6,7.38,490.15,0.23,36.0,3.175,1.0,60.0,10.0,-40.0,3.0,0.5,30.05999900000003,0.1306047961014018,0,200.0999933333336,1.999999933333336,30.0,-3732.776651914358,3.0,0.5,3.153712242627533,0.042850036374496,1.1879972676058923e-05,100.0,8.324024311197936,4120.713736
960.0,-5.08,18.08,13.0,7.399913851,0.22,1.0,20.7,0.36,232.0,50.0,58.0,41.6,7.38,490.15,0.23,36.0,3.175,1.0,125.0,42.5,-40.0,3.0,0.5,62.62499895833334,0.27492427115251,0,165.16499725000006,0.9999999833333336,60.0,-6159.081475658692,3.0,0.5,3.153712242627533,0.042850036374496,1.1879972676058923e-05,165.0,5.741481348347732,310.5255472
960.0,-5.08,18.08,13.0,7.399913851,0.22,1.0,20.7,0.36,232.0,50.0,58.0,41.6,7.38,490.15,0.23,36.0,3.175,1.0,125.0,42.5,-40.0,3.0,0.5,62.6249985119048,0.2097959821309678,0,235.87928010204092,1.428571394557824,42.0,-6159.081475658692,3.0,0.5,3.153712242627533,0.042850036374496,1.1879972676058923e-05,165.0,5.839693770188856,342.6740813
960.0,-5.08,18.08,13.0,7.399913851,0.22,1.0,20.7,0.36,232.0,50.0,58.0,41.6,7.38,490.15,0.23,36.0,3.175,1.0,125.0,42.5,-40.0,3.0,0.5,62.62499973958332,0.6019319434627216,0,41.414999828125,0.2499999989583333,240.0,-6159.081475658692,3.0,0.5,3.153712242627533,0.042850036374496,1.1879972676058923e-05,165.0,5.360083270031192,211.7426608
960.0,-5.08,18.08,13.0,7.399913851,0.22,1.0,20.7,0.36,232.0,50.0,58.0,41.6,7.38,490.15,0.23,36.0,3.175,1.0,125.0,35.0,-55.0,3.0,0.5,62.62499791666673,0.1481179263597707,0,360.17998800000044,1.999999933333336,30.0,-6718.997973445844,3.0,0.5,3.153712242627533,0.042850036374496,1.1879972676058923e-05,180.0,5.80858917248524,332.1487785
960.0,-5.08,18.08,13.0,7.399913851,0.22,1.0,20.7,0.36,232.0,50.0,58.0,41.6,7.38,490.15,0.23,36.0,3.175,1.0,100.0,50.0,0.0,3.0,0.5,50.09999833333338,0.2002398073611453,0,200.0999933333336,1.999999933333336,30.0,-3732.776651914358,3.0,0.5,3.153712242627533,0.042850036374496,1.1879972676058923e-05,100.0,7.086604043440544,1194.839877
960.0,-5.08,18.08,13.0,7.399913851,0.22,1.0,20.7,0.36,232.0,50.0,58.0,41.6,7.38,490.15,0.23,36.0,3.175,1.0,100.0,50.0,0.0,3.0,0.5,128.933329038889,0.3918549273899281,0,200.0999933333336,1.999999933333336,30.0,-3732.776651914358,3.0,0.5,3.153712242627533,0.042850036374496,1.1879972676058923e-05,100.0,6.825431504795086,919.9737229
960.0,-5.08,18.08,13.0,7.399913851,0.22,1.0,20.7,0.36,232.0,50.0,58.0,41.6,7.38,490.15,0.23,36.0,3.175,1.0,100.0,50.0,0.0,3.0,0.5,50.09999875000003,0.250249749005989,0,150.0999962500001,1.4999999625000011,40.0,-3732.776651914358,3.0,0.5,3.153712242627533,0.042850036374496,1.1879972676058923e-05,100.0,7.007215408548057,1103.57443
960.0,-5.08,18.08,13.0,7.399913851,0.22,1.0,20.7,0.36,232.0,50.0,58.0,41.6,7.38,490.15,0.23,36.0,3.175,1.0,100.0,50.0,0.0,3.0,0.5,118.34999704375008,0.4408642188840806,0,150.0999962500001,1.4999999625000011,40.0,-3732.776651914358,3.0,0.5,3.153712242627533,0.042850036374496,1.1879972676058923e-05,100.0,6.769711468582558,870.0605294
960.0,-5.08,18.08,13.0,7.399913851,0.22,1.0,20.7,0.36,232.0,50.0,58.0,41.6,7.38,490.15,0.23,36.0,3.175,1.0,100.0,50.0,0.0,3.0,0.5,159.29999681600003,0.5701503200771978,0,120.09999760000004,1.1999999760000006,50.0,-3732.776651914358,3.0,0.5,3.153712242627533,0.042850036374496,1.1879972676058923e-05,100.0,6.626125800969624,753.5532113
960.0,-5.08,18.08,13.0,7.399913851,0.22,1.0,20.7,0.36,232.0,50.0,58.0,41.6,7.38,490.15,0.23,36.0,3.175,1.0,100.0,50.0,0.0,3.0,0.5,50.09999916666668,0.3335552574367479,0,100.09999833333336,0.9999999833333336,60.0,-3732.776651914358,3.0,0.5,3.153712242627533,0.042850036374496,1.1879972676058923e-05,100.0,6.895333222417222,986.6547787
960.0,-5.08,18.08,13.0,7.399913851,0.22,1.0,20.7,0.36,232.0,50.0,58.0,41.6,7.38,490.15,0.23,36.0,3.175,1.0,100.0,50.0,0.0,3.0,0.5,50.099999375,0.4001597412147751,0,75.09999906250002,0.7499999906250001,80.0,-3732.776651914358,3.0,0.5,3.153712242627533,0.042850036374496,1.1879972676058923e-05,100.0,6.815959164132872,911.2911332
960.0,-5.08,18.08,13.0,7.399913851,0.22,1.0,20.7,0.36,232.0,50.0,58.0,41.6,7.38,490.15,0.23,36.0,3.175,1.0,100.0,50.0,0.0,3.0,0.5,59.22499926093751,0.4409082416470462,0,75.09999906250002,0.7499999906250001,80.0,-3732.776651914358,3.0,0.5,3.153712242627533,0.042850036374496,1.1879972676058923e-05,100.0,6.769711468582558,870.0605294
960.0,-5.08,18.08,13.0,7.399913851,0.22,1.0,20.7,0.36,232.0,50.0,58.0,41.6,7.38,490.15,0.23,36.0,3.175,1.0,100.0,50.0,0.0,3.0,0.5,77.87777691358025,0.5384083539357478,0,66.76666592592593,0.6666666592592594,90.0,-3732.776651914358,3.0,0.5,3.153712242627533,0.042850036374496,1.1879972676058923e-05,100.0,6.661576488025927,780.7824368
960.0,-5.08,18.08,13.0,7.399913851,0.22,1.0,20.7,0.36,232.0,50.0,58.0,41.6,7.38,490.15,0.23,36.0,3.175,1.0,100.0,50.0,0.0,3.0,0.5,70.09999930000001,0.5384024536215111,0,60.0999994,0.599999994,100.0,-3732.776651914358,3.0,0.5,3.153712242627533,0.042850036374496,1.1879972676058923e-05,100.0,6.661576488025927,780.7824368
960.0,-5.08,18.08,13.0,7.399913851,0.22,1.0,20.7,0.36,232.0,50.0,58.0,41.6,7.38,490.15,0.23,36.0,3.175,1.0,100.0,50.0,0.0,3.0,0.5,50.09999958333333,0.49999999500998,0,50.09999958333333,0.4999999958333334,120.0,-3732.776651914358,3.0,0.5,3.153712242627533,0.042850036374496,1.1879972676058923e-05,100.0,6.704099586679768,814.7431895
960.0,-5.08,18.08,13.0,7.399913851,0.22,1.0,20.7,0.36,232.0,50.0,58.0,41.6,7.38,490.15,0.23,36.0,3.175,1.0,100.0,50.0,0.0,3.0,0.5,50.09999964285714,0.5383788704804484,0,42.95714255102041,0.4285714255102041,140.0,-3732.776651914358,3.0,0.5,3.153712242627533,0.042850036374496,1.1879972676058923e-05,100.0,6.661576488025927,780.7824368
960.0,-5.08,18.08,13.0,7.399913851,0.22,1.0,20.7,0.36,232.0,50.0,58.0,41.6,7.38,490.15,0.23,36.0,3.175,1.0,100.0,50.0,0.0,3.0,0.5,50.09999979166666,0.6662233953941235,0,25.09999989583333,0.2499999989583333,240.0,-3732.776651914358,3.0,0.5,3.153712242627533,0.042850036374496,1.1879972676058923e-05,100.0,6.512910962957375,672.7849286
960.0,-5.08,18.08,13.0,7.399913851,0.22,1.0,20.7,0.36,232.0,50.0,58.0,41.6,7.38,490.15,0.23,36.0,3.175,1.0,100.0,50.0,0.0,3.0,0.5,43.15555549575617,0.8365280906103939,0,8.433333321759259,0.0833333332175925,720.0,-3732.776651914358,3.0,0.5,3.153712242627533,0.042850036374496,1.1879972676058923e-05,100.0,6.251219620595266,517.6449892
960.0,-5.08,18.08,13.0,7.399913851,0.22,1.0,20.7,0.36,232.0,50.0,58.0,41.6,7.38,490.15,0.23,36.0,3.175,1.0,100.0,50.0,0.0,3.0,0.5,0.1,0.0006990213818156,1,142.9571394557824,,,-3732.776651914358,3.0,0.5,3.153712242627533,0.042850036374496,1.1879972676058923e-05,100.0,7.172200178964043,1301.707642
960.0,-5.08,18.08,13.0,7.399913851,0.22,1.0,20.7,0.36,232.0,50.0,58.0,41.6,7.38,490.15,0.23,36.0,3.175,1.0,100.0,50.0,0.0,3.0,0.5,0.1,0.0006990213818156,1,142.9571394557824,,,-3732.776651914358,3.0,0.5,3.153712242627533,0.042850036374496,1.1879972676058923e-05,100.0,6.886285884755379,977.7594327
960.0,-5.08,18.08,13.0,7.399913851,0.22,1.0,20.7,0.36,232.0,50.0,58.0,41.6,7.38,490.15,0.23,36.0,3.175,1.0,100.0,50.0,0.0,3.0,0.5,0.1,0.0006990213818156,1,142.9571394557824,,,-3732.776651914358,3.0,0.5,3.153712242627533,0.042850036374496,1.1879972676058923e-05,100.0,6.69953980292981,811.0320444
960.0,-5.08,18.08,13.0,7.399913851,0.22,1.0,20.7,0.36,232.0,50.0,58.0,41.6,7.38,490.15,0.23,36.0,3.175,1.0,100.0,37.5,-25.0,3.0,0.5,112.09999720000006,0.3740095074698029,0,187.6249953125001,1.4999999625000011,40.0,-4665.970814892948,3.0,0.5,3.153712242627533,0.042850036374496,1.1879972676058923e-05,125.0,6.466779879870814,642.4085348
960.0,-5.08,18.08,13.0,7.399913851,0.22,1.0,20.7,0.36,232.0,50.0,58.0,41.6,7.38,490.15,0.23,36.0,3.175,1.0,75.0,37.5,0.0,3.0,0.5,84.07499790000004,0.4275362297113425,0,112.57499718750007,1.4999999625000011,40.0,-2799.5824889357687,3.0,0.5,3.153712242627533,0.042850036374496,1.1879972676058923e-05,75.0,7.699497283537003,2206.238098
960.0,-5.08,18.08,13.0,7.399913851,0.22,1.0,20.7,0.36,232.0,50.0,58.0,41.6,7.38,490.15,0.23,36.0,3.175,1.0,60.0,30.0,0.0,3.0,0.5,24.059999400000017,0.2108307026817105,0,90.05999775000006,1.4999999625000011,40.0,-2239.665991148615,3.0,0.5,3.153712242627533,0.042850036374496,1.1879972676058923e-05,60.0,8.641369238115699,5660.075881
960.0,-5.08,18.08,13.0,7.399913851,0.22,1.0,20.7,0.36,232.0,50.0,58.0,41.6,7.38,490.15,0.23,36.0,3.175,1.0,100.0,30.0,-40.0,3.0,0.5,40.099999000000025,0.1602461630486427,0,210.1399947500001,1.4999999625000011,40.0,-5225.887312680101,3.0,0.5,3.153712242627533,0.042850036374496,1.1879972676058923e-05,140.0,6.5893065682885,726.2763785
960.0,-5.08,18.08,13.0,7.399913851,0.22,1.0,20.7,0.36,232.0,50.0,58.0,41.6,7.38,490.15,0.23,36.0,3.175,1.0,125.0,50.0,-25.0,3.0,0.5,78.24999804687506,0.2579103485281527,0,225.14999437500012,1.4999999625000011,40.0,-5599.164977871537,3.0,0.5,3.153712242627533,0.042850036374496,1.1879972676058923e-05,150.0,5.927262221983531,374.1260947
960.0,-5.08,18.08,13.0,7.399913851,0.22,1.0,20.7,0.36,232.0,50.0,58.0,41.6,7.38,490.15,0.23,36.0,3.175,1.0,60.0,10.0,-40.0,3.0,0.5,30.05999900000003,0.1306047961014018,0,200.0999933333336,1.999999933333336,30.0,-3732.776651914358,3.0,0.5,3.153712242627533,0.042850036374496,1.1879972676058923e-05,100.0,7.930633905496275,2780.189257
257.0,-17.38,18.08,0.6999999999999993,4.949747468,0.22,1.0,20.7,0.36,232.0,50.0,58.0,41.6,7.38,490.15,0.23,36.0,2.3622,1.0,125.0,42.5,-40.0,3.0,0.5,62.62499895833334,0.27492427115251,0,165.16499725000006,0.9999999833333336,60.0,-13728.978446788256,3.0,0.5,2.285713824276697,0.07071067186231,8.490365793239568e-05,165.0,7.20188100468757,1340.952611
257.0,-17.38,18.08,0.6999999999999993,4.949747468,0.22,1.0,20.7,0.36,232.0,50.0,58.0,41.6,7.38,490.15,0.23,36.0,2.3622,1.0,125.0,42.5,-40.0,3.0,0.5,62.6249985119048,0.2097959821309678,0,235.87928010204092,1.428571394557824,42.0,-13728.978446788256,3.0,0.5,2.285713824276697,0.07071067186231,8.490365793239568e-05,165.0,7.300324710795957,1479.780675
257.0,-17.38,18.08,0.6999999999999993,4.949747468,0.22,1.0,20.7,0.36,232.0,50.0,58.0,41.6,7.38,490.15,0.23,36.0,2.3622,1.0,125.0,42.5,-40.0,3.0,0.5,62.62499973958332,0.6019319434627216,0,41.414999828125,0.2499999989583333,240.0,-13728.978446788256,3.0,0.5,2.285713824276697,0.07071067186231,8.490365793239568e-05,165.0,6.81933408666974,914.3752465
257.0,-17.38,18.08,0.6999999999999993,4.949747468,0.22,1.0,20.7,0.36,232.0,50.0,58.0,41.6,7.38,490.15,0.23,36.0,2.3622,1.0,125.0,35.0,-55.0,3.0,0.5,62.62499791666673,0.1481179263597707,0,360.17998800000044,1.999999933333336,30.0,-14977.067396496275,3.0,0.5,2.285713824276697,0.07071067186231,8.490365793239568e-05,180.0,7.2691493116852754,1434.328916
257.0,-17.38,18.08,0.6999999999999993,4.949747468,0.22,1.0,20.7,0.36,232.0,50.0,58.0,41.6,7.38,490.15,0.23,36.0,2.3622,1.0,100.0,50.0,0.0,3.0,0.5,50.09999833333338,0.2002398073611453,0,200.0999933333336,1.999999933333336,30.0,-8320.592998053487,3.0,0.5,2.285713824276697,0.07071067186231,8.490365793239568e-05,100.0,8.548830619778046,5159.716058
257.0,-17.38,18.08,0.6999999999999993,4.949747468,0.22,1.0,20.7,0.36,232.0,50.0,58.0,41.6,7.38,490.15,0.23,36.0,2.3622,1.0,100.0,50.0,0.0,3.0,0.5,128.933329038889,0.3918549273899281,0,200.0999933333336,1.999999933333336,30.0,-8320.592998053487,3.0,0.5,2.285713824276697,0.07071067186231,8.490365793239568e-05,100.0,8.287466158717411,3972.752569
257.0,-17.38,18.08,0.6999999999999993,4.949747468,0.22,1.0,20.7,0.36,232.0,50.0,58.0,41.6,7.38,490.15,0.23,36.0,2.3622,1.0,100.0,50.0,0.0,3.0,0.5,50.09999875000003,0.250249749005989,0,150.0999962500001,1.4999999625000011,40.0,-8320.592998053487,3.0,0.5,2.285713824276697,0.07071067186231,8.490365793239568e-05,100.0,8.469388856157764,4765.6015
257.0,-17.38,18.08,0.6999999999999993,4.949747468,0.22,1.0,20.7,0.36,232.0,50.0,58.0,41.6,7.38,490.15,0.23,36.0,2.3622,1.0,100.0,50.0,0.0,3.0,0.5,118.34999704375008,0.4408642188840806,0,150.0999962500001,1.4999999625000011,40.0,-8320.592998053487,3.0,0.5,2.285713824276697,0.07071067186231,8.490365793239568e-05,100.0,8.231698271002728,3757.210796
257.0,-17.38,18.08,0.6999999999999993,4.949747468,0.22,1.0,20.7,0.36,232.0,50.0,58.0,41.6,7.38,490.15,0.23,36.0,2.3622,1.0,100.0,50.0,0.0,3.0,0.5,159.29999681600003,0.5701503200771978,0,120.09999760000004,1.1999999760000006,50.0,-8320.592998053487,3.0,0.5,2.285713824276697,0.07071067186231,8.490365793239568e-05,100.0,8.087976260528654,3254.093439
257.0,-17.38,18.08,0.6999999999999993,4.949747468,0.22,1.0,20.7,0.36,232.0,50.0,58.0,41.6,7.38,490.15,0.23,36.0,2.3622,1.0,100.0,50.0,0.0,3.0,0.5,50.09999916666668,0.3335552574367479,0,100.09999833333336,0.9999999833333336,60.0,-8320.592998053487,3.0,0.5,2.285713824276697,0.07071067186231,8.490365793239568e-05,100.0,8.357424253693171,4260.70355
257.0,-17.38,18.08,0.6999999999999993,4.949747468,0.22,1.0,20.7,0.36,232.0,50.0,58.0,41.6,7.38,490.15,0.23,36.0,2.3622,1.0,100.0,50.0,0.0,3.0,0.5,50.099999375,0.4001597412147751,0,75.09999906250002,0.7499999906250001,80.0,-8320.592998053487,3.0,0.5,2.285713824276697,0.07071067186231,8.490365793239568e-05,100.0,8.277985870348886,3935.258258
257.0,-17.38,18.08,0.6999999999999993,4.949747468,0.22,1.0,20.7,0.36,232.0,50.0,58.0,41.6,7.38,490.15,0.23,36.0,2.3622,1.0,100.0,50.0,0.0,3.0,0.5,59.22499926093751,0.4409082416470462,0,75.09999906250002,0.7499999906250001,80.0,-8320.592998053487,3.0,0.5,2.285713824276697,0.07071067186231,8.490365793239568e-05,100.0,8.231698271002728,3757.210796
257.0,-17.38,18.08,0.6999999999999993,4.949747468,0.22,1.0,20.7,0.36,232.0,50.0,58.0,41.6,7.38,490.15,0.23,36.0,2.3622,1.0,100.0,50.0,0.0,3.0,0.5,77.87777691358025,0.5384083539357478,0,66.76666592592593,0.6666666592592594,90.0,-8320.592998053487,3.0,0.5,2.285713824276697,0.07071067186231,8.490365793239568e-05,100.0,8.1234624534006,3371.678293
257.0,-17.38,18.08,0.6999999999999993,4.949747468,0.22,1.0,20.7,0.36,232.0,50.0,58.0,41.6,7.38,490.15,0.23,36.0,2.3622,1.0,100.0,50.0,0.0,3.0,0.5,70.09999930000001,0.5384024536215111,0,60.0999994,0.599999994,100.0,-8320.592998053487,3.0,0.5,2.285713824276697,0.07071067186231,8.490365793239568e-05,100.0,8.1234624534006,3371.678293
257.0,-17.38,18.08,0.6999999999999993,4.949747468,0.22,1.0,20.7,0.36,232.0,50.0,58.0,41.6,7.38,490.15,0.23,36.0,2.3622,1.0,100.0,50.0,0.0,3.0,0.5,50.09999958333333,0.49999999500998,0,50.09999958333333,0.4999999958333334,120.0,-8320.592998053487,3.0,0.5,2.285713824276697,0.07071067186231,8.490365793239568e-05,100.0,8.166026512237272,3518.332121
257.0,-17.38,18.08,0.6999999999999993,4.949747468,0.22,1.0,20.7,0.36,232.0,50.0,58.0,41.6,7.38,490.15,0.23,36.0,2.3622,1.0,100.0,50.0,0.0,3.0,0.5,50.09999964285714,0.5383788704804484,0,42.95714255102041,0.4285714255102041,140.0,-8320.592998053487,3.0,0.5,2.285713824276697,0.07071067186231,8.490365793239568e-05,100.0,8.1234624534006,3371.678293
257.0,-17.38,18.08,0.6999999999999993,4.949747468,0.22,1.0,20.7,0.36,232.0,50.0,58.0,41.6,7.38,490.15,0.23,36.0,2.3622,1.0,100.0,50.0,0.0,3.0,0.5,50.09999979166666,0.6662233953941235,0,25.09999989583333,0.2499999989583333,240.0,-8320.592998053487,3.0,0.5,2.285713824276697,0.07071067186231,8.490365793239568e-05,100.0,7.974639213902908,2905.309127
257.0,-17.38,18.08,0.6999999999999993,4.949747468,0.22,1.0,20.7,0.36,232.0,50.0,58.0,41.6,7.38,490.15,0.23,36.0,2.3622,1.0,100.0,50.0,0.0,3.0,0.5,43.15555549575617,0.8365280906103939,0,8.433333321759259,0.0833333332175925,720.0,-8320.592998053487,3.0,0.5,2.285713824276697,0.07071067186231,8.490365793239568e-05,100.0,7.712606280829386,2235.36326
257.0,-17.38,18.08,0.6999999999999993,4.949747468,0.22,1.0,20.7,0.36,232.0,50.0,58.0,41.6,7.38,490.15,0.23,36.0,2.3622,1.0,100.0,50.0,0.0,3.0,0.5,0.1,0.0006990213818156,1,142.9571394557824,,,-8320.592998053487,3.0,0.5,2.285713824276697,0.07071067186231,8.490365793239568e-05,100.0,8.634479502658806,5621.206619
257.0,-17.38,18.08,0.6999999999999993,4.949747468,0.22,1.0,20.7,0.36,232.0,50.0,58.0,41.6,7.38,490.15,0.23,36.0,2.3622,1.0,100.0,50.0,0.0,3.0,0.5,0.1,0.0006990213818156,1,142.9571394557824,,,-8320.592998053487,3.0,0.5,2.285713824276697,0.07071067186231,8.490365793239568e-05,100.0,8.348369839449598,4222.290487
257.0,-17.38,18.08,0.6999999999999993,4.949747468,0.22,1.0,20.7,0.36,232.0,50.0,58.0,41.6,7.38,490.15,0.23,36.0,2.3622,1.0,100.0,50.0,0.0,3.0,0.5,0.1,0.0006990213818156,1,142.9571394557824,,,-8320.592998053487,3.0,0.5,2.285713824276697,0.07071067186231,8.490365793239568e-05,100.0,8.161462419035795,3502.306161
257.0,-17.38,18.08,0.6999999999999993,4.949747468,0.22,1.0,20.7,0.36,232.0,50.0,58.0,41.6,7.38,490.15,0.23,36.0,2.3622,1.0,100.0,37.5,-25.0,3.0,0.5,112.09999720000006,0.3740095074698029,0,187.6249953125001,1.4999999625000011,40.0,-10400.74124756686,3.0,0.5,2.285713824276697,0.07071067186231,8.490365793239568e-05,125.0,7.928454224658608,2774.133754
257.0,-17.38,18.08,0.6999999999999993,4.949747468,0.22,1.0,20.7,0.36,232.0,50.0,58.0,41.6,7.38,490.15,0.23,36.0,2.3622,1.0,75.0,37.5,0.0,3.0,0.5,84.07499790000004,0.4275362297113425,0,112.57499718750007,1.4999999625000011,40.0,-6240.444748540115,3.0,0.5,2.285713824276697,0.07071067186231,8.490365793239568e-05,75.0,9.16201845057899,9527.270023
257.0,-17.38,18.08,0.6999999999999993,4.949747468,0.22,1.0,20.7,0.36,232.0,50.0,58.0,41.6,7.38,490.15,0.23,36.0,2.3622,1.0,60.0,30.0,0.0,3.0,0.5,24.059999400000017,0.2108307026817105,0,90.05999775000006,1.4999999625000011,40.0,-4992.355798832092,3.0,0.5,2.285713824276697,0.07071067186231,8.490365793239568e-05,60.0,10.104102857827908,24442.0905
257.0,-17.38,18.08,0.6999999999999993,4.949747468,0.22,1.0,20.7,0.36,232.0,50.0,58.0,41.6,7.38,490.15,0.23,36.0,2.3622,1.0,100.0,30.0,-40.0,3.0,0.5,40.099999000000025,0.1602461630486427,0,210.1399947500001,1.4999999625000011,40.0,-11648.83019727488,3.0,0.5,2.285713824276697,0.07071067186231,8.490365793239568e-05,140.0,8.051118793261606,3136.303002
257.0,-17.38,18.08,0.6999999999999993,4.949747468,0.22,1.0,20.7,0.36,232.0,50.0,58.0,41.6,7.38,490.15,0.23,36.0,2.3622,1.0,125.0,50.0,-25.0,3.0,0.5,78.24999804687506,0.2579103485281527,0,225.14999437500012,1.4999999625000011,40.0,-12480.88949708023,3.0,0.5,2.285713824276697,0.07071067186231,8.490365793239568e-05,150.0,7.388081033818197,1615.600932
257.0,-17.38,18.08,0.6999999999999993,4.949747468,0.22,1.0,20.7,0.36,232.0,50.0,58.0,41.6,7.38,490.15,0.23,36.0,2.3622,1.0,60.0,10.0,-40.0,3.0,0.5,30.05999900000003,0.1306047961014018,0,200.0999933333336,1.999999933333336,30.0,-8320.592998053487,3.0,0.5,2.285713824276697,0.07071067186231,8.490365793239568e-05,100.0,9.393226939954586,12005.78205
257.0,-17.38,18.08,0.6999999999999993,4.949747468,0.22,1.0,20.7,0.36,232.0,50.0,58.0,41.6,7.38,490.15,0.23,36.0,2.3622,1.0,100.0,62.5,25.0,3.0,0.5,112.09999720000006,0.4989429153282483,0,112.57499718750007,1.4999999625000011,40.0,-6240.444748540115,3.0,0.5,2.285713824276697,0.07071067186231,8.490365793239568e-05,75.0,8.695339376799712,5974.0
257.0,-17.38,18.08,0.6999999999999993,4.949747468,0.22,1.0,20.7,0.36,232.0,50.0,58.0,41.6,7.38,490.15,0.23,36.0,2.3622,1.0,125.0,42.5,-40.0,3.0,0.5,62.62499895833334,0.27492427115251,0,165.16499725000006,0.9999999833333336,60.0,-13728.978446788256,3.0,0.5,2.285713824276697,0.07071067186231,8.490365793239568e-05,165.0,7.132200418063359,1250.628044
257.0,-17.38,18.08,0.6999999999999993,4.949747468,0.22,1.0,20.7,0.36,232.0,50.0,58.0,41.6,7.38,490.15,0.23,36.0,2.3622,1.0,125.0,42.5,-40.0,3.0,0.5,62.6249985119048,0.2097959821309678,0,235.87928010204092,1.428571394557824,42.0,-13728.978446788256,3.0,0.5,2.285713824276697,0.07071067186231,8.490365793239568e-05,165.0,7.230639079563758,1380.104858
257.0,-17.38,18.08,0.6999999999999993,4.949747468,0.22,1.0,20.7,0.36,232.0,50.0,58.0,41.6,7.38,490.15,0.23,36.0,2.3622,1.0,125.0,42.5,-40.0,3.0,0.5,62.62499973958332,0.6019319434627216,0,41.414999828125,0.2499999989583333,240.0,-13728.978446788256,3.0,0.5,2.285713824276697,0.07071067186231,8.490365793239568e-05,165.0,6.749678579565782,852.7842947
257.0,-17.38,18.08,0.6999999999999993,4.949747468,0.22,1.0,20.7,0.36,232.0,50.0,58.0,41.6,7.38,490.15,0.23,36.0,2.3622,1.0,125.0,35.0,-55.0,3.0,0.5,62.62499791666673,0.1481179263597707,0,360.17998800000044,1.999999933333336,30.0,-14977.067396496275,3.0,0.5,2.285713824276697,0.07071067186231,8.490365793239568e-05,180.0,7.199465224401413,1337.714661
257.0,-17.38,18.08,0.6999999999999993,4.949747468,0.22,1.0,20.7,0.36,232.0,50.0,58.0,41.6,7.38,490.15,0.23,36.0,2.3622,1.0,100.0,50.0,0.0,3.0,0.5,50.09999833333338,0.2002398073611453,0,200.0999933333336,1.999999933333336,30.0,-8320.592998053487,3.0,0.5,2.285713824276697,0.07071067186231,8.490365793239568e-05,100.0,8.479110210288352,4812.165286
257.0,-17.38,18.08,0.6999999999999993,4.949747468,0.22,1.0,20.7,0.36,232.0,50.0,58.0,41.6,7.38,490.15,0.23,36.0,2.3622,1.0,100.0,50.0,0.0,3.0,0.5,128.933329038889,0.3918549273899281,0,200.0999933333336,1.999999933333336,30.0,-8320.592998053487,3.0,0.5,2.285713824276697,0.07071067186231,8.490365793239568e-05,100.0,8.217749929458675,3705.153886
257.0,-17.38,18.08,0.6999999999999993,4.949747468,0.22,1.0,20.7,0.36,232.0,50.0,58.0,41.6,7.38,490.15,0.23,36.0,2.3622,1.0,100.0,50.0,0.0,3.0,0.5,50.09999875000003,0.250249749005989,0,150.0999962500001,1.4999999625000011,40.0,-8320.592998053487,3.0,0.5,2.285713824276697,0.07071067186231,8.490365793239568e-05,100.0,8.399669603700326,4444.597696
257.0,-17.38,18.08,0.6999999999999993,4.949747468,0.22,1.0,20.7,0.36,232.0,50.0,58.0,41.6,7.38,490.15,0.23,36.0,2.3622,1.0,100.0,50.0,0.0,3.0,0.5,118.34999704375008,0.4408642188840806,0,150.0999962500001,1.4999999625000011,40.0,-8320.592998053487,3.0,0.5,2.285713824276697,0.07071067186231,8.490365793239568e-05,100.0,8.161983083795018,3504.130684
257.0,-17.38,18.08,0.6999999999999993,4.949747468,0.22,1.0,20.7,0.36,232.0,50.0,58.0,41.6,7.38,490.15,0.23,36.0,2.3622,1.0,100.0,50.0,0.0,3.0,0.5,159.29999681600003,0.5701503200771978,0,120.09999760000004,1.1999999760000006,50.0,-8320.592998053487,3.0,0.5,2.285713824276697,0.07071067186231,8.490365793239568e-05,100.0,8.018264043797592,3034.902562
257.0,-17.38,18.08,0.6999999999999993,4.949747468,0.22,1.0,20.7,0.36,232.0,50.0,58.0,41.6,7.38,490.15,0.23,36.0,2.3622,1.0,100.0,50.0,0.0,3.0,0.5,50.09999916666668,0.3335552574367479,0,100.09999833333336,0.9999999833333336,60.0,-8320.592998053487,3.0,0.5,2.285713824276697,0.07071067186231,8.490365793239568e-05,100.0,8.287706796231017,3973.708918
257.0,-17.38,18.08,0.6999999999999993,4.949747468,0.22,1.0,20.7,0.36,232.0,50.0,58.0,41.6,7.38,490.15,0.23,36.0,2.3622,1.0,100.0,50.0,0.0,3.0,0.5,50.099999375,0.4001597412147751,0,75.09999906250002,0.7499999906250001,80.0,-8320.592998053487,3.0,0.5,2.285713824276697,0.07071067186231,8.490365793239568e-05,100.0,8.20826981426005,3670.185136
257.0,-17.38,18.08,0.6999999999999993,4.949747468,0.22,1.0,20.7,0.36,232.0,50.0,58.0,41.6,7.38,490.15,0.23,36.0,2.3622,1.0,100.0,50.0,0.0,3.0,0.5,59.22499926093751,0.4409082416470462,0,75.09999906250002,0.7499999906250001,80.0,-8320.592998053487,3.0,0.5,2.285713824276697,0.07071067186231,8.490365793239568e-05,100.0,8.161983083795018,3504.130684
257.0,-17.38,18.08,0.6999999999999993,4.949747468,0.22,1.0,20.7,0.36,232.0,50.0,58.0,41.6,7.38,490.15,0.23,36.0,2.3622,1.0,100.0,50.0,0.0,3.0,0.5,77.87777691358025,0.5384083539357478,0,66.76666592592593,0.6666666592592594,90.0,-8320.592998053487,3.0,0.5,2.285713824276697,0.07071067186231,8.490365793239568e-05,100.0,8.05374946321445,3144.567076
257.0,-17.38,18.08,0.6999999999999993,4.949747468,0.22,1.0,20.7,0.36,232.0,50.0,58.0,41.6,7.38,490.15,0.23,36.0,2.3622,1.0,100.0,50.0,0.0,3.0,0.5,70.09999930000001,0.5384024536215111,0,60.0999994,0.599999994,100.0,-8320.592998053487,3.0,0.5,2.285713824276697,0.07071067186231,8.490365793239568e-05,100.0,8.05374946321445,3144.567076
257.0,-17.38,18.08,0.6999999999999993,4.949747468,0.22,1.0,20.7,0.36,232.0,50.0,58.0,41.6,7.38,490.15,0.23,36.0,2.3622,1.0,100.0,50.0,0.0,3.0,0.5,50.09999958333333,0.49999999500998,0,50.09999958333333,0.4999999958333334,120.0,-8320.592998053487,3.0,0.5,2.285713824276697,0.07071067186231,8.490365793239568e-05,100.0,8.096312629702412,3281.342521
257.0,-17.38,18.08,0.6999999999999993,4.949747468,0.22,1.0,20.7,0.36,232.0,50.0,58.0,41.6,7.38,490.15,0.23,36.0,2.3622,1.0,100.0,50.0,0.0,3.0,0.5,50.09999964285714,0.5383788704804484,0,42.95714255102041,0.4285714255102041,140.0,-8320.592998053487,3.0,0.5,2.285713824276697,0.07071067186231,8.490365793239568e-05,100.0,8.05374946321445,3144.567076
257.0,-17.38,18.08,0.6999999999999993,4.949747468,0.22,1.0,20.7,0.36,232.0,50.0,58.0,41.6,7.38,490.15,0.23,36.0,2.3622,1.0,100.0,50.0,0.0,3.0,0.5,50.09999979166666,0.6662233953941235,0,25.09999989583333,0.2499999989583333,240.0,-8320.592998053487,3.0,0.5,2.285713824276697,0.07071067186231,8.490365793239568e-05,100.0,7.904929659977893,2709.611841
257.0,-17.38,18.08,0.6999999999999993,4.949747468,0.22,1.0,20.7,0.36,232.0,50.0,58.0,41.6,7.38,490.15,0.23,36.0,2.3622,1.0,100.0,50.0,0.0,3.0,0.5,43.15555549575617,0.8365280906103939,0,8.433333321759259,0.0833333332175925,720.0,-8320.592998053487,3.0,0.5,2.285713824276697,0.07071067186231,8.490365793239568e-05,100.0,7.642904171362161,2084.792528
257.0,-17.38,18.08,0.6999999999999993,4.949747468,0.22,1.0,20.7,0.36,232.0,50.0,58.0,41.6,7.38,490.15,0.23,36.0,2.3622,1.0,100.0,50.0,0.0,3.0,0.5,0.1,0.0006990213818156,1,142.9571394557824,,,-8320.592998053487,3.0,0.5,2.285713824276697,0.07071067186231,8.490365793239568e-05,100.0,8.564757944313964,5242.570531
257.0,-17.38,18.08,0.6999999999999993,4.949747468,0.22,1.0,20.7,0.36,232.0,50.0,58.0,41.6,7.38,490.15,0.23,36.0,2.3622,1.0,100.0,50.0,0.0,3.0,0.5,0.1,0.0006990213818156,1,142.9571394557824,,,-8320.592998053487,3.0,0.5,2.285713824276697,0.07071067186231,8.490365793239568e-05,100.0,8.278652536230947,3937.883302
257.0,-17.38,18.08,0.6999999999999993,4.949747468,0.22,1.0,20.7,0.36,232.0,50.0,58.0,41.6,7.38,490.15,0.23,36.0,2.3622,1.0,100.0,50.0,0.0,3.0,0.5,0.1,0.0006990213818156,1,142.9571394557824,,,-8320.592998053487,3.0,0.5,2.285713824276697,0.07071067186231,8.490365793239568e-05,100.0,8.091748630455175,3266.396046
257.0,-17.38,18.08,0.6999999999999993,4.949747468,0.22,1.0,20.7,0.36,232.0,50.0,58.0,41.6,7.38,490.15,0.23,36.0,2.3622,1.0,100.0,37.5,-25.0,3.0,0.5,112.09999720000006,0.3740095074698029,0,187.6249953125001,1.4999999625000011,40.0,-10400.74124756686,3.0,0.5,2.285713824276697,0.07071067186231,8.490365793239568e-05,125.0,7.858745845219547,2587.272245
257.0,-17.38,18.08,0.6999999999999993,4.949747468,0.22,1.0,20.7,0.36,232.0,50.0,58.0,41.6,7.38,490.15,0.23,36.0,2.3622,1.0,75.0,37.5,0.0,3.0,0.5,84.07499790000004,0.4275362297113425,0,112.57499718750007,1.4999999625000011,40.0,-6240.444748540115,3.0,0.5,2.285713824276697,0.07071067186231,8.490365793239568e-05,75.0,9.092291626096964,8885.527334
257.0,-17.38,18.08,0.6999999999999993,4.949747468,0.22,1.0,20.7,0.36,232.0,50.0,58.0,41.6,7.38,490.15,0.23,36.0,2.3622,1.0,60.0,30.0,0.0,3.0,0.5,24.059999400000017,0.2108307026817105,0,90.05999775000006,1.4999999625000011,40.0,-4992.355798832092,3.0,0.5,2.285713824276697,0.07071067186231,8.490365793239568e-05,60.0,10.034371408463787,22795.70777
257.0,-17.38,18.08,0.6999999999999993,4.949747468,0.22,1.0,20.7,0.36,232.0,50.0,58.0,41.6,7.38,490.15,0.23,36.0,2.3622,1.0,100.0,30.0,-40.0,3.0,0.5,40.099999000000025,0.1602461630486427,0,210.1399947500001,1.4999999625000011,40.0,-11648.83019727488,3.0,0.5,2.285713824276697,0.07071067186231,8.490365793239568e-05,140.0,7.981407409547766,2925.046313
257.0,-17.38,18.08,0.6999999999999993,4.949747468,0.22,1.0,20.7,0.36,232.0,50.0,58.0,41.6,7.38,490.15,0.23,36.0,2.3622,1.0,125.0,50.0,-25.0,3.0,0.5,78.24999804687506,0.2579103485281527,0,225.14999437500012,1.4999999625000011,40.0,-12480.88949708023,3.0,0.5,2.285713824276697,0.07071067186231,8.490365793239568e-05,150.0,7.318391304158491,1506.776464
257.0,-17.38,18.08,0.6999999999999993,4.949747468,0.22,1.0,20.7,0.36,232.0,50.0,58.0,41.6,7.38,490.15,0.23,36.0,2.3622,1.0,60.0,10.0,-40.0,3.0,0.5,30.05999900000003,0.1306047961014018,0,200.0999933333336,1.999999933333336,30.0,-8320.592998053487,3.0,0.5,2.285713824276697,0.07071067186231,8.490365793239568e-05,100.0,9.323498550783492,11197.09049
257.0,-17.38,18.08,0.6999999999999993,4.949747468,0.22,1.0,20.7,0.36,232.0,50.0,58.0,41.6,7.38,490.15,0.23,36.0,2.3622,1.0,125.0,42.5,-40.0,3.0,0.5,62.62499895833334,0.27492427115251,0,165.16499725000006,0.9999999833333336,60.0,-13728.978446788256,3.0,0.5,2.285713824276697,0.07071067186231,8.490365793239568e-05,165.0,6.817689055751997,912.8706638
257.0,-17.38,18.08,0.6999999999999993,4.949747468,0.22,1.0,20.7,0.36,232.0,50.0,58.0,41.6,7.38,490.15,0.23,36.0,2.3622,1.0,125.0,42.5,-40.0,3.0,0.5,62.6249985119048,0.2097959821309678,0,235.87928010204092,1.428571394557824,42.0,-13728.978446788256,3.0,0.5,2.285713824276697,0.07071067186231,8.490365793239568e-05,165.0,6.916100011651131,1007.379647
257.0,-17.38,18.08,0.6999999999999993,4.949747468,0.22,1.0,20.7,0.36,232.0,50.0,58.0,41.6,7.38,490.15,0.23,36.0,2.3622,1.0,125.0,42.5,-40.0,3.0,0.5,62.62499973958332,0.6019319434627216,0,41.414999828125,0.2499999989583333,240.0,-13728.978446788256,3.0,0.5,2.285713824276697,0.07071067186231,8.490365793239568e-05,165.0,6.43530491459973,622.4726598
257.0,-17.38,18.08,0.6999999999999993,4.949747468,0.22,1.0,20.7,0.36,232.0,50.0,58.0,41.6,7.38,490.15,0.23,36.0,2.3622,1.0,125.0,35.0,-55.0,3.0,0.5,62.62499791666673,0.1481179263597707,0,360.17998800000044,1.999999933333336,30.0,-14977.067396496275,3.0,0.5,2.285713824276697,0.07071067186231,8.490365793239568e-05,180.0,6.884934637455105,976.4377798
257.0,-17.38,18.08,0.6999999999999993,4.949747468,0.22,1.0,20.7,0.36,232.0,50.0,58.0,41.6,7.38,490.15,0.23,36.0,2.3622,1.0,100.0,50.0,0.0,3.0,0.5,50.09999833333338,0.2002398073611453,0,200.0999933333336,1.999999933333336,30.0,-8320.592998053487,3.0,0.5,2.285713824276697,0.07071067186231,8.490365793239568e-05,100.0,8.164380149012628,3512.542789
257.0,-17.38,18.08,0.6999999999999993,4.949747468,0.22,1.0,20.7,0.36,232.0,50.0,58.0,41.6,7.38,490.15,0.23,36.0,2.3622,1.0,100.0,50.0,0.0,3.0,0.5,128.933329038889,0.3918549273899281,0,200.0999933333336,1.999999933333336,30.0,-8320.592998053487,3.0,0.5,2.285713824276697,0.07071067186231,8.490365793239568e-05,100.0,7.903042827283903,2704.502192
257.0,-17.38,18.08,0.6999999999999993,4.949747468,0.22,1.0,20.7,0.36,232.0,50.0,58.0,41.6,7.38,490.15,0.23,36.0,2.3622,1.0,100.0,50.0,0.0,3.0,0.5,50.09999875000003,0.250249749005989,0,150.0999962500001,1.4999999625000011,40.0,-8320.592998053487,3.0,0.5,2.285713824276697,0.07071067186231,8.490365793239568e-05,100.0,8.08494589780004,3244.244256
257.0,-17.38,18.08,0.6999999999999993,4.949747468,0.22,1.0,20.7,0.36,232.0,50.0,58.0,41.6,7.38,490.15,0.23,36.0,2.3622,1.0,100.0,50.0,0.0,3.0,0.5,118.34999704375008,0.4408642188840806,0,150.0999962500001,1.4999999625000011,40.0,-8320.592998053487,3.0,0.5,2.285713824276697,0.07071067186231,8.490365793239568e-05,100.0,7.847281706658622,2557.769369
257.0,-17.38,18.08,0.6999999999999993,4.949747468,0.22,1.0,20.7,0.36,232.0,50.0,58.0,41.6,7.38,490.15,0.23,36.0,2.3622,1.0,100.0,50.0,0.0,3.0,0.5,159.29999681600003,0.5701503200771978,0,120.09999760000004,1.1999999760000006,50.0,-8320.592998053487,3.0,0.5,2.285713824276697,0.07071067186231,8.490365793239568e-05,100.0,7.70357897975448,2215.265785
257.0,-17.38,18.08,0.6999999999999993,4.949747468,0.22,1.0,20.7,0.36,232.0,50.0,58.0,41.6,7.38,490.15,0.23,36.0,2.3622,1.0,100.0,50.0,0.0,3.0,0.5,50.09999916666668,0.3335552574367479,0,100.09999833333336,0.9999999833333336,60.0,-8320.592998053487,3.0,0.5,2.285713824276697,0.07071067186231,8.490365793239568e-05,100.0,7.972992949534482,2900.52851
257.0,-17.38,18.08,0.6999999999999993,4.949747468,0.22,1.0,20.7,0.36,232.0,50.0,58.0,41.6,7.38,490.15,0.23,36.0,2.3622,1.0,100.0,50.0,0.0,3.0,0.5,50.099999375,0.4001597412147751,0,75.09999906250002,0.7499999906250001,80.0,-8320.592998053487,3.0,0.5,2.285713824276697,0.07071067186231,8.490365793239568e-05,100.0,7.893563663021773,2678.97746
257.0,-17.38,18.08,0.6999999999999993,4.949747468,0.22,1.0,20.7,0.36,232.0,50.0,58.0,41.6,7.38,490.15,0.23,36.0,2.3622,1.0,100.0,50.0,0.0,3.0,0.5,59.22499926093751,0.4409082416470462,0,75.09999906250002,0.7499999906250001,80.0,-8320.592998053487,3.0,0.5,2.285713824276697,0.07071067186231,8.490365793239568e-05,100.0,7.847281706658622,2557.769369
257.0,-17.38,18.08,0.6999999999999993,4.949747468,0.22,1.0,20.7,0.36,232.0,50.0,58.0,41.6,7.38,490.15,0.23,36.0,2.3622,1.0,100.0,50.0,0.0,3.0,0.5,77.87777691358025,0.5384083539357478,0,66.76666592592593,0.6666666592592594,90.0,-8320.592998053487,3.0,0.5,2.285713824276697,0.07071067186231,8.490365793239568e-05,100.0,7.739060150576514,2295.31318
257.0,-17.38,18.08,0.6999999999999993,4.949747468,0.22,1.0,20.7,0.36,232.0,50.0,58.0,41.6,7.38,490.15,0.23,36.0,2.3622,1.0,100.0,50.0,0.0,3.0,0.5,70.09999930000001,0.5384024536215111,0,60.0999994,0.599999994,100.0,-8320.592998053487,3.0,0.5,2.285713824276697,0.07071067186231,8.490365793239568e-05,100.0,7.739060150576514,2295.31318
257.0,-17.38,18.08,0.6999999999999993,4.949747468,0.22,1.0,20.7,0.36,232.0,50.0,58.0,41.6,7.38,490.15,0.23,36.0,2.3622,1.0,100.0,50.0,0.0,3.0,0.5,50.09999958333333,0.49999999500998,0,50.09999958333333,0.4999999958333334,120.0,-8320.592998053487,3.0,0.5,2.285713824276697,0.07071067186231,8.490365793239568e-05,100.0,7.781618416383349,2395.149652
257.0,-17.38,18.08,0.6999999999999993,4.949747468,0.22,1.0,20.7,0.36,232.0,50.0,58.0,41.6,7.38,490.15,0.23,36.0,2.3622,1.0,100.0,50.0,0.0,3.0,0.5,50.09999964285714,0.5383788704804484,0,42.95714255102041,0.4285714255102041,140.0,-8320.592998053487,3.0,0.5,2.285713824276697,0.07071067186231,8.490365793239568e-05,100.0,7.739060150576514,2295.31318
257.0,-17.38,18.08,0.6999999999999993,4.949747468,0.22,1.0,20.7,0.36,232.0,50.0,58.0,41.6,7.38,490.15,0.23,36.0,2.3622,1.0,100.0,50.0,0.0,3.0,0.5,50.09999979166666,0.6662233953941235,0,25.09999989583333,0.2499999989583333,240.0,-8320.592998053487,3.0,0.5,2.285713824276697,0.07071067186231,8.490365793239568e-05,100.0,7.590259219672899,1977.826398
257.0,-17.38,18.08,0.6999999999999993,4.949747468,0.22,1.0,20.7,0.36,232.0,50.0,58.0,41.6,7.38,490.15,0.23,36.0,2.3622,1.0,100.0,50.0,0.0,3.0,0.5,43.15555549575617,0.8365280906103939,0,8.433333321759259,0.0833333332175925,720.0,-8320.592998053487,3.0,0.5,2.285713824276697,0.07071067186231,8.490365793239568e-05,100.0,7.32827461411223,1521.752169
257.0,-17.38,18.08,0.6999999999999993,4.949747468,0.22,1.0,20.7,0.36,232.0,50.0,58.0,41.6,7.38,490.15,0.23,36.0,2.3622,1.0,100.0,50.0,0.0,3.0,0.5,0.1,0.0006990213818156,1,142.9571394557824,,,-8320.592998053487,3.0,0.5,2.285713824276697,0.07071067186231,8.490365793239568e-05,100.0,8.250021573600245,3826.708398
257.0,-17.38,18.08,0.6999999999999993,4.949747468,0.22,1.0,20.7,0.36,232.0,50.0,58.0,41.6,7.38,490.15,0.23,36.0,2.3622,1.0,100.0,50.0,0.0,3.0,0.5,0.1,0.0006990213818156,1,142.9571394557824,,,-8320.592998053487,3.0,0.5,2.285713824276697,0.07071067186231,8.490365793239568e-05,100.0,7.963939535878422,2874.378325
257.0,-17.38,18.08,0.6999999999999993,4.949747468,0.22,1.0,20.7,0.36,232.0,50.0,58.0,41.6,7.38,490.15,0.23,36.0,2.3622,1.0,100.0,50.0,0.0,3.0,0.5,0.1,0.0006990213818156,1,142.9571394557824,,,-8320.592998053487,3.0,0.5,2.285713824276697,0.07071067186231,8.490365793239568e-05,100.0,7.777054932860373,2384.239775
257.0,-17.38,18.08,0.6999999999999993,4.949747468,0.22,1.0,20.7,0.36,232.0,50.0,58.0,41.6,7.38,490.15,0.23,36.0,2.3622,1.0,100.0,37.5,-25.0,3.0,0.5,112.09999720000006,0.3740095074698029,0,187.6249953125001,1.4999999625000011,40.0,-10400.74124756686,3.0,0.5,2.285713824276697,0.07071067186231,8.490365793239568e-05,125.0,7.544081855579128,1888.527082
257.0,-17.38,18.08,0.6999999999999993,4.949747468,0.22,1.0,20.7,0.36,232.0,50.0,58.0,41.6,7.38,490.15,0.23,36.0,2.3622,1.0,75.0,37.5,0.0,3.0,0.5,84.07499790000004,0.4275362297113425,0,112.57499718750007,1.4999999625000011,40.0,-6240.444748540115,3.0,0.5,2.285713824276697,0.07071067186231,8.490365793239568e-05,75.0,8.777526331006982,6485.811087
257.0,-17.38,18.08,0.6999999999999993,4.949747468,0.22,1.0,20.7,0.36,232.0,50.0,58.0,41.6,7.38,490.15,0.23,36.0,2.3622,1.0,60.0,30.0,0.0,3.0,0.5,24.059999400000017,0.2108307026817105,0,90.05999775000006,1.4999999625000011,40.0,-4992.355798832092,3.0,0.5,2.285713824276697,0.07071067186231,8.490365793239568e-05,60.0,9.719580708838633,16639.26615
257.0,-17.38,18.08,0.6999999999999993,4.949747468,0.22,1.0,20.7,0.36,232.0,50.0,58.0,41.6,7.38,490.15,0.23,36.0,2.3622,1.0,100.0,30.0,-40.0,3.0,0.5,40.099999000000025,0.1602461630486427,0,210.1399947500001,1.4999999625000011,40.0,-11648.83019727488,3.0,0.5,2.285713824276697,0.07071067186231,8.490365793239568e-05,140.0,7.666726920379669,2135.078436
257.0,-17.38,18.08,0.6999999999999993,4.949747468,0.22,1.0,20.7,0.36,232.0,50.0,58.0,41.6,7.38,490.15,0.23,36.0,2.3622,1.0,125.0,50.0,-25.0,3.0,0.5,78.24999804687506,0.2579103485281527,0,225.14999437500012,1.4999999625000011,40.0,-12480.88949708023,3.0,0.5,2.285713824276697,0.07071067186231,8.490365793239568e-05,150.0,7.003829735743318,1099.841026
257.0,-17.38,18.08,0.6999999999999993,4.949747468,0.22,1.0,20.7,0.36,232.0,50.0,58.0,41.6,7.38,490.15,0.23,36.0,2.3622,1.0,60.0,10.0,-40.0,3.0,0.5,30.05999900000003,0.1306047961014018,0,200.0999933333336,1.999999933333336,30.0,-8320.592998053487,3.0,0.5,2.285713824276697,0.07071067186231,8.490365793239568e-05,100.0,9.008724661739304,8173.089895
257.0,-17.38,18.08,0.6999999999999993,4.949747468,0.22,1.0,20.7,0.36,232.0,50.0,58.0,41.6,7.38,490.15,0.23,36.0,3.175,1.0,125.0,42.5,-40.0,3.0,0.5,62.62499895833334,0.27492427115251,0,165.16499725000006,0.9999999833333336,60.0,-10215.46658232053,3.0,0.5,2.285713824276697,0.07071067186231,8.490365793239568e-05,165.0,5.826829863037991,338.2814039
257.0,-17.38,18.08,0.6999999999999993,4.949747468,0.22,1.0,20.7,0.36,232.0,50.0,58.0,41.6,7.38,490.15,0.23,36.0,3.175,1.0,125.0,42.5,-40.0,3.0,0.5,62.6249985119048,0.2097959821309678,0,235.87928010204092,1.428571394557824,42.0,-10215.46658232053,3.0,0.5,2.285713824276697,0.07071067186231,8.490365793239568e-05,165.0,5.925066928786325,373.3034862
257.0,-17.38,18.08,0.6999999999999993,4.949747468,0.22,1.0,20.7,0.36,232.0,50.0,58.0,41.6,7.38,490.15,0.23,36.0,3.175,1.0,125.0,42.5,-40.0,3.0,0.5,62.62499973958332,0.6019319434627216,0,41.414999828125,0.2499999989583333,240.0,-10215.46658232053,3.0,0.5,2.285713824276697,0.07071067186231,8.490365793239568e-05,165.0,5.445309449653505,230.6689585
257.0,-17.38,18.08,0.6999999999999993,4.949747468,0.22,1.0,20.7,0.36,232.0,50.0,58.0,41.6,7.38,490.15,0.23,36.0,3.175,1.0,125.0,35.0,-55.0,3.0,0.5,62.62499791666673,0.1481179263597707,0,360.17998800000044,1.999999933333336,30.0,-11144.145362531486,3.0,0.5,2.285713824276697,0.07071067186231,8.490365793239568e-05,180.0,5.89395478652353,361.8373951
257.0,-17.38,18.08,0.6999999999999993,4.949747468,0.22,1.0,20.7,0.36,232.0,50.0,58.0,41.6,7.38,490.15,0.23,36.0,3.175,1.0,100.0,50.0,0.0,3.0,0.5,50.09999833333338,0.2002398073611453,0,200.0999933333336,1.999999933333336,30.0,-6191.191868073049,3.0,0.5,2.285713824276697,0.07071067186231,8.490365793239568e-05,100.0,7.172147358350239,1301.638834
257.0,-17.38,18.08,0.6999999999999993,4.949747468,0.22,1.0,20.7,0.36,232.0,50.0,58.0,41.6,7.38,490.15,0.23,36.0,3.175,1.0,100.0,50.0,0.0,3.0,0.5,128.933329038889,0.3918549273899281,0,200.0999933333336,1.999999933333336,30.0,-6191.191868073049,3.0,0.5,2.285713824276697,0.07071067186231,8.490365793239568e-05,100.0,6.910954340523866,1002.204184
257.0,-17.38,18.08,0.6999999999999993,4.949747468,0.22,1.0,20.7,0.36,232.0,50.0,58.0,41.6,7.38,490.15,0.23,36.0,3.175,1.0,100.0,50.0,0.0,3.0,0.5,50.09999875000003,0.250249749005989,0,150.0999962500001,1.4999999625000011,40.0,-6191.191868073049,3.0,0.5,2.285713824276697,0.07071067186231,8.490365793239568e-05,100.0,7.092753054007366,1202.215763
257.0,-17.38,18.08,0.6999999999999993,4.949747468,0.22,1.0,20.7,0.36,232.0,50.0,58.0,41.6,7.38,490.15,0.23,36.0,3.175,1.0,100.0,50.0,0.0,3.0,0.5,118.34999704375008,0.4408642188840806,0,150.0999962500001,1.4999999625000011,40.0,-6191.191868073049,3.0,0.5,2.285713824276697,0.07071067186231,8.490365793239568e-05,100.0,6.855229198499654,947.8295748
257.0,-17.38,18.08,0.6999999999999993,4.949747468,0.22,1.0,20.7,0.36,232.0,50.0,58.0,41.6,7.38,490.15,0.23,36.0,3.175,1.0,100.0,50.0,0.0,3.0,0.5,159.29999681600003,0.5701503200771978,0,120.09999760000004,1.1999999760000006,50.0,-6191.191868073049,3.0,0.5,2.285713824276697,0.07071067186231,8.490365793239568e-05,100.0,6.711628985200697,820.9084262
257.0,-17.38,18.08,0.6999999999999993,4.949747468,0.22,1.0,20.7,0.36,232.0,50.0,58.0,41.6,7.38,490.15,0.23,36.0,3.175,1.0,100.0,50.0,0.0,3.0,0.5,50.09999916666668,0.3335552574367479,0,100.09999833333336,0.9999999833333336,60.0,-6191.191868073049,3.0,0.5,2.285713824276697,0.07071067186231,8.490365793239568e-05,100.0,6.980862073338868,1074.845425
257.0,-17.38,18.08,0.6999999999999993,4.949747468,0.22,1.0,20.7,0.36,232.0,50.0,58.0,41.6,7.38,490.15,0.23,36.0,3.175,1.0,100.0,50.0,0.0,3.0,0.5,50.099999375,0.4001597412147751,0,75.09999906250002,0.7499999906250001,80.0,-6191.191868073049,3.0,0.5,2.285713824276697,0.07071067186231,8.490365793239568e-05,100.0,6.9014811515432575,992.7455138
257.0,-17.38,18.08,0.6999999999999993,4.949747468,0.22,1.0,20.7,0.36,232.0,50.0,58.0,41.6,7.38,490.15,0.23,36.0,3.175,1.0,100.0,50.0,0.0,3.0,0.5,59.22499926093751,0.4409082416470462,0,75.09999906250002,0.7499999906250001,80.0,-6191.191868073049,3.0,0.5,2.285713824276697,0.07071067186231,8.490365793239568e-05,100.0,6.855229198499654,947.8295748
257.0,-17.38,18.08,0.6999999999999993,4.949747468,0.22,1.0,20.7,0.36,232.0,50.0,58.0,41.6,7.38,490.15,0.23,36.0,3.175,1.0,100.0,50.0,0.0,3.0,0.5,77.87777691358025,0.5384083539357478,0,66.76666592592593,0.6666666592592594,90.0,-6191.191868073049,3.0,0.5,2.285713824276697,0.07071067186231,8.490365793239568e-05,100.0,6.747083460054226,850.5714949
257.0,-17.38,18.08,0.6999999999999993,4.949747468,0.22,1.0,20.7,0.36,232.0,50.0,58.0,41.6,7.38,490.15,0.23,36.0,3.175,1.0,100.0,50.0,0.0,3.0,0.5,70.09999930000001,0.5384024536215111,0,60.0999994,0.599999994,100.0,-6191.191868073049,3.0,0.5,2.285713824276697,0.07071067186231,8.490365793239568e-05,100.0,6.747083460054226,850.5714949
257.0,-17.38,18.08,0.6999999999999993,4.949747468,0.22,1.0,20.7,0.36,232.0,50.0,58.0,41.6,7.38,490.15,0.23,36.0,3.175,1.0,100.0,50.0,0.0,3.0,0.5,50.09999958333333,0.49999999500998,0,50.09999958333333,0.4999999958333334,120.0,-6191.191868073049,3.0,0.5,2.285713824276697,0.07071067186231,8.490365793239568e-05,100.0,6.789610928534425,887.5677782
257.0,-17.38,18.08,0.6999999999999993,4.949747468,0.22,1.0,20.7,0.36,232.0,50.0,58.0,41.6,7.38,490.15,0.23,36.0,3.175,1.0,100.0,50.0,0.0,3.0,0.5,50.09999964285714,0.5383788704804484,0,42.95714255102041,0.4285714255102041,140.0,-6191.191868073049,3.0,0.5,2.285713824276697,0.07071067186231,8.490365793239568e-05,100.0,6.747083460054226,850.5714949
257.0,-17.38,18.08,0.6999999999999993,4.949747468,0.22,1.0,20.7,0.36,232.0,50.0,58.0,41.6,7.38,490.15,0.23,36.0,3.175,1.0,100.0,50.0,0.0,3.0,0.5,50.09999979166666,0.6662233953941235,0,25.09999989583333,0.2499999989583333,240.0,-6191.191868073049,3.0,0.5,2.285713824276697,0.07071067186231,8.490365793239568e-05,100.0,6.598401110938752,732.9207927
257.0,-17.38,18.08,0.6999999999999993,4.949747468,0.22,1.0,20.7,0.36,232.0,50.0,58.0,41.6,7.38,490.15,0.23,36.0,3.175,1.0,100.0,50.0,0.0,3.0,0.5,43.15555549575617,0.8365280906103939,0,8.433333321759259,0.0833333332175925,720.0,-6191.191868073049,3.0,0.5,2.285713824276697,0.07071067186231,8.490365793239568e-05,100.0,6.33667333758823,563.9139042
257.0,-17.38,18.08,0.6999999999999993,4.949747468,0.22,1.0,20.7,0.36,232.0,50.0,58.0,41.6,7.38,490.15,0.23,36.0,3.175,1.0,100.0,50.0,0.0,3.0,0.5,0.1,0.0006990213818156,1,142.9571394557824,,,-6191.191868073049,3.0,0.5,2.285713824276697,0.07071067186231,8.490365793239568e-05,100.0,7.257749123094665,1418.058813
257.0,-17.38,18.08,0.6999999999999993,4.949747468,0.22,1.0,20.7,0.36,232.0,50.0,58.0,41.6,7.38,490.15,0.23,36.0,3.175,1.0,100.0,50.0,0.0,3.0,0.5,0.1,0.0006990213818156,1,142.9571394557824,,,-6191.191868073049,3.0,0.5,2.285713824276697,0.07071067186231,8.490365793239568e-05,100.0,6.971813980649755,1065.154982
257.0,-17.38,18.08,0.6999999999999993,4.949747468,0.22,1.0,20.7,0.36,232.0,50.0,58.0,41.6,7.38,490.15,0.23,36.0,3.175,1.0,100.0,50.0,0.0,3.0,0.5,0.1,0.0006990213818156,1,142.9571394557824,,,-6191.191868073049,3.0,0.5,2.285713824276697,0.07071067186231,8.490365793239568e-05,100.0,6.785050684938468,883.5249179
257.0,-17.38,18.08,0.6999999999999993,4.949747468,0.22,1.0,20.7,0.36,232.0,50.0,58.0,41.6,7.38,490.15,0.23,36.0,3.175,1.0,100.0,37.5,-25.0,3.0,0.5,112.09999720000006,0.3740095074698029,0,187.6249953125001,1.4999999625000011,40.0,-7738.98983509131,3.0,0.5,2.285713824276697,0.07071067186231,8.490365793239568e-05,125.0,6.552264277906378,699.8292508
257.0,-17.38,18.08,0.6999999999999993,4.949747468,0.22,1.0,20.7,0.36,232.0,50.0,58.0,41.6,7.38,490.15,0.23,36.0,3.175,1.0,75.0,37.5,0.0,3.0,0.5,84.07499790000004,0.4275362297113425,0,112.57499718750007,1.4999999625000011,40.0,-4643.3939010547865,3.0,0.5,2.285713824276697,0.07071067186231,8.490365793239568e-05,75.0,7.785072039355785,2403.439356
257.0,-17.38,18.08,0.6999999999999993,4.949747468,0.22,1.0,20.7,0.36,232.0,50.0,58.0,41.6,7.38,490.15,0.23,36.0,3.175,1.0,60.0,30.0,0.0,3.0,0.5,24.059999400000017,0.2108307026817105,0,90.05999775000006,1.4999999625000011,40.0,-3714.715120843829,3.0,0.5,2.285713824276697,0.07071067186231,8.490365793239568e-05,60.0,8.726966673807166,6165.993209
257.0,-17.38,18.08,0.6999999999999993,4.949747468,0.22,1.0,20.7,0.36,232.0,50.0,58.0,41.6,7.38,490.15,0.23,36.0,3.175,1.0,100.0,30.0,-40.0,3.0,0.5,40.099999000000025,0.1602461630486427,0,210.1399947500001,1.4999999625000011,40.0,-8667.668615302267,3.0,0.5,2.285713824276697,0.07071067186231,8.490365793239568e-05,140.0,6.6748056737175965,791.1934949
257.0,-17.38,18.08,0.6999999999999993,4.949747468,0.22,1.0,20.7,0.36,232.0,50.0,58.0,41.6,7.38,490.15,0.23,36.0,3.175,1.0,125.0,50.0,-25.0,3.0,0.5,78.24999804687506,0.2579103485281527,0,225.14999437500012,1.4999999625000011,40.0,-9286.787802109571,3.0,0.5,2.285713824276697,0.07071067186231,8.490365793239568e-05,150.0,6.0126554020368,407.5667902
257.0,-17.38,18.08,0.6999999999999993,4.949747468,0.22,1.0,20.7,0.36,232.0,50.0,58.0,41.6,7.38,490.15,0.23,36.0,3.175,1.0,60.0,10.0,-40.0,3.0,0.5,30.05999900000003,0.1306047961014018,0,200.0999933333336,1.999999933333336,30.0,-6191.191868073049,3.0,0.5,2.285713824276697,0.07071067186231,8.490365793239568e-05,100.0,8.016216332619702,3028.692271
257.0,-17.38,18.08,0.6999999999999993,4.949747468,0.22,1.0,20.7,0.36,232.0,50.0,58.0,41.6,7.38,490.15,0.23,36.0,3.175,1.0,125.0,42.5,-40.0,3.0,0.5,62.62499895833334,0.27492427115251,0,165.16499725000006,0.9999999833333336,60.0,-10215.46658232053,3.0,0.5,2.285713824276697,0.07071067186231,8.490365793239568e-05,165.0,6.3434425658682825,567.7509075
257.0,-17.38,18.08,0.6999999999999993,4.949747468,0.22,1.0,20.7,0.36,232.0,50.0,58.0,41.6,7.38,490.15,0.23,36.0,3.175,1.0,125.0,42.5,-40.0,3.0,0.5,62.6249985119048,0.2097959821309678,0,235.87928010204092,1.428571394557824,42.0,-10215.46658232053,3.0,0.5,2.285713824276697,0.07071067186231,8.490365793239568e-05,165.0,6.441791219676279,626.5298375
257.0,-17.38,18.08,0.6999999999999993,4.949747468,0.22,1.0,20.7,0.36,232.0,50.0,58.0,41.6,7.38,490.15,0.23,36.0,3.175,1.0,125.0,42.5,-40.0,3.0,0.5,62.62499973958332,0.6019319434627216,0,41.414999828125,0.2499999989583333,240.0,-10215.46658232053,3.0,0.5,2.285713824276697,0.07071067186231,8.490365793239568e-05,165.0,5.961367986487816,387.1407325
257.0,-17.38,18.08,0.6999999999999993,4.949747468,0.22,1.0,20.7,0.36,232.0,50.0,58.0,41.6,7.38,490.15,0.23,36.0,3.175,1.0,125.0,35.0,-55.0,3.0,0.5,62.62499791666673,0.1481179263597707,0,360.17998800000044,1.999999933333336,30.0,-11144.145362531486,3.0,0.5,2.285713824276697,0.07071067186231,8.490365793239568e-05,180.0,6.410644916877185,607.2858484
257.0,-17.38,18.08,0.6999999999999993,4.949747468,0.22,1.0,20.7,0.36,232.0,50.0,58.0,41.6,7.38,490.15,0.23,36.0,3.175,1.0,100.0,50.0,0.0,3.0,0.5,50.09999833333338,0.2002398073611453,0,200.0999933333336,1.999999933333336,30.0,-6191.191868073049,3.0,0.5,2.285713824276697,0.07071067186231,8.490365793239568e-05,100.0,7.689641711645359,2184.59135
257.0,-17.38,18.08,0.6999999999999993,4.949747468,0.22,1.0,20.7,0.36,232.0,50.0,58.0,41.6,7.38,490.15,0.23,36.0,3.175,1.0,100.0,50.0,0.0,3.0,0.5,128.933329038889,0.3918549273899281,0,200.0999933333336,1.999999933333336,30.0,-6191.191868073049,3.0,0.5,2.285713824276697,0.07071067186231,8.490365793239568e-05,100.0,7.428356051327084,1682.038469
257.0,-17.38,18.08,0.6999999999999993,4.949747468,0.22,1.0,20.7,0.36,232.0,50.0,58.0,41.6,7.38,490.15,0.23,36.0,3.175,1.0,100.0,50.0,0.0,3.0,0.5,50.09999875000003,0.250249749005989,0,150.0999962500001,1.4999999625000011,40.0,-6191.191868073049,3.0,0.5,2.285713824276697,0.07071067186231,8.490365793239568e-05,100.0,7.610221761140142,2017.725723
257.0,-17.38,18.08,0.6999999999999993,4.949747468,0.22,1.0,20.7,0.36,232.0,50.0,58.0,41.6,7.38,490.15,0.23,36.0,3.175,1.0,100.0,50.0,0.0,3.0,0.5,118.34999704375008,0.4408642188840806,0,150.0999962500001,1.4999999625000011,40.0,-6191.191868073049,3.0,0.5,2.285713824276697,0.07071067186231,8.490365793239568e-05,100.0,7.372607812208149,1590.779437
257.0,-17.38,18.08,0.6999999999999993,4.949747468,0.22,1.0,20.7,0.36,232.0,50.0,58.0,41.6,7.38,490.15,0.23,36.0,3.175,1.0,100.0,50.0,0.0,3.0,0.5,159.29999681600003,0.5701503200771978,0,120.09999760000004,1.1999999760000006,50.0,-6191.191868073049,3.0,0.5,2.285713824276697,0.07071067186231,8.490365793239568e-05,100.0,7.228941789020236,1377.76271
257.0,-17.38,18.08,0.6999999999999993,4.949747468,0.22,1.0,20.7,0.36,232.0,50.0,58.0,41.6,7.38,490.15,0.23,36.0,3.175,1.0,100.0,50.0,0.0,3.0,0.5,50.09999916666668,0.3335552574367479,0,100.09999833333336,0.9999999833333336,60.0,-6191.191868073049,3.0,0.5,2.285713824276697,0.07071067186231,8.490365793239568e-05,100.0,7.498290997881476,1803.955105
257.0,-17.38,18.08,0.6999999999999993,4.949747468,0.22,1.0,20.7,0.36,232.0,50.0,58.0,41.6,7.38,490.15,0.23,36.0,3.175,1.0,100.0,50.0,0.0,3.0,0.5,50.099999375,0.4001597412147751,0,75.09999906250002,0.7499999906250001,80.0,-6191.191868073049,3.0,0.5,2.285713824276697,0.07071067186231,8.490365793239568e-05,100.0,7.418879026104943,1666.163613
257.0,-17.38,18.08,0.6999999999999993,4.949747468,0.22,1.0,20.7,0.36,232.0,50.0,58.0,41.6,7.38,490.15,0.23,36.0,3.175,1.0,100.0,50.0,0.0,3.0,0.5,59.22499926093751,0.4409082416470462,0,75.09999906250002,0.7499999906250001,80.0,-6191.191868073049,3.0,0.5,2.285713824276697,0.07071067186231,8.490365793239568e-05,100.0,7.372607812208149,1590.779437
257.0,-17.38,18.08,0.6999999999999993,4.949747468,0.22,1.0,20.7,0.36,232.0,50.0,58.0,41.6,7.38,490.15,0.23,36.0,3.175,1.0,100.0,50.0,0.0,3.0,0.5,77.87777691358025,0.5384083539357478,0,66.76666592592593,0.6666666592592594,90.0,-6191.191868073049,3.0,0.5,2.285713824276697,0.07071067186231,8.490365793239568e-05,100.0,7.264413401379388,1427.547398
257.0,-17.38,18.08,0.6999999999999993,4.949747468,0.22,1.0,20.7,0.36,232.0,50.0,58.0,41.6,7.38,490.15,0.23,36.0,3.175,1.0,100.0,50.0,0.0,3.0,0.5,70.09999930000001,0.5384024536215111,0,60.0999994,0.599999994,100.0,-6191.191868073049,3.0,0.5,2.285713824276697,0.07071067186231,8.490365793239568e-05,100.0,7.264413401379388,1427.547398
257.0,-17.38,18.08,0.6999999999999993,4.949747468,0.22,1.0,20.7,0.36,232.0,50.0,58.0,41.6,7.38,490.15,0.23,36.0,3.175,1.0,100.0,50.0,0.0,3.0,0.5,50.09999958333333,0.49999999500998,0,50.09999958333333,0.4999999958333334,120.0,-6191.191868073049,3.0,0.5,2.285713824276697,0.07071067186231,8.490365793239568e-05,100.0,7.306960640359271,1489.639707
257.0,-17.38,18.08,0.6999999999999993,4.949747468,0.22,1.0,20.7,0.36,232.0,50.0,58.0,41.6,7.38,490.15,0.23,36.0,3.175,1.0,100.0,50.0,0.0,3.0,0.5,50.09999964285714,0.5383788704804484,0,42.95714255102041,0.4285714255102041,140.0,-6191.191868073049,3.0,0.5,2.285713824276697,0.07071067186231,8.490365793239568e-05,100.0,7.264413401379388,1427.547398
257.0,-17.38,18.08,0.6999999999999993,4.949747468,0.22,1.0,20.7,0.36,232.0,50.0,58.0,41.6,7.38,490.15,0.23,36.0,3.175,1.0,100.0,50.0,0.0,3.0,0.5,50.09999979166666,0.6662233953941235,0,25.09999989583333,0.2499999989583333,240.0,-6191.191868073049,3.0,0.5,2.285713824276697,0.07071067186231,8.490365793239568e-05,100.0,7.11565492938314,1230.089624
257.0,-17.38,18.08,0.6999999999999993,4.949747468,0.22,1.0,20.7,0.36,232.0,50.0,58.0,41.6,7.38,490.15,0.23,36.0,3.175,1.0,100.0,50.0,0.0,3.0,0.5,43.15555549575617,0.8365280906103939,0,8.433333321759259,0.0833333332175925,720.0,-6191.191868073049,3.0,0.5,2.285713824276697,0.07071067186231,8.490365793239568e-05,100.0,6.85376229655609,946.4387552
257.0,-17.38,18.08,0.6999999999999993,4.949747468,0.22,1.0,20.7,0.36,232.0,50.0,58.0,41.6,7.38,490.15,0.23,36.0,3.175,1.0,100.0,50.0,0.0,3.0,0.5,0.1,0.0006990213818156,1,142.9571394557824,,,-6191.191868073049,3.0,0.5,2.285713824276697,0.07071067186231,8.490365793239568e-05,100.0,7.775268938861157,2379.983553
257.0,-17.38,18.08,0.6999999999999993,4.949747468,0.22,1.0,20.7,0.36,232.0,50.0,58.0,41.6,7.38,490.15,0.23,36.0,3.175,1.0,100.0,50.0,0.0,3.0,0.5,0.1,0.0006990213818156,1,142.9571394557824,,,-6191.191868073049,3.0,0.5,2.285713824276697,0.07071067186231,8.490365793239568e-05,100.0,7.489239488961699,1787.691255
257.0,-17.38,18.08,0.6999999999999993,4.949747468,0.22,1.0,20.7,0.36,232.0,50.0,58.0,41.6,7.38,490.15,0.23,36.0,3.175,1.0,100.0,50.0,0.0,3.0,0.5,0.1,0.0006990213818156,1,142.9571394557824,,,-6191.191868073049,3.0,0.5,2.285713824276697,0.07071067186231,8.490365793239568e-05,100.0,7.302398317163012,1482.854417
257.0,-17.38,18.08,0.6999999999999993,4.949747468,0.22,1.0,20.7,0.36,232.0,50.0,58.0,41.6,7.38,490.15,0.23,36.0,3.175,1.0,100.0,37.5,-25.0,3.0,0.5,112.09999720000006,0.3740095074698029,0,187.6249953125001,1.4999999625000011,40.0,-7738.98983509131,3.0,0.5,2.285713824276697,0.07071067186231,8.490365793239568e-05,125.0,7.069492079296608,1174.550796
257.0,-17.38,18.08,0.6999999999999993,4.949747468,0.22,1.0,20.7,0.36,232.0,50.0,58.0,41.6,7.38,490.15,0.23,36.0,3.175,1.0,75.0,37.5,0.0,3.0,0.5,84.07499790000004,0.4275362297113425,0,112.57499718750007,1.4999999625000011,40.0,-4643.3939010547865,3.0,0.5,2.285713824276697,0.07071067186231,8.490365793239568e-05,75.0,8.302708604827494,4033.786248
257.0,-17.38,18.08,0.6999999999999993,4.949747468,0.22,1.0,20.7,0.36,232.0,50.0,58.0,41.6,7.38,490.15,0.23,36.0,3.175,1.0,60.0,30.0,0.0,3.0,0.5,24.059999400000017,0.2108307026817105,0,90.05999775000006,1.4999999625000011,40.0,-3714.715120843829,3.0,0.5,2.285713824276697,0.07071067186231,8.490365793239568e-05,60.0,9.244705807707684,10348.6275
257.0,-17.38,18.08,0.6999999999999993,4.949747468,0.22,1.0,20.7,0.36,232.0,50.0,58.0,41.6,7.38,490.15,0.23,36.0,3.175,1.0,100.0,30.0,-40.0,3.0,0.5,40.099999000000025,0.1602461630486427,0,210.1399947500001,1.4999999625000011,40.0,-8667.668615302267,3.0,0.5,2.285713824276697,0.07071067186231,8.490365793239568e-05,140.0,7.1921000229932535,1327.890979
257.0,-17.38,18.08,0.6999999999999993,4.949747468,0.22,1.0,20.7,0.36,232.0,50.0,58.0,41.6,7.38,490.15,0.23,36.0,3.175,1.0,125.0,50.0,-25.0,3.0,0.5,78.24999804687506,0.2579103485281527,0,225.14999437500012,1.4999999625000011,40.0,-9286.787802109571,3.0,0.5,2.285713824276697,0.07071067186231,8.490365793239568e-05,150.0,6.529470341169504,684.0352804
257.0,-17.38,18.08,0.6999999999999993,4.949747468,0.22,1.0,20.7,0.36,232.0,50.0,58.0,41.6,7.38,490.15,0.23,36.0,3.175,1.0,60.0,10.0,-40.0,3.0,0.5,30.05999900000003,0.1306047961014018,0,200.0999933333336,1.999999933333336,30.0,-6191.191868073049,3.0,0.5,2.285713824276697,0.07071067186231,8.490365793239568e-05,100.0,8.53388759416379,5083.172665
257.0,-17.38,18.08,0.6999999999999993,4.949747468,0.22,1.0,20.7,0.36,232.0,50.0,58.0,41.6,7.38,490.15,0.23,36.0,3.175,1.0,125.0,42.5,-40.0,3.0,0.5,62.62499895833334,0.27492427115251,0,165.16499725000006,0.9999999833333336,60.0,-10215.46658232053,3.0,0.5,2.285713824276697,0.07071067186231,8.490365793239568e-05,165.0,6.480001863008932,650.9721609
257.0,-17.38,18.08,0.6999999999999993,4.949747468,0.22,1.0,20.7,0.36,232.0,50.0,58.0,41.6,7.38,490.15,0.23,36.0,3.175,1.0,125.0,42.5,-40.0,3.0,0.5,62.6249985119048,0.2097959821309678,0,235.87928010204092,1.428571394557824,42.0,-10215.46658232053,3.0,0.5,2.285713824276697,0.07071067186231,8.490365793239568e-05,165.0,6.578371575521115,718.3669402
257.0,-17.38,18.08,0.6999999999999993,4.949747468,0.22,1.0,20.7,0.36,232.0,50.0,58.0,41.6,7.38,490.15,0.23,36.0,3.175,1.0,125.0,42.5,-40.0,3.0,0.5,62.62499973958332,0.6019319434627216,0,41.414999828125,0.2499999989583333,240.0,-10215.46658232053,3.0,0.5,2.285713824276697,0.07071067186231,8.490365793239568e-05,165.0,6.097822661748433,443.888043
257.0,-17.38,18.08,0.6999999999999993,4.949747468,0.22,1.0,20.7,0.36,232.0,50.0,58.0,41.6,7.38,490.15,0.23,36.0,3.175,1.0,125.0,35.0,-55.0,3.0,0.5,62.62499791666673,0.1481179263597707,0,360.17998800000044,1.999999933333336,30.0,-11144.145362531486,3.0,0.5,2.285713824276697,0.07071067186231,8.490365793239568e-05,180.0,6.547218826435005,696.3021562
257.0,-17.38,18.08,0.6999999999999993,4.949747468,0.22,1.0,20.7,0.36,232.0,50.0,58.0,41.6,7.38,490.15,0.23,36.0,3.175,1.0,100.0,50.0,0.0,3.0,0.5,50.09999833333338,0.2002398073611453,0,200.0999933333336,1.999999933333336,30.0,-6191.191868073049,3.0,0.5,2.285713824276697,0.07071067186231,8.490365793239568e-05,100.0,7.826367315742186,2504.810003
257.0,-17.38,18.08,0.6999999999999993,4.949747468,0.22,1.0,20.7,0.36,232.0,50.0,58.0,41.6,7.38,490.15,0.23,36.0,3.175,1.0,100.0,50.0,0.0,3.0,0.5,128.933329038889,0.3918549273899281,0,200.0999933333336,1.999999933333336,30.0,-6191.191868073049,3.0,0.5,2.285713824276697,0.07071067186231,8.490365793239568e-05,100.0,7.565064188117616,1928.592632
257.0,-17.38,18.08,0.6999999999999993,4.949747468,0.22,1.0,20.7,0.36,232.0,50.0,58.0,41.6,7.38,490.15,0.23,36.0,3.175,1.0,100.0,50.0,0.0,3.0,0.5,50.09999875000003,0.250249749005989,0,150.0999962500001,1.4999999625000011,40.0,-6191.191868073049,3.0,0.5,2.285713824276697,0.07071067186231,8.490365793239568e-05,100.0,7.746942529688064,2313.485116
257.0,-17.38,18.08,0.6999999999999993,4.949747468,0.22,1.0,20.7,0.36,232.0,50.0,58.0,41.6,7.38,490.15,0.23,36.0,3.175,1.0,100.0,50.0,0.0,3.0,0.5,118.34999704375008,0.4408642188840806,0,150.0999962500001,1.4999999625000011,40.0,-6191.191868073049,3.0,0.5,2.285713824276697,0.07071067186231,8.490365793239568e-05,100.0,7.509311593407631,1823.956798
257.0,-17.38,18.08,0.6999999999999993,4.949747468,0.22,1.0,20.7,0.36,232.0,50.0,58.0,41.6,7.38,490.15,0.23,36.0,3.175,1.0,100.0,50.0,0.0,3.0,0.5,159.29999681600003,0.5701503200771978,0,120.09999760000004,1.1999999760000006,50.0,-6191.191868073049,3.0,0.5,2.285713824276697,0.07071067186231,8.490365793239568e-05,100.0,7.365633161359688,1579.715958
257.0,-17.38,18.08,0.6999999999999993,4.949747468,0.22,1.0,20.7,0.36,232.0,50.0,58.0,41.6,7.38,490.15,0.23,36.0,3.175,1.0,100.0,50.0,0.0,3.0,0.5,50.09999916666668,0.3335552574367479,0,100.09999833333336,0.9999999833333336,60.0,-6191.191868073049,3.0,0.5,2.285713824276697,0.07071067186231,8.490365793239568e-05,100.0,7.635004265532197,2068.379878
257.0,-17.38,18.08,0.6999999999999993,4.949747468,0.22,1.0,20.7,0.36,232.0,50.0,58.0,41.6,7.38,490.15,0.23,36.0,3.175,1.0,100.0,50.0,0.0,3.0,0.5,50.099999375,0.4001597412147751,0,75.09999906250002,0.7499999906250001,80.0,-6191.191868073049,3.0,0.5,2.285713824276697,0.07071067186231,8.490365793239568e-05,100.0,7.555586439813144,1910.390831
257.0,-17.38,18.08,0.6999999999999993,4.949747468,0.22,1.0,20.7,0.36,232.0,50.0,58.0,41.6,7.38,490.15,0.23,36.0,3.175,1.0,100.0,50.0,0.0,3.0,0.5,59.22499926093751,0.4409082416470462,0,75.09999906250002,0.7499999906250001,80.0,-6191.191868073049,3.0,0.5,2.285713824276697,0.07071067186231,8.490365793239568e-05,100.0,7.509311593407631,1823.956798
257.0,-17.38,18.08,0.6999999999999993,4.949747468,0.22,1.0,20.7,0.36,232.0,50.0,58.0,41.6,7.38,490.15,0.23,36.0,3.175,1.0,100.0,50.0,0.0,3.0,0.5,77.87777691358025,0.5384083539357478,0,66.76666592592593,0.6666666592592594,90.0,-6191.191868073049,3.0,0.5,2.285713824276697,0.07071067186231,8.490365793239568e-05,100.0,7.401108005290669,1636.798114
257.0,-17.38,18.08,0.6999999999999993,4.949747468,0.22,1.0,20.7,0.36,232.0,50.0,58.0,41.6,7.38,490.15,0.23,36.0,3.175,1.0,100.0,50.0,0.0,3.0,0.5,70.09999930000001,0.5384024536215111,0,60.0999994,0.599999994,100.0,-6191.191868073049,3.0,0.5,2.285713824276697,0.07071067186231,8.490365793239568e-05,100.0,7.401108005290669,1636.798114
257.0,-17.38,18.08,0.6999999999999993,4.949747468,0.22,1.0,20.7,0.36,232.0,50.0,58.0,41.6,7.38,490.15,0.23,36.0,3.175,1.0,100.0,50.0,0.0,3.0,0.5,50.09999958333333,0.49999999500998,0,50.09999958333333,0.4999999958333334,120.0,-6191.191868073049,3.0,0.5,2.285713824276697,0.07071067186231,8.490365793239568e-05,100.0,7.443658972162423,1707.991949
257.0,-17.38,18.08,0.6999999999999993,4.949747468,0.22,1.0,20.7,0.36,232.0,50.0,58.0,41.6,7.38,490.15,0.23,36.0,3.175,1.0,100.0,50.0,0.0,3.0,0.5,50.09999964285714,0.5383788704804484,0,42.95714255102041,0.4285714255102041,140.0,-6191.191868073049,3.0,0.5,2.285713824276697,0.07071067186231,8.490365793239568e-05,100.0,7.401108005290669,1636.798114
257.0,-17.38,18.08,0.6999999999999993,4.949747468,0.22,1.0,20.7,0.36,232.0,50.0,58.0,41.6,7.38,490.15,0.23,36.0,3.175,1.0,100.0,50.0,0.0,3.0,0.5,50.09999979166666,0.6662233953941235,0,25.09999989583333,0.2499999989583333,240.0,-6191.191868073049,3.0,0.5,2.285713824276697,0.07071067186231,8.490365793239568e-05,100.0,7.252335178782489,1410.396867
257.0,-17.38,18.08,0.6999999999999993,4.949747468,0.22,1.0,20.7,0.36,232.0,50.0,58.0,41.6,7.38,490.15,0.23,36.0,3.175,1.0,100.0,50.0,0.0,3.0,0.5,43.15555549575617,0.8365280906103939,0,8.433333321759259,0.0833333332175925,720.0,-6191.191868073049,3.0,0.5,2.285713824276697,0.07071067186231,8.490365793239568e-05,100.0,6.990411451655917,1085.16829
257.0,-17.38,18.08,0.6999999999999993,4.949747468,0.22,1.0,20.7,0.36,232.0,50.0,58.0,41.6,7.38,490.15,0.23,36.0,3.175,1.0,100.0,50.0,0.0,3.0,0.5,0.1,0.0006990213818156,1,142.9571394557824,,,-6191.191868073049,3.0,0.5,2.285713824276697,0.07071067186231,8.490365793239568e-05,100.0,7.911999343299887,2728.842907
257.0,-17.38,18.08,0.6999999999999993,4.949747468,0.22,1.0,20.7,0.36,232.0,50.0,58.0,41.6,7.38,490.15,0.23,36.0,3.175,1.0,100.0,50.0,0.0,3.0,0.5,0.1,0.0006990213818156,1,142.9571394557824,,,-6191.191868073049,3.0,0.5,2.285713824276697,0.07071067186231,8.490365793239568e-05,100.0,7.6259521127761,2049.732064
257.0,-17.38,18.08,0.6999999999999993,4.949747468,0.22,1.0,20.7,0.36,232.0,50.0,58.0,41.6,7.38,490.15,0.23,36.0,3.175,1.0,100.0,50.0,0.0,3.0,0.5,0.1,0.0006990213818156,1,142.9571394557824,,,-6191.191868073049,3.0,0.5,2.285713824276697,0.07071067186231,8.490365793239568e-05,100.0,7.439096256582631,1700.212067
257.0,-17.38,18.08,0.6999999999999993,4.949747468,0.22,1.0,20.7,0.36,232.0,50.0,58.0,41.6,7.38,490.15,0.23,36.0,3.175,1.0,100.0,37.5,-25.0,3.0,0.5,112.09999720000006,0.3740095074698029,0,187.6249953125001,1.4999999625000011,40.0,-7738.98983509131,3.0,0.5,2.285713824276697,0.07071067186231,8.490365793239568e-05,125.0,7.206167421528248,1346.717125
257.0,-17.38,18.08,0.6999999999999993,4.949747468,0.22,1.0,20.7,0.36,232.0,50.0,58.0,41.6,7.38,490.15,0.23,36.0,3.175,1.0,75.0,37.5,0.0,3.0,0.5,84.07499790000004,0.4275362297113425,0,112.57499718750007,1.4999999625000011,40.0,-4643.3939010547865,3.0,0.5,2.285713824276697,0.07071067186231,8.490365793239568e-05,75.0,8.439461018018036,4625.060949
257.0,-17.38,18.08,0.6999999999999993,4.949747468,0.22,1.0,20.7,0.36,232.0,50.0,58.0,41.6,7.38,490.15,0.23,36.0,3.175,1.0,60.0,30.0,0.0,3.0,0.5,24.059999400000017,0.2108307026817105,0,90.05999775000006,1.4999999625000011,40.0,-3714.715120843829,3.0,0.5,2.285713824276697,0.07071067186231,8.490365793239568e-05,60.0,9.381477553672488,11865.53525
257.0,-17.38,18.08,0.6999999999999993,4.949747468,0.22,1.0,20.7,0.36,232.0,50.0,58.0,41.6,7.38,490.15,0.23,36.0,3.175,1.0,100.0,30.0,-40.0,3.0,0.5,40.099999000000025,0.1602461630486427,0,210.1399947500001,1.4999999625000011,40.0,-8667.668615302267,3.0,0.5,2.285713824276697,0.07071067186231,8.490365793239568e-05,140.0,7.328787915209889,1522.534
257.0,-17.38,18.08,0.6999999999999993,4.949747468,0.22,1.0,20.7,0.36,232.0,50.0,58.0,41.6,7.38,490.15,0.23,36.0,3.175,1.0,125.0,50.0,-25.0,3.0,0.5,78.24999804687506,0.2579103485281527,0,225.14999437500012,1.4999999625000011,40.0,-9286.787802109571,3.0,0.5,2.285713824276697,0.07071067186231,8.490365793239568e-05,150.0,6.666067801847074,784.3015639
257.0,-17.38,18.08,0.6999999999999993,4.949747468,0.22,1.0,20.7,0.36,232.0,50.0,58.0,41.6,7.38,490.15,0.23,36.0,3.175,1.0,60.0,10.0,-40.0,3.0,0.5,30.05999900000003,0.1306047961014018,0,200.0999933333336,1.999999933333336,30.0,-6191.191868073049,3.0,0.5,2.285713824276697,0.07071067186231,8.490365793239568e-05,100.0,8.670646547255341,5828.267028
257.0,-17.38,18.08,0.6999999999999993,4.949747468,0.22,1.0,20.7,0.36,232.0,50.0,58.0,41.6,7.38,490.15,0.23,36.0,3.175,1.0,125.0,42.5,-40.0,3.0,0.5,62.62499895833334,0.27492427115251,0,165.16499725000006,0.9999999833333336,60.0,-10215.46658232053,3.0,0.5,2.285713824276697,0.07071067186231,8.490365793239568e-05,165.0,6.292413837885401,539.4563298
257.0,-17.38,18.08,0.6999999999999993,4.949747468,0.22,1.0,20.7,0.36,232.0,50.0,58.0,41.6,7.38,490.15,0.23,36.0,3.175,1.0,125.0,42.5,-40.0,3.0,0.5,62.6249985119048,0.2097959821309678,0,235.87928010204092,1.428571394557824,42.0,-10215.46658232053,3.0,0.5,2.285713824276697,0.07071067186231,8.490365793239568e-05,165.0,6.390753854489672,595.3059382
257.0,-17.38,18.08,0.6999999999999993,4.949747468,0.22,1.0,20.7,0.36,232.0,50.0,58.0,41.6,7.38,490.15,0.23,36.0,3.175,1.0,125.0,42.5,-40.0,3.0,0.5,62.62499973958332,0.6019319434627216,0,41.414999828125,0.2499999989583333,240.0,-10215.46658232053,3.0,0.5,2.285713824276697,0.07071067186231,8.490365793239568e-05,165.0,5.910382165473225,367.8470891
257.0,-17.38,18.08,0.6999999999999993,4.949747468,0.22,1.0,20.7,0.36,232.0,50.0,58.0,41.6,7.38,490.15,0.23,36.0,3.175,1.0,125.0,35.0,-55.0,3.0,0.5,62.62499791666673,0.1481179263597707,0,360.17998800000044,1.999999933333336,30.0,-11144.145362531486,3.0,0.5,2.285713824276697,0.07071067186231,8.490365793239568e-05,180.0,6.359610195694204,577.0209974
257.0,-17.38,18.08,0.6999999999999993,4.949747468,0.22,1.0,20.7,0.36,232.0,50.0,58.0,41.6,7.38,490.15,0.23,36.0,3.175,1.0,100.0,50.0,0.0,3.0,0.5,50.09999833333338,0.2002398073611453,0,200.0999933333336,1.999999933333336,30.0,-6191.191868073049,3.0,0.5,2.285713824276697,0.07071067186231,8.490365793239568e-05,100.0,7.638544766128397,2075.719504
257.0,-17.38,18.08,0.6999999999999993,4.949747468,0.22,1.0,20.7,0.36,232.0,50.0,58.0,41.6,7.38,490.15,0.23,36.0,3.175,1.0,100.0,50.0,0.0,3.0,0.5,128.933329038889,0.3918549273899281,0,200.0999933333336,1.999999933333336,30.0,-6191.191868073049,3.0,0.5,2.285713824276697,0.07071067186231,8.490365793239568e-05,100.0,7.377266271277214,1598.211975
257.0,-17.38,18.08,0.6999999999999993,4.949747468,0.22,1.0,20.7,0.36,232.0,50.0,58.0,41.6,7.38,490.15,0.23,36.0,3.175,1.0,100.0,50.0,0.0,3.0,0.5,50.09999875000003,0.250249749005989,0,150.0999962500001,1.4999999625000011,40.0,-6191.191868073049,3.0,0.5,2.285713824276697,0.07071067186231,8.490365793239568e-05,100.0,7.559126798968546,1917.169834
257.0,-17.38,18.08,0.6999999999999993,4.949747468,0.22,1.0,20.7,0.36,232.0,50.0,58.0,41.6,7.38,490.15,0.23,36.0,3.175,1.0,100.0,50.0,0.0,3.0,0.5,118.34999704375008,0.4408642188840806,0,150.0999962500001,1.4999999625000011,40.0,-6191.191868073049,3.0,0.5,2.285713824276697,0.07071067186231,8.490365793239568e-05,100.0,7.321519818665129,1511.500951
257.0,-17.38,18.08,0.6999999999999993,4.949747468,0.22,1.0,20.7,0.36,232.0,50.0,58.0,41.6,7.38,490.15,0.23,36.0,3.175,1.0,100.0,50.0,0.0,3.0,0.5,159.29999681600003,0.5701503200771978,0,120.09999760000004,1.1999999760000006,50.0,-6191.191868073049,3.0,0.5,2.285713824276697,0.07071067186231,8.490365793239568e-05,100.0,7.177858886553707,1309.10018
257.0,-17.38,18.08,0.6999999999999993,4.949747468,0.22,1.0,20.7,0.36,232.0,50.0,58.0,41.6,7.38,490.15,0.23,36.0,3.175,1.0,100.0,50.0,0.0,3.0,0.5,50.09999916666668,0.3335552574367479,0,100.09999833333336,0.9999999833333336,60.0,-6191.191868073049,3.0,0.5,2.285713824276697,0.07071067186231,8.490365793239568e-05,100.0,7.447199112479935,1714.052742
257.0,-17.38,18.08,0.6999999999999993,4.949747468,0.22,1.0,20.7,0.36,232.0,50.0,58.0,41.6,7.38,490.15,0.23,36.0,3.175,1.0,100.0,50.0,0.0,3.0,0.5,50.099999375,0.4001597412147751,0,75.09999906250002,0.7499999906250001,80.0,-6191.191868073049,3.0,0.5,2.285713824276697,0.07071067186231,8.490365793239568e-05,100.0,7.3677895432123055,1583.128263
257.0,-17.38,18.08,0.6999999999999993,4.949747468,0.22,1.0,20.7,0.36,232.0,50.0,58.0,41.6,7.38,490.15,0.23,36.0,3.175,1.0,100.0,50.0,0.0,3.0,0.5,59.22499926093751,0.4409082416470462,0,75.09999906250002,0.7499999906250001,80.0,-6191.191868073049,3.0,0.5,2.285713824276697,0.07071067186231,8.490365793239568e-05,100.0,7.321519818665129,1511.500951
257.0,-17.38,18.08,0.6999999999999993,4.949747468,0.22,1.0,20.7,0.36,232.0,50.0,58.0,41.6,7.38,490.15,0.23,36.0,3.175,1.0,100.0,50.0,0.0,3.0,0.5,77.87777691358025,0.5384083539357478,0,66.76666592592593,0.6666666592592594,90.0,-6191.191868073049,3.0,0.5,2.285713824276697,0.07071067186231,8.490365793239568e-05,100.0,7.213329172684807,1356.403785
257.0,-17.38,18.08,0.6999999999999993,4.949747468,0.22,1.0,20.7,0.36,232.0,50.0,58.0,41.6,7.38,490.15,0.23,36.0,3.175,1.0,100.0,50.0,0.0,3.0,0.5,70.09999930000001,0.5384024536215111,0,60.0999994,0.599999994,100.0,-6191.191868073049,3.0,0.5,2.285713824276697,0.07071067186231,8.490365793239568e-05,100.0,7.213329172684807,1356.403785
257.0,-17.38,18.08,0.6999999999999993,4.949747468,0.22,1.0,20.7,0.36,232.0,50.0,58.0,41.6,7.38,490.15,0.23,36.0,3.175,1.0,100.0,50.0,0.0,3.0,0.5,50.09999958333333,0.49999999500998,0,50.09999958333333,0.4999999958333334,120.0,-6191.191868073049,3.0,0.5,2.285713824276697,0.07071067186231,8.490365793239568e-05,100.0,7.2558748823381745,1415.401646
257.0,-17.38,18.08,0.6999999999999993,4.949747468,0.22,1.0,20.7,0.36,232.0,50.0,58.0,41.6,7.38,490.15,0.23,36.0,3.175,1.0,100.0,50.0,0.0,3.0,0.5,50.09999964285714,0.5383788704804484,0,42.95714255102041,0.4285714255102041,140.0,-6191.191868073049,3.0,0.5,2.285713824276697,0.07071067186231,8.490365793239568e-05,100.0,7.213329172684807,1356.403785
257.0,-17.38,18.08,0.6999999999999993,4.949747468,0.22,1.0,20.7,0.36,232.0,50.0,58.0,41.6,7.38,490.15,0.23,36.0,3.175,1.0,100.0,50.0,0.0,3.0,0.5,50.09999979166666,0.6662233953941235,0,25.09999989583333,0.2499999989583333,240.0,-6191.191868073049,3.0,0.5,2.285713824276697,0.07071067186231,8.490365793239568e-05,100.0,7.064576589783479,1168.786567
257.0,-17.38,18.08,0.6999999999999993,4.949747468,0.22,1.0,20.7,0.36,232.0,50.0,58.0,41.6,7.38,490.15,0.23,36.0,3.175,1.0,100.0,50.0,0.0,3.0,0.5,43.15555549575617,0.8365280906103939,0,8.433333321759259,0.0833333332175925,720.0,-6191.191868073049,3.0,0.5,2.285713824276697,0.07071067186231,8.490365793239568e-05,100.0,6.8026967112889904,899.2717942
257.0,-17.38,18.08,0.6999999999999993,4.949747468,0.22,1.0,20.7,0.36,232.0,50.0,58.0,41.6,7.38,490.15,0.23,36.0,3.175,1.0,100.0,50.0,0.0,3.0,0.5,0.1,0.0006990213818156,1,142.9571394557824,,,-6191.191868073049,3.0,0.5,2.285713824276697,0.07071067186231,8.490365793239568e-05,100.0,7.7241700236388,2261.374091
257.0,-17.38,18.08,0.6999999999999993,4.949747468,0.22,1.0,20.7,0.36,232.0,50.0,58.0,41.6,7.38,490.15,0.23,36.0,3.175,1.0,100.0,50.0,0.0,3.0,0.5,0.1,0.0006990213818156,1,142.9571394557824,,,-6191.191868073049,3.0,0.5,2.285713824276697,0.07071067186231,8.490365793239568e-05,100.0,7.43814786816058,1698.599422
257.0,-17.38,18.08,0.6999999999999993,4.949747468,0.22,1.0,20.7,0.36,232.0,50.0,58.0,41.6,7.38,490.15,0.23,36.0,3.175,1.0,100.0,50.0,0.0,3.0,0.5,0.1,0.0006990213818156,1,142.9571394557824,,,-6191.191868073049,3.0,0.5,2.285713824276697,0.07071067186231,8.490365793239568e-05,100.0,7.251312719731181,1408.954509
257.0,-17.38,18.08,0.6999999999999993,4.949747468,0.22,1.0,20.7,0.36,232.0,50.0,58.0,41.6,7.38,490.15,0.23,36.0,3.175,1.0,100.0,37.5,-25.0,3.0,0.5,112.09999720000006,0.3740095074698029,0,187.6249953125001,1.4999999625000011,40.0,-7738.98983509131,3.0,0.5,2.285713824276697,0.07071067186231,8.490365793239568e-05,125.0,7.018415752418584,1116.015586
257.0,-17.38,18.08,0.6999999999999993,4.949747468,0.22,1.0,20.7,0.36,232.0,50.0,58.0,41.6,7.38,490.15,0.23,36.0,3.175,1.0,75.0,37.5,0.0,3.0,0.5,84.07499790000004,0.4275362297113425,0,112.57499718750007,1.4999999625000011,40.0,-4643.3939010547865,3.0,0.5,2.285713824276697,0.07071067186231,8.490365793239568e-05,75.0,8.251600660780335,3832.757458
257.0,-17.38,18.08,0.6999999999999993,4.949747468,0.22,1.0,20.7,0.36,232.0,50.0,58.0,41.6,7.38,490.15,0.23,36.0,3.175,1.0,60.0,30.0,0.0,3.0,0.5,24.059999400000017,0.2108307026817105,0,90.05999775000006,1.4999999625000011,40.0,-3714.715120843829,3.0,0.5,2.285713824276697,0.07071067186231,8.490365793239568e-05,60.0,9.19358993188407,9832.890685
257.0,-17.38,18.08,0.6999999999999993,4.949747468,0.22,1.0,20.7,0.36,232.0,50.0,58.0,41.6,7.38,490.15,0.23,36.0,3.175,1.0,100.0,30.0,-40.0,3.0,0.5,40.099999000000025,0.1602461630486427,0,210.1399947500001,1.4999999625000011,40.0,-8667.668615302267,3.0,0.5,2.285713824276697,0.07071067186231,8.490365793239568e-05,140.0,7.141018547990872,1261.713869
257.0,-17.38,18.08,0.6999999999999993,4.949747468,0.22,1.0,20.7,0.36,232.0,50.0,58.0,41.6,7.38,490.15,0.23,36.0,3.175,1.0,125.0,50.0,-25.0,3.0,0.5,78.24999804687506,0.2579103485281527,0,225.14999437500012,1.4999999625000011,40.0,-9286.787802109571,3.0,0.5,2.285713824276697,0.07071067186231,8.490365793239568e-05,150.0,6.478425960212705,649.9455253
257.0,-17.38,18.08,0.6999999999999993,4.949747468,0.22,1.0,20.7,0.36,232.0,50.0,58.0,41.6,7.38,490.15,0.23,36.0,3.175,1.0,60.0,10.0,-40.0,3.0,0.5,30.05999900000003,0.1306047961014018,0,200.0999933333336,1.999999933333336,30.0,-6191.191868073049,3.0,0.5,2.285713824276697,0.07071067186231,8.490365793239568e-05,100.0,8.482776966698415,4829.846387
257.0,-17.38,18.08,0.6999999999999993,4.949747468,0.22,1.0,20.7,0.36,232.0,50.0,58.0,41.6,7.38,490.15,0.23,36.0,3.175,1.0,125.0,42.5,-40.0,3.0,0.5,62.62499895833334,0.27492427115251,0,165.16499725000006,0.9999999833333336,60.0,-10215.46658232053,3.0,0.5,2.285713824276697,0.07071067186231,8.490365793239568e-05,165.0,6.681095524439529,796.1919771
257.0,-17.38,18.08,0.6999999999999993,4.949747468,0.22,1.0,20.7,0.36,232.0,50.0,58.0,41.6,7.38,490.15,0.23,36.0,3.175,1.0,125.0,42.5,-40.0,3.0,0.5,62.6249985119048,0.2097959821309678,0,235.87928010204092,1.428571394557824,42.0,-10215.46658232053,3.0,0.5,2.285713824276697,0.07071067186231,8.490365793239568e-05,165.0,6.77949145313553,878.6212817
257.0,-17.38,18.08,0.6999999999999993,4.949747468,0.22,1.0,20.7,0.36,232.0,50.0,58.0,41.6,7.38,490.15,0.23,36.0,3.175,1.0,125.0,42.5,-40.0,3.0,0.5,62.62499973958332,0.6019319434627216,0,41.414999828125,0.2499999989583333,240.0,-10215.46658232053,3.0,0.5,2.285713824276697,0.07071067186231,8.490365793239568e-05,165.0,6.298786058909161,542.911233
257.0,-17.38,18.08,0.6999999999999993,4.949747468,0.22,1.0,20.7,0.36,232.0,50.0,58.0,41.6,7.38,490.15,0.23,36.0,3.175,1.0,125.0,35.0,-55.0,3.0,0.5,62.62499791666673,0.1481179263597707,0,360.17998800000044,1.999999933333336,30.0,-11144.145362531486,3.0,0.5,2.285713824276697,0.07071067186231,8.490365793239568e-05,180.0,6.7483306789873865,851.6342536
257.0,-17.38,18.08,0.6999999999999993,4.949747468,0.22,1.0,20.7,0.36,232.0,50.0,58.0,41.6,7.38,490.15,0.23,36.0,3.175,1.0,100.0,50.0,0.0,3.0,0.5,50.09999833333338,0.2002398073611453,0,200.0999933333336,1.999999933333336,30.0,-6191.191868073049,3.0,0.5,2.285713824276697,0.07071067186231,8.490365793239568e-05,100.0,8.027667981201104,3063.58666
257.0,-17.38,18.08,0.6999999999999993,4.949747468,0.22,1.0,20.7,0.36,232.0,50.0,58.0,41.6,7.38,490.15,0.23,36.0,3.175,1.0,100.0,50.0,0.0,3.0,0.5,128.933329038889,0.3918549273899281,0,200.0999933333336,1.999999933333336,30.0,-6191.191868073049,3.0,0.5,2.285713824276697,0.07071067186231,8.490365793239568e-05,100.0,7.7663431156367855,2358.82588
257.0,-17.38,18.08,0.6999999999999993,4.949747468,0.22,1.0,20.7,0.36,232.0,50.0,58.0,41.6,7.38,490.15,0.23,36.0,3.175,1.0,100.0,50.0,0.0,3.0,0.5,50.09999875000003,0.250249749005989,0,150.0999962500001,1.4999999625000011,40.0,-6191.191868073049,3.0,0.5,2.285713824276697,0.07071067186231,8.490365793239568e-05,100.0,7.948237178065468,2829.58074
257.0,-17.38,18.08,0.6999999999999993,4.949747468,0.22,1.0,20.7,0.36,232.0,50.0,58.0,41.6,7.38,490.15,0.23,36.0,3.175,1.0,100.0,50.0,0.0,3.0,0.5,118.34999704375008,0.4408642188840806,0,150.0999962500001,1.4999999625000011,40.0,-6191.191868073049,3.0,0.5,2.285713824276697,0.07071067186231,8.490365793239568e-05,100.0,7.710585101192033,2230.847733
257.0,-17.38,18.08,0.6999999999999993,4.949747468,0.22,1.0,20.7,0.36,232.0,50.0,58.0,41.6,7.38,490.15,0.23,36.0,3.175,1.0,100.0,50.0,0.0,3.0,0.5,159.29999681600003,0.5701503200771978,0,120.09999760000004,1.1999999760000006,50.0,-6191.191868073049,3.0,0.5,2.285713824276697,0.07071067186231,8.490365793239568e-05,100.0,7.566891224782466,1932.121291
257.0,-17.38,18.08,0.6999999999999993,4.949747468,0.22,1.0,20.7,0.36,232.0,50.0,58.0,41.6,7.38,490.15,0.23,36.0,3.175,1.0,100.0,50.0,0.0,3.0,0.5,50.09999916666668,0.3335552574367479,0,100.09999833333336,0.9999999833333336,60.0,-6191.191868073049,3.0,0.5,2.285713824276697,0.07071067186231,8.490365793239568e-05,100.0,7.836289578745109,2529.797068
257.0,-17.38,18.08,0.6999999999999993,4.949747468,0.22,1.0,20.7,0.36,232.0,50.0,58.0,41.6,7.38,490.15,0.23,36.0,3.175,1.0,100.0,50.0,0.0,3.0,0.5,50.099999375,0.4001597412147751,0,75.09999906250002,0.7499999906250001,80.0,-6191.191868073049,3.0,0.5,2.285713824276697,0.07071067186231,8.490365793239568e-05,100.0,7.756864467209866,2336.563595
257.0,-17.38,18.08,0.6999999999999993,4.949747468,0.22,1.0,20.7,0.36,232.0,50.0,58.0,41.6,7.38,490.15,0.23,36.0,3.175,1.0,100.0,50.0,0.0,3.0,0.5,59.22499926093751,0.4409082416470462,0,75.09999906250002,0.7499999906250001,80.0,-6191.191868073049,3.0,0.5,2.285713824276697,0.07071067186231,8.490365793239568e-05,100.0,7.710585101192033,2230.847733
257.0,-17.38,18.08,0.6999999999999993,4.949747468,0.22,1.0,20.7,0.36,232.0,50.0,58.0,41.6,7.38,490.15,0.23,36.0,3.175,1.0,100.0,50.0,0.0,3.0,0.5,77.87777691358025,0.5384083539357478,0,66.76666592592593,0.6666666592592594,90.0,-6191.191868073049,3.0,0.5,2.285713824276697,0.07071067186231,8.490365793239568e-05,100.0,7.602370090544644,2001.937417
257.0,-17.38,18.08,0.6999999999999993,4.949747468,0.22,1.0,20.7,0.36,232.0,50.0,58.0,41.6,7.38,490.15,0.23,36.0,3.175,1.0,100.0,50.0,0.0,3.0,0.5,70.09999930000001,0.5384024536215111,0,60.0999994,0.599999994,100.0,-6191.191868073049,3.0,0.5,2.285713824276697,0.07071067186231,8.490365793239568e-05,100.0,7.602370090544644,2001.937417
257.0,-17.38,18.08,0.6999999999999993,4.949747468,0.22,1.0,20.7,0.36,232.0,50.0,58.0,41.6,7.38,490.15,0.23,36.0,3.175,1.0,100.0,50.0,0.0,3.0,0.5,50.09999958333333,0.49999999500998,0,50.09999958333333,0.4999999958333334,120.0,-6191.191868073049,3.0,0.5,2.285713824276697,0.07071067186231,8.490365793239568e-05,100.0,7.644925697570257,2089.013277
257.0,-17.38,18.08,0.6999999999999993,4.949747468,0.22,1.0,20.7,0.36,232.0,50.0,58.0,41.6,7.38,490.15,0.23,36.0,3.175,1.0,100.0,50.0,0.0,3.0,0.5,50.09999964285714,0.5383788704804484,0,42.95714255102041,0.4285714255102041,140.0,-6191.191868073049,3.0,0.5,2.285713824276697,0.07071067186231,8.490365793239568e-05,100.0,7.602370090544644,2001.937417
257.0,-17.38,18.08,0.6999999999999993,4.949747468,0.22,1.0,20.7,0.36,232.0,50.0,58.0,41.6,7.38,490.15,0.23,36.0,3.175,1.0,100.0,50.0,0.0,3.0,0.5,50.09999979166666,0.6662233953941235,0,25.09999989583333,0.2499999989583333,240.0,-6191.191868073049,3.0,0.5,2.285713824276697,0.07071067186231,8.490365793239568e-05,100.0,7.453579397561636,1725.03025
257.0,-17.38,18.08,0.6999999999999993,4.949747468,0.22,1.0,20.7,0.36,232.0,50.0,58.0,41.6,7.38,490.15,0.23,36.0,3.175,1.0,100.0,50.0,0.0,3.0,0.5,43.15555549575617,0.8365280906103939,0,8.433333321759259,0.0833333332175925,720.0,-6191.191868073049,3.0,0.5,2.285713824276697,0.07071067186231,8.490365793239568e-05,100.0,7.191616970563324,1327.24921
257.0,-17.38,18.08,0.6999999999999993,4.949747468,0.22,1.0,20.7,0.36,232.0,50.0,58.0,41.6,7.38,490.15,0.23,36.0,3.175,1.0,100.0,50.0,0.0,3.0,0.5,0.1,0.0006990213818156,1,142.9571394557824,,,-6191.191868073049,3.0,0.5,2.285713824276697,0.07071067186231,8.490365793239568e-05,100.0,8.113305982769692,3337.59715
257.0,-17.38,18.08,0.6999999999999993,4.949747468,0.22,1.0,20.7,0.36,232.0,50.0,58.0,41.6,7.38,490.15,0.23,36.0,3.175,1.0,100.0,50.0,0.0,3.0,0.5,0.1,0.0006990213818156,1,142.9571394557824,,,-6191.191868073049,3.0,0.5,2.285713824276697,0.07071067186231,8.490365793239568e-05,100.0,7.827236624630427,2506.989273
257.0,-17.38,18.08,0.6999999999999993,4.949747468,0.22,1.0,20.7,0.36,232.0,50.0,58.0,41.6,7.38,490.15,0.23,36.0,3.175,1.0,100.0,50.0,0.0,3.0,0.5,0.1,0.0006990213818156,1,142.9571394557824,,,-6191.191868073049,3.0,0.5,2.285713824276697,0.07071067186231,8.490365793239568e-05,100.0,7.640362493575068,2079.497847
257.0,-17.38,18.08,0.6999999999999993,4.949747468,0.22,1.0,20.7,0.36,232.0,50.0,58.0,41.6,7.38,490.15,0.23,36.0,3.175,1.0,100.0,37.5,-25.0,3.0,0.5,112.09999720000006,0.3740095074698029,0,187.6249953125001,1.4999999625000011,40.0,-7738.98983509131,3.0,0.5,2.285713824276697,0.07071067186231,8.490365793239568e-05,125.0,7.407405533675953,1647.144739
257.0,-17.38,18.08,0.6999999999999993,4.949747468,0.22,1.0,20.7,0.36,232.0,50.0,58.0,41.6,7.38,490.15,0.23,36.0,3.175,1.0,75.0,37.5,0.0,3.0,0.5,84.07499790000004,0.4275362297113425,0,112.57499718750007,1.4999999625000011,40.0,-4643.3939010547865,3.0,0.5,2.285713824276697,0.07071067186231,8.490365793239568e-05,75.0,8.640795046193915,5656.82627
257.0,-17.38,18.08,0.6999999999999993,4.949747468,0.22,1.0,20.7,0.36,232.0,50.0,58.0,41.6,7.38,490.15,0.23,36.0,3.175,1.0,60.0,30.0,0.0,3.0,0.5,24.059999400000017,0.2108307026817105,0,90.05999775000006,1.4999999625000011,40.0,-3714.715120843829,3.0,0.5,2.285713824276697,0.07071067186231,8.490365793239568e-05,60.0,9.582835639748064,14512.51611
257.0,-17.38,18.08,0.6999999999999993,4.949747468,0.22,1.0,20.7,0.36,232.0,50.0,58.0,41.6,7.38,490.15,0.23,36.0,3.175,1.0,100.0,30.0,-40.0,3.0,0.5,40.099999000000025,0.1602461630486427,0,210.1399947500001,1.4999999625000011,40.0,-8667.668615302267,3.0,0.5,2.285713824276697,0.07071067186231,8.490365793239568e-05,140.0,7.530041647575791,1862.183099
257.0,-17.38,18.08,0.6999999999999993,4.949747468,0.22,1.0,20.7,0.36,232.0,50.0,58.0,41.6,7.38,490.15,0.23,36.0,3.175,1.0,125.0,50.0,-25.0,3.0,0.5,78.24999804687506,0.2579103485281527,0,225.14999437500012,1.4999999625000011,40.0,-9286.787802109571,3.0,0.5,2.285713824276697,0.07071067186231,8.490365793239568e-05,150.0,6.867208972706385,959.2646972
257.0,-17.38,18.08,0.6999999999999993,4.949747468,0.22,1.0,20.7,0.36,232.0,50.0,58.0,41.6,7.38,490.15,0.23,36.0,3.175,1.0,60.0,10.0,-40.0,3.0,0.5,30.05999900000003,0.1306047961014018,0,200.0999933333336,1.999999933333336,30.0,-6191.191868073049,3.0,0.5,2.285713824276697,0.07071067186231,8.490365793239568e-05,100.0,8.871988713748085,7128.44531
257.0,-17.38,18.08,0.6999999999999993,4.949747468,0.22,1.0,20.7,0.36,232.0,50.0,58.0,41.6,7.38,490.15,0.23,36.0,3.175,1.0,125.0,42.5,-40.0,3.0,0.5,62.62499895833334,0.27492427115251,0,165.16499725000006,0.9999999833333336,60.0,-10215.46658232053,3.0,0.5,2.285713824276697,0.07071067186231,8.490365793239568e-05,165.0,6.0905039180093805,440.6439074
257.0,-17.38,18.08,0.6999999999999993,4.949747468,0.22,1.0,20.7,0.36,232.0,50.0,58.0,41.6,7.38,490.15,0.23,36.0,3.175,1.0,125.0,42.5,-40.0,3.0,0.5,62.6249985119048,0.2097959821309678,0,235.87928010204092,1.428571394557824,42.0,-10215.46658232053,3.0,0.5,2.285713824276697,0.07071067186231,8.490365793239568e-05,165.0,6.188805089054438,486.2635217
257.0,-17.38,18.08,0.6999999999999993,4.949747468,0.22,1.0,20.7,0.36,232.0,50.0,58.0,41.6,7.38,490.15,0.23,36.0,3.175,1.0,125.0,42.5,-40.0,3.0,0.5,62.62499973958332,0.6019319434627216,0,41.414999828125,0.2499999989583333,240.0,-10215.46658232053,3.0,0.5,2.285713824276697,0.07071067186231,8.490365793239568e-05,165.0,5.708665191767882,300.4683971
257.0,-17.38,18.08,0.6999999999999993,4.949747468,0.22,1.0,20.7,0.36,232.0,50.0,58.0,41.6,7.38,490.15,0.23,36.0,3.175,1.0,125.0,35.0,-55.0,3.0,0.5,62.62499791666673,0.1481179263597707,0,360.17998800000044,1.999999933333336,30.0,-11144.145362531486,3.0,0.5,2.285713824276697,0.07071067186231,8.490365793239568e-05,180.0,6.157673322020585,471.3278406
257.0,-17.38,18.08,0.6999999999999993,4.949747468,0.22,1.0,20.7,0.36,232.0,50.0,58.0,41.6,7.38,490.15,0.23,36.0,3.175,1.0,100.0,50.0,0.0,3.0,0.5,50.09999833333338,0.2002398073611453,0,200.0999933333336,1.999999933333336,30.0,-6191.191868073049,3.0,0.5,2.285713824276697,0.07071067186231,8.490365793239568e-05,100.0,7.43632798827688,1695.509168
257.0,-17.38,18.08,0.6999999999999993,4.949747468,0.22,1.0,20.7,0.36,232.0,50.0,58.0,41.6,7.38,490.15,0.23,36.0,3.175,1.0,100.0,50.0,0.0,3.0,0.5,128.933329038889,0.3918549273899281,0,200.0999933333336,1.999999933333336,30.0,-6191.191868073049,3.0,0.5,2.285713824276697,0.07071067186231,8.490365793239568e-05,100.0,7.175081731405437,1305.466876
257.0,-17.38,18.08,0.6999999999999993,4.949747468,0.22,1.0,20.7,0.36,232.0,50.0,58.0,41.6,7.38,490.15,0.23,36.0,3.175,1.0,100.0,50.0,0.0,3.0,0.5,50.09999875000003,0.250249749005989,0,150.0999962500001,1.4999999625000011,40.0,-6191.191868073049,3.0,0.5,2.285713824276697,0.07071067186231,8.490365793239568e-05,100.0,7.3569189456104,1566.001102
257.0,-17.38,18.08,0.6999999999999993,4.949747468,0.22,1.0,20.7,0.36,232.0,50.0,58.0,41.6,7.38,490.15,0.23,36.0,3.175,1.0,100.0,50.0,0.0,3.0,0.5,118.34999704375008,0.4408642188840806,0,150.0999962500001,1.4999999625000011,40.0,-6191.191868073049,3.0,0.5,2.285713824276697,0.07071067186231,8.490365793239568e-05,100.0,7.119343316169553,1234.638743
257.0,-17.38,18.08,0.6999999999999993,4.949747468,0.22,1.0,20.7,0.36,232.0,50.0,58.0,41.6,7.38,490.15,0.23,36.0,3.175,1.0,100.0,50.0,0.0,3.0,0.5,159.29999681600003,0.5701503200771978,0,120.09999760000004,1.1999999760000006,50.0,-6191.191868073049,3.0,0.5,2.285713824276697,0.07071067186231,8.490365793239568e-05,100.0,6.975705285941525,1069.311799
257.0,-17.38,18.08,0.6999999999999993,4.949747468,0.22,1.0,20.7,0.36,232.0,50.0,58.0,41.6,7.38,490.15,0.23,36.0,3.175,1.0,100.0,50.0,0.0,3.0,0.5,50.09999916666668,0.3335552574367479,0,100.09999833333336,0.9999999833333336,60.0,-6191.191868073049,3.0,0.5,2.285713824276697,0.07071067186231,8.490365793239568e-05,100.0,7.245005103203736,1400.089046
257.0,-17.38,18.08,0.6999999999999993,4.949747468,0.22,1.0,20.7,0.36,232.0,50.0,58.0,41.6,7.38,490.15,0.23,36.0,3.175,1.0,100.0,50.0,0.0,3.0,0.5,50.099999375,0.4001597412147751,0,75.09999906250002,0.7499999906250001,80.0,-6191.191868073049,3.0,0.5,2.285713824276697,0.07071067186231,8.490365793239568e-05,100.0,7.165606338088792,1293.146053
257.0,-17.38,18.08,0.6999999999999993,4.949747468,0.22,1.0,20.7,0.36,232.0,50.0,58.0,41.6,7.38,490.15,0.23,36.0,3.175,1.0,100.0,50.0,0.0,3.0,0.5,59.22499926093751,0.4409082416470462,0,75.09999906250002,0.7499999906250001,80.0,-6191.191868073049,3.0,0.5,2.285713824276697,0.07071067186231,8.490365793239568e-05,100.0,7.119343316169553,1234.638743
257.0,-17.38,18.08,0.6999999999999993,4.949747468,0.22,1.0,20.7,0.36,232.0,50.0,58.0,41.6,7.38,490.15,0.23,36.0,3.175,1.0,100.0,50.0,0.0,3.0,0.5,77.87777691358025,0.5384083539357478,0,66.76666592592593,0.6666666592592594,90.0,-6191.191868073049,3.0,0.5,2.285713824276697,0.07071067186231,8.490365793239568e-05,100.0,7.011169608547789,1107.950785
257.0,-17.38,18.08,0.6999999999999993,4.949747468,0.22,1.0,20.7,0.36,232.0,50.0,58.0,41.6,7.38,490.15,0.23,36.0,3.175,1.0,100.0,50.0,0.0,3.0,0.5,70.09999930000001,0.5384024536215111,0,60.0999994,0.599999994,100.0,-6191.191868073049,3.0,0.5,2.285713824276697,0.07071067186231,8.490365793239568e-05,100.0,7.011169608547789,1107.950785
257.0,-17.38,18.08,0.6999999999999993,4.949747468,0.22,1.0,20.7,0.36,232.0,50.0,58.0,41.6,7.38,490.15,0.23,36.0,3.175,1.0,100.0,50.0,0.0,3.0,0.5,50.09999958333333,0.49999999500998,0,50.09999958333333,0.4999999958333334,120.0,-6191.191868073049,3.0,0.5,2.285713824276697,0.07071067186231,8.490365793239568e-05,100.0,7.0537084379012285,1156.141985
257.0,-17.38,18.08,0.6999999999999993,4.949747468,0.22,1.0,20.7,0.36,232.0,50.0,58.0,41.6,7.38,490.15,0.23,36.0,3.175,1.0,100.0,50.0,0.0,3.0,0.5,50.09999964285714,0.5383788704804484,0,42.95714255102041,0.4285714255102041,140.0,-6191.191868073049,3.0,0.5,2.285713824276697,0.07071067186231,8.490365793239568e-05,100.0,7.011169608547789,1107.950785
257.0,-17.38,18.08,0.6999999999999993,4.949747468,0.22,1.0,20.7,0.36,232.0,50.0,58.0,41.6,7.38,490.15,0.23,36.0,3.175,1.0,100.0,50.0,0.0,3.0,0.5,50.09999979166666,0.6662233953941235,0,25.09999989583333,0.2499999989583333,240.0,-6191.191868073049,3.0,0.5,2.285713824276697,0.07071067186231,8.490365793239568e-05,100.0,6.862443516772145,954.6994844
257.0,-17.38,18.08,0.6999999999999993,4.949747468,0.22,1.0,20.7,0.36,232.0,50.0,58.0,41.6,7.38,490.15,0.23,36.0,3.175,1.0,100.0,50.0,0.0,3.0,0.5,43.15555549575617,0.8365280906103939,0,8.433333321759259,0.0833333332175925,720.0,-6191.191868073049,3.0,0.5,2.285713824276697,0.07071067186231,8.490365793239568e-05,100.0,6.600621014240656,734.5518356
257.0,-17.38,18.08,0.6999999999999993,4.949747468,0.22,1.0,20.7,0.36,232.0,50.0,58.0,41.6,7.38,490.15,0.23,36.0,3.175,1.0,100.0,50.0,0.0,3.0,0.5,0.1,0.0006990213818156,1,142.9571394557824,,,-6191.191868073049,3.0,0.5,2.285713824276697,0.07071067186231,8.490365793239568e-05,100.0,7.52194438602353,1847.157334
257.0,-17.38,18.08,0.6999999999999993,4.949747468,0.22,1.0,20.7,0.36,232.0,50.0,58.0,41.6,7.38,490.15,0.23,36.0,3.175,1.0,100.0,50.0,0.0,3.0,0.5,0.1,0.0006990213818156,1,142.9571394557824,,,-6191.191868073049,3.0,0.5,2.285713824276697,0.07071067186231,8.490365793239568e-05,100.0,7.2359550471799965,1387.466316
257.0,-17.38,18.08,0.6999999999999993,4.949747468,0.22,1.0,20.7,0.36,232.0,50.0,58.0,41.6,7.38,490.15,0.23,36.0,3.175,1.0,100.0,50.0,0.0,3.0,0.5,0.1,0.0006990213818156,1,142.9571394557824,,,-6191.191868073049,3.0,0.5,2.285713824276697,0.07071067186231,8.490365793239568e-05,100.0,7.049146999503623,1150.875773
257.0,-17.38,18.08,0.6999999999999993,4.949747468,0.22,1.0,20.7,0.36,232.0,50.0,58.0,41.6,7.38,490.15,0.23,36.0,3.175,1.0,100.0,37.5,-25.0,3.0,0.5,112.09999720000006,0.3740095074698029,0,187.6249953125001,1.4999999625000011,40.0,-7738.98983509131,3.0,0.5,2.285713824276697,0.07071067186231,8.490365793239568e-05,125.0,6.816291733564448,911.5945838
257.0,-17.38,18.08,0.6999999999999993,4.949747468,0.22,1.0,20.7,0.36,232.0,50.0,58.0,41.6,7.38,490.15,0.23,36.0,3.175,1.0,75.0,37.5,0.0,3.0,0.5,84.07499790000004,0.4275362297113425,0,112.57499718750007,1.4999999625000011,40.0,-4643.3939010547865,3.0,0.5,2.285713824276697,0.07071067186231,8.490365793239568e-05,75.0,8.049334398922781,3130.709808
257.0,-17.38,18.08,0.6999999999999993,4.949747468,0.22,1.0,20.7,0.36,232.0,50.0,58.0,41.6,7.38,490.15,0.23,36.0,3.175,1.0,60.0,30.0,0.0,3.0,0.5,24.059999400000017,0.2108307026817105,0,90.05999775000006,1.4999999625000011,40.0,-3714.715120843829,3.0,0.5,2.285713824276697,0.07071067186231,8.490365793239568e-05,60.0,8.991287982435255,8031.796336
257.0,-17.38,18.08,0.6999999999999993,4.949747468,0.22,1.0,20.7,0.36,232.0,50.0,58.0,41.6,7.38,490.15,0.23,36.0,3.175,1.0,100.0,30.0,-40.0,3.0,0.5,40.099999000000025,0.1602461630486427,0,210.1399947500001,1.4999999625000011,40.0,-8667.668615302267,3.0,0.5,2.285713824276697,0.07071067186231,8.490365793239568e-05,140.0,6.938871369961634,1030.605257
257.0,-17.38,18.08,0.6999999999999993,4.949747468,0.22,1.0,20.7,0.36,232.0,50.0,58.0,41.6,7.38,490.15,0.23,36.0,3.175,1.0,125.0,50.0,-25.0,3.0,0.5,78.24999804687506,0.2579103485281527,0,225.14999437500012,1.4999999625000011,40.0,-9286.787802109571,3.0,0.5,2.285713824276697,0.07071067186231,8.490365793239568e-05,150.0,6.276445640447534,530.8947548
257.0,-17.38,18.08,0.6999999999999993,4.949747468,0.22,1.0,20.7,0.36,232.0,50.0,58.0,41.6,7.38,490.15,0.23,36.0,3.175,1.0,60.0,10.0,-40.0,3.0,0.5,30.05999900000003,0.1306047961014018,0,200.0999933333336,1.999999933333336,30.0,-6191.191868073049,3.0,0.5,2.285713824276697,0.07071067186231,8.490365793239568e-05,100.0,8.280498632779226,3945.161577
191.0,-17.38,18.08,0.6999999999999993,4.949747468,0.22,1.0,20.7,0.36,232.0,50.0,58.0,41.6,7.38,490.15,0.23,36.0,3.175,1.0,100.0,50.0,0.0,3.0,0.5,118.34999704375008,0.4408642188840806,0,150.0999962500001,1.4999999625000011,40.0,-3482.5454256542826,3.0,0.5,1.285714026105134,0.1257078524515163,8.490365793239568e-05,100.0,6.97354301952014,1067.0
191.0,-17.38,18.08,0.6999999999999993,4.949747468,0.22,1.0,20.7,0.36,232.0,50.0,58.0,41.6,7.38,490.15,0.23,36.0,3.175,1.0,125.0,42.5,-40.0,3.0,0.5,62.62499895833334,0.27492427115251,0,165.16499725000006,0.9999999833333336,60.0,-5746.199952329565,3.0,0.5,1.285714026105134,0.1257078524515163,8.490365793239568e-05,165.0,5.664873109615732,287.5513644
191.0,-17.38,18.08,0.6999999999999993,4.949747468,0.22,1.0,20.7,0.36,232.0,50.0,58.0,41.6,7.38,490.15,0.23,36.0,3.175,1.0,125.0,42.5,-40.0,3.0,0.5,62.6249985119048,0.2097959821309678,0,235.87928010204092,1.428571394557824,42.0,-5746.199952329565,3.0,0.5,1.285714026105134,0.1257078524515163,8.490365793239568e-05,165.0,5.763061546606691,317.3213944
191.0,-17.38,18.08,0.6999999999999993,4.949747468,0.22,1.0,20.7,0.36,232.0,50.0,58.0,41.6,7.38,490.15,0.23,36.0,3.175,1.0,125.0,42.5,-40.0,3.0,0.5,62.62499973958332,0.6019319434627216,0,41.414999828125,0.2499999989583333,240.0,-5746.199952329565,3.0,0.5,1.285714026105134,0.1257078524515163,8.490365793239568e-05,165.0,5.283594078937374,196.076914
191.0,-17.38,18.08,0.6999999999999993,4.949747468,0.22,1.0,20.7,0.36,232.0,50.0,58.0,41.6,7.38,490.15,0.23,36.0,3.175,1.0,125.0,35.0,-55.0,3.0,0.5,62.62499791666673,0.1481179263597707,0,360.17998800000044,1.999999933333336,30.0,-6268.581766177707,3.0,0.5,1.285714026105134,0.1257078524515163,8.490365793239568e-05,180.0,5.731964291748239,307.5748044
191.0,-17.38,18.08,0.6999999999999993,4.949747468,0.22,1.0,20.7,0.36,232.0,50.0,58.0,41.6,7.38,490.15,0.23,36.0,3.175,1.0,100.0,50.0,0.0,3.0,0.5,50.09999833333338,0.2002398073611453,0,200.0999933333336,1.999999933333336,30.0,-3482.5454256542826,3.0,0.5,1.285714026105134,0.1257078524515163,8.490365793239568e-05,100.0,7.009806179902116,1106.43984
191.0,-17.38,18.08,0.6999999999999993,4.949747468,0.22,1.0,20.7,0.36,232.0,50.0,58.0,41.6,7.38,490.15,0.23,36.0,3.175,1.0,100.0,50.0,0.0,3.0,0.5,128.933329038889,0.3918549273899281,0,200.0999933333336,1.999999933333336,30.0,-3482.5454256542826,3.0,0.5,1.285714026105134,0.1257078524515163,8.490365793239568e-05,100.0,6.748653579978141,851.9096145
191.0,-17.38,18.08,0.6999999999999993,4.949747468,0.22,1.0,20.7,0.36,232.0,50.0,58.0,41.6,7.38,490.15,0.23,36.0,3.175,1.0,100.0,50.0,0.0,3.0,0.5,50.09999875000003,0.250249749005989,0,150.0999962500001,1.4999999625000011,40.0,-3482.5454256542826,3.0,0.5,1.285714026105134,0.1257078524515163,8.490365793239568e-05,100.0,6.930423065433992,1021.926653
191.0,-17.38,18.08,0.6999999999999993,4.949747468,0.22,1.0,20.7,0.36,232.0,50.0,58.0,41.6,7.38,490.15,0.23,36.0,3.175,1.0,100.0,50.0,0.0,3.0,0.5,118.34999704375008,0.4408642188840806,0,150.0999962500001,1.4999999625000011,40.0,-3482.5454256542826,3.0,0.5,1.285714026105134,0.1257078524515163,8.490365793239568e-05,100.0,6.692938514305947,805.6892406
191.0,-17.38,18.08,0.6999999999999993,4.949747468,0.22,1.0,20.7,0.36,232.0,50.0,58.0,41.6,7.38,490.15,0.23,36.0,3.175,1.0,100.0,50.0,0.0,3.0,0.5,159.29999681600003,0.5701503200771978,0,120.09999760000004,1.1999999760000006,50.0,-3482.5454256542826,3.0,0.5,1.285714026105134,0.1257078524515163,8.490365793239568e-05,100.0,6.549367007850539,697.8016978
191.0,-17.38,18.08,0.6999999999999993,4.949747468,0.22,1.0,20.7,0.36,232.0,50.0,58.0,41.6,7.38,490.15,0.23,36.0,3.175,1.0,100.0,50.0,0.0,3.0,0.5,50.09999916666668,0.3335552574367479,0,100.09999833333336,0.9999999833333336,60.0,-3482.5454256542826,3.0,0.5,1.285714026105134,0.1257078524515163,8.490365793239568e-05,100.0,6.818549441123584,913.6572831
191.0,-17.38,18.08,0.6999999999999993,4.949747468,0.22,1.0,20.7,0.36,232.0,50.0,58.0,41.6,7.38,490.15,0.23,36.0,3.175,1.0,100.0,50.0,0.0,3.0,0.5,50.099999375,0.4001597412147751,0,75.09999906250002,0.7499999906250001,80.0,-3482.5454256542826,3.0,0.5,1.285714026105134,0.1257078524515163,8.490365793239568e-05,100.0,6.739182064880465,843.8694048
191.0,-17.38,18.08,0.6999999999999993,4.949747468,0.22,1.0,20.7,0.36,232.0,50.0,58.0,41.6,7.38,490.15,0.23,36.0,3.175,1.0,100.0,50.0,0.0,3.0,0.5,59.22499926093751,0.4409082416470462,0,75.09999906250002,0.7499999906250001,80.0,-3482.5454256542826,3.0,0.5,1.285714026105134,0.1257078524515163,8.490365793239568e-05,100.0,6.692938514305947,805.6892406
191.0,-17.38,18.08,0.6999999999999993,4.949747468,0.22,1.0,20.7,0.36,232.0,50.0,58.0,41.6,7.38,490.15,0.23,36.0,3.175,1.0,100.0,50.0,0.0,3.0,0.5,77.87777691358025,0.5384083539357478,0,66.76666592592593,0.6666666592592594,90.0,-3482.5454256542826,3.0,0.5,1.285714026105134,0.1257078524515163,8.490365793239568e-05,100.0,6.584814007323367,723.0163734
191.0,-17.38,18.08,0.6999999999999993,4.949747468,0.22,1.0,20.7,0.36,232.0,50.0,58.0,41.6,7.38,490.15,0.23,36.0,3.175,1.0,100.0,50.0,0.0,3.0,0.5,70.09999930000001,0.5384024536215111,0,60.0999994,0.599999994,100.0,-3482.5454256542826,3.0,0.5,1.285714026105134,0.1257078524515163,8.490365793239568e-05,100.0,6.584814007323367,723.0163734
191.0,-17.38,18.08,0.6999999999999993,4.949747468,0.22,1.0,20.7,0.36,232.0,50.0,58.0,41.6,7.38,490.15,0.23,36.0,3.175,1.0,100.0,50.0,0.0,3.0,0.5,50.09999958333333,0.49999999500998,0,50.09999958333333,0.4999999958333334,120.0,-3482.5454256542826,3.0,0.5,1.285714026105134,0.1257078524515163,8.490365793239568e-05,100.0,6.627332851822723,754.4645453
191.0,-17.38,18.08,0.6999999999999993,4.949747468,0.22,1.0,20.7,0.36,232.0,50.0,58.0,41.6,7.38,490.15,0.23,36.0,3.175,1.0,100.0,50.0,0.0,3.0,0.5,50.09999964285714,0.5383788704804484,0,42.95714255102041,0.4285714255102041,140.0,-3482.5454256542826,3.0,0.5,1.285714026105134,0.1257078524515163,8.490365793239568e-05,100.0,6.584814007323367,723.0163734
191.0,-17.38,18.08,0.6999999999999993,4.949747468,0.22,1.0,20.7,0.36,232.0,50.0,58.0,41.6,7.38,490.15,0.23,36.0,3.175,1.0,100.0,50.0,0.0,3.0,0.5,50.09999979166666,0.6662233953941235,0,25.09999989583333,0.2499999989583333,240.0,-3482.5454256542826,3.0,0.5,1.285714026105134,0.1257078524515163,8.490365793239568e-05,100.0,6.436164861213124,623.0090436
191.0,-17.38,18.08,0.6999999999999993,4.949747468,0.22,1.0,20.7,0.36,232.0,50.0,58.0,41.6,7.38,490.15,0.23,36.0,3.175,1.0,100.0,50.0,0.0,3.0,0.5,43.15555549575617,0.8365280906103939,0,8.433333321759259,0.0833333332175925,720.0,-3482.5454256542826,3.0,0.5,1.285714026105134,0.1257078524515163,8.490365793239568e-05,100.0,6.174508983603103,479.3471077
191.0,-17.38,18.08,0.6999999999999993,4.949747468,0.22,1.0,20.7,0.36,232.0,50.0,58.0,41.6,7.38,490.15,0.23,36.0,3.175,1.0,100.0,50.0,0.0,3.0,0.5,0.1,0.0006990213818156,1,142.9571394557824,,,-3482.5454256542826,3.0,0.5,1.285714026105134,0.1257078524515163,8.490365793239568e-05,100.0,7.095396835283844,1205.401011
191.0,-17.38,18.08,0.6999999999999993,4.949747468,0.22,1.0,20.7,0.36,232.0,50.0,58.0,41.6,7.38,490.15,0.23,36.0,3.175,1.0,100.0,50.0,0.0,3.0,0.5,0.1,0.0006990213818156,1,142.9571394557824,,,-3482.5454256542826,3.0,0.5,1.285714026105134,0.1257078524515163,8.490365793239568e-05,100.0,6.809502838661359,905.4200579
191.0,-17.38,18.08,0.6999999999999993,4.949747468,0.22,1.0,20.7,0.36,232.0,50.0,58.0,41.6,7.38,490.15,0.23,36.0,3.175,1.0,100.0,50.0,0.0,3.0,0.5,0.1,0.0006990213818156,1,142.9571394557824,,,-3482.5454256542826,3.0,0.5,1.285714026105134,0.1257078524515163,8.490365793239568e-05,100.0,6.6227735155454575,751.0279686
191.0,-17.38,18.08,0.6999999999999993,4.949747468,0.22,1.0,20.7,0.36,232.0,50.0,58.0,41.6,7.38,490.15,0.23,36.0,3.175,1.0,100.0,37.5,-25.0,3.0,0.5,112.09999720000006,0.3740095074698029,0,187.6249953125001,1.4999999625000011,40.0,-4353.181782067853,3.0,0.5,1.285714026105134,0.1257078524515163,8.490365793239568e-05,125.0,6.390039375666656,594.8800424
191.0,-17.38,18.08,0.6999999999999993,4.949747468,0.22,1.0,20.7,0.36,232.0,50.0,58.0,41.6,7.38,490.15,0.23,36.0,3.175,1.0,75.0,37.5,0.0,3.0,0.5,84.07499790000004,0.4275362297113425,0,112.57499718750007,1.4999999625000011,40.0,-2611.909069240712,3.0,0.5,1.285714026105134,0.1257078524515163,8.490365793239568e-05,75.0,7.622668807476187,2043.009926
191.0,-17.38,18.08,0.6999999999999993,4.949747468,0.22,1.0,20.7,0.36,232.0,50.0,58.0,41.6,7.38,490.15,0.23,36.0,3.175,1.0,60.0,30.0,0.0,3.0,0.5,24.059999400000017,0.2108307026817105,0,90.05999775000006,1.4999999625000011,40.0,-2089.5272553925693,3.0,0.5,1.285714026105134,0.1257078524515163,8.490365793239568e-05,60.0,8.564518678517329,5241.316074
191.0,-17.38,18.08,0.6999999999999993,4.949747468,0.22,1.0,20.7,0.36,232.0,50.0,58.0,41.6,7.38,490.15,0.23,36.0,3.175,1.0,100.0,30.0,-40.0,3.0,0.5,40.099999000000025,0.1602461630486427,0,210.1399947500001,1.4999999625000011,40.0,-4875.563595915995,3.0,0.5,1.285714026105134,0.1257078524515163,8.490365793239568e-05,140.0,6.512551746008386,672.5429371
191.0,-17.38,18.08,0.6999999999999993,4.949747468,0.22,1.0,20.7,0.36,232.0,50.0,58.0,41.6,7.38,490.15,0.23,36.0,3.175,1.0,125.0,50.0,-25.0,3.0,0.5,78.24999804687506,0.2579103485281527,0,225.14999437500012,1.4999999625000011,40.0,-5223.818138481423,3.0,0.5,1.285714026105134,0.1257078524515163,8.490365793239568e-05,150.0,5.85061051096545,346.4464356
191.0,-17.38,18.08,0.6999999999999993,4.949747468,0.22,1.0,20.7,0.36,232.0,50.0,58.0,41.6,7.38,490.15,0.23,36.0,3.175,1.0,60.0,10.0,-40.0,3.0,0.5,30.05999900000003,0.1306047961014018,0,200.0999933333336,1.999999933333336,30.0,-3482.5454256542826,3.0,0.5,1.285714026105134,0.1257078524515163,8.490365793239568e-05,100.0,7.8537979594924145,2574.4974
191.0,-17.38,18.08,0.6999999999999993,4.949747468,0.22,1.0,20.7,0.36,232.0,50.0,58.0,41.6,7.38,490.15,0.23,36.0,3.175,1.0,100.0,62.5,25.0,3.0,0.5,112.09999720000006,0.4989429153282483,0,112.57499718750007,1.4999999625000011,40.0,-2611.909069240712,3.0,0.5,1.285714026105134,0.1257078524515163,8.490365793239568e-05,75.0,7.7437032581737535,2306.0
191.0,-17.38,18.08,0.6999999999999993,4.949747468,0.22,1.0,20.7,0.36,232.0,50.0,58.0,41.6,7.38,490.15,0.23,36.0,3.175,1.0,125.0,42.5,-40.0,3.0,0.5,62.62499895833334,0.27492427115251,0,165.16499725000006,0.9999999833333336,60.0,-5746.199952329565,3.0,0.5,1.285714026105134,0.1257078524515163,8.490365793239568e-05,165.0,6.0091187259839165,406.124374
191.0,-17.38,18.08,0.6999999999999993,4.949747468,0.22,1.0,20.7,0.36,232.0,50.0,58.0,41.6,7.38,490.15,0.23,36.0,3.175,1.0,125.0,42.5,-40.0,3.0,0.5,62.6249985119048,0.2097959821309678,0,235.87928010204092,1.428571394557824,42.0,-5746.199952329565,3.0,0.5,1.285714026105134,0.1257078524515163,8.490365793239568e-05,165.0,6.107401881616561,448.1702005
191.0,-17.38,18.08,0.6999999999999993,4.949747468,0.22,1.0,20.7,0.36,232.0,50.0,58.0,41.6,7.38,490.15,0.23,36.0,3.175,1.0,125.0,42.5,-40.0,3.0,0.5,62.62499973958332,0.6019319434627216,0,41.414999828125,0.2499999989583333,240.0,-5746.199952329565,3.0,0.5,1.285714026105134,0.1257078524515163,8.490365793239568e-05,165.0,5.627369466202725,276.9300508
191.0,-17.38,18.08,0.6999999999999993,4.949747468,0.22,1.0,20.7,0.36,232.0,50.0,58.0,41.6,7.38,490.15,0.23,36.0,3.175,1.0,125.0,35.0,-55.0,3.0,0.5,62.62499791666673,0.1481179263597707,0,360.17998800000044,1.999999933333336,30.0,-6268.581766177707,3.0,0.5,1.285714026105134,0.1257078524515163,8.490365793239568e-05,180.0,6.07627562945292,434.4045633
191.0,-17.38,18.08,0.6999999999999993,4.949747468,0.22,1.0,20.7,0.36,232.0,50.0,58.0,41.6,7.38,490.15,0.23,36.0,3.175,1.0,100.0,50.0,0.0,3.0,0.5,50.09999833333338,0.2002398073611453,0,200.0999933333336,1.999999933333336,30.0,-3482.5454256542826,3.0,0.5,1.285714026105134,0.1257078524515163,8.490365793239568e-05,100.0,7.354800457718241,1562.684943
191.0,-17.38,18.08,0.6999999999999993,4.949747468,0.22,1.0,20.7,0.36,232.0,50.0,58.0,41.6,7.38,490.15,0.23,36.0,3.175,1.0,100.0,50.0,0.0,3.0,0.5,128.933329038889,0.3918549273899281,0,200.0999933333336,1.999999933333336,30.0,-3482.5454256542826,3.0,0.5,1.285714026105134,0.1257078524515163,8.490365793239568e-05,100.0,7.0935691571832455,1203.198112
191.0,-17.38,18.08,0.6999999999999993,4.949747468,0.22,1.0,20.7,0.36,232.0,50.0,58.0,41.6,7.38,490.15,0.23,36.0,3.175,1.0,100.0,50.0,0.0,3.0,0.5,50.09999875000003,0.250249749005989,0,150.0999962500001,1.4999999625000011,40.0,-3482.5454256542826,3.0,0.5,1.285714026105134,0.1257078524515163,8.490365793239568e-05,100.0,7.2753955556140575,1443.322389
191.0,-17.38,18.08,0.6999999999999993,4.949747468,0.22,1.0,20.7,0.36,232.0,50.0,58.0,41.6,7.38,490.15,0.23,36.0,3.175,1.0,100.0,50.0,0.0,3.0,0.5,118.34999704375008,0.4408642188840806,0,150.0999962500001,1.4999999625000011,40.0,-3482.5454256542826,3.0,0.5,1.285714026105134,0.1257078524515163,8.490365793239568e-05,100.0,7.037834471866259,1137.918574
191.0,-17.38,18.08,0.6999999999999993,4.949747468,0.22,1.0,20.7,0.36,232.0,50.0,58.0,41.6,7.38,490.15,0.23,36.0,3.175,1.0,100.0,50.0,0.0,3.0,0.5,159.29999681600003,0.5701503200771978,0,120.09999760000004,1.1999999760000006,50.0,-3482.5454256542826,3.0,0.5,1.285714026105134,0.1257078524515163,8.490365793239568e-05,100.0,6.894207065712336,985.5431507
191.0,-17.38,18.08,0.6999999999999993,4.949747468,0.22,1.0,20.7,0.36,232.0,50.0,58.0,41.6,7.38,490.15,0.23,36.0,3.175,1.0,100.0,50.0,0.0,3.0,0.5,50.09999916666668,0.3335552574367479,0,100.09999833333336,0.9999999833333336,60.0,-3482.5454256542826,3.0,0.5,1.285714026105134,0.1257078524515163,8.490365793239568e-05,100.0,7.163488135726746,1290.407691
191.0,-17.38,18.08,0.6999999999999993,4.949747468,0.22,1.0,20.7,0.36,232.0,50.0,58.0,41.6,7.38,490.15,0.23,36.0,3.175,1.0,100.0,50.0,0.0,3.0,0.5,50.099999375,0.4001597412147751,0,75.09999906250002,0.7499999906250001,80.0,-3482.5454256542826,3.0,0.5,1.285714026105134,0.1257078524515163,8.490365793239568e-05,100.0,7.084094384043472,1191.842489
191.0,-17.38,18.08,0.6999999999999993,4.949747468,0.22,1.0,20.7,0.36,232.0,50.0,58.0,41.6,7.38,490.15,0.23,36.0,3.175,1.0,100.0,50.0,0.0,3.0,0.5,59.22499926093751,0.4409082416470462,0,75.09999906250002,0.7499999906250001,80.0,-3482.5454256542826,3.0,0.5,1.285714026105134,0.1257078524515163,8.490365793239568e-05,100.0,7.037834471866259,1137.918574
191.0,-17.38,18.08,0.6999999999999993,4.949747468,0.22,1.0,20.7,0.36,232.0,50.0,58.0,41.6,7.38,490.15,0.23,36.0,3.175,1.0,100.0,50.0,0.0,3.0,0.5,77.87777691358025,0.5384083539357478,0,66.76666592592593,0.6666666592592594,90.0,-3482.5454256542826,3.0,0.5,1.285714026105134,0.1257078524515163,8.490365793239568e-05,100.0,6.929668621269003,1021.155203
191.0,-17.38,18.08,0.6999999999999993,4.949747468,0.22,1.0,20.7,0.36,232.0,50.0,58.0,41.6,7.38,490.15,0.23,36.0,3.175,1.0,100.0,50.0,0.0,3.0,0.5,70.09999930000001,0.5384024536215111,0,60.0999994,0.599999994,100.0,-3482.5454256542826,3.0,0.5,1.285714026105134,0.1257078524515163,8.490365793239568e-05,100.0,6.929668621269003,1021.155203
191.0,-17.38,18.08,0.6999999999999993,4.949747468,0.22,1.0,20.7,0.36,232.0,50.0,58.0,41.6,7.38,490.15,0.23,36.0,3.175,1.0,100.0,50.0,0.0,3.0,0.5,50.09999958333333,0.49999999500998,0,50.09999958333333,0.4999999958333334,120.0,-3482.5454256542826,3.0,0.5,1.285714026105134,0.1257078524515163,8.490365793239568e-05,100.0,6.972204259548571,1065.571161
191.0,-17.38,18.08,0.6999999999999993,4.949747468,0.22,1.0,20.7,0.36,232.0,50.0,58.0,41.6,7.38,490.15,0.23,36.0,3.175,1.0,100.0,50.0,0.0,3.0,0.5,50.09999964285714,0.5383788704804484,0,42.95714255102041,0.4285714255102041,140.0,-3482.5454256542826,3.0,0.5,1.285714026105134,0.1257078524515163,8.490365793239568e-05,100.0,6.929668621269003,1021.155203
191.0,-17.38,18.08,0.6999999999999993,4.949747468,0.22,1.0,20.7,0.36,232.0,50.0,58.0,41.6,7.38,490.15,0.23,36.0,3.175,1.0,100.0,50.0,0.0,3.0,0.5,50.09999979166666,0.6662233953941235,0,25.09999989583333,0.2499999989583333,240.0,-3482.5454256542826,3.0,0.5,1.285714026105134,0.1257078524515163,8.490365793239568e-05,100.0,6.780954819630225,879.9094323
191.0,-17.38,18.08,0.6999999999999993,4.949747468,0.22,1.0,20.7,0.36,232.0,50.0,58.0,41.6,7.38,490.15,0.23,36.0,3.175,1.0,100.0,50.0,0.0,3.0,0.5,43.15555549575617,0.8365280906103939,0,8.433333321759259,0.0833333332175925,720.0,-3482.5454256542826,3.0,0.5,1.285714026105134,0.1257078524515163,8.490365793239568e-05,100.0,6.519158933005334,677.0078954
191.0,-17.38,18.08,0.6999999999999993,4.949747468,0.22,1.0,20.7,0.36,232.0,50.0,58.0,41.6,7.38,490.15,0.23,36.0,3.175,1.0,100.0,50.0,0.0,3.0,0.5,0.1,0.0006990213818156,1,142.9571394557824,,,-3482.5454256542826,3.0,0.5,1.285714026105134,0.1257078524515163,8.490365793239568e-05,100.0,7.440412744501207,1702.453167
191.0,-17.38,18.08,0.6999999999999993,4.949747468,0.22,1.0,20.7,0.36,232.0,50.0,58.0,41.6,7.38,490.15,0.23,36.0,3.175,1.0,100.0,50.0,0.0,3.0,0.5,0.1,0.0006990213818156,1,142.9571394557824,,,-3482.5454256542826,3.0,0.5,1.285714026105134,0.1257078524515163,8.490365793239568e-05,100.0,7.154438631142334,1278.773811
191.0,-17.38,18.08,0.6999999999999993,4.949747468,0.22,1.0,20.7,0.36,232.0,50.0,58.0,41.6,7.38,490.15,0.23,36.0,3.175,1.0,100.0,50.0,0.0,3.0,0.5,0.1,0.0006990213818156,1,142.9571394557824,,,-3482.5454256542826,3.0,0.5,1.285714026105134,0.1257078524515163,8.490365793239568e-05,100.0,6.967643156057037,1060.717497
191.0,-17.38,18.08,0.6999999999999993,4.949747468,0.22,1.0,20.7,0.36,232.0,50.0,58.0,41.6,7.38,490.15,0.23,36.0,3.175,1.0,100.0,37.5,-25.0,3.0,0.5,112.09999720000006,0.3740095074698029,0,187.6249953125001,1.4999999625000011,40.0,-4353.181782067853,3.0,0.5,1.285714026105134,0.1257078524515163,8.490365793239568e-05,125.0,6.734807236734608,840.1813196
191.0,-17.38,18.08,0.6999999999999993,4.949747468,0.22,1.0,20.7,0.36,232.0,50.0,58.0,41.6,7.38,490.15,0.23,36.0,3.175,1.0,75.0,37.5,0.0,3.0,0.5,84.07499790000004,0.4275362297113425,0,112.57499718750007,1.4999999625000011,40.0,-2611.909069240712,3.0,0.5,1.285714026105134,0.1257078524515163,8.490365793239568e-05,75.0,7.967783908894715,2885.453627
191.0,-17.38,18.08,0.6999999999999993,4.949747468,0.22,1.0,20.7,0.36,232.0,50.0,58.0,41.6,7.38,490.15,0.23,36.0,3.175,1.0,60.0,30.0,0.0,3.0,0.5,24.059999400000017,0.2108307026817105,0,90.05999775000006,1.4999999625000011,40.0,-2089.5272553925693,3.0,0.5,1.285714026105134,0.1257078524515163,8.490365793239568e-05,60.0,8.909720933135183,7402.594712
191.0,-17.38,18.08,0.6999999999999993,4.949747468,0.22,1.0,20.7,0.36,232.0,50.0,58.0,41.6,7.38,490.15,0.23,36.0,3.175,1.0,100.0,30.0,-40.0,3.0,0.5,40.099999000000025,0.1602461630486427,0,210.1399947500001,1.4999999625000011,40.0,-4875.563595915995,3.0,0.5,1.285714026105134,0.1257078524515163,8.490365793239568e-05,140.0,6.8573761289530735,949.8688342
191.0,-17.38,18.08,0.6999999999999993,4.949747468,0.22,1.0,20.7,0.36,232.0,50.0,58.0,41.6,7.38,490.15,0.23,36.0,3.175,1.0,125.0,50.0,-25.0,3.0,0.5,78.24999804687506,0.2579103485281527,0,225.14999437500012,1.4999999625000011,40.0,-5223.818138481423,3.0,0.5,1.285714026105134,0.1257078524515163,8.490365793239568e-05,150.0,6.195027798185519,489.3050744
191.0,-17.38,18.08,0.6999999999999993,4.949747468,0.22,1.0,20.7,0.36,232.0,50.0,58.0,41.6,7.38,490.15,0.23,36.0,3.175,1.0,60.0,10.0,-40.0,3.0,0.5,30.05999900000003,0.1306047961014018,0,200.0999933333336,1.999999933333336,30.0,-3482.5454256542826,3.0,0.5,1.285714026105134,0.1257078524515163,8.490365793239568e-05,100.0,8.1989425411004,3636.102187
191.0,-17.38,18.08,0.6999999999999993,4.949747468,0.22,1.0,20.7,0.36,232.0,50.0,58.0,41.6,7.38,490.15,0.23,36.0,3.175,1.0,75.0,37.5,0.0,3.0,0.5,84.07499790000004,0.4275362297113425,0,112.57499718750007,1.4999999625000011,40.0,-2611.909069240712,3.0,0.5,1.285714026105134,0.1257078524515163,8.490365793239568e-05,75.0,8.146998697389993,3452.0
191.0,-17.38,18.08,0.6999999999999993,4.949747468,0.22,1.0,20.7,0.36,232.0,50.0,58.0,41.6,7.38,490.15,0.23,36.0,3.175,1.0,125.0,42.5,-40.0,3.0,0.5,62.62499895833334,0.27492427115251,0,165.16499725000006,0.9999999833333336,60.0,-5746.199952329565,3.0,0.5,1.285714026105134,0.1257078524515163,8.490365793239568e-05,165.0,5.907744972369271,366.8756496
191.0,-17.38,18.08,0.6999999999999993,4.949747468,0.22,1.0,20.7,0.36,232.0,50.0,58.0,41.6,7.38,490.15,0.23,36.0,3.175,1.0,125.0,42.5,-40.0,3.0,0.5,62.6249985119048,0.2097959821309678,0,235.87928010204092,1.428571394557824,42.0,-5746.199952329565,3.0,0.5,1.285714026105134,0.1257078524515163,8.490365793239568e-05,165.0,6.006003536668096,404.8580779
191.0,-17.38,18.08,0.6999999999999993,4.949747468,0.22,1.0,20.7,0.36,232.0,50.0,58.0,41.6,7.38,490.15,0.23,36.0,3.175,1.0,125.0,42.5,-40.0,3.0,0.5,62.62499973958332,0.6019319434627216,0,41.414999828125,0.2499999989583333,240.0,-5746.199952329565,3.0,0.5,1.285714026105134,0.1257078524515163,8.490365793239568e-05,165.0,5.526117821235933,250.1669409
191.0,-17.38,18.08,0.6999999999999993,4.949747468,0.22,1.0,20.7,0.36,232.0,50.0,58.0,41.6,7.38,490.15,0.23,36.0,3.175,1.0,125.0,35.0,-55.0,3.0,0.5,62.62499791666673,0.1481179263597707,0,360.17998800000044,1.999999933333336,30.0,-6268.581766177707,3.0,0.5,1.285714026105134,0.1257078524515163,8.490365793239568e-05,180.0,5.974884812768413,392.4227812
191.0,-17.38,18.08,0.6999999999999993,4.949747468,0.22,1.0,20.7,0.36,232.0,50.0,58.0,41.6,7.38,490.15,0.23,36.0,3.175,1.0,100.0,50.0,0.0,3.0,0.5,50.09999833333338,0.2002398073611453,0,200.0999933333336,1.999999933333336,30.0,-3482.5454256542826,3.0,0.5,1.285714026105134,0.1257078524515163,8.490365793239568e-05,100.0,7.253232379841805,1411.663742
191.0,-17.38,18.08,0.6999999999999993,4.949747468,0.22,1.0,20.7,0.36,232.0,50.0,58.0,41.6,7.38,490.15,0.23,36.0,3.175,1.0,100.0,50.0,0.0,3.0,0.5,128.933329038889,0.3918549273899281,0,200.0999933333336,1.999999933333336,30.0,-3482.5454256542826,3.0,0.5,1.285714026105134,0.1257078524515163,8.490365793239568e-05,100.0,6.992021502734104,1086.918485
191.0,-17.38,18.08,0.6999999999999993,4.949747468,0.22,1.0,20.7,0.36,232.0,50.0,58.0,41.6,7.38,490.15,0.23,36.0,3.175,1.0,100.0,50.0,0.0,3.0,0.5,50.09999875000003,0.250249749005989,0,150.0999962500001,1.4999999625000011,40.0,-3482.5454256542826,3.0,0.5,1.285714026105134,0.1257078524515163,8.490365793239568e-05,100.0,7.173833131844486,1303.83664
191.0,-17.38,18.08,0.6999999999999993,4.949747468,0.22,1.0,20.7,0.36,232.0,50.0,58.0,41.6,7.38,490.15,0.23,36.0,3.175,1.0,100.0,50.0,0.0,3.0,0.5,118.34999704375008,0.4408642188840806,0,150.0999962500001,1.4999999625000011,40.0,-3482.5454256542826,3.0,0.5,1.285714026105134,0.1257078524515163,8.490365793239568e-05,100.0,6.936291908497658,1027.9477
191.0,-17.38,18.08,0.6999999999999993,4.949747468,0.22,1.0,20.7,0.36,232.0,50.0,58.0,41.6,7.38,490.15,0.23,36.0,3.175,1.0,100.0,50.0,0.0,3.0,0.5,159.29999681600003,0.5701503200771978,0,120.09999760000004,1.1999999760000006,50.0,-3482.5454256542826,3.0,0.5,1.285714026105134,0.1257078524515163,8.490365793239568e-05,100.0,6.792679008753753,890.2981618
191.0,-17.38,18.08,0.6999999999999993,4.949747468,0.22,1.0,20.7,0.36,232.0,50.0,58.0,41.6,7.38,490.15,0.23,36.0,3.175,1.0,100.0,50.0,0.0,3.0,0.5,50.09999916666668,0.3335552574367479,0,100.09999833333336,0.9999999833333336,60.0,-3482.5454256542826,3.0,0.5,1.285714026105134,0.1257078524515163,8.490365793239568e-05,100.0,7.061934481831181,1165.699944
191.0,-17.38,18.08,0.6999999999999993,4.949747468,0.22,1.0,20.7,0.36,232.0,50.0,58.0,41.6,7.38,490.15,0.23,36.0,3.175,1.0,100.0,50.0,0.0,3.0,0.5,50.099999375,0.4001597412147751,0,75.09999906250002,0.7499999906250001,80.0,-3482.5454256542826,3.0,0.5,1.285714026105134,0.1257078524515163,8.490365793239568e-05,100.0,6.982547573790833,1076.660292
191.0,-17.38,18.08,0.6999999999999993,4.949747468,0.22,1.0,20.7,0.36,232.0,50.0,58.0,41.6,7.38,490.15,0.23,36.0,3.175,1.0,100.0,50.0,0.0,3.0,0.5,59.22499926093751,0.4409082416470462,0,75.09999906250002,0.7499999906250001,80.0,-3482.5454256542826,3.0,0.5,1.285714026105134,0.1257078524515163,8.490365793239568e-05,100.0,6.936291908497658,1027.9477
191.0,-17.38,18.08,0.6999999999999993,4.949747468,0.22,1.0,20.7,0.36,232.0,50.0,58.0,41.6,7.38,490.15,0.23,36.0,3.175,1.0,100.0,50.0,0.0,3.0,0.5,77.87777691358025,0.5384083539357478,0,66.76666592592593,0.6666666592592594,90.0,-3482.5454256542826,3.0,0.5,1.285714026105134,0.1257078524515163,8.490365793239568e-05,100.0,6.828136787149669,922.46859
191.0,-17.38,18.08,0.6999999999999993,4.949747468,0.22,1.0,20.7,0.36,232.0,50.0,58.0,41.6,7.38,490.15,0.23,36.0,3.175,1.0,100.0,50.0,0.0,3.0,0.5,70.09999930000001,0.5384024536215111,0,60.0999994,0.599999994,100.0,-3482.5454256542826,3.0,0.5,1.285714026105134,0.1257078524515163,8.490365793239568e-05,100.0,6.828136787149669,922.46859
191.0,-17.38,18.08,0.6999999999999993,4.949747468,0.22,1.0,20.7,0.36,232.0,50.0,58.0,41.6,7.38,490.15,0.23,36.0,3.175,1.0,100.0,50.0,0.0,3.0,0.5,50.09999958333333,0.49999999500998,0,50.09999958333333,0.4999999958333334,120.0,-3482.5454256542826,3.0,0.5,1.285714026105134,0.1257078524515163,8.490365793239568e-05,100.0,6.870668066680496,962.5920946
191.0,-17.38,18.08,0.6999999999999993,4.949747468,0.22,1.0,20.7,0.36,232.0,50.0,58.0,41.6,7.38,490.15,0.23,36.0,3.175,1.0,100.0,50.0,0.0,3.0,0.5,50.09999964285714,0.5383788704804484,0,42.95714255102041,0.4285714255102041,140.0,-3482.5454256542826,3.0,0.5,1.285714026105134,0.1257078524515163,8.490365793239568e-05,100.0,6.828136787149669,922.46859
191.0,-17.38,18.08,0.6999999999999993,4.949747468,0.22,1.0,20.7,0.36,232.0,50.0,58.0,41.6,7.38,490.15,0.23,36.0,3.175,1.0,100.0,50.0,0.0,3.0,0.5,50.09999979166666,0.6662233953941235,0,25.09999989583333,0.2499999989583333,240.0,-3482.5454256542826,3.0,0.5,1.285714026105134,0.1257078524515163,8.490365793239568e-05,100.0,6.679439764720425,794.8731109
191.0,-17.38,18.08,0.6999999999999993,4.949747468,0.22,1.0,20.7,0.36,232.0,50.0,58.0,41.6,7.38,490.15,0.23,36.0,3.175,1.0,100.0,50.0,0.0,3.0,0.5,43.15555549575617,0.8365280906103939,0,8.433333321759259,0.0833333332175925,720.0,-3482.5454256542826,3.0,0.5,1.285714026105134,0.1257078524515163,8.490365793239568e-05,100.0,6.417680216414319,611.5804106
191.0,-17.38,18.08,0.6999999999999993,4.949747468,0.22,1.0,20.7,0.36,232.0,50.0,58.0,41.6,7.38,490.15,0.23,36.0,3.175,1.0,100.0,50.0,0.0,3.0,0.5,0.1,0.0006990213818156,1,142.9571394557824,,,-3482.5454256542826,3.0,0.5,1.285714026105134,0.1257078524515163,8.490365793239568e-05,100.0,7.338839054012002,1537.924468
191.0,-17.38,18.08,0.6999999999999993,4.949747468,0.22,1.0,20.7,0.36,232.0,50.0,58.0,41.6,7.38,490.15,0.23,36.0,3.175,1.0,100.0,50.0,0.0,3.0,0.5,0.1,0.0006990213818156,1,142.9571394557824,,,-3482.5454256542826,3.0,0.5,1.285714026105134,0.1257078524515163,8.490365793239568e-05,100.0,7.052885730308328,1155.190387
191.0,-17.38,18.08,0.6999999999999993,4.949747468,0.22,1.0,20.7,0.36,232.0,50.0,58.0,41.6,7.38,490.15,0.23,36.0,3.175,1.0,100.0,50.0,0.0,3.0,0.5,0.1,0.0006990213818156,1,142.9571394557824,,,-3482.5454256542826,3.0,0.5,1.285714026105134,0.1257078524515163,8.490365793239568e-05,100.0,6.866107422177318,958.2074995
191.0,-17.38,18.08,0.6999999999999993,4.949747468,0.22,1.0,20.7,0.36,232.0,50.0,58.0,41.6,7.38,490.15,0.23,36.0,3.175,1.0,100.0,37.5,-25.0,3.0,0.5,112.09999720000006,0.3740095074698029,0,187.6249953125001,1.4999999625000011,40.0,-4353.181782067853,3.0,0.5,1.285714026105134,0.1257078524515163,8.490365793239568e-05,125.0,6.633297916885706,758.9844077
191.0,-17.38,18.08,0.6999999999999993,4.949747468,0.22,1.0,20.7,0.36,232.0,50.0,58.0,41.6,7.38,490.15,0.23,36.0,3.175,1.0,75.0,37.5,0.0,3.0,0.5,84.07499790000004,0.4275362297113425,0,112.57499718750007,1.4999999625000011,40.0,-2611.909069240712,3.0,0.5,1.285714026105134,0.1257078524515163,8.490365793239568e-05,75.0,7.866184479755762,2606.597243
191.0,-17.38,18.08,0.6999999999999993,4.949747468,0.22,1.0,20.7,0.36,232.0,50.0,58.0,41.6,7.38,490.15,0.23,36.0,3.175,1.0,60.0,30.0,0.0,3.0,0.5,24.059999400000017,0.2108307026817105,0,90.05999775000006,1.4999999625000011,40.0,-2089.5272553925693,3.0,0.5,1.285714026105134,0.1257078524515163,8.490365793239568e-05,60.0,8.808098891492781,6687.192194
191.0,-17.38,18.08,0.6999999999999993,4.949747468,0.22,1.0,20.7,0.36,232.0,50.0,58.0,41.6,7.38,490.15,0.23,36.0,3.175,1.0,100.0,30.0,-40.0,3.0,0.5,40.099999000000025,0.1602461630486427,0,210.1399947500001,1.4999999625000011,40.0,-4875.563595915995,3.0,0.5,1.285714026105134,0.1257078524515163,8.490365793239568e-05,140.0,6.755852140058206,858.0714873
191.0,-17.38,18.08,0.6999999999999993,4.949747468,0.22,1.0,20.7,0.36,232.0,50.0,58.0,41.6,7.38,490.15,0.23,36.0,3.175,1.0,125.0,50.0,-25.0,3.0,0.5,78.24999804687506,0.2579103485281527,0,225.14999437500012,1.4999999625000011,40.0,-5223.818138481423,3.0,0.5,1.285714026105134,0.1257078524515163,8.490365793239568e-05,150.0,6.093609475803127,442.01759
191.0,-17.38,18.08,0.6999999999999993,4.949747468,0.22,1.0,20.7,0.36,232.0,50.0,58.0,41.6,7.38,490.15,0.23,36.0,3.175,1.0,60.0,10.0,-40.0,3.0,0.5,30.05999900000003,0.1306047961014018,0,200.0999933333336,1.999999933333336,30.0,-3482.5454256542826,3.0,0.5,1.285714026105134,0.1257078524515163,8.490365793239568e-05,100.0,8.097335463065827,3284.701528
191.0,-17.38,18.08,0.6999999999999993,2.828427125,0.22,1.0,20.7,0.36,232.0,50.0,58.0,41.6,7.38,490.15,0.23,36.0,3.175,1.0,100.0,50.0,0.0,3.0,0.5,118.34999704375008,0.4408642188840806,0,150.0999962500001,1.4999999625000011,40.0,-3482.5454256542826,3.0,0.5,2.249999204416764,0.0785674077821976,8.490365793239568e-05,100.0,7.229113877793302,1378.0
191.0,-17.38,18.08,0.6999999999999993,2.828427125,0.22,1.0,20.7,0.36,232.0,50.0,58.0,41.6,7.38,490.15,0.23,36.0,3.175,1.0,125.0,42.5,-40.0,3.0,0.5,62.62499895833334,0.27492427115251,0,165.16499725000006,0.9999999833333336,60.0,-5746.199952329565,3.0,0.5,2.249999204416764,0.0785674077821976,8.490365793239568e-05,165.0,6.01569124385935,408.809019
191.0,-17.38,18.08,0.6999999999999993,2.828427125,0.22,1.0,20.7,0.36,232.0,50.0,58.0,41.6,7.38,490.15,0.23,36.0,3.175,1.0,125.0,42.5,-40.0,3.0,0.5,62.6249985119048,0.2097959821309678,0,235.87928010204092,1.428571394557824,42.0,-5746.199952329565,3.0,0.5,2.249999204416764,0.0785674077821976,8.490365793239568e-05,165.0,6.113975909255892,451.1327852
191.0,-17.38,18.08,0.6999999999999993,2.828427125,0.22,1.0,20.7,0.36,232.0,50.0,58.0,41.6,7.38,490.15,0.23,36.0,3.175,1.0,125.0,42.5,-40.0,3.0,0.5,62.62499973958332,0.6019319434627216,0,41.414999828125,0.2499999989583333,240.0,-5746.199952329565,3.0,0.5,2.249999204416764,0.0785674077821976,8.490365793239568e-05,165.0,5.633934485874933,278.7606695
191.0,-17.38,18.08,0.6999999999999993,2.828427125,0.22,1.0,20.7,0.36,232.0,50.0,58.0,41.6,7.38,490.15,0.23,36.0,3.175,1.0,125.0,35.0,-55.0,3.0,0.5,62.62499791666673,0.1481179263597707,0,360.17998800000044,1.999999933333336,30.0,-6268.581766177707,3.0,0.5,2.249999204416764,0.0785674077821976,8.490365793239568e-05,180.0,6.082849195038664,437.2761517
191.0,-17.38,18.08,0.6999999999999993,2.828427125,0.22,1.0,20.7,0.36,232.0,50.0,58.0,41.6,7.38,490.15,0.23,36.0,3.175,1.0,100.0,50.0,0.0,3.0,0.5,50.09999833333338,0.2002398073611453,0,200.0999933333336,1.999999933333336,30.0,-3482.5454256542826,3.0,0.5,2.249999204416764,0.0785674077821976,8.490365793239568e-05,100.0,7.361384906060776,1573.014917
191.0,-17.38,18.08,0.6999999999999993,2.828427125,0.22,1.0,20.7,0.36,232.0,50.0,58.0,41.6,7.38,490.15,0.23,36.0,3.175,1.0,100.0,50.0,0.0,3.0,0.5,128.933329038889,0.3918549273899281,0,200.0999933333336,1.999999933333336,30.0,-3482.5454256542826,3.0,0.5,2.249999204416764,0.0785674077821976,8.490365793239568e-05,100.0,7.100152351862568,1211.151734
191.0,-17.38,18.08,0.6999999999999993,2.828427125,0.22,1.0,20.7,0.36,232.0,50.0,58.0,41.6,7.38,490.15,0.23,36.0,3.175,1.0,100.0,50.0,0.0,3.0,0.5,50.09999875000003,0.250249749005989,0,150.0999962500001,1.4999999625000011,40.0,-3482.5454256542826,3.0,0.5,2.249999204416764,0.0785674077821976,8.490365793239568e-05,100.0,7.2819796571143005,1452.863329
191.0,-17.38,18.08,0.6999999999999993,2.828427125,0.22,1.0,20.7,0.36,232.0,50.0,58.0,41.6,7.38,490.15,0.23,36.0,3.175,1.0,100.0,50.0,0.0,3.0,0.5,118.34999704375008,0.4408642188840806,0,150.0999962500001,1.4999999625000011,40.0,-3482.5454256542826,3.0,0.5,2.249999204416764,0.0785674077821976,8.490365793239568e-05,100.0,7.044417353902776,1145.440672
191.0,-17.38,18.08,0.6999999999999993,2.828427125,0.22,1.0,20.7,0.36,232.0,50.0,58.0,41.6,7.38,490.15,0.23,36.0,3.175,1.0,100.0,50.0,0.0,3.0,0.5,159.29999681600003,0.5701503200771978,0,120.09999760000004,1.1999999760000006,50.0,-3482.5454256542826,3.0,0.5,2.249999204416764,0.0785674077821976,8.490365793239568e-05,100.0,6.900789057305006,992.0579862
191.0,-17.38,18.08,0.6999999999999993,2.828427125,0.22,1.0,20.7,0.36,232.0,50.0,58.0,41.6,7.38,490.15,0.23,36.0,3.175,1.0,100.0,50.0,0.0,3.0,0.5,50.09999916666668,0.3335552574367479,0,100.09999833333336,0.9999999833333336,60.0,-3482.5454256542826,3.0,0.5,2.249999204416764,0.0785674077821976,8.490365793239568e-05,100.0,7.170071698458921,1298.937803
191.0,-17.38,18.08,0.6999999999999993,2.828427125,0.22,1.0,20.7,0.36,232.0,50.0,58.0,41.6,7.38,490.15,0.23,36.0,3.175,1.0,100.0,50.0,0.0,3.0,0.5,50.099999375,0.4001597412147751,0,75.09999906250002,0.7499999906250001,80.0,-3482.5454256542826,3.0,0.5,2.249999204416764,0.0785674077821976,8.490365793239568e-05,100.0,7.090677526158827,1199.721045
191.0,-17.38,18.08,0.6999999999999993,2.828427125,0.22,1.0,20.7,0.36,232.0,50.0,58.0,41.6,7.38,490.15,0.23,36.0,3.175,1.0,100.0,50.0,0.0,3.0,0.5,59.22499926093751,0.4409082416470462,0,75.09999906250002,0.7499999906250001,80.0,-3482.5454256542826,3.0,0.5,2.249999204416764,0.0785674077821976,8.490365793239568e-05,100.0,7.044417353902776,1145.440672
191.0,-17.38,18.08,0.6999999999999993,2.828427125,0.22,1.0,20.7,0.36,232.0,50.0,58.0,41.6,7.38,490.15,0.23,36.0,3.175,1.0,100.0,50.0,0.0,3.0,0.5,77.87777691358025,0.5384083539357478,0,66.76666592592593,0.6666666592592594,90.0,-3482.5454256542826,3.0,0.5,2.249999204416764,0.0785674077821976,8.490365793239568e-05,100.0,6.936250845314869,1027.905449
191.0,-17.38,18.08,0.6999999999999993,2.828427125,0.22,1.0,20.7,0.36,232.0,50.0,58.0,41.6,7.38,490.15,0.23,36.0,3.175,1.0,100.0,50.0,0.0,3.0,0.5,70.09999930000001,0.5384024536215111,0,60.0999994,0.599999994,100.0,-3482.5454256542826,3.0,0.5,2.249999204416764,0.0785674077821976,8.490365793239568e-05,100.0,6.936250845314869,1027.905449
191.0,-17.38,18.08,0.6999999999999993,2.828427125,0.22,1.0,20.7,0.36,232.0,50.0,58.0,41.6,7.38,490.15,0.23,36.0,3.175,1.0,100.0,50.0,0.0,3.0,0.5,50.09999958333333,0.49999999500998,0,50.09999958333333,0.4999999958333334,120.0,-3482.5454256542826,3.0,0.5,2.249999204416764,0.0785674077821976,8.490365793239568e-05,100.0,6.978786749912492,1072.615013
191.0,-17.38,18.08,0.6999999999999993,2.828427125,0.22,1.0,20.7,0.36,232.0,50.0,58.0,41.6,7.38,490.15,0.23,36.0,3.175,1.0,100.0,50.0,0.0,3.0,0.5,50.09999964285714,0.5383788704804484,0,42.95714255102041,0.4285714255102041,140.0,-3482.5454256542826,3.0,0.5,2.249999204416764,0.0785674077821976,8.490365793239568e-05,100.0,6.936250845314869,1027.905449
191.0,-17.38,18.08,0.6999999999999993,2.828427125,0.22,1.0,20.7,0.36,232.0,50.0,58.0,41.6,7.38,490.15,0.23,36.0,3.175,1.0,100.0,50.0,0.0,3.0,0.5,50.09999979166666,0.6662233953941235,0,25.09999989583333,0.2499999989583333,240.0,-3482.5454256542826,3.0,0.5,2.249999204416764,0.0785674077821976,8.490365793239568e-05,100.0,6.78753601293746,885.7259865
191.0,-17.38,18.08,0.6999999999999993,2.828427125,0.22,1.0,20.7,0.36,232.0,50.0,58.0,41.6,7.38,490.15,0.23,36.0,3.175,1.0,100.0,50.0,0.0,3.0,0.5,43.15555549575617,0.8365280906103939,0,8.433333321759259,0.0833333332175925,720.0,-3482.5454256542826,3.0,0.5,2.249999204416764,0.0785674077821976,8.490365793239568e-05,100.0,6.525737895400447,681.4831891
191.0,-17.38,18.08,0.6999999999999993,2.828427125,0.22,1.0,20.7,0.36,232.0,50.0,58.0,41.6,7.38,490.15,0.23,36.0,3.175,1.0,100.0,50.0,0.0,3.0,0.5,0.1,0.0006990213818156,1,142.9571394557824,,,-3482.5454256542826,3.0,0.5,2.249999204416764,0.0785674077821976,8.490365793239568e-05,100.0,7.446997537430589,1713.707065
191.0,-17.38,18.08,0.6999999999999993,2.828427125,0.22,1.0,20.7,0.36,232.0,50.0,58.0,41.6,7.38,490.15,0.23,36.0,3.175,1.0,100.0,50.0,0.0,3.0,0.5,0.1,0.0006990213818156,1,142.9571394557824,,,-3482.5454256542826,3.0,0.5,2.249999204416764,0.0785674077821976,8.490365793239568e-05,100.0,7.161022148120439,1287.227019
191.0,-17.38,18.08,0.6999999999999993,2.828427125,0.22,1.0,20.7,0.36,232.0,50.0,58.0,41.6,7.38,490.15,0.23,36.0,3.175,1.0,100.0,50.0,0.0,3.0,0.5,0.1,0.0006990213818156,1,142.9571394557824,,,-3482.5454256542826,3.0,0.5,2.249999204416764,0.0785674077821976,8.490365793239568e-05,100.0,6.974225618893174,1067.729265
191.0,-17.38,18.08,0.6999999999999993,2.828427125,0.22,1.0,20.7,0.36,232.0,50.0,58.0,41.6,7.38,490.15,0.23,36.0,3.175,1.0,100.0,37.5,-25.0,3.0,0.5,112.09999720000006,0.3740095074698029,0,187.6249953125001,1.4999999625000011,40.0,-4353.181782067853,3.0,0.5,2.249999204416764,0.0785674077821976,8.490365793239568e-05,125.0,6.741388078023973,845.7352551
191.0,-17.38,18.08,0.6999999999999993,2.828427125,0.22,1.0,20.7,0.36,232.0,50.0,58.0,41.6,7.38,490.15,0.23,36.0,3.175,1.0,75.0,37.5,0.0,3.0,0.5,84.07499790000004,0.4275362297113425,0,112.57499718750007,1.4999999625000011,40.0,-2611.909069240712,3.0,0.5,2.249999204416764,0.0785674077821976,8.490365793239568e-05,75.0,7.974370281709139,2904.527632
191.0,-17.38,18.08,0.6999999999999993,2.828427125,0.22,1.0,20.7,0.36,232.0,50.0,58.0,41.6,7.38,490.15,0.23,36.0,3.175,1.0,60.0,30.0,0.0,3.0,0.5,24.059999400000017,0.2108307026817105,0,90.05999775000006,1.4999999625000011,40.0,-2089.5272553925693,3.0,0.5,2.249999204416764,0.0785674077821976,8.490365793239568e-05,60.0,8.91630869417943,7451.528831
191.0,-17.38,18.08,0.6999999999999993,2.828427125,0.22,1.0,20.7,0.36,232.0,50.0,58.0,41.6,7.38,490.15,0.23,36.0,3.175,1.0,100.0,30.0,-40.0,3.0,0.5,40.099999000000025,0.1602461630486427,0,210.1399947500001,1.4999999625000011,40.0,-4875.563595915995,3.0,0.5,2.249999204416764,0.0785674077821976,8.490365793239568e-05,140.0,6.863957870847462,956.1478482
191.0,-17.38,18.08,0.6999999999999993,2.828427125,0.22,1.0,20.7,0.36,232.0,50.0,58.0,41.6,7.38,490.15,0.23,36.0,3.175,1.0,125.0,50.0,-25.0,3.0,0.5,78.24999804687506,0.2579103485281527,0,225.14999437500012,1.4999999625000011,40.0,-5223.818138481423,3.0,0.5,2.249999204416764,0.0785674077821976,8.490365793239568e-05,150.0,6.2016030526184185,492.5395772
191.0,-17.38,18.08,0.6999999999999993,2.828427125,0.22,1.0,20.7,0.36,232.0,50.0,58.0,41.6,7.38,490.15,0.23,36.0,3.175,1.0,60.0,10.0,-40.0,3.0,0.5,30.05999900000003,0.1306047961014018,0,200.0999933333336,1.999999933333336,30.0,-3482.5454256542826,3.0,0.5,2.249999204416764,0.0785674077821976,8.490365793239568e-05,100.0,8.205529383780856,3660.138281
191.0,-17.38,18.08,0.6999999999999993,2.828427125,0.22,1.0,20.7,0.36,232.0,50.0,58.0,41.6,7.38,490.15,0.23,36.0,3.175,1.0,100.0,62.5,25.0,3.0,0.5,112.09999720000006,0.4989429153282483,0,112.57499718750007,1.4999999625000011,40.0,-2611.909069240712,3.0,0.5,2.249999204416764,0.0785674077821976,8.490365793239568e-05,75.0,6.803505257608338,900.0
191.0,-17.38,18.08,0.6999999999999993,2.828427125,0.22,1.0,20.7,0.36,232.0,50.0,58.0,41.6,7.38,490.15,0.23,36.0,3.175,1.0,125.0,42.5,-40.0,3.0,0.5,62.62499895833334,0.27492427115251,0,165.16499725000006,0.9999999833333336,60.0,-5746.199952329565,3.0,0.5,2.249999204416764,0.0785674077821976,8.490365793239568e-05,165.0,5.167563645761633,174.4867683
191.0,-17.38,18.08,0.6999999999999993,2.828427125,0.22,1.0,20.7,0.36,232.0,50.0,58.0,41.6,7.38,490.15,0.23,36.0,3.175,1.0,125.0,42.5,-40.0,3.0,0.5,62.6249985119048,0.2097959821309678,0,235.87928010204092,1.428571394557824,42.0,-5746.199952329565,3.0,0.5,2.249999204416764,0.0785674077821976,8.490365793239568e-05,165.0,5.265542514046323,192.5512846
191.0,-17.38,18.08,0.6999999999999993,2.828427125,0.22,1.0,20.7,0.36,232.0,50.0,58.0,41.6,7.38,490.15,0.23,36.0,3.175,1.0,125.0,42.5,-40.0,3.0,0.5,62.62499973958332,0.6019319434627216,0,41.414999828125,0.2499999989583333,240.0,-5746.199952329565,3.0,0.5,2.249999204416764,0.0785674077821976,8.490365793239568e-05,165.0,4.787324068725537,118.9798808
191.0,-17.38,18.08,0.6999999999999993,2.828427125,0.22,1.0,20.7,0.36,232.0,50.0,58.0,41.6,7.38,490.15,0.23,36.0,3.175,1.0,125.0,35.0,-55.0,3.0,0.5,62.62499791666673,0.1481179263597707,0,360.17998800000044,1.999999933333336,30.0,-6268.581766177707,3.0,0.5,2.249999204416764,0.0785674077821976,8.490365793239568e-05,180.0,5.2345094238064,186.6370335
191.0,-17.38,18.08,0.6999999999999993,2.828427125,0.22,1.0,20.7,0.36,232.0,50.0,58.0,41.6,7.38,490.15,0.23,36.0,3.175,1.0,100.0,50.0,0.0,3.0,0.5,50.09999833333338,0.2002398073611453,0,200.0999933333336,1.999999933333336,30.0,-3482.5454256542826,3.0,0.5,2.249999204416764,0.0785674077821976,8.490365793239568e-05,100.0,6.510838537057536,671.3900052
191.0,-17.38,18.08,0.6999999999999993,2.828427125,0.22,1.0,20.7,0.36,232.0,50.0,58.0,41.6,7.38,490.15,0.23,36.0,3.175,1.0,100.0,50.0,0.0,3.0,0.5,128.933329038889,0.3918549273899281,0,200.0999933333336,1.999999933333336,30.0,-3482.5454256542826,3.0,0.5,2.249999204416764,0.0785674077821976,8.490365793239568e-05,100.0,6.24986043412488,516.9405328
191.0,-17.38,18.08,0.6999999999999993,2.828427125,0.22,1.0,20.7,0.36,232.0,50.0,58.0,41.6,7.38,490.15,0.23,36.0,3.175,1.0,100.0,50.0,0.0,3.0,0.5,50.09999875000003,0.250249749005989,0,150.0999962500001,1.4999999625000011,40.0,-3482.5454256542826,3.0,0.5,2.249999204416764,0.0785674077821976,8.490365793239568e-05,100.0,6.431503734982995,620.1072268
191.0,-17.38,18.08,0.6999999999999993,2.828427125,0.22,1.0,20.7,0.36,232.0,50.0,58.0,41.6,7.38,490.15,0.23,36.0,3.175,1.0,100.0,50.0,0.0,3.0,0.5,118.34999704375008,0.4408642188840806,0,150.0999962500001,1.4999999625000011,40.0,-3482.5454256542826,3.0,0.5,2.249999204416764,0.0785674077821976,8.490365793239568e-05,100.0,6.194188864399151,488.8939134
191.0,-17.38,18.08,0.6999999999999993,2.828427125,0.22,1.0,20.7,0.36,232.0,50.0,58.0,41.6,7.38,490.15,0.23,36.0,3.175,1.0,100.0,50.0,0.0,3.0,0.5,159.29999681600003,0.5701503200771978,0,120.09999760000004,1.1999999760000006,50.0,-3482.5454256542826,3.0,0.5,2.249999204416764,0.0785674077821976,8.490365793239568e-05,100.0,6.050741265852264,423.4275271
191.0,-17.38,18.08,0.6999999999999993,2.828427125,0.22,1.0,20.7,0.36,232.0,50.0,58.0,41.6,7.38,490.15,0.23,36.0,3.175,1.0,100.0,50.0,0.0,3.0,0.5,50.09999916666668,0.3335552574367479,0,100.09999833333336,0.9999999833333336,60.0,-3482.5454256542826,3.0,0.5,2.249999204416764,0.0785674077821976,8.490365793239568e-05,100.0,6.319705043948462,554.409147
191.0,-17.38,18.08,0.6999999999999993,2.828427125,0.22,1.0,20.7,0.36,232.0,50.0,58.0,41.6,7.38,490.15,0.23,36.0,3.175,1.0,100.0,50.0,0.0,3.0,0.5,50.099999375,0.4001597412147751,0,75.09999906250002,0.7499999906250001,80.0,-3482.5454256542826,3.0,0.5,2.249999204416764,0.0785674077821976,8.490365793239568e-05,100.0,6.240396143392738,512.0617167
191.0,-17.38,18.08,0.6999999999999993,2.828427125,0.22,1.0,20.7,0.36,232.0,50.0,58.0,41.6,7.38,490.15,0.23,36.0,3.175,1.0,100.0,50.0,0.0,3.0,0.5,59.22499926093751,0.4409082416470462,0,75.09999906250002,0.7499999906250001,80.0,-3482.5454256542826,3.0,0.5,2.249999204416764,0.0785674077821976,8.490365793239568e-05,100.0,6.194188864399151,488.8939134
191.0,-17.38,18.08,0.6999999999999993,2.828427125,0.22,1.0,20.7,0.36,232.0,50.0,58.0,41.6,7.38,490.15,0.23,36.0,3.175,1.0,100.0,50.0,0.0,3.0,0.5,77.87777691358025,0.5384083539357478,0,66.76666592592593,0.6666666592592594,90.0,-3482.5454256542826,3.0,0.5,2.249999204416764,0.0785674077821976,8.490365793239568e-05,100.0,6.086156001222856,438.7278449
191.0,-17.38,18.08,0.6999999999999993,2.828427125,0.22,1.0,20.7,0.36,232.0,50.0,58.0,41.6,7.38,490.15,0.23,36.0,3.175,1.0,100.0,50.0,0.0,3.0,0.5,70.09999930000001,0.5384024536215111,0,60.0999994,0.599999994,100.0,-3482.5454256542826,3.0,0.5,2.249999204416764,0.0785674077821976,8.490365793239568e-05,100.0,6.086156001222856,438.7278449
191.0,-17.38,18.08,0.6999999999999993,2.828427125,0.22,1.0,20.7,0.36,232.0,50.0,58.0,41.6,7.38,490.15,0.23,36.0,3.175,1.0,100.0,50.0,0.0,3.0,0.5,50.09999958333333,0.49999999500998,0,50.09999958333333,0.4999999958333334,120.0,-3482.5454256542826,3.0,0.5,2.249999204416764,0.0785674077821976,8.490365793239568e-05,100.0,6.128637622343558,457.8106613
191.0,-17.38,18.08,0.6999999999999993,2.828427125,0.22,1.0,20.7,0.36,232.0,50.0,58.0,41.6,7.38,490.15,0.23,36.0,3.175,1.0,100.0,50.0,0.0,3.0,0.5,50.09999964285714,0.5383788704804484,0,42.95714255102041,0.4285714255102041,140.0,-3482.5454256542826,3.0,0.5,2.249999204416764,0.0785674077821976,8.490365793239568e-05,100.0,6.086156001222856,438.7278449
191.0,-17.38,18.08,0.6999999999999993,2.828427125,0.22,1.0,20.7,0.36,232.0,50.0,58.0,41.6,7.38,490.15,0.23,36.0,3.175,1.0,100.0,50.0,0.0,3.0,0.5,50.09999979166666,0.6662233953941235,0,25.09999989583333,0.2499999989583333,240.0,-3482.5454256542826,3.0,0.5,2.249999204416764,0.0785674077821976,8.490365793239568e-05,100.0,5.937650152152218,378.0431884
191.0,-17.38,18.08,0.6999999999999993,2.828427125,0.22,1.0,20.7,0.36,232.0,50.0,58.0,41.6,7.38,490.15,0.23,36.0,3.175,1.0,100.0,50.0,0.0,3.0,0.5,43.15555549575617,0.8365280906103939,0,8.433333321759259,0.0833333332175925,720.0,-3482.5454256542826,3.0,0.5,2.249999204416764,0.0785674077821976,8.490365793239568e-05,100.0,5.676304474623405,290.8688258
191.0,-17.38,18.08,0.6999999999999993,2.828427125,0.22,1.0,20.7,0.36,232.0,50.0,58.0,41.6,7.38,490.15,0.23,36.0,3.175,1.0,100.0,50.0,0.0,3.0,0.5,0.1,0.0006990213818156,1,142.9571394557824,,,-3482.5454256542826,3.0,0.5,2.249999204416764,0.0785674077821976,8.490365793239568e-05,100.0,6.59638122188815,731.4398503
191.0,-17.38,18.08,0.6999999999999993,2.828427125,0.22,1.0,20.7,0.36,232.0,50.0,58.0,41.6,7.38,490.15,0.23,36.0,3.175,1.0,100.0,50.0,0.0,3.0,0.5,0.1,0.0006990213818156,1,142.9571394557824,,,-3482.5454256542826,3.0,0.5,2.249999204416764,0.0785674077821976,8.490365793239568e-05,100.0,6.310664874908387,549.4107815
191.0,-17.38,18.08,0.6999999999999993,2.828427125,0.22,1.0,20.7,0.36,232.0,50.0,58.0,41.6,7.38,490.15,0.23,36.0,3.175,1.0,100.0,50.0,0.0,3.0,0.5,0.1,0.0006990213818156,1,142.9571394557824,,,-3482.5454256542826,3.0,0.5,2.249999204416764,0.0785674077821976,8.490365793239568e-05,100.0,6.124082202339112,455.7253394
191.0,-17.38,18.08,0.6999999999999993,2.828427125,0.22,1.0,20.7,0.36,232.0,50.0,58.0,41.6,7.38,490.15,0.23,36.0,3.175,1.0,100.0,37.5,-25.0,3.0,0.5,112.09999720000006,0.3740095074698029,0,187.6249953125001,1.4999999625000011,40.0,-4353.181782067853,3.0,0.5,2.249999204416764,0.0785674077821976,8.490365793239568e-05,125.0,5.891573634197107,360.9744518
191.0,-17.38,18.08,0.6999999999999993,2.828427125,0.22,1.0,20.7,0.36,232.0,50.0,58.0,41.6,7.38,490.15,0.23,36.0,3.175,1.0,75.0,37.5,0.0,3.0,0.5,84.07499790000004,0.4275362297113425,0,112.57499718750007,1.4999999625000011,40.0,-2611.909069240712,3.0,0.5,2.249999204416764,0.0785674077821976,8.490365793239568e-05,75.0,7.123433182771374,1239.702689
191.0,-17.38,18.08,0.6999999999999993,2.828427125,0.22,1.0,20.7,0.36,232.0,50.0,58.0,41.6,7.38,490.15,0.23,36.0,3.175,1.0,60.0,30.0,0.0,3.0,0.5,24.059999400000017,0.2108307026817105,0,90.05999775000006,1.4999999625000011,40.0,-2089.5272553925693,3.0,0.5,2.249999204416764,0.0785674077821976,8.490365793239568e-05,60.0,8.0650896865807,3180.441537
191.0,-17.38,18.08,0.6999999999999993,2.828427125,0.22,1.0,20.7,0.36,232.0,50.0,58.0,41.6,7.38,490.15,0.23,36.0,3.175,1.0,100.0,30.0,-40.0,3.0,0.5,40.099999000000025,0.1602461630486427,0,210.1399947500001,1.4999999625000011,40.0,-4875.563595915995,3.0,0.5,2.249999204416764,0.0785674077821976,8.490365793239568e-05,140.0,6.013960745443158,408.1004584
191.0,-17.38,18.08,0.6999999999999993,2.828427125,0.22,1.0,20.7,0.36,232.0,50.0,58.0,41.6,7.38,490.15,0.23,36.0,3.175,1.0,125.0,50.0,-25.0,3.0,0.5,78.24999804687506,0.2579103485281527,0,225.14999437500012,1.4999999625000011,40.0,-5223.818138481423,3.0,0.5,2.249999204416764,0.0785674077821976,8.490365793239568e-05,150.0,5.352921172041771,210.2244204
191.0,-17.38,18.08,0.6999999999999993,2.828427125,0.22,1.0,20.7,0.36,232.0,50.0,58.0,41.6,7.38,490.15,0.23,36.0,3.175,1.0,60.0,10.0,-40.0,3.0,0.5,30.05999900000003,0.1306047961014018,0,200.0999933333336,1.999999933333336,30.0,-3482.5454256542826,3.0,0.5,2.249999204416764,0.0785674077821976,8.490365793239568e-05,100.0,7.354496933006415,1562.210398
191.0,-17.38,18.08,0.6999999999999993,2.828427125,0.22,1.0,20.7,0.36,232.0,50.0,58.0,41.6,7.38,490.15,0.23,36.0,3.175,1.0,125.0,42.5,-40.0,3.0,0.5,62.62499895833334,0.27492427115251,0,165.16499725000006,0.9999999833333336,60.0,-5746.199952329565,3.0,0.5,2.249999204416764,0.0785674077821976,8.490365793239568e-05,165.0,6.469704481244383,644.2930026
191.0,-17.38,18.08,0.6999999999999993,2.828427125,0.22,1.0,20.7,0.36,232.0,50.0,58.0,41.6,7.38,490.15,0.23,36.0,3.175,1.0,125.0,42.5,-40.0,3.0,0.5,62.6249985119048,0.2097959821309678,0,235.87928010204092,1.428571394557824,42.0,-5746.199952329565,3.0,0.5,2.249999204416764,0.0785674077821976,8.490365793239568e-05,165.0,6.568072704095047,710.9962924
191.0,-17.38,18.08,0.6999999999999993,2.828427125,0.22,1.0,20.7,0.36,232.0,50.0,58.0,41.6,7.38,490.15,0.23,36.0,3.175,1.0,125.0,42.5,-40.0,3.0,0.5,62.62499973958332,0.6019319434627216,0,41.414999828125,0.2499999989583333,240.0,-5746.199952329565,3.0,0.5,2.249999204416764,0.0785674077821976,8.490365793239568e-05,165.0,6.08753268095619,439.3336262
191.0,-17.38,18.08,0.6999999999999993,2.828427125,0.22,1.0,20.7,0.36,232.0,50.0,58.0,41.6,7.38,490.15,0.23,36.0,3.175,1.0,125.0,35.0,-55.0,3.0,0.5,62.62499791666673,0.1481179263597707,0,360.17998800000044,1.999999933333336,30.0,-6268.581766177707,3.0,0.5,2.249999204416764,0.0785674077821976,8.490365793239568e-05,180.0,6.536920410976743,689.1578993
191.0,-17.38,18.08,0.6999999999999993,2.828427125,0.22,1.0,20.7,0.36,232.0,50.0,58.0,41.6,7.38,490.15,0.23,36.0,3.175,1.0,100.0,50.0,0.0,3.0,0.5,50.09999833333338,0.2002398073611453,0,200.0999933333336,1.999999933333336,30.0,-3482.5454256542826,3.0,0.5,2.249999204416764,0.0785674077821976,8.490365793239568e-05,100.0,7.816058170434447,2479.109944
191.0,-17.38,18.08,0.6999999999999993,2.828427125,0.22,1.0,20.7,0.36,232.0,50.0,58.0,41.6,7.38,490.15,0.23,36.0,3.175,1.0,100.0,50.0,0.0,3.0,0.5,128.933329038889,0.3918549273899281,0,200.0999933333336,1.999999933333336,30.0,-3482.5454256542826,3.0,0.5,2.249999204416764,0.0785674077821976,8.490365793239568e-05,100.0,7.5547562786413245,1908.804727
191.0,-17.38,18.08,0.6999999999999993,2.828427125,0.22,1.0,20.7,0.36,232.0,50.0,58.0,41.6,7.38,490.15,0.23,36.0,3.175,1.0,100.0,50.0,0.0,3.0,0.5,50.09999875000003,0.250249749005989,0,150.0999962500001,1.4999999625000011,40.0,-3482.5454256542826,3.0,0.5,2.249999204416764,0.0785674077821976,8.490365793239568e-05,100.0,7.736633726604993,2289.748105
191.0,-17.38,18.08,0.6999999999999993,2.828427125,0.22,1.0,20.7,0.36,232.0,50.0,58.0,41.6,7.38,490.15,0.23,36.0,3.175,1.0,100.0,50.0,0.0,3.0,0.5,118.34999704375008,0.4408642188840806,0,150.0999962500001,1.4999999625000011,40.0,-3482.5454256542826,3.0,0.5,2.249999204416764,0.0785674077821976,8.490365793239568e-05,100.0,7.499003991852089,1805.242486
191.0,-17.38,18.08,0.6999999999999993,2.828427125,0.22,1.0,20.7,0.36,232.0,50.0,58.0,41.6,7.38,490.15,0.23,36.0,3.175,1.0,100.0,50.0,0.0,3.0,0.5,159.29999681600003,0.5701503200771978,0,120.09999760000004,1.1999999760000006,50.0,-3482.5454256542826,3.0,0.5,2.249999204416764,0.0785674077821976,8.490365793239568e-05,100.0,7.355326437497823,1563.507626
191.0,-17.38,18.08,0.6999999999999993,2.828427125,0.22,1.0,20.7,0.36,232.0,50.0,58.0,41.6,7.38,490.15,0.23,36.0,3.175,1.0,100.0,50.0,0.0,3.0,0.5,50.09999916666668,0.3335552574367479,0,100.09999833333336,0.9999999833333336,60.0,-3482.5454256542826,3.0,0.5,2.249999204416764,0.0785674077821976,8.490365793239568e-05,100.0,7.624695992959923,2047.157716
191.0,-17.38,18.08,0.6999999999999993,2.828427125,0.22,1.0,20.7,0.36,232.0,50.0,58.0,41.6,7.38,490.15,0.23,36.0,3.175,1.0,100.0,50.0,0.0,3.0,0.5,50.099999375,0.4001597412147751,0,75.09999906250002,0.7499999906250001,80.0,-3482.5454256542826,3.0,0.5,2.249999204416764,0.0785674077821976,8.490365793239568e-05,100.0,7.545278581170685,1890.789681
191.0,-17.38,18.08,0.6999999999999993,2.828427125,0.22,1.0,20.7,0.36,232.0,50.0,58.0,41.6,7.38,490.15,0.23,36.0,3.175,1.0,100.0,50.0,0.0,3.0,0.5,59.22499926093751,0.4409082416470462,0,75.09999906250002,0.7499999906250001,80.0,-3482.5454256542826,3.0,0.5,2.249999204416764,0.0785674077821976,8.490365793239568e-05,100.0,7.499003991852089,1805.242486
191.0,-17.38,18.08,0.6999999999999993,2.828427125,0.22,1.0,20.7,0.36,232.0,50.0,58.0,41.6,7.38,490.15,0.23,36.0,3.175,1.0,100.0,50.0,0.0,3.0,0.5,77.87777691358025,0.5384083539357478,0,66.76666592592593,0.6666666592592594,90.0,-3482.5454256542826,3.0,0.5,2.249999204416764,0.0785674077821976,8.490365793239568e-05,100.0,7.390801052886081,1620.004103
191.0,-17.38,18.08,0.6999999999999993,2.828427125,0.22,1.0,20.7,0.36,232.0,50.0,58.0,41.6,7.38,490.15,0.23,36.0,3.175,1.0,100.0,50.0,0.0,3.0,0.5,70.09999930000001,0.5384024536215111,0,60.0999994,0.599999994,100.0,-3482.5454256542826,3.0,0.5,2.249999204416764,0.0785674077821976,8.490365793239568e-05,100.0,7.390801052886081,1620.004103
191.0,-17.38,18.08,0.6999999999999993,2.828427125,0.22,1.0,20.7,0.36,232.0,50.0,58.0,41.6,7.38,490.15,0.23,36.0,3.175,1.0,100.0,50.0,0.0,3.0,0.5,50.09999958333333,0.49999999500998,0,50.09999958333333,0.4999999958333334,120.0,-3482.5454256542826,3.0,0.5,2.249999204416764,0.0785674077821976,8.490365793239568e-05,100.0,7.433351755993259,1690.467469
191.0,-17.38,18.08,0.6999999999999993,2.828427125,0.22,1.0,20.7,0.36,232.0,50.0,58.0,41.6,7.38,490.15,0.23,36.0,3.175,1.0,100.0,50.0,0.0,3.0,0.5,50.09999964285714,0.5383788704804484,0,42.95714255102041,0.4285714255102041,140.0,-3482.5454256542826,3.0,0.5,2.249999204416764,0.0785674077821976,8.490365793239568e-05,100.0,7.390801052886081,1620.004103
191.0,-17.38,18.08,0.6999999999999993,2.828427125,0.22,1.0,20.7,0.36,232.0,50.0,58.0,41.6,7.38,490.15,0.23,36.0,3.175,1.0,100.0,50.0,0.0,3.0,0.5,50.09999979166666,0.6662233953941235,0,25.09999989583333,0.2499999989583333,240.0,-3482.5454256542826,3.0,0.5,2.249999204416764,0.0785674077821976,8.490365793239568e-05,100.0,7.242029241167624,1395.925796
191.0,-17.38,18.08,0.6999999999999993,2.828427125,0.22,1.0,20.7,0.36,232.0,50.0,58.0,41.6,7.38,490.15,0.23,36.0,3.175,1.0,100.0,50.0,0.0,3.0,0.5,43.15555549575617,0.8365280906103939,0,8.433333321759259,0.0833333332175925,720.0,-3482.5454256542826,3.0,0.5,2.249999204416764,0.0785674077821976,8.490365793239568e-05,100.0,6.98010771401047,1074.034157
191.0,-17.38,18.08,0.6999999999999993,2.828427125,0.22,1.0,20.7,0.36,232.0,50.0,58.0,41.6,7.38,490.15,0.23,36.0,3.175,1.0,100.0,50.0,0.0,3.0,0.5,0.1,0.0006990213818156,1,142.9571394557824,,,-3482.5454256542826,3.0,0.5,2.249999204416764,0.0785674077821976,8.490365793239568e-05,100.0,7.90168985845665,2700.844207
191.0,-17.38,18.08,0.6999999999999993,2.828427125,0.22,1.0,20.7,0.36,232.0,50.0,58.0,41.6,7.38,490.15,0.23,36.0,3.175,1.0,100.0,50.0,0.0,3.0,0.5,0.1,0.0006990213818156,1,142.9571394557824,,,-3482.5454256542826,3.0,0.5,2.249999204416764,0.0785674077821976,8.490365793239568e-05,100.0,7.615643885835017,2028.701234
191.0,-17.38,18.08,0.6999999999999993,2.828427125,0.22,1.0,20.7,0.36,232.0,50.0,58.0,41.6,7.38,490.15,0.23,36.0,3.175,1.0,100.0,50.0,0.0,3.0,0.5,0.1,0.0006990213818156,1,142.9571394557824,,,-3482.5454256542826,3.0,0.5,2.249999204416764,0.0785674077821976,8.490365793239568e-05,100.0,7.42878906827987,1682.767411
191.0,-17.38,18.08,0.6999999999999993,2.828427125,0.22,1.0,20.7,0.36,232.0,50.0,58.0,41.6,7.38,490.15,0.23,36.0,3.175,1.0,100.0,37.5,-25.0,3.0,0.5,112.09999720000006,0.3740095074698029,0,187.6249953125001,1.4999999625000011,40.0,-4353.181782067853,3.0,0.5,2.249999204416764,0.0785674077821976,8.490365793239568e-05,125.0,7.195861831579472,1332.899427
191.0,-17.38,18.08,0.6999999999999993,2.828427125,0.22,1.0,20.7,0.36,232.0,50.0,58.0,41.6,7.38,490.15,0.23,36.0,3.175,1.0,75.0,37.5,0.0,3.0,0.5,84.07499790000004,0.4275362297113425,0,112.57499718750007,1.4999999625000011,40.0,-2611.909069240712,3.0,0.5,2.249999204416764,0.0785674077821976,8.490365793239568e-05,75.0,8.429149976883481,4577.606517
191.0,-17.38,18.08,0.6999999999999993,2.828427125,0.22,1.0,20.7,0.36,232.0,50.0,58.0,41.6,7.38,490.15,0.23,36.0,3.175,1.0,60.0,30.0,0.0,3.0,0.5,24.059999400000017,0.2108307026817105,0,90.05999775000006,1.4999999625000011,40.0,-2089.5272553925693,3.0,0.5,2.249999204416764,0.0785674077821976,8.490365793239568e-05,60.0,9.371165145551888,11743.79151
191.0,-17.38,18.08,0.6999999999999993,2.828427125,0.22,1.0,20.7,0.36,232.0,50.0,58.0,41.6,7.38,490.15,0.23,36.0,3.175,1.0,100.0,30.0,-40.0,3.0,0.5,40.099999000000025,0.1602461630486427,0,210.1399947500001,1.4999999625000011,40.0,-4875.563595915995,3.0,0.5,2.249999204416764,0.0785674077821976,8.490365793239568e-05,140.0,7.318481437463038,1506.912371
191.0,-17.38,18.08,0.6999999999999993,2.828427125,0.22,1.0,20.7,0.36,232.0,50.0,58.0,41.6,7.38,490.15,0.23,36.0,3.175,1.0,125.0,50.0,-25.0,3.0,0.5,78.24999804687506,0.2579103485281527,0,225.14999437500012,1.4999999625000011,40.0,-5223.818138481423,3.0,0.5,2.249999204416764,0.0785674077821976,8.490365793239568e-05,150.0,6.655767720457035,776.2544082
191.0,-17.38,18.08,0.6999999999999993,2.828427125,0.22,1.0,20.7,0.36,232.0,50.0,58.0,41.6,7.38,490.15,0.23,36.0,3.175,1.0,60.0,10.0,-40.0,3.0,0.5,30.05999900000003,0.1306047961014018,0,200.0999933333336,1.999999933333336,30.0,-3482.5454256542826,3.0,0.5,2.249999204416764,0.0785674077821976,8.490365793239568e-05,100.0,8.660335043456055,5768.467361
