"Pitch, mm","PkgHlfDiagSz, mm","DieHlfDiagSz, mm","ΔT, °C","t (Ramp up and hot dwell time), min","Tmax, °C","Substrate thickness, mm",Ball count,"Package CTE, ppm/°C",Package Specific Heat J/KgK,Package Thermal conductivity W/mK,"Package melting temp., K",Packag Poisson ratio,"Package Young Module, GPa","Package density, g/cm3","Package Plating (0:None, 1:Ni/Au, )",b_Ag (Wt. % Ag comp. in ball alloy),p_Ag (Wt. % Ag comp. in paste alloy),b_Cu (Wt. % Cu comp. in ball alloy),p_Cu (Wt. % Cu comp. in paste alloy),Solder CTE,Solder Specific Heat J/KgK,Solder Thermal conductivity W/mK,Solder melting temp.,Solder Poisson Ratio,Solder Young Module,Solder density,Solder Tensile Strength MPa,Substrate CTE x-y-direction,Substrate CTE z-direction,Substrate Specific Heat J/KgK,Substrate Thermal Conductivity x-y-direction W/mK,Substrate Thermal Conductivity z-direction W/mK,Substrate melting temp.,Substrate Poisson ratio,Substrate Young Module,Substrate density,"Substratre Plating (0:None, 1:Ni/Au, )",mean life (cycle),cycle_mode,frequency_min_per_cycle
0.8,5.66,3.39,165.0,21.0,125.0,1.6,64.0,2.62,700.0,148.0,1693.0,0.22,159.0,2.33,1.0,0.0,4.0,0.0,0.5,22.5,236.0,62.0,491.0,0.35,40.1,7.4,51.5,14.0,45.0,872.5,0.8,0.4,393.15,0.16,28.5,1.585,1.0,4249.79892,0,42.0
0.8,5.66,3.39,165.0,120.0,125.0,1.6,64.0,2.62,700.0,148.0,1693.0,0.22,159.0,2.33,1.0,0.0,4.0,0.0,0.5,22.5,236.0,62.0,491.0,0.35,40.1,7.4,51.5,14.0,45.0,872.5,0.8,0.4,393.15,0.16,28.5,1.585,1.0,2626.00465,0,240.0
0.8,5.66,3.39,180.0,15.0,125.0,1.6,64.0,2.62,700.0,148.0,1693.0,0.22,159.0,2.33,1.0,0.0,4.0,0.0,0.5,22.5,236.0,62.0,491.0,0.35,40.1,7.4,51.5,14.0,45.0,872.5,0.8,0.4,393.15,0.16,28.5,1.585,1.0,4119.265498,0,30.0
0.8,5.66,3.39,100.0,15.0,100.0,1.6,64.0,2.62,700.0,148.0,1693.0,0.22,159.0,2.33,1.0,0.0,4.0,0.0,0.5,22.5,236.0,62.0,491.0,0.35,40.1,7.4,51.5,14.0,45.0,872.5,0.8,0.4,393.15,0.16,28.5,1.585,1.0,14818.24712,0,30.0
0.8,5.66,3.39,100.0,38.65,100.0,1.6,64.0,2.62,700.0,148.0,1693.0,0.22,159.0,2.33,1.0,0.0,4.0,0.0,0.5,22.5,236.0,62.0,491.0,0.35,40.1,7.4,51.5,14.0,45.0,872.5,0.8,0.4,393.15,0.16,28.5,1.585,1.0,11409.3932,0,30.0
0.8,5.66,3.39,100.0,20.0,100.0,1.6,64.0,2.62,700.0,148.0,1693.0,0.22,159.0,2.33,1.0,0.0,4.0,0.0,0.5,22.5,236.0,62.0,491.0,0.35,40.1,7.4,51.5,14.0,45.0,872.5,0.8,0.4,393.15,0.16,28.5,1.585,1.0,13686.38505,0,40.0
0.8,5.66,3.39,100.0,47.3,100.0,1.6,64.0,2.62,700.0,148.0,1693.0,0.22,159.0,2.33,1.0,0.0,4.0,0.0,0.5,22.5,236.0,62.0,491.0,0.35,40.1,7.4,51.5,14.0,45.0,872.5,0.8,0.4,393.15,0.16,28.5,1.585,1.0,10790.37634,0,40.0
0.8,5.66,3.39,100.0,79.6,100.0,1.6,64.0,2.62,700.0,148.0,1693.0,0.22,159.0,2.33,1.0,0.0,4.0,0.0,0.5,22.5,236.0,62.0,491.0,0.35,40.1,7.4,51.5,14.0,45.0,872.5,0.8,0.4,393.15,0.16,28.5,1.585,1.0,9345.467889,0,50.0
0.8,5.66,3.39,100.0,30.0,100.0,1.6,64.0,2.62,700.0,148.0,1693.0,0.22,159.0,2.33,1.0,0.0,4.0,0.0,0.5,22.5,236.0,62.0,491.0,0.35,40.1,7.4,51.5,14.0,45.0,872.5,0.8,0.4,393.15,0.16,28.5,1.585,1.0,12236.36289,0,60.0
0.8,5.66,3.39,100.0,40.0,100.0,1.6,64.0,2.62,700.0,148.0,1693.0,0.22,159.0,2.33,1.0,0.0,4.0,0.0,0.5,22.5,236.0,62.0,491.0,0.35,40.1,7.4,51.5,14.0,45.0,872.5,0.8,0.4,393.15,0.16,28.5,1.585,1.0,11301.71287,0,80.0
0.8,5.66,3.39,100.0,47.3,100.0,1.6,64.0,2.62,700.0,148.0,1693.0,0.22,159.0,2.33,1.0,0.0,4.0,0.0,0.5,22.5,236.0,62.0,491.0,0.35,40.1,7.4,51.5,14.0,45.0,872.5,0.8,0.4,393.15,0.16,28.5,1.585,1.0,10790.37634,0,80.0
0.8,5.66,3.39,100.0,70.0,100.0,1.6,64.0,2.62,700.0,148.0,1693.0,0.22,159.0,2.33,1.0,0.0,4.0,0.0,0.5,22.5,236.0,62.0,491.0,0.35,40.1,7.4,51.5,14.0,45.0,872.5,0.8,0.4,393.15,0.16,28.5,1.585,1.0,9683.161166,0,90.0
0.8,5.66,3.39,100.0,70.0,100.0,1.6,64.0,2.62,700.0,148.0,1693.0,0.22,159.0,2.33,1.0,0.0,4.0,0.0,0.5,22.5,236.0,62.0,491.0,0.35,40.1,7.4,51.5,14.0,45.0,872.5,0.8,0.4,393.15,0.16,28.5,1.585,1.0,9683.161166,0,100.0
0.8,5.66,3.39,100.0,60.0,100.0,1.6,64.0,2.62,700.0,148.0,1693.0,0.22,159.0,2.33,1.0,0.0,4.0,0.0,0.5,22.5,236.0,62.0,491.0,0.35,40.1,7.4,51.5,14.0,45.0,872.5,0.8,0.4,393.15,0.16,28.5,1.585,1.0,10104.33796,0,120.0
0.8,5.66,3.39,100.0,70.0,100.0,1.6,64.0,2.62,700.0,148.0,1693.0,0.22,159.0,2.33,1.0,0.0,4.0,0.0,0.5,22.5,236.0,62.0,491.0,0.35,40.1,7.4,51.5,14.0,45.0,872.5,0.8,0.4,393.15,0.16,28.5,1.585,1.0,9683.161166,0,140.0
0.8,5.66,3.39,100.0,120.0,100.0,1.6,64.0,2.62,700.0,148.0,1693.0,0.22,159.0,2.33,1.0,0.0,4.0,0.0,0.5,22.5,236.0,62.0,491.0,0.35,40.1,7.4,51.5,14.0,45.0,872.5,0.8,0.4,393.15,0.16,28.5,1.585,1.0,8343.790263,0,240.0
0.8,5.66,3.39,100.0,310.0,100.0,1.6,64.0,2.62,700.0,148.0,1693.0,0.22,159.0,2.33,1.0,0.0,4.0,0.0,0.5,22.5,236.0,62.0,491.0,0.35,40.1,7.4,51.5,14.0,45.0,872.5,0.8,0.4,393.15,0.16,28.5,1.585,1.0,6419.765124,0,720.0
0.8,5.66,3.39,100.0,11.0,100.0,1.6,64.0,2.62,700.0,148.0,1693.0,0.22,159.0,2.33,1.0,0.0,4.0,0.0,0.5,22.5,236.0,62.0,491.0,0.35,40.1,7.4,51.5,14.0,45.0,872.5,0.8,0.4,393.15,0.16,28.5,1.585,1.0,16143.6071,1,
0.8,5.66,3.39,100.0,31.0,100.0,1.6,64.0,2.62,700.0,148.0,1693.0,0.22,159.0,2.33,1.0,0.0,4.0,0.0,0.5,22.5,236.0,62.0,491.0,0.35,40.1,7.4,51.5,14.0,45.0,872.5,0.8,0.4,393.15,0.16,28.5,1.585,1.0,12126.04398,1,
0.8,5.66,3.39,100.0,61.0,100.0,1.6,64.0,2.62,700.0,148.0,1693.0,0.22,159.0,2.33,1.0,0.0,4.0,0.0,0.5,22.5,236.0,62.0,491.0,0.35,40.1,7.4,51.5,14.0,45.0,872.5,0.8,0.4,393.15,0.16,28.5,1.585,1.0,10058.31282,1,
0.8,5.66,3.39,125.0,44.8,100.0,1.6,64.0,2.62,700.0,148.0,1693.0,0.22,159.0,2.33,1.0,0.0,4.0,0.0,0.5,22.5,236.0,62.0,491.0,0.35,40.1,7.4,51.5,14.0,45.0,872.5,0.8,0.4,393.15,0.16,28.5,1.585,1.0,7967.06622,0,40.0
0.8,5.66,3.39,75.0,44.8,75.0,1.6,64.0,2.62,700.0,148.0,1693.0,0.22,159.0,2.33,1.0,0.0,4.0,0.0,0.5,22.5,236.0,62.0,491.0,0.35,40.1,7.4,51.5,14.0,45.0,872.5,0.8,0.4,393.15,0.16,28.5,1.585,1.0,27361.47493,0,40.0
0.8,5.66,3.39,60.0,16.0,60.0,1.6,64.0,2.62,700.0,148.0,1693.0,0.22,159.0,2.33,1.0,0.0,4.0,0.0,0.5,22.5,236.0,62.0,491.0,0.35,40.1,7.4,51.5,14.0,45.0,872.5,0.8,0.4,393.15,0.16,28.5,1.585,1.0,70195.51719,0,40.0
0.8,5.66,3.39,140.0,16.0,100.0,1.6,64.0,2.62,700.0,148.0,1693.0,0.22,159.0,2.33,1.0,0.0,4.0,0.0,0.5,22.5,236.0,62.0,491.0,0.35,40.1,7.4,51.5,14.0,45.0,872.5,0.8,0.4,393.15,0.16,28.5,1.585,1.0,9007.184194,0,40.0
0.8,5.66,3.39,150.0,25.0,125.0,1.6,64.0,2.62,700.0,148.0,1693.0,0.22,159.0,2.33,1.0,0.0,4.0,0.0,0.5,22.5,236.0,62.0,491.0,0.35,40.1,7.4,51.5,14.0,45.0,872.5,0.8,0.4,393.15,0.16,28.5,1.585,1.0,4639.862656,0,40.0
0.8,5.66,3.39,100.0,15.0,60.0,1.6,64.0,2.62,700.0,148.0,1693.0,0.22,159.0,2.33,1.0,0.0,4.0,0.0,0.5,22.5,236.0,62.0,491.0,0.35,40.1,7.4,51.5,14.0,45.0,872.5,0.8,0.4,393.15,0.16,28.5,1.585,1.0,34479.54177,0,30.0
0.8,5.66,,165.0,30.0,125.0,1.6,64.0,2.62,700.0,148.0,1693.0,0.22,159.0,2.33,1.0,0.0,4.0,0.0,0.5,22.5,236.0,62.0,491.0,0.35,40.1,7.4,51.5,7.7,7.7,779.0,36.0,36.0,2345.15,0.23,360.0,3.89,1.0,2653.052741,0,60.0
0.8,5.66,,165.0,21.0,125.0,1.6,64.0,2.62,700.0,148.0,1693.0,0.22,159.0,2.33,1.0,0.0,4.0,0.0,0.5,22.5,236.0,62.0,491.0,0.35,40.1,7.4,51.5,7.7,7.7,779.0,36.0,36.0,2345.15,0.23,360.0,3.89,1.0,2944.721716,0,42.0
0.8,5.66,,165.0,120.0,125.0,1.6,64.0,2.62,700.0,148.0,1693.0,0.22,159.0,2.33,1.0,0.0,4.0,0.0,0.5,22.5,236.0,62.0,491.0,0.35,40.1,7.4,51.5,7.7,7.7,779.0,36.0,36.0,2345.15,0.23,360.0,3.89,1.0,1819.580895,0,240.0
0.8,5.66,,100.0,15.0,100.0,1.6,64.0,2.62,700.0,148.0,1693.0,0.22,159.0,2.33,1.0,0.0,4.0,0.0,0.5,22.5,236.0,62.0,491.0,0.35,40.1,7.4,51.5,7.7,7.7,779.0,36.0,36.0,2345.15,0.23,360.0,3.89,1.0,10267.68911,0,30.0
0.8,5.66,,100.0,38.65,100.0,1.6,64.0,2.62,700.0,148.0,1693.0,0.22,159.0,2.33,1.0,0.0,4.0,0.0,0.5,22.5,236.0,62.0,491.0,0.35,40.1,7.4,51.5,7.7,7.7,779.0,36.0,36.0,2345.15,0.23,360.0,3.89,1.0,7905.665319,0,30.0
0.8,5.66,,100.0,20.0,100.0,1.6,64.0,2.62,700.0,148.0,1693.0,0.22,159.0,2.33,1.0,0.0,4.0,0.0,0.5,22.5,236.0,62.0,491.0,0.35,40.1,7.4,51.5,7.7,7.7,779.0,36.0,36.0,2345.15,0.23,360.0,3.89,1.0,9483.412281,0,40.0
0.8,5.66,,100.0,47.3,100.0,1.6,64.0,2.62,700.0,148.0,1693.0,0.22,159.0,2.33,1.0,0.0,4.0,0.0,0.5,22.5,236.0,62.0,491.0,0.35,40.1,7.4,51.5,7.7,7.7,779.0,36.0,36.0,2345.15,0.23,360.0,3.89,1.0,7476.743282,0,40.0
0.8,5.66,,100.0,79.6,100.0,1.6,64.0,2.62,700.0,148.0,1693.0,0.22,159.0,2.33,1.0,0.0,4.0,0.0,0.5,22.5,236.0,62.0,491.0,0.35,40.1,7.4,51.5,7.7,7.7,779.0,36.0,36.0,2345.15,0.23,360.0,3.89,1.0,6475.553964,0,50.0
0.8,5.66,,100.0,30.0,100.0,1.6,64.0,2.62,700.0,148.0,1693.0,0.22,159.0,2.33,1.0,0.0,4.0,0.0,0.5,22.5,236.0,62.0,491.0,0.35,40.1,7.4,51.5,7.7,7.7,779.0,36.0,36.0,2345.15,0.23,360.0,3.89,1.0,8478.679632,0,60.0
0.8,5.66,,100.0,40.0,100.0,1.6,64.0,2.62,700.0,148.0,1693.0,0.22,159.0,2.33,1.0,0.0,4.0,0.0,0.5,22.5,236.0,62.0,491.0,0.35,40.1,7.4,51.5,7.7,7.7,779.0,36.0,36.0,2345.15,0.23,360.0,3.89,1.0,7831.052701,0,80.0
0.8,5.66,,100.0,47.3,100.0,1.6,64.0,2.62,700.0,148.0,1693.0,0.22,159.0,2.33,1.0,0.0,4.0,0.0,0.5,22.5,236.0,62.0,491.0,0.35,40.1,7.4,51.5,7.7,7.7,779.0,36.0,36.0,2345.15,0.23,360.0,3.89,1.0,7476.743282,0,80.0
0.8,5.66,,100.0,70.0,100.0,1.6,64.0,2.62,700.0,148.0,1693.0,0.22,159.0,2.33,1.0,0.0,4.0,0.0,0.5,22.5,236.0,62.0,491.0,0.35,40.1,7.4,51.5,7.7,7.7,779.0,36.0,36.0,2345.15,0.23,360.0,3.89,1.0,6709.5445,0,90.0
0.8,5.66,,100.0,70.0,100.0,1.6,64.0,2.62,700.0,148.0,1693.0,0.22,159.0,2.33,1.0,0.0,4.0,0.0,0.5,22.5,236.0,62.0,491.0,0.35,40.1,7.4,51.5,7.7,7.7,779.0,36.0,36.0,2345.15,0.23,360.0,3.89,1.0,6709.5445,0,100.0
0.8,5.66,,100.0,60.0,100.0,1.6,64.0,2.62,700.0,148.0,1693.0,0.22,159.0,2.33,1.0,0.0,4.0,0.0,0.5,22.5,236.0,62.0,491.0,0.35,40.1,7.4,51.5,7.7,7.7,779.0,36.0,36.0,2345.15,0.23,360.0,3.89,1.0,7001.381471,0,120.0
0.8,5.66,,100.0,70.0,100.0,1.6,64.0,2.62,700.0,148.0,1693.0,0.22,159.0,2.33,1.0,0.0,4.0,0.0,0.5,22.5,236.0,62.0,491.0,0.35,40.1,7.4,51.5,7.7,7.7,779.0,36.0,36.0,2345.15,0.23,360.0,3.89,1.0,6709.5445,0,140.0
0.8,5.66,,100.0,120.0,100.0,1.6,64.0,2.62,700.0,148.0,1693.0,0.22,159.0,2.33,1.0,0.0,4.0,0.0,0.5,22.5,236.0,62.0,491.0,0.35,40.1,7.4,51.5,7.7,7.7,779.0,36.0,36.0,2345.15,0.23,360.0,3.89,1.0,5781.483042,0,240.0
0.8,5.66,,100.0,310.0,100.0,1.6,64.0,2.62,700.0,148.0,1693.0,0.22,159.0,2.33,1.0,0.0,4.0,0.0,0.5,22.5,236.0,62.0,491.0,0.35,40.1,7.4,51.5,7.7,7.7,779.0,36.0,36.0,2345.15,0.23,360.0,3.89,1.0,4448.309704,0,720.0
0.8,5.66,,100.0,11.0,100.0,1.6,64.0,2.62,700.0,148.0,1693.0,0.22,159.0,2.33,1.0,0.0,4.0,0.0,0.5,22.5,236.0,62.0,491.0,0.35,40.1,7.4,51.5,7.7,7.7,779.0,36.0,36.0,2345.15,0.23,360.0,3.89,1.0,11186.04228,1,
0.8,5.66,,100.0,31.0,100.0,1.6,64.0,2.62,700.0,148.0,1693.0,0.22,159.0,2.33,1.0,0.0,4.0,0.0,0.5,22.5,236.0,62.0,491.0,0.35,40.1,7.4,51.5,7.7,7.7,779.0,36.0,36.0,2345.15,0.23,360.0,3.89,1.0,8402.238722,1,
0.8,5.66,,100.0,61.0,100.0,1.6,64.0,2.62,700.0,148.0,1693.0,0.22,159.0,2.33,1.0,0.0,4.0,0.0,0.5,22.5,236.0,62.0,491.0,0.35,40.1,7.4,51.5,7.7,7.7,779.0,36.0,36.0,2345.15,0.23,360.0,3.89,1.0,6969.490265,1,
0.8,5.66,,125.0,44.8,100.0,1.6,64.0,2.62,700.0,148.0,1693.0,0.22,159.0,2.33,1.0,0.0,4.0,0.0,0.5,22.5,236.0,62.0,491.0,0.35,40.1,7.4,51.5,7.7,7.7,779.0,36.0,36.0,2345.15,0.23,360.0,3.89,1.0,5520.447756,0,40.0
0.8,5.66,,75.0,44.8,75.0,1.6,64.0,2.62,700.0,148.0,1693.0,0.22,159.0,2.33,1.0,0.0,4.0,0.0,0.5,22.5,236.0,62.0,491.0,0.35,40.1,7.4,51.5,7.7,7.7,779.0,36.0,36.0,2345.15,0.23,360.0,3.89,1.0,18958.99805,0,40.0
0.8,5.66,,60.0,16.0,60.0,1.6,64.0,2.62,700.0,148.0,1693.0,0.22,159.0,2.33,1.0,0.0,4.0,0.0,0.5,22.5,236.0,62.0,491.0,0.35,40.1,7.4,51.5,7.7,7.7,779.0,36.0,36.0,2345.15,0.23,360.0,3.89,1.0,48639.06922,0,40.0
0.8,5.66,,140.0,16.0,100.0,1.6,64.0,2.62,700.0,148.0,1693.0,0.22,159.0,2.33,1.0,0.0,4.0,0.0,0.5,22.5,236.0,62.0,491.0,0.35,40.1,7.4,51.5,7.7,7.7,779.0,36.0,36.0,2345.15,0.23,360.0,3.89,1.0,6241.154323,0,40.0
0.8,5.66,,150.0,25.0,125.0,1.6,64.0,2.62,700.0,148.0,1693.0,0.22,159.0,2.33,1.0,0.0,4.0,0.0,0.5,22.5,236.0,62.0,491.0,0.35,40.1,7.4,51.5,7.7,7.7,779.0,36.0,36.0,2345.15,0.23,360.0,3.89,1.0,3215.000188,0,40.0
0.8,5.66,,100.0,15.0,60.0,1.6,64.0,2.62,700.0,148.0,1693.0,0.22,159.0,2.33,1.0,0.0,4.0,0.0,0.5,22.5,236.0,62.0,491.0,0.35,40.1,7.4,51.5,7.7,7.7,779.0,36.0,36.0,2345.15,0.23,360.0,3.89,1.0,23891.16693,0,30.0
0.8,8.485281374,4.5254834,165.0,30.0,125.0,1.6,144.0,2.62,700.0,148.0,1693.0,0.22,159.0,2.33,1.0,0.0,4.0,0.0,0.5,22.5,236.0,62.0,491.0,0.35,40.1,7.4,51.5,20.0,20.0,109.0,0.12,0.12,520.0,0.34,2.5,1.47,1.0,2444.002924,0,60.0
0.8,8.485281374,4.5254834,165.0,21.0,125.0,1.6,144.0,2.62,700.0,148.0,1693.0,0.22,159.0,2.33,1.0,0.0,4.0,0.0,0.5,22.5,236.0,62.0,491.0,0.35,40.1,7.4,51.5,20.0,20.0,109.0,0.12,0.12,520.0,0.34,2.5,1.47,1.0,2697.029163,0,42.0
0.8,8.485281374,4.5254834,165.0,120.0,125.0,1.6,144.0,2.62,700.0,148.0,1693.0,0.22,159.0,2.33,1.0,0.0,4.0,0.0,0.5,22.5,236.0,62.0,491.0,0.35,40.1,7.4,51.5,20.0,20.0,109.0,0.12,0.12,520.0,0.34,2.5,1.47,1.0,1666.528525,0,240.0
0.8,8.485281374,4.5254834,180.0,15.0,125.0,1.6,144.0,2.62,700.0,148.0,1693.0,0.22,159.0,2.33,1.0,0.0,4.0,0.0,0.5,22.5,236.0,62.0,491.0,0.35,40.1,7.4,51.5,20.0,20.0,109.0,0.12,0.12,520.0,0.34,2.5,1.47,1.0,2614.189374,0,30.0
0.8,8.485281374,4.5254834,100.0,15.0,100.0,1.6,144.0,2.62,700.0,148.0,1693.0,0.22,159.0,2.33,1.0,0.0,4.0,0.0,0.5,22.5,236.0,62.0,491.0,0.35,40.1,7.4,51.5,20.0,20.0,109.0,0.12,0.12,520.0,0.34,2.5,1.47,1.0,9404.031905,0,30.0
0.8,8.485281374,4.5254834,100.0,38.65,100.0,1.6,144.0,2.62,700.0,148.0,1693.0,0.22,159.0,2.33,1.0,0.0,4.0,0.0,0.5,22.5,236.0,62.0,491.0,0.35,40.1,7.4,51.5,20.0,20.0,109.0,0.12,0.12,520.0,0.34,2.5,1.47,1.0,7240.687567,0,30.0
0.8,8.485281374,4.5254834,100.0,20.0,100.0,1.6,144.0,2.62,700.0,148.0,1693.0,0.22,159.0,2.33,1.0,0.0,4.0,0.0,0.5,22.5,236.0,62.0,491.0,0.35,40.1,7.4,51.5,20.0,20.0,109.0,0.12,0.12,520.0,0.34,2.5,1.47,1.0,8685.723797,0,40.0
0.8,8.485281374,4.5254834,100.0,47.3,100.0,1.6,144.0,2.62,700.0,148.0,1693.0,0.22,159.0,2.33,1.0,0.0,4.0,0.0,0.5,22.5,236.0,62.0,491.0,0.35,40.1,7.4,51.5,20.0,20.0,109.0,0.12,0.12,520.0,0.34,2.5,1.47,1.0,6847.843912,0,40.0
0.8,8.485281374,4.5254834,100.0,79.6,100.0,1.6,144.0,2.62,700.0,148.0,1693.0,0.22,159.0,2.33,1.0,0.0,4.0,0.0,0.5,22.5,236.0,62.0,491.0,0.35,40.1,7.4,51.5,20.0,20.0,109.0,0.12,0.12,520.0,0.34,2.5,1.47,1.0,5930.868711,0,50.0
0.8,8.485281374,4.5254834,100.0,30.0,100.0,1.6,144.0,2.62,700.0,148.0,1693.0,0.22,159.0,2.33,1.0,0.0,4.0,0.0,0.5,22.5,236.0,62.0,491.0,0.35,40.1,7.4,51.5,20.0,20.0,109.0,0.12,0.12,520.0,0.34,2.5,1.47,1.0,7765.503309,0,60.0
0.8,8.485281374,4.5254834,100.0,40.0,100.0,1.6,144.0,2.62,700.0,148.0,1693.0,0.22,159.0,2.33,1.0,0.0,4.0,0.0,0.5,22.5,236.0,62.0,491.0,0.35,40.1,7.4,51.5,20.0,20.0,109.0,0.12,0.12,520.0,0.34,2.5,1.47,1.0,7172.35092,0,80.0
0.8,8.485281374,4.5254834,100.0,47.3,100.0,1.6,144.0,2.62,700.0,148.0,1693.0,0.22,159.0,2.33,1.0,0.0,4.0,0.0,0.5,22.5,236.0,62.0,491.0,0.35,40.1,7.4,51.5,20.0,20.0,109.0,0.12,0.12,520.0,0.34,2.5,1.47,1.0,6847.843912,0,80.0
0.8,8.485281374,4.5254834,100.0,70.0,100.0,1.6,144.0,2.62,700.0,148.0,1693.0,0.22,159.0,2.33,1.0,0.0,4.0,0.0,0.5,22.5,236.0,62.0,491.0,0.35,40.1,7.4,51.5,20.0,20.0,109.0,0.12,0.12,520.0,0.34,2.5,1.47,1.0,6145.177348,0,90.0
0.8,8.485281374,4.5254834,100.0,70.0,100.0,1.6,144.0,2.62,700.0,148.0,1693.0,0.22,159.0,2.33,1.0,0.0,4.0,0.0,0.5,22.5,236.0,62.0,491.0,0.35,40.1,7.4,51.5,20.0,20.0,109.0,0.12,0.12,520.0,0.34,2.5,1.47,1.0,6145.177348,0,100.0
0.8,8.485281374,4.5254834,100.0,60.0,100.0,1.6,144.0,2.62,700.0,148.0,1693.0,0.22,159.0,2.33,1.0,0.0,4.0,0.0,0.5,22.5,236.0,62.0,491.0,0.35,40.1,7.4,51.5,20.0,20.0,109.0,0.12,0.12,520.0,0.34,2.5,1.47,1.0,6412.466722,0,120.0
0.8,8.485281374,4.5254834,100.0,70.0,100.0,1.6,144.0,2.62,700.0,148.0,1693.0,0.22,159.0,2.33,1.0,0.0,4.0,0.0,0.5,22.5,236.0,62.0,491.0,0.35,40.1,7.4,51.5,20.0,20.0,109.0,0.12,0.12,520.0,0.34,2.5,1.47,1.0,6145.177348,0,140.0
0.8,8.485281374,4.5254834,100.0,120.0,100.0,1.6,144.0,2.62,700.0,148.0,1693.0,0.22,159.0,2.33,1.0,0.0,4.0,0.0,0.5,22.5,236.0,62.0,491.0,0.35,40.1,7.4,51.5,20.0,20.0,109.0,0.12,0.12,520.0,0.34,2.5,1.47,1.0,5295.178924,0,240.0
0.8,8.485281374,4.5254834,100.0,310.0,100.0,1.6,144.0,2.62,700.0,148.0,1693.0,0.22,159.0,2.33,1.0,0.0,4.0,0.0,0.5,22.5,236.0,62.0,491.0,0.35,40.1,7.4,51.5,20.0,20.0,109.0,0.12,0.12,520.0,0.34,2.5,1.47,1.0,4074.144233,0,720.0
0.8,8.485281374,4.5254834,100.0,11.0,100.0,1.6,144.0,2.62,700.0,148.0,1693.0,0.22,159.0,2.33,1.0,0.0,4.0,0.0,0.5,22.5,236.0,62.0,491.0,0.35,40.1,7.4,51.5,20.0,20.0,109.0,0.12,0.12,520.0,0.34,2.5,1.47,1.0,10245.13865,1,
0.8,8.485281374,4.5254834,100.0,31.0,100.0,1.6,144.0,2.62,700.0,148.0,1693.0,0.22,159.0,2.33,1.0,0.0,4.0,0.0,0.5,22.5,236.0,62.0,491.0,0.35,40.1,7.4,51.5,20.0,20.0,109.0,0.12,0.12,520.0,0.34,2.5,1.47,1.0,7695.492155,1,
0.8,8.485281374,4.5254834,100.0,61.0,100.0,1.6,144.0,2.62,700.0,148.0,1693.0,0.22,159.0,2.33,1.0,0.0,4.0,0.0,0.5,22.5,236.0,62.0,491.0,0.35,40.1,7.4,51.5,20.0,20.0,109.0,0.12,0.12,520.0,0.34,2.5,1.47,1.0,6383.258015,1,
0.8,8.485281374,4.5254834,125.0,44.8,100.0,1.6,144.0,2.62,700.0,148.0,1693.0,0.22,159.0,2.33,1.0,0.0,4.0,0.0,0.5,22.5,236.0,62.0,491.0,0.35,40.1,7.4,51.5,20.0,20.0,109.0,0.12,0.12,520.0,0.34,2.5,1.47,1.0,5056.100381,0,40.0
0.8,8.485281374,4.5254834,75.0,44.8,75.0,1.6,144.0,2.62,700.0,148.0,1693.0,0.22,159.0,2.33,1.0,0.0,4.0,0.0,0.5,22.5,236.0,62.0,491.0,0.35,40.1,7.4,51.5,20.0,20.0,109.0,0.12,0.12,520.0,0.34,2.5,1.47,1.0,17364.2794,0,40.0
0.8,8.485281374,4.5254834,60.0,16.0,60.0,1.6,144.0,2.62,700.0,148.0,1693.0,0.22,159.0,2.33,1.0,0.0,4.0,0.0,0.5,22.5,236.0,62.0,491.0,0.35,40.1,7.4,51.5,20.0,20.0,109.0,0.12,0.12,520.0,0.34,2.5,1.47,1.0,44547.83874,0,40.0
0.8,8.485281374,4.5254834,140.0,16.0,100.0,1.6,144.0,2.62,700.0,148.0,1693.0,0.22,159.0,2.33,1.0,0.0,4.0,0.0,0.5,22.5,236.0,62.0,491.0,0.35,40.1,7.4,51.5,20.0,20.0,109.0,0.12,0.12,520.0,0.34,2.5,1.47,1.0,5716.185379,0,40.0
0.8,8.485281374,4.5254834,150.0,25.0,125.0,1.6,144.0,2.62,700.0,148.0,1693.0,0.22,159.0,2.33,1.0,0.0,4.0,0.0,0.5,22.5,236.0,62.0,491.0,0.35,40.1,7.4,51.5,20.0,20.0,109.0,0.12,0.12,520.0,0.34,2.5,1.47,1.0,2944.57341,0,40.0
0.8,8.485281374,4.5254834,100.0,15.0,60.0,1.6,144.0,2.62,700.0,148.0,1693.0,0.22,159.0,2.33,1.0,0.0,4.0,0.0,0.5,22.5,236.0,62.0,491.0,0.35,40.1,7.4,51.5,20.0,20.0,109.0,0.12,0.12,520.0,0.34,2.5,1.47,1.0,21881.58344,0,30.0
0.8,8.485281374,4.5254834,165.0,30.0,125.0,1.6,144.0,2.62,700.0,148.0,1693.0,0.22,159.0,2.33,1.0,0.0,4.0,0.0,0.5,22.5,236.0,62.0,491.0,0.35,40.1,7.4,51.5,20.0,20.0,109.0,0.12,0.12,520.0,0.34,2.5,1.47,1.0,2163.985429,0,60.0
0.8,8.485281374,4.5254834,165.0,21.0,125.0,1.6,144.0,2.62,700.0,148.0,1693.0,0.22,159.0,2.33,1.0,0.0,4.0,0.0,0.5,22.5,236.0,62.0,491.0,0.35,40.1,7.4,51.5,20.0,20.0,109.0,0.12,0.12,520.0,0.34,2.5,1.47,1.0,2388.021615,0,42.0
0.8,8.485281374,4.5254834,165.0,120.0,125.0,1.6,144.0,2.62,700.0,148.0,1693.0,0.22,159.0,2.33,1.0,0.0,4.0,0.0,0.5,22.5,236.0,62.0,491.0,0.35,40.1,7.4,51.5,20.0,20.0,109.0,0.12,0.12,520.0,0.34,2.5,1.47,1.0,1475.588842,0,240.0
0.8,8.485281374,4.5254834,180.0,15.0,125.0,1.6,144.0,2.62,700.0,148.0,1693.0,0.22,159.0,2.33,1.0,0.0,4.0,0.0,0.5,22.5,236.0,62.0,491.0,0.35,40.1,7.4,51.5,20.0,20.0,109.0,0.12,0.12,520.0,0.34,2.5,1.47,1.0,2314.673054,0,30.0
0.8,8.485281374,4.5254834,100.0,15.0,100.0,1.6,144.0,2.62,700.0,148.0,1693.0,0.22,159.0,2.33,1.0,0.0,4.0,0.0,0.5,22.5,236.0,62.0,491.0,0.35,40.1,7.4,51.5,20.0,20.0,109.0,0.12,0.12,520.0,0.34,2.5,1.47,1.0,8326.580878,0,30.0
0.8,8.485281374,4.5254834,100.0,38.65,100.0,1.6,144.0,2.62,700.0,148.0,1693.0,0.22,159.0,2.33,1.0,0.0,4.0,0.0,0.5,22.5,236.0,62.0,491.0,0.35,40.1,7.4,51.5,20.0,20.0,109.0,0.12,0.12,520.0,0.34,2.5,1.47,1.0,6411.098053,0,30.0
0.8,8.485281374,4.5254834,100.0,20.0,100.0,1.6,144.0,2.62,700.0,148.0,1693.0,0.22,159.0,2.33,1.0,0.0,4.0,0.0,0.5,22.5,236.0,62.0,491.0,0.35,40.1,7.4,51.5,20.0,20.0,109.0,0.12,0.12,520.0,0.34,2.5,1.47,1.0,7690.571705,0,40.0
0.8,8.485281374,4.5254834,100.0,47.3,100.0,1.6,144.0,2.62,700.0,148.0,1693.0,0.22,159.0,2.33,1.0,0.0,4.0,0.0,0.5,22.5,236.0,62.0,491.0,0.35,40.1,7.4,51.5,20.0,20.0,109.0,0.12,0.12,520.0,0.34,2.5,1.47,1.0,6063.263795,0,40.0
0.8,8.485281374,4.5254834,100.0,79.6,100.0,1.6,144.0,2.62,700.0,148.0,1693.0,0.22,159.0,2.33,1.0,0.0,4.0,0.0,0.5,22.5,236.0,62.0,491.0,0.35,40.1,7.4,51.5,20.0,20.0,109.0,0.12,0.12,520.0,0.34,2.5,1.47,1.0,5251.349474,0,50.0
0.8,8.485281374,4.5254834,100.0,30.0,100.0,1.6,144.0,2.62,700.0,148.0,1693.0,0.22,159.0,2.33,1.0,0.0,4.0,0.0,0.5,22.5,236.0,62.0,491.0,0.35,40.1,7.4,51.5,20.0,20.0,109.0,0.12,0.12,520.0,0.34,2.5,1.47,1.0,6875.783921,0,60.0
0.8,8.485281374,4.5254834,100.0,40.0,100.0,1.6,144.0,2.62,700.0,148.0,1693.0,0.22,159.0,2.33,1.0,0.0,4.0,0.0,0.5,22.5,236.0,62.0,491.0,0.35,40.1,7.4,51.5,20.0,20.0,109.0,0.12,0.12,520.0,0.34,2.5,1.47,1.0,6350.590962,0,80.0
0.8,8.485281374,4.5254834,100.0,47.3,100.0,1.6,144.0,2.62,700.0,148.0,1693.0,0.22,159.0,2.33,1.0,0.0,4.0,0.0,0.5,22.5,236.0,62.0,491.0,0.35,40.1,7.4,51.5,20.0,20.0,109.0,0.12,0.12,520.0,0.34,2.5,1.47,1.0,6063.263795,0,80.0
0.8,8.485281374,4.5254834,100.0,70.0,100.0,1.6,144.0,2.62,700.0,148.0,1693.0,0.22,159.0,2.33,1.0,0.0,4.0,0.0,0.5,22.5,236.0,62.0,491.0,0.35,40.1,7.4,51.5,20.0,20.0,109.0,0.12,0.12,520.0,0.34,2.5,1.47,1.0,5441.104062,0,90.0
0.8,8.485281374,4.5254834,100.0,70.0,100.0,1.6,144.0,2.62,700.0,148.0,1693.0,0.22,159.0,2.33,1.0,0.0,4.0,0.0,0.5,22.5,236.0,62.0,491.0,0.35,40.1,7.4,51.5,20.0,20.0,109.0,0.12,0.12,520.0,0.34,2.5,1.47,1.0,5441.104062,0,100.0
0.8,8.485281374,4.5254834,100.0,60.0,100.0,1.6,144.0,2.62,700.0,148.0,1693.0,0.22,159.0,2.33,1.0,0.0,4.0,0.0,0.5,22.5,236.0,62.0,491.0,0.35,40.1,7.4,51.5,20.0,20.0,109.0,0.12,0.12,520.0,0.34,2.5,1.47,1.0,5677.769208,0,120.0
0.8,8.485281374,4.5254834,100.0,70.0,100.0,1.6,144.0,2.62,700.0,148.0,1693.0,0.22,159.0,2.33,1.0,0.0,4.0,0.0,0.5,22.5,236.0,62.0,491.0,0.35,40.1,7.4,51.5,20.0,20.0,109.0,0.12,0.12,520.0,0.34,2.5,1.47,1.0,5441.104062,0,140.0
0.8,8.485281374,4.5254834,100.0,120.0,100.0,1.6,144.0,2.62,700.0,148.0,1693.0,0.22,159.0,2.33,1.0,0.0,4.0,0.0,0.5,22.5,236.0,62.0,491.0,0.35,40.1,7.4,51.5,20.0,20.0,109.0,0.12,0.12,520.0,0.34,2.5,1.47,1.0,4688.492768,0,240.0
0.8,8.485281374,4.5254834,100.0,310.0,100.0,1.6,144.0,2.62,700.0,148.0,1693.0,0.22,159.0,2.33,1.0,0.0,4.0,0.0,0.5,22.5,236.0,62.0,491.0,0.35,40.1,7.4,51.5,20.0,20.0,109.0,0.12,0.12,520.0,0.34,2.5,1.47,1.0,3607.356058,0,720.0
0.8,8.485281374,4.5254834,100.0,11.0,100.0,1.6,144.0,2.62,700.0,148.0,1693.0,0.22,159.0,2.33,1.0,0.0,4.0,0.0,0.5,22.5,236.0,62.0,491.0,0.35,40.1,7.4,51.5,20.0,20.0,109.0,0.12,0.12,520.0,0.34,2.5,1.47,1.0,9071.319238,1,
0.8,8.485281374,4.5254834,100.0,31.0,100.0,1.6,144.0,2.62,700.0,148.0,1693.0,0.22,159.0,2.33,1.0,0.0,4.0,0.0,0.5,22.5,236.0,62.0,491.0,0.35,40.1,7.4,51.5,20.0,20.0,109.0,0.12,0.12,520.0,0.34,2.5,1.47,1.0,6813.794176,1,
0.8,8.485281374,4.5254834,100.0,61.0,100.0,1.6,144.0,2.62,700.0,148.0,1693.0,0.22,159.0,2.33,1.0,0.0,4.0,0.0,0.5,22.5,236.0,62.0,491.0,0.35,40.1,7.4,51.5,20.0,20.0,109.0,0.12,0.12,520.0,0.34,2.5,1.47,1.0,5651.90704,1,
0.8,8.485281374,4.5254834,125.0,44.8,100.0,1.6,144.0,2.62,700.0,148.0,1693.0,0.22,159.0,2.33,1.0,0.0,4.0,0.0,0.5,22.5,236.0,62.0,491.0,0.35,40.1,7.4,51.5,20.0,20.0,109.0,0.12,0.12,520.0,0.34,2.5,1.47,1.0,4476.806244,0,40.0
0.8,8.485281374,4.5254834,75.0,44.8,75.0,1.6,144.0,2.62,700.0,148.0,1693.0,0.22,159.0,2.33,1.0,0.0,4.0,0.0,0.5,22.5,236.0,62.0,491.0,0.35,40.1,7.4,51.5,20.0,20.0,109.0,0.12,0.12,520.0,0.34,2.5,1.47,1.0,15374.7965,0,40.0
0.8,8.485281374,4.5254834,60.0,16.0,60.0,1.6,144.0,2.62,700.0,148.0,1693.0,0.22,159.0,2.33,1.0,0.0,4.0,0.0,0.5,22.5,236.0,62.0,491.0,0.35,40.1,7.4,51.5,20.0,20.0,109.0,0.12,0.12,520.0,0.34,2.5,1.47,1.0,39443.84558,0,40.0
0.8,8.485281374,4.5254834,140.0,16.0,100.0,1.6,144.0,2.62,700.0,148.0,1693.0,0.22,159.0,2.33,1.0,0.0,4.0,0.0,0.5,22.5,236.0,62.0,491.0,0.35,40.1,7.4,51.5,20.0,20.0,109.0,0.12,0.12,520.0,0.34,2.5,1.47,1.0,5061.263121,0,40.0
0.8,8.485281374,4.5254834,150.0,25.0,125.0,1.6,144.0,2.62,700.0,148.0,1693.0,0.22,159.0,2.33,1.0,0.0,4.0,0.0,0.5,22.5,236.0,62.0,491.0,0.35,40.1,7.4,51.5,20.0,20.0,109.0,0.12,0.12,520.0,0.34,2.5,1.47,1.0,2607.203899,0,40.0
0.8,8.485281374,4.5254834,100.0,15.0,60.0,1.6,144.0,2.62,700.0,148.0,1693.0,0.22,159.0,2.33,1.0,0.0,4.0,0.0,0.5,22.5,236.0,62.0,491.0,0.35,40.1,7.4,51.5,20.0,20.0,109.0,0.12,0.12,520.0,0.34,2.5,1.47,1.0,19374.53808,0,30.0
0.8,8.485281374,4.5254834,165.0,30.0,125.0,1.6,144.0,2.62,700.0,148.0,1693.0,0.22,159.0,2.33,1.0,0.0,4.0,0.0,0.5,22.5,236.0,62.0,491.0,0.35,40.1,7.4,51.5,20.0,20.0,109.0,0.12,0.12,520.0,0.34,2.5,1.47,1.0,2234.295576,0,60.0
0.8,8.485281374,4.5254834,165.0,21.0,125.0,1.6,144.0,2.62,700.0,148.0,1693.0,0.22,159.0,2.33,1.0,0.0,4.0,0.0,0.5,22.5,236.0,62.0,491.0,0.35,40.1,7.4,51.5,20.0,20.0,109.0,0.12,0.12,520.0,0.34,2.5,1.47,1.0,2465.610933,0,42.0
0.8,8.485281374,4.5254834,165.0,120.0,125.0,1.6,144.0,2.62,700.0,148.0,1693.0,0.22,159.0,2.33,1.0,0.0,4.0,0.0,0.5,22.5,236.0,62.0,491.0,0.35,40.1,7.4,51.5,20.0,20.0,109.0,0.12,0.12,520.0,0.34,2.5,1.47,1.0,1523.532265,0,240.0
0.8,8.485281374,4.5254834,180.0,15.0,125.0,1.6,144.0,2.62,700.0,148.0,1693.0,0.22,159.0,2.33,1.0,0.0,4.0,0.0,0.5,22.5,236.0,62.0,491.0,0.35,40.1,7.4,51.5,20.0,20.0,109.0,0.12,0.12,520.0,0.34,2.5,1.47,1.0,2389.8792,0,30.0
0.8,8.485281374,4.5254834,100.0,15.0,100.0,1.6,144.0,2.62,700.0,148.0,1693.0,0.22,159.0,2.33,1.0,0.0,4.0,0.0,0.5,22.5,236.0,62.0,491.0,0.35,40.1,7.4,51.5,20.0,20.0,109.0,0.12,0.12,520.0,0.34,2.5,1.47,1.0,8597.120191,0,30.0
0.8,8.485281374,4.5254834,100.0,38.65,100.0,1.6,144.0,2.62,700.0,148.0,1693.0,0.22,159.0,2.33,1.0,0.0,4.0,0.0,0.5,22.5,236.0,62.0,491.0,0.35,40.1,7.4,51.5,20.0,20.0,109.0,0.12,0.12,520.0,0.34,2.5,1.47,1.0,6619.401328,0,30.0
0.8,8.485281374,4.5254834,100.0,20.0,100.0,1.6,144.0,2.62,700.0,148.0,1693.0,0.22,159.0,2.33,1.0,0.0,4.0,0.0,0.5,22.5,236.0,62.0,491.0,0.35,40.1,7.4,51.5,20.0,20.0,109.0,0.12,0.12,520.0,0.34,2.5,1.47,1.0,7940.446415,0,40.0
0.8,8.485281374,4.5254834,100.0,47.3,100.0,1.6,144.0,2.62,700.0,148.0,1693.0,0.22,159.0,2.33,1.0,0.0,4.0,0.0,0.5,22.5,236.0,62.0,491.0,0.35,40.1,7.4,51.5,20.0,20.0,109.0,0.12,0.12,520.0,0.34,2.5,1.47,1.0,6260.265571,0,40.0
0.8,8.485281374,4.5254834,100.0,79.6,100.0,1.6,144.0,2.62,700.0,148.0,1693.0,0.22,159.0,2.33,1.0,0.0,4.0,0.0,0.5,22.5,236.0,62.0,491.0,0.35,40.1,7.4,51.5,20.0,20.0,109.0,0.12,0.12,520.0,0.34,2.5,1.47,1.0,5421.971305,0,50.0
0.8,8.485281374,4.5254834,100.0,30.0,100.0,1.6,144.0,2.62,700.0,148.0,1693.0,0.22,159.0,2.33,1.0,0.0,4.0,0.0,0.5,22.5,236.0,62.0,491.0,0.35,40.1,7.4,51.5,20.0,20.0,109.0,0.12,0.12,520.0,0.34,2.5,1.47,1.0,7099.185324,0,60.0
0.8,8.485281374,4.5254834,100.0,40.0,100.0,1.6,144.0,2.62,700.0,148.0,1693.0,0.22,159.0,2.33,1.0,0.0,4.0,0.0,0.5,22.5,236.0,62.0,491.0,0.35,40.1,7.4,51.5,20.0,20.0,109.0,0.12,0.12,520.0,0.34,2.5,1.47,1.0,6556.928298,0,80.0
0.8,8.485281374,4.5254834,100.0,47.3,100.0,1.6,144.0,2.62,700.0,148.0,1693.0,0.22,159.0,2.33,1.0,0.0,4.0,0.0,0.5,22.5,236.0,62.0,491.0,0.35,40.1,7.4,51.5,20.0,20.0,109.0,0.12,0.12,520.0,0.34,2.5,1.47,1.0,6260.265571,0,80.0
0.8,8.485281374,4.5254834,100.0,70.0,100.0,1.6,144.0,2.62,700.0,148.0,1693.0,0.22,159.0,2.33,1.0,0.0,4.0,0.0,0.5,22.5,236.0,62.0,491.0,0.35,40.1,7.4,51.5,20.0,20.0,109.0,0.12,0.12,520.0,0.34,2.5,1.47,1.0,5617.891218,0,90.0
0.8,8.485281374,4.5254834,100.0,70.0,100.0,1.6,144.0,2.62,700.0,148.0,1693.0,0.22,159.0,2.33,1.0,0.0,4.0,0.0,0.5,22.5,236.0,62.0,491.0,0.35,40.1,7.4,51.5,20.0,20.0,109.0,0.12,0.12,520.0,0.34,2.5,1.47,1.0,5617.891218,0,100.0
0.8,8.485281374,4.5254834,100.0,60.0,100.0,1.6,144.0,2.62,700.0,148.0,1693.0,0.22,159.0,2.33,1.0,0.0,4.0,0.0,0.5,22.5,236.0,62.0,491.0,0.35,40.1,7.4,51.5,20.0,20.0,109.0,0.12,0.12,520.0,0.34,2.5,1.47,1.0,5862.245863,0,120.0
0.8,8.485281374,4.5254834,100.0,70.0,100.0,1.6,144.0,2.62,700.0,148.0,1693.0,0.22,159.0,2.33,1.0,0.0,4.0,0.0,0.5,22.5,236.0,62.0,491.0,0.35,40.1,7.4,51.5,20.0,20.0,109.0,0.12,0.12,520.0,0.34,2.5,1.47,1.0,5617.891218,0,140.0
0.8,8.485281374,4.5254834,100.0,120.0,100.0,1.6,144.0,2.62,700.0,148.0,1693.0,0.22,159.0,2.33,1.0,0.0,4.0,0.0,0.5,22.5,236.0,62.0,491.0,0.35,40.1,7.4,51.5,20.0,20.0,109.0,0.12,0.12,520.0,0.34,2.5,1.47,1.0,4840.826797,0,240.0
0.8,8.485281374,4.5254834,100.0,310.0,100.0,1.6,144.0,2.62,700.0,148.0,1693.0,0.22,159.0,2.33,1.0,0.0,4.0,0.0,0.5,22.5,236.0,62.0,491.0,0.35,40.1,7.4,51.5,20.0,20.0,109.0,0.12,0.12,520.0,0.34,2.5,1.47,1.0,3724.562826,0,720.0
0.8,8.485281374,4.5254834,100.0,11.0,100.0,1.6,144.0,2.62,700.0,148.0,1693.0,0.22,159.0,2.33,1.0,0.0,4.0,0.0,0.5,22.5,236.0,62.0,491.0,0.35,40.1,7.4,51.5,20.0,20.0,109.0,0.12,0.12,520.0,0.34,2.5,1.47,1.0,9366.055879,1,
0.8,8.485281374,4.5254834,100.0,31.0,100.0,1.6,144.0,2.62,700.0,148.0,1693.0,0.22,159.0,2.33,1.0,0.0,4.0,0.0,0.5,22.5,236.0,62.0,491.0,0.35,40.1,7.4,51.5,20.0,20.0,109.0,0.12,0.12,520.0,0.34,2.5,1.47,1.0,7035.181469,1,
0.8,8.485281374,4.5254834,100.0,61.0,100.0,1.6,144.0,2.62,700.0,148.0,1693.0,0.22,159.0,2.33,1.0,0.0,4.0,0.0,0.5,22.5,236.0,62.0,491.0,0.35,40.1,7.4,51.5,20.0,20.0,109.0,0.12,0.12,520.0,0.34,2.5,1.47,1.0,5835.543405,1,
0.8,8.485281374,4.5254834,125.0,44.8,100.0,1.6,144.0,2.62,700.0,148.0,1693.0,0.22,159.0,2.33,1.0,0.0,4.0,0.0,0.5,22.5,236.0,62.0,491.0,0.35,40.1,7.4,51.5,20.0,20.0,109.0,0.12,0.12,520.0,0.34,2.5,1.47,1.0,4622.262357,0,40.0
0.8,8.485281374,4.5254834,75.0,44.8,75.0,1.6,144.0,2.62,700.0,148.0,1693.0,0.22,159.0,2.33,1.0,0.0,4.0,0.0,0.5,22.5,236.0,62.0,491.0,0.35,40.1,7.4,51.5,20.0,20.0,109.0,0.12,0.12,520.0,0.34,2.5,1.47,1.0,15874.3397,0,40.0
0.8,8.485281374,4.5254834,60.0,16.0,60.0,1.6,144.0,2.62,700.0,148.0,1693.0,0.22,159.0,2.33,1.0,0.0,4.0,0.0,0.5,22.5,236.0,62.0,491.0,0.35,40.1,7.4,51.5,20.0,20.0,109.0,0.12,0.12,520.0,0.34,2.5,1.47,1.0,40725.41733,0,40.0
0.8,8.485281374,4.5254834,140.0,16.0,100.0,1.6,144.0,2.62,700.0,148.0,1693.0,0.22,159.0,2.33,1.0,0.0,4.0,0.0,0.5,22.5,236.0,62.0,491.0,0.35,40.1,7.4,51.5,20.0,20.0,109.0,0.12,0.12,520.0,0.34,2.5,1.47,1.0,5225.708848,0,40.0
0.8,8.485281374,4.5254834,150.0,25.0,125.0,1.6,144.0,2.62,700.0,148.0,1693.0,0.22,159.0,2.33,1.0,0.0,4.0,0.0,0.5,22.5,236.0,62.0,491.0,0.35,40.1,7.4,51.5,20.0,20.0,109.0,0.12,0.12,520.0,0.34,2.5,1.47,1.0,2691.914678,0,40.0
0.8,8.485281374,4.5254834,100.0,15.0,60.0,1.6,144.0,2.62,700.0,148.0,1693.0,0.22,159.0,2.33,1.0,0.0,4.0,0.0,0.5,22.5,236.0,62.0,491.0,0.35,40.1,7.4,51.5,20.0,20.0,109.0,0.12,0.12,520.0,0.34,2.5,1.47,1.0,20004.03707,0,30.0
0.8,8.485281374,4.5254834,165.0,30.0,125.0,1.6,144.0,2.62,700.0,148.0,1693.0,0.22,159.0,2.33,1.0,0.0,3.4,0.0,0.7,21.3,234.0,64.4,491.15,0.35,45.1,7.4,53.0,20.0,20.0,109.0,0.12,0.12,520.0,0.34,2.5,1.47,1.0,2200.265862,0,60.0
0.8,8.485281374,4.5254834,165.0,21.0,125.0,1.6,144.0,2.62,700.0,148.0,1693.0,0.22,159.0,2.33,1.0,0.0,3.4,0.0,0.7,21.3,234.0,64.4,491.15,0.35,45.1,7.4,53.0,20.0,20.0,109.0,0.12,0.12,520.0,0.34,2.5,1.47,1.0,2428.058141,0,42.0
0.8,8.485281374,4.5254834,165.0,120.0,125.0,1.6,144.0,2.62,700.0,148.0,1693.0,0.22,159.0,2.33,1.0,0.0,3.4,0.0,0.7,21.3,234.0,64.4,491.15,0.35,45.1,7.4,53.0,20.0,20.0,109.0,0.12,0.12,520.0,0.34,2.5,1.47,1.0,1500.327919,0,240.0
0.8,8.485281374,4.5254834,180.0,15.0,125.0,1.6,144.0,2.62,700.0,148.0,1693.0,0.22,159.0,2.33,1.0,0.0,3.4,0.0,0.7,21.3,234.0,64.4,491.15,0.35,45.1,7.4,53.0,20.0,20.0,109.0,0.12,0.12,520.0,0.34,2.5,1.47,1.0,2353.47985,0,30.0
0.8,8.485281374,4.5254834,100.0,15.0,100.0,1.6,144.0,2.62,700.0,148.0,1693.0,0.22,159.0,2.33,1.0,0.0,3.4,0.0,0.7,21.3,234.0,64.4,491.15,0.35,45.1,7.4,53.0,20.0,20.0,109.0,0.12,0.12,520.0,0.34,2.5,1.47,1.0,8466.180691,0,30.0
0.8,8.485281374,4.5254834,100.0,38.65,100.0,1.6,144.0,2.62,700.0,148.0,1693.0,0.22,159.0,2.33,1.0,0.0,3.4,0.0,0.7,21.3,234.0,64.4,491.15,0.35,45.1,7.4,53.0,20.0,20.0,109.0,0.12,0.12,520.0,0.34,2.5,1.47,1.0,6518.583719,0,30.0
0.8,8.485281374,4.5254834,100.0,20.0,100.0,1.6,144.0,2.62,700.0,148.0,1693.0,0.22,159.0,2.33,1.0,0.0,3.4,0.0,0.7,21.3,234.0,64.4,491.15,0.35,45.1,7.4,53.0,20.0,20.0,109.0,0.12,0.12,520.0,0.34,2.5,1.47,1.0,7819.508466,0,40.0
0.8,8.485281374,4.5254834,100.0,47.3,100.0,1.6,144.0,2.62,700.0,148.0,1693.0,0.22,159.0,2.33,1.0,0.0,3.4,0.0,0.7,21.3,234.0,64.4,491.15,0.35,45.1,7.4,53.0,20.0,20.0,109.0,0.12,0.12,520.0,0.34,2.5,1.47,1.0,6164.917823,0,40.0
0.8,8.485281374,4.5254834,100.0,79.6,100.0,1.6,144.0,2.62,700.0,148.0,1693.0,0.22,159.0,2.33,1.0,0.0,3.4,0.0,0.7,21.3,234.0,64.4,491.15,0.35,45.1,7.4,53.0,20.0,20.0,109.0,0.12,0.12,520.0,0.34,2.5,1.47,1.0,5339.391302,0,50.0
0.8,8.485281374,4.5254834,100.0,30.0,100.0,1.6,144.0,2.62,700.0,148.0,1693.0,0.22,159.0,2.33,1.0,0.0,3.4,0.0,0.7,21.3,234.0,64.4,491.15,0.35,45.1,7.4,53.0,20.0,20.0,109.0,0.12,0.12,520.0,0.34,2.5,1.47,1.0,6991.060306,0,60.0
0.8,8.485281374,4.5254834,100.0,40.0,100.0,1.6,144.0,2.62,700.0,148.0,1693.0,0.22,159.0,2.33,1.0,0.0,3.4,0.0,0.7,21.3,234.0,64.4,491.15,0.35,45.1,7.4,53.0,20.0,20.0,109.0,0.12,0.12,520.0,0.34,2.5,1.47,1.0,6457.062192,0,80.0
0.8,8.485281374,4.5254834,100.0,47.3,100.0,1.6,144.0,2.62,700.0,148.0,1693.0,0.22,159.0,2.33,1.0,0.0,3.4,0.0,0.7,21.3,234.0,64.4,491.15,0.35,45.1,7.4,53.0,20.0,20.0,109.0,0.12,0.12,520.0,0.34,2.5,1.47,1.0,6164.917823,0,80.0
0.8,8.485281374,4.5254834,100.0,70.0,100.0,1.6,144.0,2.62,700.0,148.0,1693.0,0.22,159.0,2.33,1.0,0.0,3.4,0.0,0.7,21.3,234.0,64.4,491.15,0.35,45.1,7.4,53.0,20.0,20.0,109.0,0.12,0.12,520.0,0.34,2.5,1.47,1.0,5532.327232,0,90.0
0.8,8.485281374,4.5254834,100.0,70.0,100.0,1.6,144.0,2.62,700.0,148.0,1693.0,0.22,159.0,2.33,1.0,0.0,3.4,0.0,0.7,21.3,234.0,64.4,491.15,0.35,45.1,7.4,53.0,20.0,20.0,109.0,0.12,0.12,520.0,0.34,2.5,1.47,1.0,5532.327232,0,100.0
0.8,8.485281374,4.5254834,100.0,60.0,100.0,1.6,144.0,2.62,700.0,148.0,1693.0,0.22,159.0,2.33,1.0,0.0,3.4,0.0,0.7,21.3,234.0,64.4,491.15,0.35,45.1,7.4,53.0,20.0,20.0,109.0,0.12,0.12,520.0,0.34,2.5,1.47,1.0,5772.960203,0,120.0
0.8,8.485281374,4.5254834,100.0,70.0,100.0,1.6,144.0,2.62,700.0,148.0,1693.0,0.22,159.0,2.33,1.0,0.0,3.4,0.0,0.7,21.3,234.0,64.4,491.15,0.35,45.1,7.4,53.0,20.0,20.0,109.0,0.12,0.12,520.0,0.34,2.5,1.47,1.0,5532.327232,0,140.0
0.8,8.485281374,4.5254834,100.0,120.0,100.0,1.6,144.0,2.62,700.0,148.0,1693.0,0.22,159.0,2.33,1.0,0.0,3.4,0.0,0.7,21.3,234.0,64.4,491.15,0.35,45.1,7.4,53.0,20.0,20.0,109.0,0.12,0.12,520.0,0.34,2.5,1.47,1.0,4767.097986,0,240.0
0.8,8.485281374,4.5254834,100.0,310.0,100.0,1.6,144.0,2.62,700.0,148.0,1693.0,0.22,159.0,2.33,1.0,0.0,3.4,0.0,0.7,21.3,234.0,64.4,491.15,0.35,45.1,7.4,53.0,20.0,20.0,109.0,0.12,0.12,520.0,0.34,2.5,1.47,1.0,3667.835412,0,720.0
0.8,8.485281374,4.5254834,100.0,11.0,100.0,1.6,144.0,2.62,700.0,148.0,1693.0,0.22,159.0,2.33,1.0,0.0,3.4,0.0,0.7,21.3,234.0,64.4,491.15,0.35,45.1,7.4,53.0,20.0,20.0,109.0,0.12,0.12,520.0,0.34,2.5,1.47,1.0,9223.405009,1,
0.8,8.485281374,4.5254834,100.0,31.0,100.0,1.6,144.0,2.62,700.0,148.0,1693.0,0.22,159.0,2.33,1.0,0.0,3.4,0.0,0.7,21.3,234.0,64.4,491.15,0.35,45.1,7.4,53.0,20.0,20.0,109.0,0.12,0.12,520.0,0.34,2.5,1.47,1.0,6928.031269,1,
0.8,8.485281374,4.5254834,100.0,61.0,100.0,1.6,144.0,2.62,700.0,148.0,1693.0,0.22,159.0,2.33,1.0,0.0,3.4,0.0,0.7,21.3,234.0,64.4,491.15,0.35,45.1,7.4,53.0,20.0,20.0,109.0,0.12,0.12,520.0,0.34,2.5,1.47,1.0,5746.664441,1,
0.8,8.485281374,4.5254834,125.0,44.8,100.0,1.6,144.0,2.62,700.0,148.0,1693.0,0.22,159.0,2.33,1.0,0.0,3.4,0.0,0.7,21.3,234.0,64.4,491.15,0.35,45.1,7.4,53.0,20.0,20.0,109.0,0.12,0.12,520.0,0.34,2.5,1.47,1.0,4551.862419,0,40.0
0.8,8.485281374,4.5254834,75.0,44.8,75.0,1.6,144.0,2.62,700.0,148.0,1693.0,0.22,159.0,2.33,1.0,0.0,3.4,0.0,0.7,21.3,234.0,64.4,491.15,0.35,45.1,7.4,53.0,20.0,20.0,109.0,0.12,0.12,520.0,0.34,2.5,1.47,1.0,15632.56361,0,40.0
0.8,8.485281374,4.5254834,60.0,16.0,60.0,1.6,144.0,2.62,700.0,148.0,1693.0,0.22,159.0,2.33,1.0,0.0,3.4,0.0,0.7,21.3,234.0,64.4,491.15,0.35,45.1,7.4,53.0,20.0,20.0,109.0,0.12,0.12,520.0,0.34,2.5,1.47,1.0,40105.14384,0,40.0
0.8,8.485281374,4.5254834,140.0,16.0,100.0,1.6,144.0,2.62,700.0,148.0,1693.0,0.22,159.0,2.33,1.0,0.0,3.4,0.0,0.7,21.3,234.0,64.4,491.15,0.35,45.1,7.4,53.0,20.0,20.0,109.0,0.12,0.12,520.0,0.34,2.5,1.47,1.0,5146.118045,0,40.0
0.8,8.485281374,4.5254834,150.0,25.0,125.0,1.6,144.0,2.62,700.0,148.0,1693.0,0.22,159.0,2.33,1.0,0.0,3.4,0.0,0.7,21.3,234.0,64.4,491.15,0.35,45.1,7.4,53.0,20.0,20.0,109.0,0.12,0.12,520.0,0.34,2.5,1.47,1.0,2650.915139,0,40.0
0.8,8.485281374,4.5254834,100.0,15.0,60.0,1.6,144.0,2.62,700.0,148.0,1693.0,0.22,159.0,2.33,1.0,0.0,3.4,0.0,0.7,21.3,234.0,64.4,491.15,0.35,45.1,7.4,53.0,20.0,20.0,109.0,0.12,0.12,520.0,0.34,2.5,1.47,1.0,19699.36311,0,30.0
0.8,8.485281374,4.5254834,165.0,30.0,125.0,1.6,144.0,2.62,700.0,148.0,1693.0,0.22,159.0,2.33,1.0,0.0,0.0,0.0,0.7,22.6,228.0,62.9,500.15,0.37,34.0,7.31,32.2,20.0,20.0,109.0,0.12,0.12,520.0,0.34,2.5,1.47,1.0,2782.250276,0,60.0
0.8,8.485281374,4.5254834,165.0,21.0,125.0,1.6,144.0,2.62,700.0,148.0,1693.0,0.22,159.0,2.33,1.0,0.0,0.0,0.0,0.7,22.6,228.0,62.9,500.15,0.37,34.0,7.31,32.2,20.0,20.0,109.0,0.12,0.12,520.0,0.34,2.5,1.47,1.0,3070.295072,0,42.0
0.8,8.485281374,4.5254834,165.0,120.0,125.0,1.6,144.0,2.62,700.0,148.0,1693.0,0.22,159.0,2.33,1.0,0.0,0.0,0.0,0.7,22.6,228.0,62.9,500.15,0.37,34.0,7.31,32.2,20.0,20.0,109.0,0.12,0.12,520.0,0.34,2.5,1.47,1.0,1897.174264,0,240.0
0.8,8.485281374,4.5254834,180.0,15.0,125.0,1.6,144.0,2.62,700.0,148.0,1693.0,0.22,159.0,2.33,1.0,0.0,0.0,0.0,0.7,22.6,228.0,62.9,500.15,0.37,34.0,7.31,32.2,20.0,20.0,109.0,0.12,0.12,520.0,0.34,2.5,1.47,1.0,2975.990346,0,30.0
0.8,8.485281374,4.5254834,100.0,15.0,100.0,1.6,144.0,2.62,700.0,148.0,1693.0,0.22,159.0,2.33,1.0,0.0,0.0,0.0,0.7,22.6,228.0,62.9,500.15,0.37,34.0,7.31,32.2,20.0,20.0,109.0,0.12,0.12,520.0,0.34,2.5,1.47,1.0,10705.53971,0,30.0
0.8,8.485281374,4.5254834,100.0,38.65,100.0,1.6,144.0,2.62,700.0,148.0,1693.0,0.22,159.0,2.33,1.0,0.0,0.0,0.0,0.7,22.6,228.0,62.9,500.15,0.37,34.0,7.31,32.2,20.0,20.0,109.0,0.12,0.12,520.0,0.34,2.5,1.47,1.0,8242.790866,0,30.0
0.8,8.485281374,4.5254834,100.0,20.0,100.0,1.6,144.0,2.62,700.0,148.0,1693.0,0.22,159.0,2.33,1.0,0.0,0.0,0.0,0.7,22.6,228.0,62.9,500.15,0.37,34.0,7.31,32.2,20.0,20.0,109.0,0.12,0.12,520.0,0.34,2.5,1.47,1.0,9887.818543,0,40.0
0.8,8.485281374,4.5254834,100.0,47.3,100.0,1.6,144.0,2.62,700.0,148.0,1693.0,0.22,159.0,2.33,1.0,0.0,0.0,0.0,0.7,22.6,228.0,62.9,500.15,0.37,34.0,7.31,32.2,20.0,20.0,109.0,0.12,0.12,520.0,0.34,2.5,1.47,1.0,7795.578076,0,40.0
0.8,8.485281374,4.5254834,100.0,79.6,100.0,1.6,144.0,2.62,700.0,148.0,1693.0,0.22,159.0,2.33,1.0,0.0,0.0,0.0,0.7,22.6,228.0,62.9,500.15,0.37,34.0,7.31,32.2,20.0,20.0,109.0,0.12,0.12,520.0,0.34,2.5,1.47,1.0,6751.694502,0,50.0
0.8,8.485281374,4.5254834,100.0,30.0,100.0,1.6,144.0,2.62,700.0,148.0,1693.0,0.22,159.0,2.33,1.0,0.0,0.0,0.0,0.7,22.6,228.0,62.9,500.15,0.37,34.0,7.31,32.2,20.0,20.0,109.0,0.12,0.12,520.0,0.34,2.5,1.47,1.0,8840.240538,0,60.0
0.8,8.485281374,4.5254834,100.0,40.0,100.0,1.6,144.0,2.62,700.0,148.0,1693.0,0.22,159.0,2.33,1.0,0.0,0.0,0.0,0.7,22.6,228.0,62.9,500.15,0.37,34.0,7.31,32.2,20.0,20.0,109.0,0.12,0.12,520.0,0.34,2.5,1.47,1.0,8164.996502,0,80.0
0.8,8.485281374,4.5254834,100.0,47.3,100.0,1.6,144.0,2.62,700.0,148.0,1693.0,0.22,159.0,2.33,1.0,0.0,0.0,0.0,0.7,22.6,228.0,62.9,500.15,0.37,34.0,7.31,32.2,20.0,20.0,109.0,0.12,0.12,520.0,0.34,2.5,1.47,1.0,7795.578076,0,80.0
0.8,8.485281374,4.5254834,100.0,70.0,100.0,1.6,144.0,2.62,700.0,148.0,1693.0,0.22,159.0,2.33,1.0,0.0,0.0,0.0,0.7,22.6,228.0,62.9,500.15,0.37,34.0,7.31,32.2,20.0,20.0,109.0,0.12,0.12,520.0,0.34,2.5,1.47,1.0,6995.663222,0,90.0
0.8,8.485281374,4.5254834,100.0,70.0,100.0,1.6,144.0,2.62,700.0,148.0,1693.0,0.22,159.0,2.33,1.0,0.0,0.0,0.0,0.7,22.6,228.0,62.9,500.15,0.37,34.0,7.31,32.2,20.0,20.0,109.0,0.12,0.12,520.0,0.34,2.5,1.47,1.0,6995.663222,0,100.0
0.8,8.485281374,4.5254834,100.0,60.0,100.0,1.6,144.0,2.62,700.0,148.0,1693.0,0.22,159.0,2.33,1.0,0.0,0.0,0.0,0.7,22.6,228.0,62.9,500.15,0.37,34.0,7.31,32.2,20.0,20.0,109.0,0.12,0.12,520.0,0.34,2.5,1.47,1.0,7299.945155,0,120.0
0.8,8.485281374,4.5254834,100.0,70.0,100.0,1.6,144.0,2.62,700.0,148.0,1693.0,0.22,159.0,2.33,1.0,0.0,0.0,0.0,0.7,22.6,228.0,62.9,500.15,0.37,34.0,7.31,32.2,20.0,20.0,109.0,0.12,0.12,520.0,0.34,2.5,1.47,1.0,6995.663222,0,140.0
0.8,8.485281374,4.5254834,100.0,120.0,100.0,1.6,144.0,2.62,700.0,148.0,1693.0,0.22,159.0,2.33,1.0,0.0,0.0,0.0,0.7,22.6,228.0,62.9,500.15,0.37,34.0,7.31,32.2,20.0,20.0,109.0,0.12,0.12,520.0,0.34,2.5,1.47,1.0,6028.025939,0,240.0
0.8,8.485281374,4.5254834,100.0,310.0,100.0,1.6,144.0,2.62,700.0,148.0,1693.0,0.22,159.0,2.33,1.0,0.0,0.0,0.0,0.7,22.6,228.0,62.9,500.15,0.37,34.0,7.31,32.2,20.0,20.0,109.0,0.12,0.12,520.0,0.34,2.5,1.47,1.0,4638.001372,0,720.0
0.8,8.485281374,4.5254834,100.0,11.0,100.0,1.6,144.0,2.62,700.0,148.0,1693.0,0.22,159.0,2.33,1.0,0.0,0.0,0.0,0.7,22.6,228.0,62.9,500.15,0.37,34.0,7.31,32.2,20.0,20.0,109.0,0.12,0.12,520.0,0.34,2.5,1.47,1.0,11663.05471,1,
0.8,8.485281374,4.5254834,100.0,31.0,100.0,1.6,144.0,2.62,700.0,148.0,1693.0,0.22,159.0,2.33,1.0,0.0,0.0,0.0,0.7,22.6,228.0,62.9,500.15,0.37,34.0,7.31,32.2,20.0,20.0,109.0,0.12,0.12,520.0,0.34,2.5,1.47,1.0,8760.539916,1,
0.8,8.485281374,4.5254834,100.0,61.0,100.0,1.6,144.0,2.62,700.0,148.0,1693.0,0.22,159.0,2.33,1.0,0.0,0.0,0.0,0.7,22.6,228.0,62.9,500.15,0.37,34.0,7.31,32.2,20.0,20.0,109.0,0.12,0.12,520.0,0.34,2.5,1.47,1.0,7266.693995,1,
0.8,8.485281374,4.5254834,125.0,44.8,100.0,1.6,144.0,2.62,700.0,148.0,1693.0,0.22,159.0,2.33,1.0,0.0,0.0,0.0,0.7,22.6,228.0,62.9,500.15,0.37,34.0,7.31,32.2,20.0,20.0,109.0,0.12,0.12,520.0,0.34,2.5,1.47,1.0,5755.859186,0,40.0
0.8,8.485281374,4.5254834,75.0,44.8,75.0,1.6,144.0,2.62,700.0,148.0,1693.0,0.22,159.0,2.33,1.0,0.0,0.0,0.0,0.7,22.6,228.0,62.9,500.15,0.37,34.0,7.31,32.2,20.0,20.0,109.0,0.12,0.12,520.0,0.34,2.5,1.47,1.0,19767.47682,0,40.0
0.8,8.485281374,4.5254834,60.0,16.0,60.0,1.6,144.0,2.62,700.0,148.0,1693.0,0.22,159.0,2.33,1.0,0.0,0.0,0.0,0.7,22.6,228.0,62.9,500.15,0.37,34.0,7.31,32.2,20.0,20.0,109.0,0.12,0.12,520.0,0.34,2.5,1.47,1.0,50713.21127,0,40.0
0.8,8.485281374,4.5254834,140.0,16.0,100.0,1.6,144.0,2.62,700.0,148.0,1693.0,0.22,159.0,2.33,1.0,0.0,0.0,0.0,0.7,22.6,228.0,62.9,500.15,0.37,34.0,7.31,32.2,20.0,20.0,109.0,0.12,0.12,520.0,0.34,2.5,1.47,1.0,6507.29923,0,40.0
0.8,8.485281374,4.5254834,150.0,25.0,125.0,1.6,144.0,2.62,700.0,148.0,1693.0,0.22,159.0,2.33,1.0,0.0,0.0,0.0,0.7,22.6,228.0,62.9,500.15,0.37,34.0,7.31,32.2,20.0,20.0,109.0,0.12,0.12,520.0,0.34,2.5,1.47,1.0,3352.099174,0,40.0
0.8,8.485281374,4.5254834,100.0,15.0,60.0,1.6,144.0,2.62,700.0,148.0,1693.0,0.22,159.0,2.33,1.0,0.0,0.0,0.0,0.7,22.6,228.0,62.9,500.15,0.37,34.0,7.31,32.2,20.0,20.0,109.0,0.12,0.12,520.0,0.34,2.5,1.47,1.0,24909.97084,0,30.0
0.8,8.485281374,4.5254834,165.0,30.0,125.0,1.6,144.0,2.62,700.0,148.0,1693.0,0.22,159.0,2.33,1.0,0.0,3.4,0.0,0.7,21.3,234.0,64.4,491.15,0.35,45.1,7.4,53.0,20.0,20.0,109.0,0.12,0.12,520.0,0.34,2.5,1.47,1.0,2236.841672,0,60.0
0.8,8.485281374,4.5254834,165.0,21.0,125.0,1.6,144.0,2.62,700.0,148.0,1693.0,0.22,159.0,2.33,1.0,0.0,3.4,0.0,0.7,21.3,234.0,64.4,491.15,0.35,45.1,7.4,53.0,20.0,20.0,109.0,0.12,0.12,520.0,0.34,2.5,1.47,1.0,2468.420624,0,42.0
0.8,8.485281374,4.5254834,165.0,120.0,125.0,1.6,144.0,2.62,700.0,148.0,1693.0,0.22,159.0,2.33,1.0,0.0,3.4,0.0,0.7,21.3,234.0,64.4,491.15,0.35,45.1,7.4,53.0,20.0,20.0,109.0,0.12,0.12,520.0,0.34,2.5,1.47,1.0,1525.268409,0,240.0
0.8,8.485281374,4.5254834,180.0,15.0,125.0,1.6,144.0,2.62,700.0,148.0,1693.0,0.22,159.0,2.33,1.0,0.0,3.4,0.0,0.7,21.3,234.0,64.4,491.15,0.35,45.1,7.4,53.0,20.0,20.0,109.0,0.12,0.12,520.0,0.34,2.5,1.47,1.0,2392.602591,0,30.0
0.8,8.485281374,4.5254834,100.0,15.0,100.0,1.6,144.0,2.62,700.0,148.0,1693.0,0.22,159.0,2.33,1.0,0.0,3.4,0.0,0.7,21.3,234.0,64.4,491.15,0.35,45.1,7.4,53.0,20.0,20.0,109.0,0.12,0.12,520.0,0.34,2.5,1.47,1.0,8606.917054,0,30.0
0.8,8.485281374,4.5254834,100.0,38.65,100.0,1.6,144.0,2.62,700.0,148.0,1693.0,0.22,159.0,2.33,1.0,0.0,3.4,0.0,0.7,21.3,234.0,64.4,491.15,0.35,45.1,7.4,53.0,20.0,20.0,109.0,0.12,0.12,520.0,0.34,2.5,1.47,1.0,6626.944478,0,30.0
0.8,8.485281374,4.5254834,100.0,20.0,100.0,1.6,144.0,2.62,700.0,148.0,1693.0,0.22,159.0,2.33,1.0,0.0,3.4,0.0,0.7,21.3,234.0,64.4,491.15,0.35,45.1,7.4,53.0,20.0,20.0,109.0,0.12,0.12,520.0,0.34,2.5,1.47,1.0,7949.494964,0,40.0
0.8,8.485281374,4.5254834,100.0,47.3,100.0,1.6,144.0,2.62,700.0,148.0,1693.0,0.22,159.0,2.33,1.0,0.0,3.4,0.0,0.7,21.3,234.0,64.4,491.15,0.35,45.1,7.4,53.0,20.0,20.0,109.0,0.12,0.12,520.0,0.34,2.5,1.47,1.0,6267.399467,0,40.0
0.8,8.485281374,4.5254834,100.0,79.6,100.0,1.6,144.0,2.62,700.0,148.0,1693.0,0.22,159.0,2.33,1.0,0.0,3.4,0.0,0.7,21.3,234.0,64.4,491.15,0.35,45.1,7.4,53.0,20.0,20.0,109.0,0.12,0.12,520.0,0.34,2.5,1.47,1.0,5428.149922,0,50.0
0.8,8.485281374,4.5254834,100.0,30.0,100.0,1.6,144.0,2.62,700.0,148.0,1693.0,0.22,159.0,2.33,1.0,0.0,3.4,0.0,0.7,21.3,234.0,64.4,491.15,0.35,45.1,7.4,53.0,20.0,20.0,109.0,0.12,0.12,520.0,0.34,2.5,1.47,1.0,7107.275213,0,60.0
0.8,8.485281374,4.5254834,100.0,40.0,100.0,1.6,144.0,2.62,700.0,148.0,1693.0,0.22,159.0,2.33,1.0,0.0,3.4,0.0,0.7,21.3,234.0,64.4,491.15,0.35,45.1,7.4,53.0,20.0,20.0,109.0,0.12,0.12,520.0,0.34,2.5,1.47,1.0,6564.400256,0,80.0
0.8,8.485281374,4.5254834,100.0,47.3,100.0,1.6,144.0,2.62,700.0,148.0,1693.0,0.22,159.0,2.33,1.0,0.0,3.4,0.0,0.7,21.3,234.0,64.4,491.15,0.35,45.1,7.4,53.0,20.0,20.0,109.0,0.12,0.12,520.0,0.34,2.5,1.47,1.0,6267.399467,0,80.0
0.8,8.485281374,4.5254834,100.0,70.0,100.0,1.6,144.0,2.62,700.0,148.0,1693.0,0.22,159.0,2.33,1.0,0.0,3.4,0.0,0.7,21.3,234.0,64.4,491.15,0.35,45.1,7.4,53.0,20.0,20.0,109.0,0.12,0.12,520.0,0.34,2.5,1.47,1.0,5624.293095,0,90.0
0.8,8.485281374,4.5254834,100.0,70.0,100.0,1.6,144.0,2.62,700.0,148.0,1693.0,0.22,159.0,2.33,1.0,0.0,3.4,0.0,0.7,21.3,234.0,64.4,491.15,0.35,45.1,7.4,53.0,20.0,20.0,109.0,0.12,0.12,520.0,0.34,2.5,1.47,1.0,5624.293095,0,100.0
0.8,8.485281374,4.5254834,100.0,60.0,100.0,1.6,144.0,2.62,700.0,148.0,1693.0,0.22,159.0,2.33,1.0,0.0,3.4,0.0,0.7,21.3,234.0,64.4,491.15,0.35,45.1,7.4,53.0,20.0,20.0,109.0,0.12,0.12,520.0,0.34,2.5,1.47,1.0,5868.926195,0,120.0
0.8,8.485281374,4.5254834,100.0,70.0,100.0,1.6,144.0,2.62,700.0,148.0,1693.0,0.22,159.0,2.33,1.0,0.0,3.4,0.0,0.7,21.3,234.0,64.4,491.15,0.35,45.1,7.4,53.0,20.0,20.0,109.0,0.12,0.12,520.0,0.34,2.5,1.47,1.0,5624.293095,0,140.0
0.8,8.485281374,4.5254834,100.0,120.0,100.0,1.6,144.0,2.62,700.0,148.0,1693.0,0.22,159.0,2.33,1.0,0.0,3.4,0.0,0.7,21.3,234.0,64.4,491.15,0.35,45.1,7.4,53.0,20.0,20.0,109.0,0.12,0.12,520.0,0.34,2.5,1.47,1.0,4846.343169,0,240.0
0.8,8.485281374,4.5254834,100.0,310.0,100.0,1.6,144.0,2.62,700.0,148.0,1693.0,0.22,159.0,2.33,1.0,0.0,3.4,0.0,0.7,21.3,234.0,64.4,491.15,0.35,45.1,7.4,53.0,20.0,20.0,109.0,0.12,0.12,520.0,0.34,2.5,1.47,1.0,3728.807157,0,720.0
0.8,8.485281374,4.5254834,100.0,11.0,100.0,1.6,144.0,2.62,700.0,148.0,1693.0,0.22,159.0,2.33,1.0,0.0,3.4,0.0,0.7,21.3,234.0,64.4,491.15,0.35,45.1,7.4,53.0,20.0,20.0,109.0,0.12,0.12,520.0,0.34,2.5,1.47,1.0,9376.728984,1,
0.8,8.485281374,4.5254834,100.0,31.0,100.0,1.6,144.0,2.62,700.0,148.0,1693.0,0.22,159.0,2.33,1.0,0.0,3.4,0.0,0.7,21.3,234.0,64.4,491.15,0.35,45.1,7.4,53.0,20.0,20.0,109.0,0.12,0.12,520.0,0.34,2.5,1.47,1.0,7043.198422,1,
0.8,8.485281374,4.5254834,100.0,61.0,100.0,1.6,144.0,2.62,700.0,148.0,1693.0,0.22,159.0,2.33,1.0,0.0,3.4,0.0,0.7,21.3,234.0,64.4,491.15,0.35,45.1,7.4,53.0,20.0,20.0,109.0,0.12,0.12,520.0,0.34,2.5,1.47,1.0,5842.193308,1,
0.8,8.485281374,4.5254834,125.0,44.8,100.0,1.6,144.0,2.62,700.0,148.0,1693.0,0.22,159.0,2.33,1.0,0.0,3.4,0.0,0.7,21.3,234.0,64.4,491.15,0.35,45.1,7.4,53.0,20.0,20.0,109.0,0.12,0.12,520.0,0.34,2.5,1.47,1.0,4627.529663,0,40.0
0.8,8.485281374,4.5254834,75.0,44.8,75.0,1.6,144.0,2.62,700.0,148.0,1693.0,0.22,159.0,2.33,1.0,0.0,3.4,0.0,0.7,21.3,234.0,64.4,491.15,0.35,45.1,7.4,53.0,20.0,20.0,109.0,0.12,0.12,520.0,0.34,2.5,1.47,1.0,15892.42933,0,40.0
0.8,8.485281374,4.5254834,60.0,16.0,60.0,1.6,144.0,2.62,700.0,148.0,1693.0,0.22,159.0,2.33,1.0,0.0,3.4,0.0,0.7,21.3,234.0,64.4,491.15,0.35,45.1,7.4,53.0,20.0,20.0,109.0,0.12,0.12,520.0,0.34,2.5,1.47,1.0,40771.82605,0,40.0
0.8,8.485281374,4.5254834,140.0,16.0,100.0,1.6,144.0,2.62,700.0,148.0,1693.0,0.22,159.0,2.33,1.0,0.0,3.4,0.0,0.7,21.3,234.0,64.4,491.15,0.35,45.1,7.4,53.0,20.0,20.0,109.0,0.12,0.12,520.0,0.34,2.5,1.47,1.0,5231.663814,0,40.0
0.8,8.485281374,4.5254834,150.0,25.0,125.0,1.6,144.0,2.62,700.0,148.0,1693.0,0.22,159.0,2.33,1.0,0.0,3.4,0.0,0.7,21.3,234.0,64.4,491.15,0.35,45.1,7.4,53.0,20.0,20.0,109.0,0.12,0.12,520.0,0.34,2.5,1.47,1.0,2694.982254,0,40.0
0.8,8.485281374,4.5254834,100.0,15.0,60.0,1.6,144.0,2.62,700.0,148.0,1693.0,0.22,159.0,2.33,1.0,0.0,3.4,0.0,0.7,21.3,234.0,64.4,491.15,0.35,45.1,7.4,53.0,20.0,20.0,109.0,0.12,0.12,520.0,0.34,2.5,1.47,1.0,20026.8327,0,30.0
0.8,8.485281374,4.5254834,165.0,30.0,125.0,1.6,144.0,2.62,700.0,148.0,1693.0,0.22,159.0,2.33,1.0,0.0,0.0,0.0,0.7,22.6,228.0,62.9,500.15,0.37,34.0,7.31,32.2,20.0,20.0,109.0,0.12,0.12,520.0,0.34,2.5,1.47,1.0,323.6491101,0,60.0
0.8,8.485281374,4.5254834,165.0,21.0,125.0,1.6,144.0,2.62,700.0,148.0,1693.0,0.22,159.0,2.33,1.0,0.0,0.0,0.0,0.7,22.6,228.0,62.9,500.15,0.37,34.0,7.31,32.2,20.0,20.0,109.0,0.12,0.12,520.0,0.34,2.5,1.47,1.0,2564.215187,0,42.0
0.8,8.485281374,4.5254834,165.0,120.0,125.0,1.6,144.0,2.62,700.0,148.0,1693.0,0.22,159.0,2.33,1.0,0.0,0.0,0.0,0.7,22.6,228.0,62.9,500.15,0.37,34.0,7.31,32.2,20.0,20.0,109.0,0.12,0.12,520.0,0.34,2.5,1.47,1.0,1584.461085,0,240.0
0.8,8.485281374,4.5254834,180.0,15.0,125.0,1.6,144.0,2.62,700.0,148.0,1693.0,0.22,159.0,2.33,1.0,0.0,0.0,0.0,0.7,22.6,228.0,62.9,500.15,0.37,34.0,7.31,32.2,20.0,20.0,109.0,0.12,0.12,520.0,0.34,2.5,1.47,1.0,2485.454806,0,30.0
0.8,8.485281374,4.5254834,100.0,15.0,100.0,1.6,144.0,2.62,700.0,148.0,1693.0,0.22,159.0,2.33,1.0,0.0,0.0,0.0,0.7,22.6,228.0,62.9,500.15,0.37,34.0,7.31,32.2,20.0,20.0,109.0,0.12,0.12,520.0,0.34,2.5,1.47,1.0,8940.934625,0,30.0
0.8,8.485281374,4.5254834,100.0,38.65,100.0,1.6,144.0,2.62,700.0,148.0,1693.0,0.22,159.0,2.33,1.0,0.0,0.0,0.0,0.7,22.6,228.0,62.9,500.15,0.37,34.0,7.31,32.2,20.0,20.0,109.0,0.12,0.12,520.0,0.34,2.5,1.47,1.0,6884.123196,0,30.0
0.8,8.485281374,4.5254834,100.0,20.0,100.0,1.6,144.0,2.62,700.0,148.0,1693.0,0.22,159.0,2.33,1.0,0.0,0.0,0.0,0.7,22.6,228.0,62.9,500.15,0.37,34.0,7.31,32.2,20.0,20.0,109.0,0.12,0.12,520.0,0.34,2.5,1.47,1.0,8257.999274,0,40.0
0.8,8.485281374,4.5254834,100.0,47.3,100.0,1.6,144.0,2.62,700.0,148.0,1693.0,0.22,159.0,2.33,1.0,0.0,0.0,0.0,0.7,22.6,228.0,62.9,500.15,0.37,34.0,7.31,32.2,20.0,20.0,109.0,0.12,0.12,520.0,0.34,2.5,1.47,1.0,6510.624948,0,40.0
0.8,8.485281374,4.5254834,100.0,79.6,100.0,1.6,144.0,2.62,700.0,148.0,1693.0,0.22,159.0,2.33,1.0,0.0,0.0,0.0,0.7,22.6,228.0,62.9,500.15,0.37,34.0,7.31,32.2,20.0,20.0,109.0,0.12,0.12,520.0,0.34,2.5,1.47,1.0,5638.805775,0,50.0
0.8,8.485281374,4.5254834,100.0,30.0,100.0,1.6,144.0,2.62,700.0,148.0,1693.0,0.22,159.0,2.33,1.0,0.0,0.0,0.0,0.7,22.6,228.0,62.9,500.15,0.37,34.0,7.31,32.2,20.0,20.0,109.0,0.12,0.12,520.0,0.34,2.5,1.47,1.0,7383.094625,0,60.0
0.8,8.485281374,4.5254834,100.0,40.0,100.0,1.6,144.0,2.62,700.0,148.0,1693.0,0.22,159.0,2.33,1.0,0.0,0.0,0.0,0.7,22.6,228.0,62.9,500.15,0.37,34.0,7.31,32.2,20.0,20.0,109.0,0.12,0.12,520.0,0.34,2.5,1.47,1.0,6819.151756,0,80.0
0.8,8.485281374,4.5254834,100.0,47.3,100.0,1.6,144.0,2.62,700.0,148.0,1693.0,0.22,159.0,2.33,1.0,0.0,0.0,0.0,0.7,22.6,228.0,62.9,500.15,0.37,34.0,7.31,32.2,20.0,20.0,109.0,0.12,0.12,520.0,0.34,2.5,1.47,1.0,6510.624948,0,80.0
0.8,8.485281374,4.5254834,100.0,70.0,100.0,1.6,144.0,2.62,700.0,148.0,1693.0,0.22,159.0,2.33,1.0,0.0,0.0,0.0,0.7,22.6,228.0,62.9,500.15,0.37,34.0,7.31,32.2,20.0,20.0,109.0,0.12,0.12,520.0,0.34,2.5,1.47,1.0,5842.56088,0,90.0
0.8,8.485281374,4.5254834,100.0,70.0,100.0,1.6,144.0,2.62,700.0,148.0,1693.0,0.22,159.0,2.33,1.0,0.0,0.0,0.0,0.7,22.6,228.0,62.9,500.15,0.37,34.0,7.31,32.2,20.0,20.0,109.0,0.12,0.12,520.0,0.34,2.5,1.47,1.0,5842.56088,0,100.0
0.8,8.485281374,4.5254834,100.0,60.0,100.0,1.6,144.0,2.62,700.0,148.0,1693.0,0.22,159.0,2.33,1.0,0.0,0.0,0.0,0.7,22.6,228.0,62.9,500.15,0.37,34.0,7.31,32.2,20.0,20.0,109.0,0.12,0.12,520.0,0.34,2.5,1.47,1.0,6096.68771,0,120.0
0.8,8.485281374,4.5254834,100.0,70.0,100.0,1.6,144.0,2.62,700.0,148.0,1693.0,0.22,159.0,2.33,1.0,0.0,0.0,0.0,0.7,22.6,228.0,62.9,500.15,0.37,34.0,7.31,32.2,20.0,20.0,109.0,0.12,0.12,520.0,0.34,2.5,1.47,1.0,5842.56088,0,140.0
0.8,8.485281374,4.5254834,100.0,120.0,100.0,1.6,144.0,2.62,700.0,148.0,1693.0,0.22,159.0,2.33,1.0,0.0,0.0,0.0,0.7,22.6,228.0,62.9,500.15,0.37,34.0,7.31,32.2,20.0,20.0,109.0,0.12,0.12,520.0,0.34,2.5,1.47,1.0,5034.420243,0,240.0
0.8,8.485281374,4.5254834,100.0,310.0,100.0,1.6,144.0,2.62,700.0,148.0,1693.0,0.22,159.0,2.33,1.0,0.0,0.0,0.0,0.7,22.6,228.0,62.9,500.15,0.37,34.0,7.31,32.2,20.0,20.0,109.0,0.12,0.12,520.0,0.34,2.5,1.47,1.0,3873.51485,0,720.0
0.8,8.485281374,4.5254834,100.0,11.0,100.0,1.6,144.0,2.62,700.0,148.0,1693.0,0.22,159.0,2.33,1.0,0.0,0.0,0.0,0.7,22.6,228.0,62.9,500.15,0.37,34.0,7.31,32.2,20.0,20.0,109.0,0.12,0.12,520.0,0.34,2.5,1.47,1.0,9740.621446,1,
0.8,8.485281374,4.5254834,100.0,31.0,100.0,1.6,144.0,2.62,700.0,148.0,1693.0,0.22,159.0,2.33,1.0,0.0,0.0,0.0,0.7,22.6,228.0,62.9,500.15,0.37,34.0,7.31,32.2,20.0,20.0,109.0,0.12,0.12,520.0,0.34,2.5,1.47,1.0,7316.531139,1,
0.8,8.485281374,4.5254834,100.0,61.0,100.0,1.6,144.0,2.62,700.0,148.0,1693.0,0.22,159.0,2.33,1.0,0.0,0.0,0.0,0.7,22.6,228.0,62.9,500.15,0.37,34.0,7.31,32.2,20.0,20.0,109.0,0.12,0.12,520.0,0.34,2.5,1.47,1.0,6068.917373,1,
0.8,8.485281374,4.5254834,125.0,44.8,100.0,1.6,144.0,2.62,700.0,148.0,1693.0,0.22,159.0,2.33,1.0,0.0,0.0,0.0,0.7,22.6,228.0,62.9,500.15,0.37,34.0,7.31,32.2,20.0,20.0,109.0,0.12,0.12,520.0,0.34,2.5,1.47,1.0,4807.115014,0,40.0
0.8,8.485281374,4.5254834,75.0,44.8,75.0,1.6,144.0,2.62,700.0,148.0,1693.0,0.22,159.0,2.33,1.0,0.0,0.0,0.0,0.7,22.6,228.0,62.9,500.15,0.37,34.0,7.31,32.2,20.0,20.0,109.0,0.12,0.12,520.0,0.34,2.5,1.47,1.0,16509.18335,0,40.0
0.8,8.485281374,4.5254834,60.0,16.0,60.0,1.6,144.0,2.62,700.0,148.0,1693.0,0.22,159.0,2.33,1.0,0.0,0.0,0.0,0.7,22.6,228.0,62.9,500.15,0.37,34.0,7.31,32.2,20.0,20.0,109.0,0.12,0.12,520.0,0.34,2.5,1.47,1.0,42354.10066,0,40.0
0.8,8.485281374,4.5254834,140.0,16.0,100.0,1.6,144.0,2.62,700.0,148.0,1693.0,0.22,159.0,2.33,1.0,0.0,0.0,0.0,0.7,22.6,228.0,62.9,500.15,0.37,34.0,7.31,32.2,20.0,20.0,109.0,0.12,0.12,520.0,0.34,2.5,1.47,1.0,5434.694426,0,40.0
0.8,8.485281374,4.5254834,150.0,25.0,125.0,1.6,144.0,2.62,700.0,148.0,1693.0,0.22,159.0,2.33,1.0,0.0,0.0,0.0,0.7,22.6,228.0,62.9,500.15,0.37,34.0,7.31,32.2,20.0,20.0,109.0,0.12,0.12,520.0,0.34,2.5,1.47,1.0,2799.56923,0,40.0
0.8,8.485281374,4.5254834,100.0,15.0,60.0,1.6,144.0,2.62,700.0,148.0,1693.0,0.22,159.0,2.33,1.0,0.0,0.0,0.0,0.7,22.6,228.0,62.9,500.15,0.37,34.0,7.31,32.2,20.0,20.0,109.0,0.12,0.12,520.0,0.34,2.5,1.47,1.0,20804.0348,0,30.0
0.8,7.810249676,6.403124237,165.0,30.0,125.0,2.3,60.0,7.7,779.0,36.0,2345.15,0.23,360.0,3.89,2.0,3.0,3.9,0.5,0.6,20.7,232.0,58.0,490.15,0.307,41.6,7.37,50.0,14.0,45.0,872.5,0.8,0.4,393.15,0.16,28.5,1.585,2.0,3248.014341,0,60.0
0.8,7.810249676,6.403124237,165.0,21.0,125.0,2.3,60.0,7.7,779.0,36.0,2345.15,0.23,360.0,3.89,2.0,3.0,3.9,0.5,0.6,20.7,232.0,58.0,490.15,0.307,41.6,7.37,50.0,14.0,45.0,872.5,0.8,0.4,393.15,0.16,28.5,1.585,2.0,3584.279427,0,42.0
0.8,7.810249676,6.403124237,165.0,120.0,125.0,2.3,60.0,7.7,779.0,36.0,2345.15,0.23,360.0,3.89,2.0,3.0,3.9,0.5,0.6,20.7,232.0,58.0,490.15,0.307,41.6,7.37,50.0,14.0,45.0,872.5,0.8,0.4,393.15,0.16,28.5,1.585,2.0,2214.771715,0,240.0
0.8,7.810249676,6.403124237,180.0,15.0,125.0,2.3,60.0,7.7,779.0,36.0,2345.15,0.23,360.0,3.89,2.0,3.0,3.9,0.5,0.6,20.7,232.0,58.0,490.15,0.307,41.6,7.37,50.0,14.0,45.0,872.5,0.8,0.4,393.15,0.16,28.5,1.585,2.0,3474.187569,0,30.0
0.8,7.810249676,6.403124237,100.0,15.0,100.0,2.3,60.0,7.7,779.0,36.0,2345.15,0.23,360.0,3.89,2.0,3.0,3.9,0.5,0.6,20.7,232.0,58.0,490.15,0.307,41.6,7.37,50.0,14.0,45.0,872.5,0.8,0.4,393.15,0.16,28.5,1.585,2.0,12497.7062,0,30.0
0.8,7.810249676,6.403124237,100.0,38.65,100.0,2.3,60.0,7.7,779.0,36.0,2345.15,0.23,360.0,3.89,2.0,3.0,3.9,0.5,0.6,20.7,232.0,58.0,490.15,0.307,41.6,7.37,50.0,14.0,45.0,872.5,0.8,0.4,393.15,0.16,28.5,1.585,2.0,9622.67959,0,30.0
0.8,7.810249676,6.403124237,100.0,20.0,100.0,2.3,60.0,7.7,779.0,36.0,2345.15,0.23,360.0,3.89,2.0,3.0,3.9,0.5,0.6,20.7,232.0,58.0,490.15,0.307,41.6,7.37,50.0,14.0,45.0,872.5,0.8,0.4,393.15,0.16,28.5,1.585,2.0,11543.09399,0,40.0
0.8,7.810249676,6.403124237,100.0,47.3,100.0,2.3,60.0,7.7,779.0,36.0,2345.15,0.23,360.0,3.89,2.0,3.0,3.9,0.5,0.6,20.7,232.0,58.0,490.15,0.307,41.6,7.37,50.0,14.0,45.0,872.5,0.8,0.4,393.15,0.16,28.5,1.585,2.0,9100.600908,0,40.0
0.8,7.810249676,6.403124237,100.0,79.6,100.0,2.3,60.0,7.7,779.0,36.0,2345.15,0.23,360.0,3.89,2.0,3.0,3.9,0.5,0.6,20.7,232.0,58.0,490.15,0.307,41.6,7.37,50.0,14.0,45.0,872.5,0.8,0.4,393.15,0.16,28.5,1.585,2.0,7881.965458,0,50.0
0.8,7.810249676,6.403124237,100.0,30.0,100.0,2.3,60.0,7.7,779.0,36.0,2345.15,0.23,360.0,3.89,2.0,3.0,3.9,0.5,0.6,20.7,232.0,58.0,490.15,0.307,41.6,7.37,50.0,14.0,45.0,872.5,0.8,0.4,393.15,0.16,28.5,1.585,2.0,10320.14564,0,60.0
0.8,7.810249676,6.403124237,100.0,40.0,100.0,2.3,60.0,7.7,779.0,36.0,2345.15,0.23,360.0,3.89,2.0,3.0,3.9,0.5,0.6,20.7,232.0,58.0,490.15,0.307,41.6,7.37,50.0,14.0,45.0,872.5,0.8,0.4,393.15,0.16,28.5,1.585,2.0,9531.862019,0,80.0
0.8,7.810249676,6.403124237,100.0,47.3,100.0,2.3,60.0,7.7,779.0,36.0,2345.15,0.23,360.0,3.89,2.0,3.0,3.9,0.5,0.6,20.7,232.0,58.0,490.15,0.307,41.6,7.37,50.0,14.0,45.0,872.5,0.8,0.4,393.15,0.16,28.5,1.585,2.0,9100.600908,0,80.0
0.8,7.810249676,6.403124237,100.0,70.0,100.0,2.3,60.0,7.7,779.0,36.0,2345.15,0.23,360.0,3.89,2.0,3.0,3.9,0.5,0.6,20.7,232.0,58.0,490.15,0.307,41.6,7.37,50.0,14.0,45.0,872.5,0.8,0.4,393.15,0.16,28.5,1.585,2.0,8166.775889,0,90.0
0.8,7.810249676,6.403124237,100.0,70.0,100.0,2.3,60.0,7.7,779.0,36.0,2345.15,0.23,360.0,3.89,2.0,3.0,3.9,0.5,0.6,20.7,232.0,58.0,490.15,0.307,41.6,7.37,50.0,14.0,45.0,872.5,0.8,0.4,393.15,0.16,28.5,1.585,2.0,8166.775889,0,100.0
0.8,7.810249676,6.403124237,100.0,60.0,100.0,2.3,60.0,7.7,779.0,36.0,2345.15,0.23,360.0,3.89,2.0,3.0,3.9,0.5,0.6,20.7,232.0,58.0,490.15,0.307,41.6,7.37,50.0,14.0,45.0,872.5,0.8,0.4,393.15,0.16,28.5,1.585,2.0,8521.996298,0,120.0
0.8,7.810249676,6.403124237,100.0,70.0,100.0,2.3,60.0,7.7,779.0,36.0,2345.15,0.23,360.0,3.89,2.0,3.0,3.9,0.5,0.6,20.7,232.0,58.0,490.15,0.307,41.6,7.37,50.0,14.0,45.0,872.5,0.8,0.4,393.15,0.16,28.5,1.585,2.0,8166.775889,0,140.0
0.8,7.810249676,6.403124237,100.0,120.0,100.0,2.3,60.0,7.7,779.0,36.0,2345.15,0.23,360.0,3.89,2.0,3.0,3.9,0.5,0.6,20.7,232.0,58.0,490.15,0.307,41.6,7.37,50.0,14.0,45.0,872.5,0.8,0.4,393.15,0.16,28.5,1.585,2.0,7037.150779,0,240.0
0.8,7.810249676,6.403124237,100.0,310.0,100.0,2.3,60.0,7.7,779.0,36.0,2345.15,0.23,360.0,3.89,2.0,3.0,3.9,0.5,0.6,20.7,232.0,58.0,490.15,0.307,41.6,7.37,50.0,14.0,45.0,872.5,0.8,0.4,393.15,0.16,28.5,1.585,2.0,5414.428421,0,720.0
0.8,7.810249676,6.403124237,100.0,11.0,100.0,2.3,60.0,7.7,779.0,36.0,2345.15,0.23,360.0,3.89,2.0,3.0,3.9,0.5,0.6,20.7,232.0,58.0,490.15,0.307,41.6,7.37,50.0,14.0,45.0,872.5,0.8,0.4,393.15,0.16,28.5,1.585,2.0,13615.5145,1,
0.8,7.810249676,6.403124237,100.0,31.0,100.0,2.3,60.0,7.7,779.0,36.0,2345.15,0.23,360.0,3.89,2.0,3.0,3.9,0.5,0.6,20.7,232.0,58.0,490.15,0.307,41.6,7.37,50.0,14.0,45.0,872.5,0.8,0.4,393.15,0.16,28.5,1.585,2.0,10227.10269,1,
0.8,7.810249676,6.403124237,100.0,61.0,100.0,2.3,60.0,7.7,779.0,36.0,2345.15,0.23,360.0,3.89,2.0,3.0,3.9,0.5,0.6,20.7,232.0,58.0,490.15,0.307,41.6,7.37,50.0,14.0,45.0,872.5,0.8,0.4,393.15,0.16,28.5,1.585,2.0,8483.17871,1,
0.8,7.810249676,6.403124237,125.0,44.8,100.0,2.3,60.0,7.7,779.0,36.0,2345.15,0.23,360.0,3.89,2.0,3.0,3.9,0.5,0.6,20.7,232.0,58.0,490.15,0.307,41.6,7.37,50.0,14.0,45.0,872.5,0.8,0.4,393.15,0.16,28.5,1.585,2.0,6719.421808,0,40.0
0.8,7.810249676,6.403124237,75.0,44.8,75.0,2.3,60.0,7.7,779.0,36.0,2345.15,0.23,360.0,3.89,2.0,3.0,3.9,0.5,0.6,20.7,232.0,58.0,490.15,0.307,41.6,7.37,50.0,14.0,45.0,872.5,0.8,0.4,393.15,0.16,28.5,1.585,2.0,23076.66163,0,40.0
0.8,7.810249676,6.403124237,60.0,16.0,60.0,2.3,60.0,7.7,779.0,36.0,2345.15,0.23,360.0,3.89,2.0,3.0,3.9,0.5,0.6,20.7,232.0,58.0,490.15,0.307,41.6,7.37,50.0,14.0,45.0,872.5,0.8,0.4,393.15,0.16,28.5,1.585,2.0,59202.88297,0,40.0
0.8,7.810249676,6.403124237,140.0,16.0,100.0,2.3,60.0,7.7,779.0,36.0,2345.15,0.23,360.0,3.89,2.0,3.0,3.9,0.5,0.6,20.7,232.0,58.0,490.15,0.307,41.6,7.37,50.0,14.0,45.0,872.5,0.8,0.4,393.15,0.16,28.5,1.585,2.0,7596.657067,0,40.0
0.8,7.810249676,6.403124237,150.0,25.0,125.0,2.3,60.0,7.7,779.0,36.0,2345.15,0.23,360.0,3.89,2.0,3.0,3.9,0.5,0.6,20.7,232.0,58.0,490.15,0.307,41.6,7.37,50.0,14.0,45.0,872.5,0.8,0.4,393.15,0.16,28.5,1.585,2.0,3913.259092,0,40.0
0.8,7.810249676,6.403124237,100.0,15.0,60.0,2.3,60.0,7.7,779.0,36.0,2345.15,0.23,360.0,3.89,2.0,3.0,3.9,0.5,0.6,20.7,232.0,58.0,490.15,0.307,41.6,7.37,50.0,14.0,45.0,872.5,0.8,0.4,393.15,0.16,28.5,1.585,2.0,29080.03756,0,30.0
0.8,7.810249676,6.403124237,165.0,30.0,125.0,3.1,60.0,7.7,779.0,36.0,2345.15,0.23,360.0,3.89,2.0,3.0,3.9,0.5,0.6,20.7,232.0,58.0,490.15,0.307,41.6,7.37,50.0,14.0,45.0,872.5,0.8,0.4,393.15,0.16,28.5,1.585,2.0,3736.0,0,60.0
0.8,7.810249676,6.403124237,165.0,30.0,125.0,3.1,60.0,7.7,779.0,36.0,2345.15,0.23,360.0,3.89,2.0,3.0,3.9,0.5,0.6,20.7,232.0,58.0,490.15,0.307,41.6,7.37,50.0,14.0,45.0,872.5,0.8,0.4,393.15,0.16,28.5,1.585,2.0,2940.319573,0,60.0
0.8,7.810249676,6.403124237,165.0,21.0,125.0,3.1,60.0,7.7,779.0,36.0,2345.15,0.23,360.0,3.89,2.0,3.0,3.9,0.5,0.6,20.7,232.0,58.0,490.15,0.307,41.6,7.37,50.0,14.0,45.0,872.5,0.8,0.4,393.15,0.16,28.5,1.585,2.0,3244.729193,0,42.0
0.8,7.810249676,6.403124237,165.0,120.0,125.0,3.1,60.0,7.7,779.0,36.0,2345.15,0.23,360.0,3.89,2.0,3.0,3.9,0.5,0.6,20.7,232.0,58.0,490.15,0.307,41.6,7.37,50.0,14.0,45.0,872.5,0.8,0.4,393.15,0.16,28.5,1.585,2.0,2004.95932,0,240.0
0.8,7.810249676,6.403124237,180.0,15.0,125.0,3.1,60.0,7.7,779.0,36.0,2345.15,0.23,360.0,3.89,2.0,3.0,3.9,0.5,0.6,20.7,232.0,58.0,490.15,0.307,41.6,7.37,50.0,14.0,45.0,872.5,0.8,0.4,393.15,0.16,28.5,1.585,2.0,3145.066688,0,30.0
0.8,7.810249676,6.403124237,100.0,15.0,100.0,3.1,60.0,7.7,779.0,36.0,2345.15,0.23,360.0,3.89,2.0,3.0,3.9,0.5,0.6,20.7,232.0,58.0,490.15,0.307,41.6,7.37,50.0,14.0,45.0,872.5,0.8,0.4,393.15,0.16,28.5,1.585,2.0,11313.75859,0,30.0
0.8,7.810249676,6.403124237,100.0,38.65,100.0,3.1,60.0,7.7,779.0,36.0,2345.15,0.23,360.0,3.89,2.0,3.0,3.9,0.5,0.6,20.7,232.0,58.0,490.15,0.307,41.6,7.37,50.0,14.0,45.0,872.5,0.8,0.4,393.15,0.16,28.5,1.585,2.0,8711.09243,0,30.0
0.8,7.810249676,6.403124237,100.0,20.0,100.0,3.1,60.0,7.7,779.0,36.0,2345.15,0.23,360.0,3.89,2.0,3.0,3.9,0.5,0.6,20.7,232.0,58.0,490.15,0.307,41.6,7.37,50.0,14.0,45.0,872.5,0.8,0.4,393.15,0.16,28.5,1.585,2.0,10449.57984,0,40.0
0.8,7.810249676,6.403124237,100.0,47.3,100.0,3.1,60.0,7.7,779.0,36.0,2345.15,0.23,360.0,3.89,2.0,3.0,3.9,0.5,0.6,20.7,232.0,58.0,490.15,0.307,41.6,7.37,50.0,14.0,45.0,872.5,0.8,0.4,393.15,0.16,28.5,1.585,2.0,8238.471928,0,40.0
0.8,7.810249676,6.403124237,100.0,79.6,100.0,3.1,60.0,7.7,779.0,36.0,2345.15,0.23,360.0,3.89,2.0,3.0,3.9,0.5,0.6,20.7,232.0,58.0,490.15,0.307,41.6,7.37,50.0,14.0,45.0,872.5,0.8,0.4,393.15,0.16,28.5,1.585,2.0,7135.281705,0,50.0
0.8,7.810249676,6.403124237,100.0,30.0,100.0,3.1,60.0,7.7,779.0,36.0,2345.15,0.23,360.0,3.89,2.0,3.0,3.9,0.5,0.6,20.7,232.0,58.0,490.15,0.307,41.6,7.37,50.0,14.0,45.0,872.5,0.8,0.4,393.15,0.16,28.5,1.585,2.0,9342.485291,0,60.0
0.8,7.810249676,6.403124237,100.0,40.0,100.0,3.1,60.0,7.7,779.0,36.0,2345.15,0.23,360.0,3.89,2.0,3.0,3.9,0.5,0.6,20.7,232.0,58.0,490.15,0.307,41.6,7.37,50.0,14.0,45.0,872.5,0.8,0.4,393.15,0.16,28.5,1.585,2.0,8628.878297,0,80.0
0.8,7.810249676,6.403124237,100.0,47.3,100.0,3.1,60.0,7.7,779.0,36.0,2345.15,0.23,360.0,3.89,2.0,3.0,3.9,0.5,0.6,20.7,232.0,58.0,490.15,0.307,41.6,7.37,50.0,14.0,45.0,872.5,0.8,0.4,393.15,0.16,28.5,1.585,2.0,8238.471928,0,80.0
0.8,7.810249676,6.403124237,100.0,70.0,100.0,3.1,60.0,7.7,779.0,36.0,2345.15,0.23,360.0,3.89,2.0,3.0,3.9,0.5,0.6,20.7,232.0,58.0,490.15,0.307,41.6,7.37,50.0,14.0,45.0,872.5,0.8,0.4,393.15,0.16,28.5,1.585,2.0,7393.111135,0,90.0
0.8,7.810249676,6.403124237,100.0,70.0,100.0,3.1,60.0,7.7,779.0,36.0,2345.15,0.23,360.0,3.89,2.0,3.0,3.9,0.5,0.6,20.7,232.0,58.0,490.15,0.307,41.6,7.37,50.0,14.0,45.0,872.5,0.8,0.4,393.15,0.16,28.5,1.585,2.0,7393.111135,0,100.0
0.8,7.810249676,6.403124237,100.0,60.0,100.0,3.1,60.0,7.7,779.0,36.0,2345.15,0.23,360.0,3.89,2.0,3.0,3.9,0.5,0.6,20.7,232.0,58.0,490.15,0.307,41.6,7.37,50.0,14.0,45.0,872.5,0.8,0.4,393.15,0.16,28.5,1.585,2.0,7714.680381,0,120.0
0.8,7.810249676,6.403124237,100.0,70.0,100.0,3.1,60.0,7.7,779.0,36.0,2345.15,0.23,360.0,3.89,2.0,3.0,3.9,0.5,0.6,20.7,232.0,58.0,490.15,0.307,41.6,7.37,50.0,14.0,45.0,872.5,0.8,0.4,393.15,0.16,28.5,1.585,2.0,7393.111135,0,140.0
0.8,7.810249676,6.403124237,100.0,120.0,100.0,3.1,60.0,7.7,779.0,36.0,2345.15,0.23,360.0,3.89,2.0,3.0,3.9,0.5,0.6,20.7,232.0,58.0,490.15,0.307,41.6,7.37,50.0,14.0,45.0,872.5,0.8,0.4,393.15,0.16,28.5,1.585,2.0,6370.499019,0,240.0
0.8,7.810249676,6.403124237,100.0,310.0,100.0,3.1,60.0,7.7,779.0,36.0,2345.15,0.23,360.0,3.89,2.0,3.0,3.9,0.5,0.6,20.7,232.0,58.0,490.15,0.307,41.6,7.37,50.0,14.0,45.0,872.5,0.8,0.4,393.15,0.16,28.5,1.585,2.0,4901.502331,0,720.0
0.8,7.810249676,6.403124237,100.0,11.0,100.0,3.1,60.0,7.7,779.0,36.0,2345.15,0.23,360.0,3.89,2.0,3.0,3.9,0.5,0.6,20.7,232.0,58.0,490.15,0.307,41.6,7.37,50.0,14.0,45.0,872.5,0.8,0.4,393.15,0.16,28.5,1.585,2.0,12325.67334,1,
0.8,7.810249676,6.403124237,100.0,31.0,100.0,3.1,60.0,7.7,779.0,36.0,2345.15,0.23,360.0,3.89,2.0,3.0,3.9,0.5,0.6,20.7,232.0,58.0,490.15,0.307,41.6,7.37,50.0,14.0,45.0,872.5,0.8,0.4,393.15,0.16,28.5,1.585,2.0,9258.256601,1,
0.8,7.810249676,6.403124237,100.0,61.0,100.0,3.1,60.0,7.7,779.0,36.0,2345.15,0.23,360.0,3.89,2.0,3.0,3.9,0.5,0.6,20.7,232.0,58.0,490.15,0.307,41.6,7.37,50.0,14.0,45.0,872.5,0.8,0.4,393.15,0.16,28.5,1.585,2.0,7679.540107,1,
0.8,7.810249676,6.403124237,125.0,44.8,100.0,3.1,60.0,7.7,779.0,36.0,2345.15,0.23,360.0,3.89,2.0,3.0,3.9,0.5,0.6,20.7,232.0,58.0,490.15,0.307,41.6,7.37,50.0,14.0,45.0,872.5,0.8,0.4,393.15,0.16,28.5,1.585,2.0,6082.869527,0,40.0
0.8,7.810249676,6.403124237,75.0,44.8,75.0,3.1,60.0,7.7,779.0,36.0,2345.15,0.23,360.0,3.89,2.0,3.0,3.9,0.5,0.6,20.7,232.0,58.0,490.15,0.307,41.6,7.37,50.0,14.0,45.0,872.5,0.8,0.4,393.15,0.16,28.5,1.585,2.0,20890.5358,0,40.0
0.8,7.810249676,6.403124237,60.0,16.0,60.0,3.1,60.0,7.7,779.0,36.0,2345.15,0.23,360.0,3.89,2.0,3.0,3.9,0.5,0.6,20.7,232.0,58.0,490.15,0.307,41.6,7.37,50.0,14.0,45.0,872.5,0.8,0.4,393.15,0.16,28.5,1.585,2.0,53594.40485,0,40.0
0.8,7.810249676,6.403124237,140.0,16.0,100.0,3.1,60.0,7.7,779.0,36.0,2345.15,0.23,360.0,3.89,2.0,3.0,3.9,0.5,0.6,20.7,232.0,58.0,490.15,0.307,41.6,7.37,50.0,14.0,45.0,872.5,0.8,0.4,393.15,0.16,28.5,1.585,2.0,6877.001489,0,40.0
0.8,7.810249676,6.403124237,150.0,25.0,125.0,3.1,60.0,7.7,779.0,36.0,2345.15,0.23,360.0,3.89,2.0,3.0,3.9,0.5,0.6,20.7,232.0,58.0,490.15,0.307,41.6,7.37,50.0,14.0,45.0,872.5,0.8,0.4,393.15,0.16,28.5,1.585,2.0,3542.543564,0,40.0
0.8,7.810249676,6.403124237,100.0,15.0,60.0,3.1,60.0,7.7,779.0,36.0,2345.15,0.23,360.0,3.89,2.0,3.0,3.9,0.5,0.6,20.7,232.0,58.0,490.15,0.307,41.6,7.37,50.0,14.0,45.0,872.5,0.8,0.4,393.15,0.16,28.5,1.585,2.0,26325.19276,0,30.0
1.27,20.50609665,14.8492424,165.0,30.0,125.0,2.36,484.0,7.7,779.0,36.0,2345.15,0.23,360.0,3.89,1.0,3.8,3.8,0.7,0.7,22.0,236.0,57.0,492.15,0.34,42.6,7.4,48.0,14.0,45.0,872.5,0.8,0.4,393.15,0.16,28.5,1.585,0.0,312.9135977,0,60.0
1.27,20.50609665,14.8492424,165.0,21.0,125.0,2.36,484.0,7.7,779.0,36.0,2345.15,0.23,360.0,3.89,1.0,3.8,3.8,0.7,0.7,22.0,236.0,57.0,492.15,0.34,42.6,7.4,48.0,14.0,45.0,872.5,0.8,0.4,393.15,0.16,28.5,1.585,0.0,345.3093653,0,42.0
1.27,20.50609665,14.8492424,165.0,120.0,125.0,2.36,484.0,7.7,779.0,36.0,2345.15,0.23,360.0,3.89,1.0,3.8,3.8,0.7,0.7,22.0,236.0,57.0,492.15,0.34,42.6,7.4,48.0,14.0,45.0,872.5,0.8,0.4,393.15,0.16,28.5,1.585,0.0,213.3710362,0,240.0
1.27,20.50609665,14.8492424,180.0,15.0,125.0,2.36,484.0,7.7,779.0,36.0,2345.15,0.23,360.0,3.89,1.0,3.8,3.8,0.7,0.7,22.0,236.0,57.0,492.15,0.34,42.6,7.4,48.0,14.0,45.0,872.5,0.8,0.4,393.15,0.16,28.5,1.585,0.0,334.7031192,0,30.0
1.27,20.50609665,14.8492424,100.0,15.0,100.0,2.36,484.0,7.7,779.0,36.0,2345.15,0.23,360.0,3.89,1.0,3.8,3.8,0.7,0.7,22.0,236.0,57.0,492.15,0.34,42.6,7.4,48.0,14.0,45.0,872.5,0.8,0.4,393.15,0.16,28.5,1.585,0.0,1204.028615,0,30.0
1.27,20.50609665,14.8492424,100.0,38.65,100.0,2.36,484.0,7.7,779.0,36.0,2345.15,0.23,360.0,3.89,1.0,3.8,3.8,0.7,0.7,22.0,236.0,57.0,492.15,0.34,42.6,7.4,48.0,14.0,45.0,872.5,0.8,0.4,393.15,0.16,28.5,1.585,0.0,927.0486438,0,30.0
1.27,20.50609665,14.8492424,100.0,20.0,100.0,2.36,484.0,7.7,779.0,36.0,2345.15,0.23,360.0,3.89,1.0,3.8,3.8,0.7,0.7,22.0,236.0,57.0,492.15,0.34,42.6,7.4,48.0,14.0,45.0,872.5,0.8,0.4,393.15,0.16,28.5,1.585,0.0,1112.061305,0,40.0
1.27,20.50609665,14.8492424,100.0,47.3,100.0,2.36,484.0,7.7,779.0,36.0,2345.15,0.23,360.0,3.89,1.0,3.8,3.8,0.7,0.7,22.0,236.0,57.0,492.15,0.34,42.6,7.4,48.0,14.0,45.0,872.5,0.8,0.4,393.15,0.16,28.5,1.585,0.0,876.7516003,0,40.0
1.27,20.50609665,14.8492424,100.0,79.6,100.0,2.36,484.0,7.7,779.0,36.0,2345.15,0.23,360.0,3.89,1.0,3.8,3.8,0.7,0.7,22.0,236.0,57.0,492.15,0.34,42.6,7.4,48.0,14.0,45.0,872.5,0.8,0.4,393.15,0.16,28.5,1.585,0.0,759.3483,0,50.0
1.27,20.50609665,14.8492424,100.0,30.0,100.0,2.36,484.0,7.7,779.0,36.0,2345.15,0.23,360.0,3.89,1.0,3.8,3.8,0.7,0.7,22.0,236.0,57.0,492.15,0.34,42.6,7.4,48.0,14.0,45.0,872.5,0.8,0.4,393.15,0.16,28.5,1.585,0.0,994.2425004,0,60.0
1.27,20.50609665,14.8492424,100.0,40.0,100.0,2.36,484.0,7.7,779.0,36.0,2345.15,0.23,360.0,3.89,1.0,3.8,3.8,0.7,0.7,22.0,236.0,57.0,492.15,0.34,42.6,7.4,48.0,14.0,45.0,872.5,0.8,0.4,393.15,0.16,28.5,1.585,0.0,918.299282,0,80.0
1.27,20.50609665,14.8492424,100.0,47.3,100.0,2.36,484.0,7.7,779.0,36.0,2345.15,0.23,360.0,3.89,1.0,3.8,3.8,0.7,0.7,22.0,236.0,57.0,492.15,0.34,42.6,7.4,48.0,14.0,45.0,872.5,0.8,0.4,393.15,0.16,28.5,1.585,0.0,876.7516003,0,80.0
1.27,20.50609665,14.8492424,100.0,70.0,100.0,2.36,484.0,7.7,779.0,36.0,2345.15,0.23,360.0,3.89,1.0,3.8,3.8,0.7,0.7,22.0,236.0,57.0,492.15,0.34,42.6,7.4,48.0,14.0,45.0,872.5,0.8,0.4,393.15,0.16,28.5,1.585,0.0,786.7869279,0,90.0
1.27,20.50609665,14.8492424,100.0,70.0,100.0,2.36,484.0,7.7,779.0,36.0,2345.15,0.23,360.0,3.89,1.0,3.8,3.8,0.7,0.7,22.0,236.0,57.0,492.15,0.34,42.6,7.4,48.0,14.0,45.0,872.5,0.8,0.4,393.15,0.16,28.5,1.585,0.0,786.7869279,0,100.0
1.27,20.50609665,14.8492424,100.0,60.0,100.0,2.36,484.0,7.7,779.0,36.0,2345.15,0.23,360.0,3.89,1.0,3.8,3.8,0.7,0.7,22.0,236.0,57.0,492.15,0.34,42.6,7.4,48.0,14.0,45.0,872.5,0.8,0.4,393.15,0.16,28.5,1.585,0.0,821.0088507,0,120.0
1.27,20.50609665,14.8492424,100.0,70.0,100.0,2.36,484.0,7.7,779.0,36.0,2345.15,0.23,360.0,3.89,1.0,3.8,3.8,0.7,0.7,22.0,236.0,57.0,492.15,0.34,42.6,7.4,48.0,14.0,45.0,872.5,0.8,0.4,393.15,0.16,28.5,1.585,0.0,786.7869279,0,140.0
1.27,20.50609665,14.8492424,100.0,120.0,100.0,2.36,484.0,7.7,779.0,36.0,2345.15,0.23,360.0,3.89,1.0,3.8,3.8,0.7,0.7,22.0,236.0,57.0,492.15,0.34,42.6,7.4,48.0,14.0,45.0,872.5,0.8,0.4,393.15,0.16,28.5,1.585,0.0,677.958881,0,240.0
1.27,20.50609665,14.8492424,100.0,310.0,100.0,2.36,484.0,7.7,779.0,36.0,2345.15,0.23,360.0,3.89,1.0,3.8,3.8,0.7,0.7,22.0,236.0,57.0,492.15,0.34,42.6,7.4,48.0,14.0,45.0,872.5,0.8,0.4,393.15,0.16,28.5,1.585,0.0,521.6258609,0,720.0
1.27,20.50609665,14.8492424,100.0,11.0,100.0,2.36,484.0,7.7,779.0,36.0,2345.15,0.23,360.0,3.89,1.0,3.8,3.8,0.7,0.7,22.0,236.0,57.0,492.15,0.34,42.6,7.4,48.0,14.0,45.0,872.5,0.8,0.4,393.15,0.16,28.5,1.585,0.0,1311.718231,1,
1.27,20.50609665,14.8492424,100.0,31.0,100.0,2.36,484.0,7.7,779.0,36.0,2345.15,0.23,360.0,3.89,1.0,3.8,3.8,0.7,0.7,22.0,236.0,57.0,492.15,0.34,42.6,7.4,48.0,14.0,45.0,872.5,0.8,0.4,393.15,0.16,28.5,1.585,0.0,985.278746,1,
1.27,20.50609665,14.8492424,100.0,61.0,100.0,2.36,484.0,7.7,779.0,36.0,2345.15,0.23,360.0,3.89,1.0,3.8,3.8,0.7,0.7,22.0,236.0,57.0,492.15,0.34,42.6,7.4,48.0,14.0,45.0,872.5,0.8,0.4,393.15,0.16,28.5,1.585,0.0,817.2691656,1,
1.27,20.50609665,14.8492424,125.0,44.8,100.0,2.36,484.0,7.7,779.0,36.0,2345.15,0.23,360.0,3.89,1.0,3.8,3.8,0.7,0.7,22.0,236.0,57.0,492.15,0.34,42.6,7.4,48.0,14.0,45.0,872.5,0.8,0.4,393.15,0.16,28.5,1.585,0.0,647.348882,0,40.0
1.27,20.50609665,14.8492424,75.0,44.8,75.0,2.36,484.0,7.7,779.0,36.0,2345.15,0.23,360.0,3.89,1.0,3.8,3.8,0.7,0.7,22.0,236.0,57.0,492.15,0.34,42.6,7.4,48.0,14.0,45.0,872.5,0.8,0.4,393.15,0.16,28.5,1.585,0.0,2223.204844,0,40.0
1.27,20.50609665,14.8492424,60.0,16.0,60.0,2.36,484.0,7.7,779.0,36.0,2345.15,0.23,360.0,3.89,1.0,3.8,3.8,0.7,0.7,22.0,236.0,57.0,492.15,0.34,42.6,7.4,48.0,14.0,45.0,872.5,0.8,0.4,393.15,0.16,28.5,1.585,0.0,5703.603851,0,40.0
1.27,20.50609665,14.8492424,140.0,16.0,100.0,2.36,484.0,7.7,779.0,36.0,2345.15,0.23,360.0,3.89,1.0,3.8,3.8,0.7,0.7,22.0,236.0,57.0,492.15,0.34,42.6,7.4,48.0,14.0,45.0,872.5,0.8,0.4,393.15,0.16,28.5,1.585,0.0,731.8616988,0,40.0
1.27,20.50609665,14.8492424,150.0,25.0,125.0,2.36,484.0,7.7,779.0,36.0,2345.15,0.23,360.0,3.89,1.0,3.8,3.8,0.7,0.7,22.0,236.0,57.0,492.15,0.34,42.6,7.4,48.0,14.0,45.0,872.5,0.8,0.4,393.15,0.16,28.5,1.585,0.0,377.0032557,0,40.0
1.27,20.50609665,14.8492424,100.0,15.0,60.0,2.36,484.0,7.7,779.0,36.0,2345.15,0.23,360.0,3.89,1.0,3.8,3.8,0.7,0.7,22.0,236.0,57.0,492.15,0.34,42.6,7.4,48.0,14.0,45.0,872.5,0.8,0.4,393.15,0.16,28.5,1.585,0.0,2801.569888,0,30.0
1.27,20.50609665,14.8492424,165.0,30.0,125.0,2.36,484.0,7.7,779.0,36.0,2345.15,0.23,360.0,3.89,1.0,3.8,3.8,0.7,0.7,22.0,236.0,57.0,492.15,0.34,42.6,7.4,48.0,14.0,45.0,872.5,0.8,0.4,393.15,0.16,28.5,1.585,0.0,300.1692953,0,60.0
1.27,20.50609665,14.8492424,165.0,21.0,125.0,2.36,484.0,7.7,779.0,36.0,2345.15,0.23,360.0,3.89,1.0,3.8,3.8,0.7,0.7,22.0,236.0,57.0,492.15,0.34,42.6,7.4,48.0,14.0,45.0,872.5,0.8,0.4,393.15,0.16,28.5,1.585,0.0,331.2456525,0,42.0
1.27,20.50609665,14.8492424,165.0,120.0,125.0,2.36,484.0,7.7,779.0,36.0,2345.15,0.23,360.0,3.89,1.0,3.8,3.8,0.7,0.7,22.0,236.0,57.0,492.15,0.34,42.6,7.4,48.0,14.0,45.0,872.5,0.8,0.4,393.15,0.16,28.5,1.585,0.0,204.6808897,0,240.0
1.27,20.50609665,14.8492424,180.0,15.0,125.0,2.36,484.0,7.7,779.0,36.0,2345.15,0.23,360.0,3.89,1.0,3.8,3.8,0.7,0.7,22.0,236.0,57.0,492.15,0.34,42.6,7.4,48.0,14.0,45.0,872.5,0.8,0.4,393.15,0.16,28.5,1.585,0.0,321.0713762,0,30.0
1.27,20.50609665,14.8492424,100.0,15.0,100.0,2.36,484.0,7.7,779.0,36.0,2345.15,0.23,360.0,3.89,1.0,3.8,3.8,0.7,0.7,22.0,236.0,57.0,492.15,0.34,42.6,7.4,48.0,14.0,45.0,872.5,0.8,0.4,393.15,0.16,28.5,1.585,0.0,1154.991102,0,30.0
1.27,20.50609665,14.8492424,100.0,38.65,100.0,2.36,484.0,7.7,779.0,36.0,2345.15,0.23,360.0,3.89,1.0,3.8,3.8,0.7,0.7,22.0,236.0,57.0,492.15,0.34,42.6,7.4,48.0,14.0,45.0,872.5,0.8,0.4,393.15,0.16,28.5,1.585,0.0,889.291933,0,30.0
1.27,20.50609665,14.8492424,100.0,20.0,100.0,2.36,484.0,7.7,779.0,36.0,2345.15,0.23,360.0,3.89,1.0,3.8,3.8,0.7,0.7,22.0,236.0,57.0,492.15,0.34,42.6,7.4,48.0,14.0,45.0,872.5,0.8,0.4,393.15,0.16,28.5,1.585,0.0,1066.769424,0,40.0
1.27,20.50609665,14.8492424,100.0,47.3,100.0,2.36,484.0,7.7,779.0,36.0,2345.15,0.23,360.0,3.89,1.0,3.8,3.8,0.7,0.7,22.0,236.0,57.0,492.15,0.34,42.6,7.4,48.0,14.0,45.0,872.5,0.8,0.4,393.15,0.16,28.5,1.585,0.0,841.0433806,0,40.0
1.27,20.50609665,14.8492424,100.0,79.6,100.0,2.36,484.0,7.7,779.0,36.0,2345.15,0.23,360.0,3.89,1.0,3.8,3.8,0.7,0.7,22.0,236.0,57.0,492.15,0.34,42.6,7.4,48.0,14.0,45.0,872.5,0.8,0.4,393.15,0.16,28.5,1.585,0.0,728.4216659,0,50.0
1.27,20.50609665,14.8492424,100.0,30.0,100.0,2.36,484.0,7.7,779.0,36.0,2345.15,0.23,360.0,3.89,1.0,3.8,3.8,0.7,0.7,22.0,236.0,57.0,492.15,0.34,42.6,7.4,48.0,14.0,45.0,872.5,0.8,0.4,393.15,0.16,28.5,1.585,0.0,953.7491273,0,60.0
1.27,20.50609665,14.8492424,100.0,40.0,100.0,2.36,484.0,7.7,779.0,36.0,2345.15,0.23,360.0,3.89,1.0,3.8,3.8,0.7,0.7,22.0,236.0,57.0,492.15,0.34,42.6,7.4,48.0,14.0,45.0,872.5,0.8,0.4,393.15,0.16,28.5,1.585,0.0,880.8989139,0,80.0
1.27,20.50609665,14.8492424,100.0,47.3,100.0,2.36,484.0,7.7,779.0,36.0,2345.15,0.23,360.0,3.89,1.0,3.8,3.8,0.7,0.7,22.0,236.0,57.0,492.15,0.34,42.6,7.4,48.0,14.0,45.0,872.5,0.8,0.4,393.15,0.16,28.5,1.585,0.0,841.0433806,0,80.0
1.27,20.50609665,14.8492424,100.0,70.0,100.0,2.36,484.0,7.7,779.0,36.0,2345.15,0.23,360.0,3.89,1.0,3.8,3.8,0.7,0.7,22.0,236.0,57.0,492.15,0.34,42.6,7.4,48.0,14.0,45.0,872.5,0.8,0.4,393.15,0.16,28.5,1.585,0.0,754.742777,0,90.0
1.27,20.50609665,14.8492424,100.0,70.0,100.0,2.36,484.0,7.7,779.0,36.0,2345.15,0.23,360.0,3.89,1.0,3.8,3.8,0.7,0.7,22.0,236.0,57.0,492.15,0.34,42.6,7.4,48.0,14.0,45.0,872.5,0.8,0.4,393.15,0.16,28.5,1.585,0.0,754.742777,0,100.0
1.27,20.50609665,14.8492424,100.0,60.0,100.0,2.36,484.0,7.7,779.0,36.0,2345.15,0.23,360.0,3.89,1.0,3.8,3.8,0.7,0.7,22.0,236.0,57.0,492.15,0.34,42.6,7.4,48.0,14.0,45.0,872.5,0.8,0.4,393.15,0.16,28.5,1.585,0.0,787.5709141,0,120.0
1.27,20.50609665,14.8492424,100.0,70.0,100.0,2.36,484.0,7.7,779.0,36.0,2345.15,0.23,360.0,3.89,1.0,3.8,3.8,0.7,0.7,22.0,236.0,57.0,492.15,0.34,42.6,7.4,48.0,14.0,45.0,872.5,0.8,0.4,393.15,0.16,28.5,1.585,0.0,754.742777,0,140.0
1.27,20.50609665,14.8492424,100.0,120.0,100.0,2.36,484.0,7.7,779.0,36.0,2345.15,0.23,360.0,3.89,1.0,3.8,3.8,0.7,0.7,22.0,236.0,57.0,492.15,0.34,42.6,7.4,48.0,14.0,45.0,872.5,0.8,0.4,393.15,0.16,28.5,1.585,0.0,650.347064,0,240.0
1.27,20.50609665,14.8492424,100.0,310.0,100.0,2.36,484.0,7.7,779.0,36.0,2345.15,0.23,360.0,3.89,1.0,3.8,3.8,0.7,0.7,22.0,236.0,57.0,492.15,0.34,42.6,7.4,48.0,14.0,45.0,872.5,0.8,0.4,393.15,0.16,28.5,1.585,0.0,500.3811539,0,720.0
1.27,20.50609665,14.8492424,100.0,11.0,100.0,2.36,484.0,7.7,779.0,36.0,2345.15,0.23,360.0,3.89,1.0,3.8,3.8,0.7,0.7,22.0,236.0,57.0,492.15,0.34,42.6,7.4,48.0,14.0,45.0,872.5,0.8,0.4,393.15,0.16,28.5,1.585,0.0,1258.29475,1,
1.27,20.50609665,14.8492424,100.0,31.0,100.0,2.36,484.0,7.7,779.0,36.0,2345.15,0.23,360.0,3.89,1.0,3.8,3.8,0.7,0.7,22.0,236.0,57.0,492.15,0.34,42.6,7.4,48.0,14.0,45.0,872.5,0.8,0.4,393.15,0.16,28.5,1.585,0.0,945.1504475,1,
1.27,20.50609665,14.8492424,100.0,61.0,100.0,2.36,484.0,7.7,779.0,36.0,2345.15,0.23,360.0,3.89,1.0,3.8,3.8,0.7,0.7,22.0,236.0,57.0,492.15,0.34,42.6,7.4,48.0,14.0,45.0,872.5,0.8,0.4,393.15,0.16,28.5,1.585,0.0,783.9835383,1,
1.27,20.50609665,14.8492424,125.0,44.8,100.0,2.36,484.0,7.7,779.0,36.0,2345.15,0.23,360.0,3.89,1.0,3.8,3.8,0.7,0.7,22.0,236.0,57.0,492.15,0.34,42.6,7.4,48.0,14.0,45.0,872.5,0.8,0.4,393.15,0.16,28.5,1.585,0.0,620.9837449,0,40.0
1.27,20.50609665,14.8492424,75.0,44.8,75.0,2.36,484.0,7.7,779.0,36.0,2345.15,0.23,360.0,3.89,1.0,3.8,3.8,0.7,0.7,22.0,236.0,57.0,492.15,0.34,42.6,7.4,48.0,14.0,45.0,872.5,0.8,0.4,393.15,0.16,28.5,1.585,0.0,2132.65846,0,40.0
1.27,20.50609665,14.8492424,60.0,16.0,60.0,2.36,484.0,7.7,779.0,36.0,2345.15,0.23,360.0,3.89,1.0,3.8,3.8,0.7,0.7,22.0,236.0,57.0,492.15,0.34,42.6,7.4,48.0,14.0,45.0,872.5,0.8,0.4,393.15,0.16,28.5,1.585,0.0,5471.308251,0,40.0
1.27,20.50609665,14.8492424,140.0,16.0,100.0,2.36,484.0,7.7,779.0,36.0,2345.15,0.23,360.0,3.89,1.0,3.8,3.8,0.7,0.7,22.0,236.0,57.0,492.15,0.34,42.6,7.4,48.0,14.0,45.0,872.5,0.8,0.4,393.15,0.16,28.5,1.585,0.0,702.0545352,0,40.0
1.27,20.50609665,14.8492424,150.0,25.0,125.0,2.36,484.0,7.7,779.0,36.0,2345.15,0.23,360.0,3.89,1.0,3.8,3.8,0.7,0.7,22.0,236.0,57.0,492.15,0.34,42.6,7.4,48.0,14.0,45.0,872.5,0.8,0.4,393.15,0.16,28.5,1.585,0.0,361.6487185,0,40.0
1.27,20.50609665,14.8492424,100.0,15.0,60.0,2.36,484.0,7.7,779.0,36.0,2345.15,0.23,360.0,3.89,1.0,3.8,3.8,0.7,0.7,22.0,236.0,57.0,492.15,0.34,42.6,7.4,48.0,14.0,45.0,872.5,0.8,0.4,393.15,0.16,28.5,1.585,0.0,2687.467931,0,30.0
1.27,20.50609665,14.8492424,165.0,30.0,125.0,2.36,484.0,7.7,779.0,36.0,2345.15,0.23,360.0,3.89,1.0,3.8,3.8,0.7,0.7,22.0,236.0,57.0,492.15,0.34,42.6,7.4,48.0,14.0,45.0,872.5,0.8,0.4,393.15,0.16,28.5,1.585,0.0,335.3236282,0,60.0
1.27,20.50609665,14.8492424,165.0,21.0,125.0,2.36,484.0,7.7,779.0,36.0,2345.15,0.23,360.0,3.89,1.0,3.8,3.8,0.7,0.7,22.0,236.0,57.0,492.15,0.34,42.6,7.4,48.0,14.0,45.0,872.5,0.8,0.4,393.15,0.16,28.5,1.585,0.0,370.0394936,0,42.0
1.27,20.50609665,14.8492424,165.0,120.0,125.0,2.36,484.0,7.7,779.0,36.0,2345.15,0.23,360.0,3.89,1.0,3.8,3.8,0.7,0.7,22.0,236.0,57.0,492.15,0.34,42.6,7.4,48.0,14.0,45.0,872.5,0.8,0.4,393.15,0.16,28.5,1.585,0.0,228.6520961,0,240.0
1.27,20.50609665,14.8492424,180.0,15.0,125.0,2.36,484.0,7.7,779.0,36.0,2345.15,0.23,360.0,3.89,1.0,3.8,3.8,0.7,0.7,22.0,236.0,57.0,492.15,0.34,42.6,7.4,48.0,14.0,45.0,872.5,0.8,0.4,393.15,0.16,28.5,1.585,0.0,358.6736567,0,30.0
1.27,20.50609665,14.8492424,100.0,15.0,100.0,2.36,484.0,7.7,779.0,36.0,2345.15,0.23,360.0,3.89,1.0,3.8,3.8,0.7,0.7,22.0,236.0,57.0,492.15,0.34,42.6,7.4,48.0,14.0,45.0,872.5,0.8,0.4,393.15,0.16,28.5,1.585,0.0,1290.257907,0,30.0
1.27,20.50609665,14.8492424,100.0,38.65,100.0,2.36,484.0,7.7,779.0,36.0,2345.15,0.23,360.0,3.89,1.0,3.8,3.8,0.7,0.7,22.0,236.0,57.0,492.15,0.34,42.6,7.4,48.0,14.0,45.0,872.5,0.8,0.4,393.15,0.16,28.5,1.585,0.0,993.441375,0,30.0
1.27,20.50609665,14.8492424,100.0,20.0,100.0,2.36,484.0,7.7,779.0,36.0,2345.15,0.23,360.0,3.89,1.0,3.8,3.8,0.7,0.7,22.0,236.0,57.0,492.15,0.34,42.6,7.4,48.0,14.0,45.0,872.5,0.8,0.4,393.15,0.16,28.5,1.585,0.0,1191.704146,0,40.0
1.27,20.50609665,14.8492424,100.0,47.3,100.0,2.36,484.0,7.7,779.0,36.0,2345.15,0.23,360.0,3.89,1.0,3.8,3.8,0.7,0.7,22.0,236.0,57.0,492.15,0.34,42.6,7.4,48.0,14.0,45.0,872.5,0.8,0.4,393.15,0.16,28.5,1.585,0.0,939.5421925,0,40.0
1.27,20.50609665,14.8492424,100.0,79.6,100.0,2.36,484.0,7.7,779.0,36.0,2345.15,0.23,360.0,3.89,1.0,3.8,3.8,0.7,0.7,22.0,236.0,57.0,492.15,0.34,42.6,7.4,48.0,14.0,45.0,872.5,0.8,0.4,393.15,0.16,28.5,1.585,0.0,813.7307835,0,50.0
1.27,20.50609665,14.8492424,100.0,30.0,100.0,2.36,484.0,7.7,779.0,36.0,2345.15,0.23,360.0,3.89,1.0,3.8,3.8,0.7,0.7,22.0,236.0,57.0,492.15,0.34,42.6,7.4,48.0,14.0,45.0,872.5,0.8,0.4,393.15,0.16,28.5,1.585,0.0,1065.447475,0,60.0
1.27,20.50609665,14.8492424,100.0,40.0,100.0,2.36,484.0,7.7,779.0,36.0,2345.15,0.23,360.0,3.89,1.0,3.8,3.8,0.7,0.7,22.0,236.0,57.0,492.15,0.34,42.6,7.4,48.0,14.0,45.0,872.5,0.8,0.4,393.15,0.16,28.5,1.585,0.0,984.0654074,0,80.0
1.27,20.50609665,14.8492424,100.0,47.3,100.0,2.36,484.0,7.7,779.0,36.0,2345.15,0.23,360.0,3.89,1.0,3.8,3.8,0.7,0.7,22.0,236.0,57.0,492.15,0.34,42.6,7.4,48.0,14.0,45.0,872.5,0.8,0.4,393.15,0.16,28.5,1.585,0.0,939.5421925,0,80.0
1.27,20.50609665,14.8492424,100.0,70.0,100.0,2.36,484.0,7.7,779.0,36.0,2345.15,0.23,360.0,3.89,1.0,3.8,3.8,0.7,0.7,22.0,236.0,57.0,492.15,0.34,42.6,7.4,48.0,14.0,45.0,872.5,0.8,0.4,393.15,0.16,28.5,1.585,0.0,843.1344921,0,90.0
1.27,20.50609665,14.8492424,100.0,70.0,100.0,2.36,484.0,7.7,779.0,36.0,2345.15,0.23,360.0,3.89,1.0,3.8,3.8,0.7,0.7,22.0,236.0,57.0,492.15,0.34,42.6,7.4,48.0,14.0,45.0,872.5,0.8,0.4,393.15,0.16,28.5,1.585,0.0,843.1344921,0,100.0
1.27,20.50609665,14.8492424,100.0,60.0,100.0,2.36,484.0,7.7,779.0,36.0,2345.15,0.23,360.0,3.89,1.0,3.8,3.8,0.7,0.7,22.0,236.0,57.0,492.15,0.34,42.6,7.4,48.0,14.0,45.0,872.5,0.8,0.4,393.15,0.16,28.5,1.585,0.0,879.8072971,0,120.0
1.27,20.50609665,14.8492424,100.0,70.0,100.0,2.36,484.0,7.7,779.0,36.0,2345.15,0.23,360.0,3.89,1.0,3.8,3.8,0.7,0.7,22.0,236.0,57.0,492.15,0.34,42.6,7.4,48.0,14.0,45.0,872.5,0.8,0.4,393.15,0.16,28.5,1.585,0.0,843.1344921,0,140.0
1.27,20.50609665,14.8492424,100.0,120.0,100.0,2.36,484.0,7.7,779.0,36.0,2345.15,0.23,360.0,3.89,1.0,3.8,3.8,0.7,0.7,22.0,236.0,57.0,492.15,0.34,42.6,7.4,48.0,14.0,45.0,872.5,0.8,0.4,393.15,0.16,28.5,1.585,0.0,726.5124731,0,240.0
1.27,20.50609665,14.8492424,100.0,310.0,100.0,2.36,484.0,7.7,779.0,36.0,2345.15,0.23,360.0,3.89,1.0,3.8,3.8,0.7,0.7,22.0,236.0,57.0,492.15,0.34,42.6,7.4,48.0,14.0,45.0,872.5,0.8,0.4,393.15,0.16,28.5,1.585,0.0,558.9833025,0,720.0
1.27,20.50609665,14.8492424,100.0,11.0,100.0,2.36,484.0,7.7,779.0,36.0,2345.15,0.23,360.0,3.89,1.0,3.8,3.8,0.7,0.7,22.0,236.0,57.0,492.15,0.34,42.6,7.4,48.0,14.0,45.0,872.5,0.8,0.4,393.15,0.16,28.5,1.585,0.0,1405.659964,1,
1.27,20.50609665,14.8492424,100.0,31.0,100.0,2.36,484.0,7.7,779.0,36.0,2345.15,0.23,360.0,3.89,1.0,3.8,3.8,0.7,0.7,22.0,236.0,57.0,492.15,0.34,42.6,7.4,48.0,14.0,45.0,872.5,0.8,0.4,393.15,0.16,28.5,1.585,0.0,1055.841761,1,
1.27,20.50609665,14.8492424,100.0,61.0,100.0,2.36,484.0,7.7,779.0,36.0,2345.15,0.23,360.0,3.89,1.0,3.8,3.8,0.7,0.7,22.0,236.0,57.0,492.15,0.34,42.6,7.4,48.0,14.0,45.0,872.5,0.8,0.4,393.15,0.16,28.5,1.585,0.0,875.7997857,1,
1.27,20.50609665,14.8492424,125.0,44.8,100.0,2.36,484.0,7.7,779.0,36.0,2345.15,0.23,360.0,3.89,1.0,3.8,3.8,0.7,0.7,22.0,236.0,57.0,492.15,0.34,42.6,7.4,48.0,14.0,45.0,872.5,0.8,0.4,393.15,0.16,28.5,1.585,0.0,693.7102684,0,40.0
1.27,20.50609665,14.8492424,75.0,44.8,75.0,2.36,484.0,7.7,779.0,36.0,2345.15,0.23,360.0,3.89,1.0,3.8,3.8,0.7,0.7,22.0,236.0,57.0,492.15,0.34,42.6,7.4,48.0,14.0,45.0,872.5,0.8,0.4,393.15,0.16,28.5,1.585,0.0,2382.424797,0,40.0
1.27,20.50609665,14.8492424,60.0,16.0,60.0,2.36,484.0,7.7,779.0,36.0,2345.15,0.23,360.0,3.89,1.0,3.8,3.8,0.7,0.7,22.0,236.0,57.0,492.15,0.34,42.6,7.4,48.0,14.0,45.0,872.5,0.8,0.4,393.15,0.16,28.5,1.585,0.0,6112.080623,0,40.0
1.27,20.50609665,14.8492424,140.0,16.0,100.0,2.36,484.0,7.7,779.0,36.0,2345.15,0.23,360.0,3.89,1.0,3.8,3.8,0.7,0.7,22.0,236.0,57.0,492.15,0.34,42.6,7.4,48.0,14.0,45.0,872.5,0.8,0.4,393.15,0.16,28.5,1.585,0.0,784.2756658,0,40.0
1.27,20.50609665,14.8492424,150.0,25.0,125.0,2.36,484.0,7.7,779.0,36.0,2345.15,0.23,360.0,3.89,1.0,3.8,3.8,0.7,0.7,22.0,236.0,57.0,492.15,0.34,42.6,7.4,48.0,14.0,45.0,872.5,0.8,0.4,393.15,0.16,28.5,1.585,0.0,404.0032152,0,40.0
1.27,20.50609665,14.8492424,100.0,15.0,60.0,2.36,484.0,7.7,779.0,36.0,2345.15,0.23,360.0,3.89,1.0,3.8,3.8,0.7,0.7,22.0,236.0,57.0,492.15,0.34,42.6,7.4,48.0,14.0,45.0,872.5,0.8,0.4,393.15,0.16,28.5,1.585,0.0,3002.210791,0,30.0
1.27,20.50609665,14.8492424,165.0,30.0,125.0,2.36,484.0,7.7,779.0,36.0,2345.15,0.23,360.0,3.89,1.0,3.0,3.0,0.5,0.5,20.7,232.0,58.0,490.15,0.36,41.6,7.37,50.0,14.0,45.0,872.5,0.8,0.4,393.15,0.16,28.5,1.585,0.0,263.0459473,0,60.0
1.27,20.50609665,14.8492424,165.0,21.0,125.0,2.36,484.0,7.7,779.0,36.0,2345.15,0.23,360.0,3.89,1.0,3.0,3.0,0.5,0.5,20.7,232.0,58.0,490.15,0.36,41.6,7.37,50.0,14.0,45.0,872.5,0.8,0.4,393.15,0.16,28.5,1.585,0.0,290.2789453,0,42.0
1.27,20.50609665,14.8492424,165.0,120.0,125.0,2.36,484.0,7.7,779.0,36.0,2345.15,0.23,360.0,3.89,1.0,3.0,3.0,0.5,0.5,20.7,232.0,58.0,490.15,0.36,41.6,7.37,50.0,14.0,45.0,872.5,0.8,0.4,393.15,0.16,28.5,1.585,0.0,179.3670418,0,240.0
1.27,20.50609665,14.8492424,180.0,15.0,125.0,2.36,484.0,7.7,779.0,36.0,2345.15,0.23,360.0,3.89,1.0,3.0,3.0,0.5,0.5,20.7,232.0,58.0,490.15,0.36,41.6,7.37,50.0,14.0,45.0,872.5,0.8,0.4,393.15,0.16,28.5,1.585,0.0,281.3629696,0,30.0
1.27,20.50609665,14.8492424,100.0,15.0,100.0,2.36,484.0,7.7,779.0,36.0,2345.15,0.23,360.0,3.89,1.0,3.0,3.0,0.5,0.5,20.7,232.0,58.0,490.15,0.36,41.6,7.37,50.0,14.0,45.0,872.5,0.8,0.4,393.15,0.16,28.5,1.585,0.0,1012.147922,0,30.0
1.27,20.50609665,14.8492424,100.0,38.65,100.0,2.36,484.0,7.7,779.0,36.0,2345.15,0.23,360.0,3.89,1.0,3.0,3.0,0.5,0.5,20.7,232.0,58.0,490.15,0.36,41.6,7.37,50.0,14.0,45.0,872.5,0.8,0.4,393.15,0.16,28.5,1.585,0.0,779.3090186,0,30.0
1.27,20.50609665,14.8492424,100.0,20.0,100.0,2.36,484.0,7.7,779.0,36.0,2345.15,0.23,360.0,3.89,1.0,3.0,3.0,0.5,0.5,20.7,232.0,58.0,490.15,0.36,41.6,7.37,50.0,14.0,45.0,872.5,0.8,0.4,393.15,0.16,28.5,1.585,0.0,934.8370338,0,40.0
1.27,20.50609665,14.8492424,100.0,47.3,100.0,2.36,484.0,7.7,779.0,36.0,2345.15,0.23,360.0,3.89,1.0,3.0,3.0,0.5,0.5,20.7,232.0,58.0,490.15,0.36,41.6,7.37,50.0,14.0,45.0,872.5,0.8,0.4,393.15,0.16,28.5,1.585,0.0,737.0275915,0,40.0
1.27,20.50609665,14.8492424,100.0,79.6,100.0,2.36,484.0,7.7,779.0,36.0,2345.15,0.23,360.0,3.89,1.0,3.0,3.0,0.5,0.5,20.7,232.0,58.0,490.15,0.36,41.6,7.37,50.0,14.0,45.0,872.5,0.8,0.4,393.15,0.16,28.5,1.585,0.0,638.3343338,0,50.0
1.27,20.50609665,14.8492424,100.0,30.0,100.0,2.36,484.0,7.7,779.0,36.0,2345.15,0.23,360.0,3.89,1.0,3.0,3.0,0.5,0.5,20.7,232.0,58.0,490.15,0.36,41.6,7.37,50.0,14.0,45.0,872.5,0.8,0.4,393.15,0.16,28.5,1.585,0.0,835.7944886,0,60.0
1.27,20.50609665,14.8492424,100.0,40.0,100.0,2.36,484.0,7.7,779.0,36.0,2345.15,0.23,360.0,3.89,1.0,3.0,3.0,0.5,0.5,20.7,232.0,58.0,490.15,0.36,41.6,7.37,50.0,14.0,45.0,872.5,0.8,0.4,393.15,0.16,28.5,1.585,0.0,771.9540036,0,80.0
1.27,20.50609665,14.8492424,100.0,47.3,100.0,2.36,484.0,7.7,779.0,36.0,2345.15,0.23,360.0,3.89,1.0,3.0,3.0,0.5,0.5,20.7,232.0,58.0,490.15,0.36,41.6,7.37,50.0,14.0,45.0,872.5,0.8,0.4,393.15,0.16,28.5,1.585,0.0,737.0275915,0,80.0
1.27,20.50609665,14.8492424,100.0,70.0,100.0,2.36,484.0,7.7,779.0,36.0,2345.15,0.23,360.0,3.89,1.0,3.0,3.0,0.5,0.5,20.7,232.0,58.0,490.15,0.36,41.6,7.37,50.0,14.0,45.0,872.5,0.8,0.4,393.15,0.16,28.5,1.585,0.0,661.4001894,0,90.0
1.27,20.50609665,14.8492424,100.0,70.0,100.0,2.36,484.0,7.7,779.0,36.0,2345.15,0.23,360.0,3.89,1.0,3.0,3.0,0.5,0.5,20.7,232.0,58.0,490.15,0.36,41.6,7.37,50.0,14.0,45.0,872.5,0.8,0.4,393.15,0.16,28.5,1.585,0.0,661.4001894,0,100.0
1.27,20.50609665,14.8492424,100.0,60.0,100.0,2.36,484.0,7.7,779.0,36.0,2345.15,0.23,360.0,3.89,1.0,3.0,3.0,0.5,0.5,20.7,232.0,58.0,490.15,0.36,41.6,7.37,50.0,14.0,45.0,872.5,0.8,0.4,393.15,0.16,28.5,1.585,0.0,690.1683164,0,120.0
1.27,20.50609665,14.8492424,100.0,70.0,100.0,2.36,484.0,7.7,779.0,36.0,2345.15,0.23,360.0,3.89,1.0,3.0,3.0,0.5,0.5,20.7,232.0,58.0,490.15,0.36,41.6,7.37,50.0,14.0,45.0,872.5,0.8,0.4,393.15,0.16,28.5,1.585,0.0,661.4001894,0,140.0
1.27,20.50609665,14.8492424,100.0,120.0,100.0,2.36,484.0,7.7,779.0,36.0,2345.15,0.23,360.0,3.89,1.0,3.0,3.0,0.5,0.5,20.7,232.0,58.0,490.15,0.36,41.6,7.37,50.0,14.0,45.0,872.5,0.8,0.4,393.15,0.16,28.5,1.585,0.0,569.915585,0,240.0
1.27,20.50609665,14.8492424,100.0,310.0,100.0,2.36,484.0,7.7,779.0,36.0,2345.15,0.23,360.0,3.89,1.0,3.0,3.0,0.5,0.5,20.7,232.0,58.0,490.15,0.36,41.6,7.37,50.0,14.0,45.0,872.5,0.8,0.4,393.15,0.16,28.5,1.585,0.0,438.496664,0,720.0
1.27,20.50609665,14.8492424,100.0,11.0,100.0,2.36,484.0,7.7,779.0,36.0,2345.15,0.23,360.0,3.89,1.0,3.0,3.0,0.5,0.5,20.7,232.0,58.0,490.15,0.36,41.6,7.37,50.0,14.0,45.0,872.5,0.8,0.4,393.15,0.16,28.5,1.585,0.0,1102.675522,1,
1.27,20.50609665,14.8492424,100.0,31.0,100.0,2.36,484.0,7.7,779.0,36.0,2345.15,0.23,360.0,3.89,1.0,3.0,3.0,0.5,0.5,20.7,232.0,58.0,490.15,0.36,41.6,7.37,50.0,14.0,45.0,872.5,0.8,0.4,393.15,0.16,28.5,1.585,0.0,828.259248,1,
1.27,20.50609665,14.8492424,100.0,61.0,100.0,2.36,484.0,7.7,779.0,36.0,2345.15,0.23,360.0,3.89,1.0,3.0,3.0,0.5,0.5,20.7,232.0,58.0,490.15,0.36,41.6,7.37,50.0,14.0,45.0,872.5,0.8,0.4,393.15,0.16,28.5,1.585,0.0,687.0246082,1,
1.27,20.50609665,14.8492424,125.0,44.8,100.0,2.36,484.0,7.7,779.0,36.0,2345.15,0.23,360.0,3.89,1.0,3.0,3.0,0.5,0.5,20.7,232.0,58.0,490.15,0.36,41.6,7.37,50.0,14.0,45.0,872.5,0.8,0.4,393.15,0.16,28.5,1.585,0.0,544.1837656,0,40.0
1.27,20.50609665,14.8492424,75.0,44.8,75.0,2.36,484.0,7.7,779.0,36.0,2345.15,0.23,360.0,3.89,1.0,3.0,3.0,0.5,0.5,20.7,232.0,58.0,490.15,0.36,41.6,7.37,50.0,14.0,45.0,872.5,0.8,0.4,393.15,0.16,28.5,1.585,0.0,1868.902561,0,40.0
1.27,20.50609665,14.8492424,60.0,16.0,60.0,2.36,484.0,7.7,779.0,36.0,2345.15,0.23,360.0,3.89,1.0,3.0,3.0,0.5,0.5,20.7,232.0,58.0,490.15,0.36,41.6,7.37,50.0,14.0,45.0,872.5,0.8,0.4,393.15,0.16,28.5,1.585,0.0,4794.645836,0,40.0
1.27,20.50609665,14.8492424,140.0,16.0,100.0,2.36,484.0,7.7,779.0,36.0,2345.15,0.23,360.0,3.89,1.0,3.0,3.0,0.5,0.5,20.7,232.0,58.0,490.15,0.36,41.6,7.37,50.0,14.0,45.0,872.5,0.8,0.4,393.15,0.16,28.5,1.585,0.0,615.2281501,0,40.0
1.27,20.50609665,14.8492424,150.0,25.0,125.0,2.36,484.0,7.7,779.0,36.0,2345.15,0.23,360.0,3.89,1.0,3.0,3.0,0.5,0.5,20.7,232.0,58.0,490.15,0.36,41.6,7.37,50.0,14.0,45.0,872.5,0.8,0.4,393.15,0.16,28.5,1.585,0.0,316.9219212,0,40.0
1.27,20.50609665,14.8492424,100.0,15.0,60.0,2.36,484.0,7.7,779.0,36.0,2345.15,0.23,360.0,3.89,1.0,3.0,3.0,0.5,0.5,20.7,232.0,58.0,490.15,0.36,41.6,7.37,50.0,14.0,45.0,872.5,0.8,0.4,393.15,0.16,28.5,1.585,0.0,2355.096137,0,30.0
1.27,20.50609665,14.8492424,165.0,30.0,125.0,2.36,484.0,7.7,779.0,36.0,2345.15,0.23,360.0,3.89,1.0,3.0,3.0,0.5,0.5,20.7,232.0,58.0,490.15,0.36,41.6,7.37,50.0,14.0,45.0,872.5,0.8,0.4,393.15,0.16,28.5,1.585,0.0,229.6892931,0,60.0
1.27,20.50609665,14.8492424,165.0,21.0,125.0,2.36,484.0,7.7,779.0,36.0,2345.15,0.23,360.0,3.89,1.0,3.0,3.0,0.5,0.5,20.7,232.0,58.0,490.15,0.36,41.6,7.37,50.0,14.0,45.0,872.5,0.8,0.4,393.15,0.16,28.5,1.585,0.0,253.4688955,0,42.0
1.27,20.50609665,14.8492424,165.0,120.0,125.0,2.36,484.0,7.7,779.0,36.0,2345.15,0.23,360.0,3.89,1.0,3.0,3.0,0.5,0.5,20.7,232.0,58.0,490.15,0.36,41.6,7.37,50.0,14.0,45.0,872.5,0.8,0.4,393.15,0.16,28.5,1.585,0.0,156.6216452,0,240.0
1.27,20.50609665,14.8492424,180.0,15.0,125.0,2.36,484.0,7.7,779.0,36.0,2345.15,0.23,360.0,3.89,1.0,3.0,3.0,0.5,0.5,20.7,232.0,58.0,490.15,0.36,41.6,7.37,50.0,14.0,45.0,872.5,0.8,0.4,393.15,0.16,28.5,1.585,0.0,245.6835478,0,30.0
1.27,20.50609665,14.8492424,100.0,15.0,100.0,2.36,484.0,7.7,779.0,36.0,2345.15,0.23,360.0,3.89,1.0,3.0,3.0,0.5,0.5,20.7,232.0,58.0,490.15,0.36,41.6,7.37,50.0,14.0,45.0,872.5,0.8,0.4,393.15,0.16,28.5,1.585,0.0,883.7982225,0,30.0
1.27,20.50609665,14.8492424,100.0,38.65,100.0,2.36,484.0,7.7,779.0,36.0,2345.15,0.23,360.0,3.89,1.0,3.0,3.0,0.5,0.5,20.7,232.0,58.0,490.15,0.36,41.6,7.37,50.0,14.0,45.0,872.5,0.8,0.4,393.15,0.16,28.5,1.585,0.0,680.4854414,0,30.0
1.27,20.50609665,14.8492424,100.0,20.0,100.0,2.36,484.0,7.7,779.0,36.0,2345.15,0.23,360.0,3.89,1.0,3.0,3.0,0.5,0.5,20.7,232.0,58.0,490.15,0.36,41.6,7.37,50.0,14.0,45.0,872.5,0.8,0.4,393.15,0.16,28.5,1.585,0.0,816.2910686,0,40.0
1.27,20.50609665,14.8492424,100.0,47.3,100.0,2.36,484.0,7.7,779.0,36.0,2345.15,0.23,360.0,3.89,1.0,3.0,3.0,0.5,0.5,20.7,232.0,58.0,490.15,0.36,41.6,7.37,50.0,14.0,45.0,872.5,0.8,0.4,393.15,0.16,28.5,1.585,0.0,643.5656895,0,40.0
1.27,20.50609665,14.8492424,100.0,79.6,100.0,2.36,484.0,7.7,779.0,36.0,2345.15,0.23,360.0,3.89,1.0,3.0,3.0,0.5,0.5,20.7,232.0,58.0,490.15,0.36,41.6,7.37,50.0,14.0,45.0,872.5,0.8,0.4,393.15,0.16,28.5,1.585,0.0,557.3876479,0,50.0
1.27,20.50609665,14.8492424,100.0,30.0,100.0,2.36,484.0,7.7,779.0,36.0,2345.15,0.23,360.0,3.89,1.0,3.0,3.0,0.5,0.5,20.7,232.0,58.0,490.15,0.36,41.6,7.37,50.0,14.0,45.0,872.5,0.8,0.4,393.15,0.16,28.5,1.585,0.0,729.8080324,0,60.0
1.27,20.50609665,14.8492424,100.0,40.0,100.0,2.36,484.0,7.7,779.0,36.0,2345.15,0.23,360.0,3.89,1.0,3.0,3.0,0.5,0.5,20.7,232.0,58.0,490.15,0.36,41.6,7.37,50.0,14.0,45.0,872.5,0.8,0.4,393.15,0.16,28.5,1.585,0.0,674.0631102,0,80.0
1.27,20.50609665,14.8492424,100.0,47.3,100.0,2.36,484.0,7.7,779.0,36.0,2345.15,0.23,360.0,3.89,1.0,3.0,3.0,0.5,0.5,20.7,232.0,58.0,490.15,0.36,41.6,7.37,50.0,14.0,45.0,872.5,0.8,0.4,393.15,0.16,28.5,1.585,0.0,643.5656895,0,80.0
1.27,20.50609665,14.8492424,100.0,70.0,100.0,2.36,484.0,7.7,779.0,36.0,2345.15,0.23,360.0,3.89,1.0,3.0,3.0,0.5,0.5,20.7,232.0,58.0,490.15,0.36,41.6,7.37,50.0,14.0,45.0,872.5,0.8,0.4,393.15,0.16,28.5,1.585,0.0,577.5285401,0,90.0
1.27,20.50609665,14.8492424,100.0,70.0,100.0,2.36,484.0,7.7,779.0,36.0,2345.15,0.23,360.0,3.89,1.0,3.0,3.0,0.5,0.5,20.7,232.0,58.0,490.15,0.36,41.6,7.37,50.0,14.0,45.0,872.5,0.8,0.4,393.15,0.16,28.5,1.585,0.0,577.5285401,0,100.0
1.27,20.50609665,14.8492424,100.0,60.0,100.0,2.36,484.0,7.7,779.0,36.0,2345.15,0.23,360.0,3.89,1.0,3.0,3.0,0.5,0.5,20.7,232.0,58.0,490.15,0.36,41.6,7.37,50.0,14.0,45.0,872.5,0.8,0.4,393.15,0.16,28.5,1.585,0.0,602.648603,0,120.0
1.27,20.50609665,14.8492424,100.0,70.0,100.0,2.36,484.0,7.7,779.0,36.0,2345.15,0.23,360.0,3.89,1.0,3.0,3.0,0.5,0.5,20.7,232.0,58.0,490.15,0.36,41.6,7.37,50.0,14.0,45.0,872.5,0.8,0.4,393.15,0.16,28.5,1.585,0.0,577.5285401,0,140.0
1.27,20.50609665,14.8492424,100.0,120.0,100.0,2.36,484.0,7.7,779.0,36.0,2345.15,0.23,360.0,3.89,1.0,3.0,3.0,0.5,0.5,20.7,232.0,58.0,490.15,0.36,41.6,7.37,50.0,14.0,45.0,872.5,0.8,0.4,393.15,0.16,28.5,1.585,0.0,497.645028,0,240.0
1.27,20.50609665,14.8492424,100.0,310.0,100.0,2.36,484.0,7.7,779.0,36.0,2345.15,0.23,360.0,3.89,1.0,3.0,3.0,0.5,0.5,20.7,232.0,58.0,490.15,0.36,41.6,7.37,50.0,14.0,45.0,872.5,0.8,0.4,393.15,0.16,28.5,1.585,0.0,382.8912394,0,720.0
1.27,20.50609665,14.8492424,100.0,11.0,100.0,2.36,484.0,7.7,779.0,36.0,2345.15,0.23,360.0,3.89,1.0,3.0,3.0,0.5,0.5,20.7,232.0,58.0,490.15,0.36,41.6,7.37,50.0,14.0,45.0,872.5,0.8,0.4,393.15,0.16,28.5,1.585,0.0,962.8460873,1,
1.27,20.50609665,14.8492424,100.0,31.0,100.0,2.36,484.0,7.7,779.0,36.0,2345.15,0.23,360.0,3.89,1.0,3.0,3.0,0.5,0.5,20.7,232.0,58.0,490.15,0.36,41.6,7.37,50.0,14.0,45.0,872.5,0.8,0.4,393.15,0.16,28.5,1.585,0.0,723.2283298,1,
1.27,20.50609665,14.8492424,100.0,61.0,100.0,2.36,484.0,7.7,779.0,36.0,2345.15,0.23,360.0,3.89,1.0,3.0,3.0,0.5,0.5,20.7,232.0,58.0,490.15,0.36,41.6,7.37,50.0,14.0,45.0,872.5,0.8,0.4,393.15,0.16,28.5,1.585,0.0,599.9035461,1,
1.27,20.50609665,14.8492424,125.0,44.8,100.0,2.36,484.0,7.7,779.0,36.0,2345.15,0.23,360.0,3.89,1.0,3.0,3.0,0.5,0.5,20.7,232.0,58.0,490.15,0.36,41.6,7.37,50.0,14.0,45.0,872.5,0.8,0.4,393.15,0.16,28.5,1.585,0.0,475.1762409,0,40.0
1.27,20.50609665,14.8492424,75.0,44.8,75.0,2.36,484.0,7.7,779.0,36.0,2345.15,0.23,360.0,3.89,1.0,3.0,3.0,0.5,0.5,20.7,232.0,58.0,490.15,0.36,41.6,7.37,50.0,14.0,45.0,872.5,0.8,0.4,393.15,0.16,28.5,1.585,0.0,1631.908465,0,40.0
1.27,20.50609665,14.8492424,60.0,16.0,60.0,2.36,484.0,7.7,779.0,36.0,2345.15,0.23,360.0,3.89,1.0,3.0,3.0,0.5,0.5,20.7,232.0,58.0,490.15,0.36,41.6,7.37,50.0,14.0,45.0,872.5,0.8,0.4,393.15,0.16,28.5,1.585,0.0,4186.640485,0,40.0
1.27,20.50609665,14.8492424,140.0,16.0,100.0,2.36,484.0,7.7,779.0,36.0,2345.15,0.23,360.0,3.89,1.0,3.0,3.0,0.5,0.5,20.7,232.0,58.0,490.15,0.36,41.6,7.37,50.0,14.0,45.0,872.5,0.8,0.4,393.15,0.16,28.5,1.585,0.0,537.2115416,0,40.0
1.27,20.50609665,14.8492424,150.0,25.0,125.0,2.36,484.0,7.7,779.0,36.0,2345.15,0.23,360.0,3.89,1.0,3.0,3.0,0.5,0.5,20.7,232.0,58.0,490.15,0.36,41.6,7.37,50.0,14.0,45.0,872.5,0.8,0.4,393.15,0.16,28.5,1.585,0.0,276.7332961,0,40.0
1.27,20.50609665,14.8492424,100.0,15.0,60.0,2.36,484.0,7.7,779.0,36.0,2345.15,0.23,360.0,3.89,1.0,3.0,3.0,0.5,0.5,20.7,232.0,58.0,490.15,0.36,41.6,7.37,50.0,14.0,45.0,872.5,0.8,0.4,393.15,0.16,28.5,1.585,0.0,2056.448207,0,30.0
1.27,20.50609665,14.8492424,165.0,30.0,125.0,2.36,484.0,7.7,779.0,36.0,2345.15,0.23,360.0,3.89,1.0,3.0,3.0,0.5,0.5,20.7,232.0,58.0,490.15,0.36,41.6,7.37,50.0,14.0,45.0,872.5,0.8,0.4,393.15,0.16,28.5,1.585,0.0,294.3564881,0,60.0
1.27,20.50609665,14.8492424,165.0,21.0,125.0,2.36,484.0,7.7,779.0,36.0,2345.15,0.23,360.0,3.89,1.0,3.0,3.0,0.5,0.5,20.7,232.0,58.0,490.15,0.36,41.6,7.37,50.0,14.0,45.0,872.5,0.8,0.4,393.15,0.16,28.5,1.585,0.0,324.8310487,0,42.0
1.27,20.50609665,14.8492424,165.0,120.0,125.0,2.36,484.0,7.7,779.0,36.0,2345.15,0.23,360.0,3.89,1.0,3.0,3.0,0.5,0.5,20.7,232.0,58.0,490.15,0.36,41.6,7.37,50.0,14.0,45.0,872.5,0.8,0.4,393.15,0.16,28.5,1.585,0.0,200.7172246,0,240.0
1.27,20.50609665,14.8492424,180.0,15.0,125.0,2.36,484.0,7.7,779.0,36.0,2345.15,0.23,360.0,3.89,1.0,3.0,3.0,0.5,0.5,20.7,232.0,58.0,490.15,0.36,41.6,7.37,50.0,14.0,45.0,872.5,0.8,0.4,393.15,0.16,28.5,1.585,0.0,314.8537982,0,30.0
1.27,20.50609665,14.8492424,100.0,15.0,100.0,2.36,484.0,7.7,779.0,36.0,2345.15,0.23,360.0,3.89,1.0,3.0,3.0,0.5,0.5,20.7,232.0,58.0,490.15,0.36,41.6,7.37,50.0,14.0,45.0,872.5,0.8,0.4,393.15,0.16,28.5,1.585,0.0,1132.624588,0,30.0
1.27,20.50609665,14.8492424,100.0,38.65,100.0,2.36,484.0,7.7,779.0,36.0,2345.15,0.23,360.0,3.89,1.0,3.0,3.0,0.5,0.5,20.7,232.0,58.0,490.15,0.36,41.6,7.37,50.0,14.0,45.0,872.5,0.8,0.4,393.15,0.16,28.5,1.585,0.0,872.0707093,0,30.0
1.27,20.50609665,14.8492424,100.0,20.0,100.0,2.36,484.0,7.7,779.0,36.0,2345.15,0.23,360.0,3.89,1.0,3.0,3.0,0.5,0.5,20.7,232.0,58.0,490.15,0.36,41.6,7.37,50.0,14.0,45.0,872.5,0.8,0.4,393.15,0.16,28.5,1.585,0.0,1046.111332,0,40.0
1.27,20.50609665,14.8492424,100.0,47.3,100.0,2.36,484.0,7.7,779.0,36.0,2345.15,0.23,360.0,3.89,1.0,3.0,3.0,0.5,0.5,20.7,232.0,58.0,490.15,0.36,41.6,7.37,50.0,14.0,45.0,872.5,0.8,0.4,393.15,0.16,28.5,1.585,0.0,824.7564948,0,40.0
1.27,20.50609665,14.8492424,100.0,79.6,100.0,2.36,484.0,7.7,779.0,36.0,2345.15,0.23,360.0,3.89,1.0,3.0,3.0,0.5,0.5,20.7,232.0,58.0,490.15,0.36,41.6,7.37,50.0,14.0,45.0,872.5,0.8,0.4,393.15,0.16,28.5,1.585,0.0,714.3157104,0,50.0
1.27,20.50609665,14.8492424,100.0,30.0,100.0,2.36,484.0,7.7,779.0,36.0,2345.15,0.23,360.0,3.89,1.0,3.0,3.0,0.5,0.5,20.7,232.0,58.0,490.15,0.36,41.6,7.37,50.0,14.0,45.0,872.5,0.8,0.4,393.15,0.16,28.5,1.585,0.0,935.2796839,0,60.0
1.27,20.50609665,14.8492424,100.0,40.0,100.0,2.36,484.0,7.7,779.0,36.0,2345.15,0.23,360.0,3.89,1.0,3.0,3.0,0.5,0.5,20.7,232.0,58.0,490.15,0.36,41.6,7.37,50.0,14.0,45.0,872.5,0.8,0.4,393.15,0.16,28.5,1.585,0.0,863.8402219,0,80.0
1.27,20.50609665,14.8492424,100.0,47.3,100.0,2.36,484.0,7.7,779.0,36.0,2345.15,0.23,360.0,3.89,1.0,3.0,3.0,0.5,0.5,20.7,232.0,58.0,490.15,0.36,41.6,7.37,50.0,14.0,45.0,872.5,0.8,0.4,393.15,0.16,28.5,1.585,0.0,824.7564948,0,80.0
1.27,20.50609665,14.8492424,100.0,70.0,100.0,2.36,484.0,7.7,779.0,36.0,2345.15,0.23,360.0,3.89,1.0,3.0,3.0,0.5,0.5,20.7,232.0,58.0,490.15,0.36,41.6,7.37,50.0,14.0,45.0,872.5,0.8,0.4,393.15,0.16,28.5,1.585,0.0,740.1271107,0,90.0
1.27,20.50609665,14.8492424,100.0,70.0,100.0,2.36,484.0,7.7,779.0,36.0,2345.15,0.23,360.0,3.89,1.0,3.0,3.0,0.5,0.5,20.7,232.0,58.0,490.15,0.36,41.6,7.37,50.0,14.0,45.0,872.5,0.8,0.4,393.15,0.16,28.5,1.585,0.0,740.1271107,0,100.0
1.27,20.50609665,14.8492424,100.0,60.0,100.0,2.36,484.0,7.7,779.0,36.0,2345.15,0.23,360.0,3.89,1.0,3.0,3.0,0.5,0.5,20.7,232.0,58.0,490.15,0.36,41.6,7.37,50.0,14.0,45.0,872.5,0.8,0.4,393.15,0.16,28.5,1.585,0.0,772.3195278,0,120.0
1.27,20.50609665,14.8492424,100.0,70.0,100.0,2.36,484.0,7.7,779.0,36.0,2345.15,0.23,360.0,3.89,1.0,3.0,3.0,0.5,0.5,20.7,232.0,58.0,490.15,0.36,41.6,7.37,50.0,14.0,45.0,872.5,0.8,0.4,393.15,0.16,28.5,1.585,0.0,740.1271107,0,140.0
1.27,20.50609665,14.8492424,100.0,120.0,100.0,2.36,484.0,7.7,779.0,36.0,2345.15,0.23,360.0,3.89,1.0,3.0,3.0,0.5,0.5,20.7,232.0,58.0,490.15,0.36,41.6,7.37,50.0,14.0,45.0,872.5,0.8,0.4,393.15,0.16,28.5,1.585,0.0,637.7530307,0,240.0
1.27,20.50609665,14.8492424,100.0,310.0,100.0,2.36,484.0,7.7,779.0,36.0,2345.15,0.23,360.0,3.89,1.0,3.0,3.0,0.5,0.5,20.7,232.0,58.0,490.15,0.36,41.6,7.37,50.0,14.0,45.0,872.5,0.8,0.4,393.15,0.16,28.5,1.585,0.0,490.6912248,0,720.0
1.27,20.50609665,14.8492424,100.0,11.0,100.0,2.36,484.0,7.7,779.0,36.0,2345.15,0.23,360.0,3.89,1.0,3.0,3.0,0.5,0.5,20.7,232.0,58.0,490.15,0.36,41.6,7.37,50.0,14.0,45.0,872.5,0.8,0.4,393.15,0.16,28.5,1.585,0.0,1233.927751,1,
1.27,20.50609665,14.8492424,100.0,31.0,100.0,2.36,484.0,7.7,779.0,36.0,2345.15,0.23,360.0,3.89,1.0,3.0,3.0,0.5,0.5,20.7,232.0,58.0,490.15,0.36,41.6,7.37,50.0,14.0,45.0,872.5,0.8,0.4,393.15,0.16,28.5,1.585,0.0,926.8475183,1,
1.27,20.50609665,14.8492424,100.0,61.0,100.0,2.36,484.0,7.7,779.0,36.0,2345.15,0.23,360.0,3.89,1.0,3.0,3.0,0.5,0.5,20.7,232.0,58.0,490.15,0.36,41.6,7.37,50.0,14.0,45.0,872.5,0.8,0.4,393.15,0.16,28.5,1.585,0.0,768.8016219,1,
1.27,20.50609665,14.8492424,125.0,44.8,100.0,2.36,484.0,7.7,779.0,36.0,2345.15,0.23,360.0,3.89,1.0,3.0,3.0,0.5,0.5,20.7,232.0,58.0,490.15,0.36,41.6,7.37,50.0,14.0,45.0,872.5,0.8,0.4,393.15,0.16,28.5,1.585,0.0,608.9583351,0,40.0
1.27,20.50609665,14.8492424,75.0,44.8,75.0,2.36,484.0,7.7,779.0,36.0,2345.15,0.23,360.0,3.89,1.0,3.0,3.0,0.5,0.5,20.7,232.0,58.0,490.15,0.36,41.6,7.37,50.0,14.0,45.0,872.5,0.8,0.4,393.15,0.16,28.5,1.585,0.0,2091.359324,0,40.0
1.27,20.50609665,14.8492424,60.0,16.0,60.0,2.36,484.0,7.7,779.0,36.0,2345.15,0.23,360.0,3.89,1.0,3.0,3.0,0.5,0.5,20.7,232.0,58.0,490.15,0.36,41.6,7.37,50.0,14.0,45.0,872.5,0.8,0.4,393.15,0.16,28.5,1.585,0.0,5365.355841,0,40.0
1.27,20.50609665,14.8492424,140.0,16.0,100.0,2.36,484.0,7.7,779.0,36.0,2345.15,0.23,360.0,3.89,1.0,3.0,3.0,0.5,0.5,20.7,232.0,58.0,490.15,0.36,41.6,7.37,50.0,14.0,45.0,872.5,0.8,0.4,393.15,0.16,28.5,1.585,0.0,688.4591818,0,40.0
1.27,20.50609665,14.8492424,150.0,25.0,125.0,2.36,484.0,7.7,779.0,36.0,2345.15,0.23,360.0,3.89,1.0,3.0,3.0,0.5,0.5,20.7,232.0,58.0,490.15,0.36,41.6,7.37,50.0,14.0,45.0,872.5,0.8,0.4,393.15,0.16,28.5,1.585,0.0,354.6453563,0,40.0
1.27,20.50609665,14.8492424,100.0,15.0,60.0,2.36,484.0,7.7,779.0,36.0,2345.15,0.23,360.0,3.89,1.0,3.0,3.0,0.5,0.5,20.7,232.0,58.0,490.15,0.36,41.6,7.37,50.0,14.0,45.0,872.5,0.8,0.4,393.15,0.16,28.5,1.585,0.0,2635.424857,0,30.0
1.27,22.627417,,100.0,15.0,100.0,2.36,625.0,7.7,779.0,36.0,2345.15,0.23,360.0,3.89,1.0,3.8,0.0,0.7,0.0,22.0,236.0,57.0,492.15,0.35,42.6,7.4,48.0,14.0,45.0,872.5,0.8,0.4,393.15,0.16,28.5,1.585,0.0,1286.0,0,30.0
1.27,22.627417,,165.0,30.0,125.0,2.36,625.0,7.7,779.0,36.0,2345.15,0.23,360.0,3.89,1.0,3.8,0.0,0.7,0.0,22.0,236.0,57.0,492.15,0.35,42.6,7.4,48.0,14.0,45.0,872.5,0.8,0.4,393.15,0.16,28.5,1.585,0.0,129.3018164,0,60.0
1.27,22.627417,,165.0,21.0,125.0,2.36,625.0,7.7,779.0,36.0,2345.15,0.23,360.0,3.89,1.0,3.8,0.0,0.7,0.0,22.0,236.0,57.0,492.15,0.35,42.6,7.4,48.0,14.0,45.0,872.5,0.8,0.4,393.15,0.16,28.5,1.585,0.0,142.6883603,0,42.0
1.27,22.627417,,165.0,120.0,125.0,2.36,625.0,7.7,779.0,36.0,2345.15,0.23,360.0,3.89,1.0,3.8,0.0,0.7,0.0,22.0,236.0,57.0,492.15,0.35,42.6,7.4,48.0,14.0,45.0,872.5,0.8,0.4,393.15,0.16,28.5,1.585,0.0,88.16894745,0,240.0
1.27,22.627417,,180.0,15.0,125.0,2.36,625.0,7.7,779.0,36.0,2345.15,0.23,360.0,3.89,1.0,3.8,0.0,0.7,0.0,22.0,236.0,57.0,492.15,0.35,42.6,7.4,48.0,14.0,45.0,872.5,0.8,0.4,393.15,0.16,28.5,1.585,0.0,138.3056588,0,30.0
1.27,22.627417,,100.0,15.0,100.0,2.36,625.0,7.7,779.0,36.0,2345.15,0.23,360.0,3.89,1.0,3.8,0.0,0.7,0.0,22.0,236.0,57.0,492.15,0.35,42.6,7.4,48.0,14.0,45.0,872.5,0.8,0.4,393.15,0.16,28.5,1.585,0.0,497.5273945,0,30.0
1.27,22.627417,,100.0,38.65,100.0,2.36,625.0,7.7,779.0,36.0,2345.15,0.23,360.0,3.89,1.0,3.8,0.0,0.7,0.0,22.0,236.0,57.0,492.15,0.35,42.6,7.4,48.0,14.0,45.0,872.5,0.8,0.4,393.15,0.16,28.5,1.585,0.0,383.0740321,0,30.0
1.27,22.627417,,100.0,20.0,100.0,2.36,625.0,7.7,779.0,36.0,2345.15,0.23,360.0,3.89,1.0,3.8,0.0,0.7,0.0,22.0,236.0,57.0,492.15,0.35,42.6,7.4,48.0,14.0,45.0,872.5,0.8,0.4,393.15,0.16,28.5,1.585,0.0,459.5247628,0,40.0
1.27,22.627417,,100.0,47.3,100.0,2.36,625.0,7.7,779.0,36.0,2345.15,0.23,360.0,3.89,1.0,3.8,0.0,0.7,0.0,22.0,236.0,57.0,492.15,0.35,42.6,7.4,48.0,14.0,45.0,872.5,0.8,0.4,393.15,0.16,28.5,1.585,0.0,362.2903425,0,40.0
1.27,22.627417,,100.0,79.6,100.0,2.36,625.0,7.7,779.0,36.0,2345.15,0.23,360.0,3.89,1.0,3.8,0.0,0.7,0.0,22.0,236.0,57.0,492.15,0.35,42.6,7.4,48.0,14.0,45.0,872.5,0.8,0.4,393.15,0.16,28.5,1.585,0.0,313.7770784,0,50.0
1.27,22.627417,,100.0,30.0,100.0,2.36,625.0,7.7,779.0,36.0,2345.15,0.23,360.0,3.89,1.0,3.8,0.0,0.7,0.0,22.0,236.0,57.0,492.15,0.35,42.6,7.4,48.0,14.0,45.0,872.5,0.8,0.4,393.15,0.16,28.5,1.585,0.0,410.8398044,0,60.0
1.27,22.627417,,100.0,40.0,100.0,2.36,625.0,7.7,779.0,36.0,2345.15,0.23,360.0,3.89,1.0,3.8,0.0,0.7,0.0,22.0,236.0,57.0,492.15,0.35,42.6,7.4,48.0,14.0,45.0,872.5,0.8,0.4,393.15,0.16,28.5,1.585,0.0,379.4586303,0,80.0
1.27,22.627417,,100.0,47.3,100.0,2.36,625.0,7.7,779.0,36.0,2345.15,0.23,360.0,3.89,1.0,3.8,0.0,0.7,0.0,22.0,236.0,57.0,492.15,0.35,42.6,7.4,48.0,14.0,45.0,872.5,0.8,0.4,393.15,0.16,28.5,1.585,0.0,362.2903425,0,80.0
1.27,22.627417,,100.0,70.0,100.0,2.36,625.0,7.7,779.0,36.0,2345.15,0.23,360.0,3.89,1.0,3.8,0.0,0.7,0.0,22.0,236.0,57.0,492.15,0.35,42.6,7.4,48.0,14.0,45.0,872.5,0.8,0.4,393.15,0.16,28.5,1.585,0.0,325.1152384,0,90.0
1.27,22.627417,,100.0,70.0,100.0,2.36,625.0,7.7,779.0,36.0,2345.15,0.23,360.0,3.89,1.0,3.8,0.0,0.7,0.0,22.0,236.0,57.0,492.15,0.35,42.6,7.4,48.0,14.0,45.0,872.5,0.8,0.4,393.15,0.16,28.5,1.585,0.0,325.1152384,0,100.0
1.27,22.627417,,100.0,60.0,100.0,2.36,625.0,7.7,779.0,36.0,2345.15,0.23,360.0,3.89,1.0,3.8,0.0,0.7,0.0,22.0,236.0,57.0,492.15,0.35,42.6,7.4,48.0,14.0,45.0,872.5,0.8,0.4,393.15,0.16,28.5,1.585,0.0,339.2563841,0,120.0
1.27,22.627417,,100.0,70.0,100.0,2.36,625.0,7.7,779.0,36.0,2345.15,0.23,360.0,3.89,1.0,3.8,0.0,0.7,0.0,22.0,236.0,57.0,492.15,0.35,42.6,7.4,48.0,14.0,45.0,872.5,0.8,0.4,393.15,0.16,28.5,1.585,0.0,325.1152384,0,140.0
1.27,22.627417,,100.0,120.0,100.0,2.36,625.0,7.7,779.0,36.0,2345.15,0.23,360.0,3.89,1.0,3.8,0.0,0.7,0.0,22.0,236.0,57.0,492.15,0.35,42.6,7.4,48.0,14.0,45.0,872.5,0.8,0.4,393.15,0.16,28.5,1.585,0.0,280.1454312,0,240.0
1.27,22.627417,,100.0,310.0,100.0,2.36,625.0,7.7,779.0,36.0,2345.15,0.23,360.0,3.89,1.0,3.8,0.0,0.7,0.0,22.0,236.0,57.0,492.15,0.35,42.6,7.4,48.0,14.0,45.0,872.5,0.8,0.4,393.15,0.16,28.5,1.585,0.0,215.5456708,0,720.0
1.27,22.627417,,100.0,11.0,100.0,2.36,625.0,7.7,779.0,36.0,2345.15,0.23,360.0,3.89,1.0,3.8,0.0,0.7,0.0,22.0,236.0,57.0,492.15,0.35,42.6,7.4,48.0,14.0,45.0,872.5,0.8,0.4,393.15,0.16,28.5,1.585,0.0,542.0267804,1,
1.27,22.627417,,100.0,31.0,100.0,2.36,625.0,7.7,779.0,36.0,2345.15,0.23,360.0,3.89,1.0,3.8,0.0,0.7,0.0,22.0,236.0,57.0,492.15,0.35,42.6,7.4,48.0,14.0,45.0,872.5,0.8,0.4,393.15,0.16,28.5,1.585,0.0,407.1358116,1,
1.27,22.627417,,100.0,61.0,100.0,2.36,625.0,7.7,779.0,36.0,2345.15,0.23,360.0,3.89,1.0,3.8,0.0,0.7,0.0,22.0,236.0,57.0,492.15,0.35,42.6,7.4,48.0,14.0,45.0,872.5,0.8,0.4,393.15,0.16,28.5,1.585,0.0,337.7110755,1,
1.27,22.627417,,125.0,44.8,100.0,2.36,625.0,7.7,779.0,36.0,2345.15,0.23,360.0,3.89,1.0,3.8,0.0,0.7,0.0,22.0,236.0,57.0,492.15,0.35,42.6,7.4,48.0,14.0,45.0,872.5,0.8,0.4,393.15,0.16,28.5,1.585,0.0,267.4968008,0,40.0
1.27,22.627417,,75.0,44.8,75.0,2.36,625.0,7.7,779.0,36.0,2345.15,0.23,360.0,3.89,1.0,3.8,0.0,0.7,0.0,22.0,236.0,57.0,492.15,0.35,42.6,7.4,48.0,14.0,45.0,872.5,0.8,0.4,393.15,0.16,28.5,1.585,0.0,918.6702868,0,40.0
1.27,22.627417,,60.0,16.0,60.0,2.36,625.0,7.7,779.0,36.0,2345.15,0.23,360.0,3.89,1.0,3.8,0.0,0.7,0.0,22.0,236.0,57.0,492.15,0.35,42.6,7.4,48.0,14.0,45.0,872.5,0.8,0.4,393.15,0.16,28.5,1.585,0.0,2356.836979,0,40.0
1.27,22.627417,,140.0,16.0,100.0,2.36,625.0,7.7,779.0,36.0,2345.15,0.23,360.0,3.89,1.0,3.8,0.0,0.7,0.0,22.0,236.0,57.0,492.15,0.35,42.6,7.4,48.0,14.0,45.0,872.5,0.8,0.4,393.15,0.16,28.5,1.585,0.0,302.419095,0,40.0
1.27,22.627417,,150.0,25.0,125.0,2.36,625.0,7.7,779.0,36.0,2345.15,0.23,360.0,3.89,1.0,3.8,0.0,0.7,0.0,22.0,236.0,57.0,492.15,0.35,42.6,7.4,48.0,14.0,45.0,872.5,0.8,0.4,393.15,0.16,28.5,1.585,0.0,155.7848752,0,40.0
1.27,22.627417,,100.0,15.0,60.0,2.36,625.0,7.7,779.0,36.0,2345.15,0.23,360.0,3.89,1.0,3.8,0.0,0.7,0.0,22.0,236.0,57.0,492.15,0.35,42.6,7.4,48.0,14.0,45.0,872.5,0.8,0.4,393.15,0.16,28.5,1.585,0.0,1157.661661,0,30.0
1.27,22.627417,,100.0,60.0,100.0,2.36,625.0,7.7,779.0,36.0,2345.15,0.23,360.0,3.89,1.0,3.8,0.0,0.7,0.0,22.0,236.0,57.0,492.15,0.35,42.6,7.4,48.0,14.0,45.0,872.5,0.8,0.4,393.15,0.16,28.5,1.585,0.0,997.0,0,120.0
1.27,22.627417,,165.0,30.0,125.0,2.36,625.0,7.7,779.0,36.0,2345.15,0.23,360.0,3.89,1.0,3.8,0.0,0.7,0.0,22.0,236.0,57.0,492.15,0.35,42.6,7.4,48.0,14.0,45.0,872.5,0.8,0.4,393.15,0.16,28.5,1.585,0.0,147.0103072,0,60.0
1.27,22.627417,,165.0,21.0,125.0,2.36,625.0,7.7,779.0,36.0,2345.15,0.23,360.0,3.89,1.0,3.8,0.0,0.7,0.0,22.0,236.0,57.0,492.15,0.35,42.6,7.4,48.0,14.0,45.0,872.5,0.8,0.4,393.15,0.16,28.5,1.585,0.0,162.2302011,0,42.0
1.27,22.627417,,165.0,120.0,125.0,2.36,625.0,7.7,779.0,36.0,2345.15,0.23,360.0,3.89,1.0,3.8,0.0,0.7,0.0,22.0,236.0,57.0,492.15,0.35,42.6,7.4,48.0,14.0,45.0,872.5,0.8,0.4,393.15,0.16,28.5,1.585,0.0,100.2440987,0,240.0
1.27,22.627417,,180.0,15.0,125.0,2.36,625.0,7.7,779.0,36.0,2345.15,0.23,360.0,3.89,1.0,3.8,0.0,0.7,0.0,22.0,236.0,57.0,492.15,0.35,42.6,7.4,48.0,14.0,45.0,872.5,0.8,0.4,393.15,0.16,28.5,1.585,0.0,157.2472681,0,30.0
1.27,22.627417,,100.0,15.0,100.0,2.36,625.0,7.7,779.0,36.0,2345.15,0.23,360.0,3.89,1.0,3.8,0.0,0.7,0.0,22.0,236.0,57.0,492.15,0.35,42.6,7.4,48.0,14.0,45.0,872.5,0.8,0.4,393.15,0.16,28.5,1.585,0.0,565.666107,0,30.0
1.27,22.627417,,100.0,38.65,100.0,2.36,625.0,7.7,779.0,36.0,2345.15,0.23,360.0,3.89,1.0,3.8,0.0,0.7,0.0,22.0,236.0,57.0,492.15,0.35,42.6,7.4,48.0,14.0,45.0,872.5,0.8,0.4,393.15,0.16,28.5,1.585,0.0,435.5378192,0,30.0
1.27,22.627417,,100.0,20.0,100.0,2.36,625.0,7.7,779.0,36.0,2345.15,0.23,360.0,3.89,1.0,3.8,0.0,0.7,0.0,22.0,236.0,57.0,492.15,0.35,42.6,7.4,48.0,14.0,45.0,872.5,0.8,0.4,393.15,0.16,28.5,1.585,0.0,522.4588364,0,40.0
1.27,22.627417,,100.0,47.3,100.0,2.36,625.0,7.7,779.0,36.0,2345.15,0.23,360.0,3.89,1.0,3.8,0.0,0.7,0.0,22.0,236.0,57.0,492.15,0.35,42.6,7.4,48.0,14.0,45.0,872.5,0.8,0.4,393.15,0.16,28.5,1.585,0.0,411.9077057,0,40.0
1.27,22.627417,,100.0,79.6,100.0,2.36,625.0,7.7,779.0,36.0,2345.15,0.23,360.0,3.89,1.0,3.8,0.0,0.7,0.0,22.0,236.0,57.0,492.15,0.35,42.6,7.4,48.0,14.0,45.0,872.5,0.8,0.4,393.15,0.16,28.5,1.585,0.0,356.7503225,0,50.0
1.27,22.627417,,100.0,30.0,100.0,2.36,625.0,7.7,779.0,36.0,2345.15,0.23,360.0,3.89,1.0,3.8,0.0,0.7,0.0,22.0,236.0,57.0,492.15,0.35,42.6,7.4,48.0,14.0,45.0,872.5,0.8,0.4,393.15,0.16,28.5,1.585,0.0,467.1062444,0,60.0
1.27,22.627417,,100.0,40.0,100.0,2.36,625.0,7.7,779.0,36.0,2345.15,0.23,360.0,3.89,1.0,3.8,0.0,0.7,0.0,22.0,236.0,57.0,492.15,0.35,42.6,7.4,48.0,14.0,45.0,872.5,0.8,0.4,393.15,0.16,28.5,1.585,0.0,431.4272712,0,80.0
1.27,22.627417,,100.0,47.3,100.0,2.36,625.0,7.7,779.0,36.0,2345.15,0.23,360.0,3.89,1.0,3.8,0.0,0.7,0.0,22.0,236.0,57.0,492.15,0.35,42.6,7.4,48.0,14.0,45.0,872.5,0.8,0.4,393.15,0.16,28.5,1.585,0.0,411.9077057,0,80.0
1.27,22.627417,,100.0,70.0,100.0,2.36,625.0,7.7,779.0,36.0,2345.15,0.23,360.0,3.89,1.0,3.8,0.0,0.7,0.0,22.0,236.0,57.0,492.15,0.35,42.6,7.4,48.0,14.0,45.0,872.5,0.8,0.4,393.15,0.16,28.5,1.585,0.0,369.6412966,0,90.0
1.27,22.627417,,100.0,70.0,100.0,2.36,625.0,7.7,779.0,36.0,2345.15,0.23,360.0,3.89,1.0,3.8,0.0,0.7,0.0,22.0,236.0,57.0,492.15,0.35,42.6,7.4,48.0,14.0,45.0,872.5,0.8,0.4,393.15,0.16,28.5,1.585,0.0,369.6412966,0,100.0
1.27,22.627417,,100.0,60.0,100.0,2.36,625.0,7.7,779.0,36.0,2345.15,0.23,360.0,3.89,1.0,3.8,0.0,0.7,0.0,22.0,236.0,57.0,492.15,0.35,42.6,7.4,48.0,14.0,45.0,872.5,0.8,0.4,393.15,0.16,28.5,1.585,0.0,385.7191387,0,120.0
1.27,22.627417,,100.0,70.0,100.0,2.36,625.0,7.7,779.0,36.0,2345.15,0.23,360.0,3.89,1.0,3.8,0.0,0.7,0.0,22.0,236.0,57.0,492.15,0.35,42.6,7.4,48.0,14.0,45.0,872.5,0.8,0.4,393.15,0.16,28.5,1.585,0.0,369.6412966,0,140.0
1.27,22.627417,,100.0,120.0,100.0,2.36,625.0,7.7,779.0,36.0,2345.15,0.23,360.0,3.89,1.0,3.8,0.0,0.7,0.0,22.0,236.0,57.0,492.15,0.35,42.6,7.4,48.0,14.0,45.0,872.5,0.8,0.4,393.15,0.16,28.5,1.585,0.0,318.5126633,0,240.0
1.27,22.627417,,100.0,310.0,100.0,2.36,625.0,7.7,779.0,36.0,2345.15,0.23,360.0,3.89,1.0,3.8,0.0,0.7,0.0,22.0,236.0,57.0,492.15,0.35,42.6,7.4,48.0,14.0,45.0,872.5,0.8,0.4,393.15,0.16,28.5,1.585,0.0,245.0656623,0,720.0
1.27,22.627417,,100.0,11.0,100.0,2.36,625.0,7.7,779.0,36.0,2345.15,0.23,360.0,3.89,1.0,3.8,0.0,0.7,0.0,22.0,236.0,57.0,492.15,0.35,42.6,7.4,48.0,14.0,45.0,872.5,0.8,0.4,393.15,0.16,28.5,1.585,0.0,616.2598927,1,
1.27,22.627417,,100.0,31.0,100.0,2.36,625.0,7.7,779.0,36.0,2345.15,0.23,360.0,3.89,1.0,3.8,0.0,0.7,0.0,22.0,236.0,57.0,492.15,0.35,42.6,7.4,48.0,14.0,45.0,872.5,0.8,0.4,393.15,0.16,28.5,1.585,0.0,462.8949724,1,
1.27,22.627417,,100.0,61.0,100.0,2.36,625.0,7.7,779.0,36.0,2345.15,0.23,360.0,3.89,1.0,3.8,0.0,0.7,0.0,22.0,236.0,57.0,492.15,0.35,42.6,7.4,48.0,14.0,45.0,872.5,0.8,0.4,393.15,0.16,28.5,1.585,0.0,383.9621928,1,
1.27,22.627417,,125.0,44.8,100.0,2.36,625.0,7.7,779.0,36.0,2345.15,0.23,360.0,3.89,1.0,3.8,0.0,0.7,0.0,22.0,236.0,57.0,492.15,0.35,42.6,7.4,48.0,14.0,45.0,872.5,0.8,0.4,393.15,0.16,28.5,1.585,0.0,304.1317435,0,40.0
1.27,22.627417,,75.0,44.8,75.0,2.36,625.0,7.7,779.0,36.0,2345.15,0.23,360.0,3.89,1.0,3.8,0.0,0.7,0.0,22.0,236.0,57.0,492.15,0.35,42.6,7.4,48.0,14.0,45.0,872.5,0.8,0.4,393.15,0.16,28.5,1.585,0.0,1044.486496,0,40.0
1.27,22.627417,,60.0,16.0,60.0,2.36,625.0,7.7,779.0,36.0,2345.15,0.23,360.0,3.89,1.0,3.8,0.0,0.7,0.0,22.0,236.0,57.0,492.15,0.35,42.6,7.4,48.0,14.0,45.0,872.5,0.8,0.4,393.15,0.16,28.5,1.585,0.0,2679.616868,0,40.0
1.27,22.627417,,140.0,16.0,100.0,2.36,625.0,7.7,779.0,36.0,2345.15,0.23,360.0,3.89,1.0,3.8,0.0,0.7,0.0,22.0,236.0,57.0,492.15,0.35,42.6,7.4,48.0,14.0,45.0,872.5,0.8,0.4,393.15,0.16,28.5,1.585,0.0,343.8368098,0,40.0
1.27,22.627417,,150.0,25.0,125.0,2.36,625.0,7.7,779.0,36.0,2345.15,0.23,360.0,3.89,1.0,3.8,0.0,0.7,0.0,22.0,236.0,57.0,492.15,0.35,42.6,7.4,48.0,14.0,45.0,872.5,0.8,0.4,393.15,0.16,28.5,1.585,0.0,177.1203452,0,40.0
1.27,22.627417,,100.0,15.0,60.0,2.36,625.0,7.7,779.0,36.0,2345.15,0.23,360.0,3.89,1.0,3.8,0.0,0.7,0.0,22.0,236.0,57.0,492.15,0.35,42.6,7.4,48.0,14.0,45.0,872.5,0.8,0.4,393.15,0.16,28.5,1.585,0.0,1316.208861,0,30.0
1.27,22.627417,,165.0,21.0,125.0,2.36,625.0,7.7,779.0,36.0,2345.15,0.23,360.0,3.89,1.0,3.8,0.0,0.7,0.0,22.0,236.0,57.0,492.15,0.35,42.6,7.4,48.0,14.0,45.0,872.5,0.8,0.4,393.15,0.16,28.5,1.585,0.0,423.5,0,42.0
1.27,22.627417,,165.0,30.0,125.0,2.36,625.0,7.7,779.0,36.0,2345.15,0.23,360.0,3.89,1.0,3.8,0.0,0.7,0.0,22.0,236.0,57.0,492.15,0.35,42.6,7.4,48.0,14.0,45.0,872.5,0.8,0.4,393.15,0.16,28.5,1.585,0.0,148.4723297,0,60.0
1.27,22.627417,,165.0,21.0,125.0,2.36,625.0,7.7,779.0,36.0,2345.15,0.23,360.0,3.89,1.0,3.8,0.0,0.7,0.0,22.0,236.0,57.0,492.15,0.35,42.6,7.4,48.0,14.0,45.0,872.5,0.8,0.4,393.15,0.16,28.5,1.585,0.0,163.843586,0,42.0
1.27,22.627417,,165.0,120.0,125.0,2.36,625.0,7.7,779.0,36.0,2345.15,0.23,360.0,3.89,1.0,3.8,0.0,0.7,0.0,22.0,236.0,57.0,492.15,0.35,42.6,7.4,48.0,14.0,45.0,872.5,0.8,0.4,393.15,0.16,28.5,1.585,0.0,101.2410297,0,240.0
1.27,22.627417,,180.0,15.0,125.0,2.36,625.0,7.7,779.0,36.0,2345.15,0.23,360.0,3.89,1.0,3.8,0.0,0.7,0.0,22.0,236.0,57.0,492.15,0.35,42.6,7.4,48.0,14.0,45.0,872.5,0.8,0.4,393.15,0.16,28.5,1.585,0.0,158.8110975,0,30.0
1.27,22.627417,,100.0,15.0,100.0,2.36,625.0,7.7,779.0,36.0,2345.15,0.23,360.0,3.89,1.0,3.8,0.0,0.7,0.0,22.0,236.0,57.0,492.15,0.35,42.6,7.4,48.0,14.0,45.0,872.5,0.8,0.4,393.15,0.16,28.5,1.585,0.0,571.2916757,0,30.0
1.27,22.627417,,100.0,38.65,100.0,2.36,625.0,7.7,779.0,36.0,2345.15,0.23,360.0,3.89,1.0,3.8,0.0,0.7,0.0,22.0,236.0,57.0,492.15,0.35,42.6,7.4,48.0,14.0,45.0,872.5,0.8,0.4,393.15,0.16,28.5,1.585,0.0,439.8692577,0,30.0
1.27,22.627417,,100.0,20.0,100.0,2.36,625.0,7.7,779.0,36.0,2345.15,0.23,360.0,3.89,1.0,3.8,0.0,0.7,0.0,22.0,236.0,57.0,492.15,0.35,42.6,7.4,48.0,14.0,45.0,872.5,0.8,0.4,393.15,0.16,28.5,1.585,0.0,527.6547073,0,40.0
1.27,22.627417,,100.0,47.3,100.0,2.36,625.0,7.7,779.0,36.0,2345.15,0.23,360.0,3.89,1.0,3.8,0.0,0.7,0.0,22.0,236.0,57.0,492.15,0.35,42.6,7.4,48.0,14.0,45.0,872.5,0.8,0.4,393.15,0.16,28.5,1.585,0.0,416.0041419,0,40.0
1.27,22.627417,,100.0,79.6,100.0,2.36,625.0,7.7,779.0,36.0,2345.15,0.23,360.0,3.89,1.0,3.8,0.0,0.7,0.0,22.0,236.0,57.0,492.15,0.35,42.6,7.4,48.0,14.0,45.0,872.5,0.8,0.4,393.15,0.16,28.5,1.585,0.0,360.2982166,0,50.0
1.27,22.627417,,100.0,30.0,100.0,2.36,625.0,7.7,779.0,36.0,2345.15,0.23,360.0,3.89,1.0,3.8,0.0,0.7,0.0,22.0,236.0,57.0,492.15,0.35,42.6,7.4,48.0,14.0,45.0,872.5,0.8,0.4,393.15,0.16,28.5,1.585,0.0,471.7516319,0,60.0
1.27,22.627417,,100.0,40.0,100.0,2.36,625.0,7.7,779.0,36.0,2345.15,0.23,360.0,3.89,1.0,3.8,0.0,0.7,0.0,22.0,236.0,57.0,492.15,0.35,42.6,7.4,48.0,14.0,45.0,872.5,0.8,0.4,393.15,0.16,28.5,1.585,0.0,435.7178301,0,80.0
1.27,22.627417,,100.0,47.3,100.0,2.36,625.0,7.7,779.0,36.0,2345.15,0.23,360.0,3.89,1.0,3.8,0.0,0.7,0.0,22.0,236.0,57.0,492.15,0.35,42.6,7.4,48.0,14.0,45.0,872.5,0.8,0.4,393.15,0.16,28.5,1.585,0.0,416.0041419,0,80.0
1.27,22.627417,,100.0,70.0,100.0,2.36,625.0,7.7,779.0,36.0,2345.15,0.23,360.0,3.89,1.0,3.8,0.0,0.7,0.0,22.0,236.0,57.0,492.15,0.35,42.6,7.4,48.0,14.0,45.0,872.5,0.8,0.4,393.15,0.16,28.5,1.585,0.0,373.3173919,0,90.0
1.27,22.627417,,100.0,70.0,100.0,2.36,625.0,7.7,779.0,36.0,2345.15,0.23,360.0,3.89,1.0,3.8,0.0,0.7,0.0,22.0,236.0,57.0,492.15,0.35,42.6,7.4,48.0,14.0,45.0,872.5,0.8,0.4,393.15,0.16,28.5,1.585,0.0,373.3173919,0,100.0
1.27,22.627417,,100.0,60.0,100.0,2.36,625.0,7.7,779.0,36.0,2345.15,0.23,360.0,3.89,1.0,3.8,0.0,0.7,0.0,22.0,236.0,57.0,492.15,0.35,42.6,7.4,48.0,14.0,45.0,872.5,0.8,0.4,393.15,0.16,28.5,1.585,0.0,389.5551287,0,120.0
1.27,22.627417,,100.0,70.0,100.0,2.36,625.0,7.7,779.0,36.0,2345.15,0.23,360.0,3.89,1.0,3.8,0.0,0.7,0.0,22.0,236.0,57.0,492.15,0.35,42.6,7.4,48.0,14.0,45.0,872.5,0.8,0.4,393.15,0.16,28.5,1.585,0.0,373.3173919,0,140.0
1.27,22.627417,,100.0,120.0,100.0,2.36,625.0,7.7,779.0,36.0,2345.15,0.23,360.0,3.89,1.0,3.8,0.0,0.7,0.0,22.0,236.0,57.0,492.15,0.35,42.6,7.4,48.0,14.0,45.0,872.5,0.8,0.4,393.15,0.16,28.5,1.585,0.0,321.6802826,0,240.0
1.27,22.627417,,100.0,310.0,100.0,2.36,625.0,7.7,779.0,36.0,2345.15,0.23,360.0,3.89,1.0,3.8,0.0,0.7,0.0,22.0,236.0,57.0,492.15,0.35,42.6,7.4,48.0,14.0,45.0,872.5,0.8,0.4,393.15,0.16,28.5,1.585,0.0,247.5028487,0,720.0
1.27,22.627417,,100.0,11.0,100.0,2.36,625.0,7.7,779.0,36.0,2345.15,0.23,360.0,3.89,1.0,3.8,0.0,0.7,0.0,22.0,236.0,57.0,492.15,0.35,42.6,7.4,48.0,14.0,45.0,872.5,0.8,0.4,393.15,0.16,28.5,1.585,0.0,622.3886184,1,
1.27,22.627417,,100.0,31.0,100.0,2.36,625.0,7.7,779.0,36.0,2345.15,0.23,360.0,3.89,1.0,3.8,0.0,0.7,0.0,22.0,236.0,57.0,492.15,0.35,42.6,7.4,48.0,14.0,45.0,872.5,0.8,0.4,393.15,0.16,28.5,1.585,0.0,467.4984787,1,
1.27,22.627417,,100.0,61.0,100.0,2.36,625.0,7.7,779.0,36.0,2345.15,0.23,360.0,3.89,1.0,3.8,0.0,0.7,0.0,22.0,236.0,57.0,492.15,0.35,42.6,7.4,48.0,14.0,45.0,872.5,0.8,0.4,393.15,0.16,28.5,1.585,0.0,387.7807099,1,
1.27,22.627417,,125.0,44.8,100.0,2.36,625.0,7.7,779.0,36.0,2345.15,0.23,360.0,3.89,1.0,3.8,0.0,0.7,0.0,22.0,236.0,57.0,492.15,0.35,42.6,7.4,48.0,14.0,45.0,872.5,0.8,0.4,393.15,0.16,28.5,1.585,0.0,307.1563441,0,40.0
1.27,22.627417,,75.0,44.8,75.0,2.36,625.0,7.7,779.0,36.0,2345.15,0.23,360.0,3.89,1.0,3.8,0.0,0.7,0.0,22.0,236.0,57.0,492.15,0.35,42.6,7.4,48.0,14.0,45.0,872.5,0.8,0.4,393.15,0.16,28.5,1.585,0.0,1054.873949,0,40.0
1.27,22.627417,,60.0,16.0,60.0,2.36,625.0,7.7,779.0,36.0,2345.15,0.23,360.0,3.89,1.0,3.8,0.0,0.7,0.0,22.0,236.0,57.0,492.15,0.35,42.6,7.4,48.0,14.0,45.0,872.5,0.8,0.4,393.15,0.16,28.5,1.585,0.0,2706.265749,0,40.0
1.27,22.627417,,140.0,16.0,100.0,2.36,625.0,7.7,779.0,36.0,2345.15,0.23,360.0,3.89,1.0,3.8,0.0,0.7,0.0,22.0,236.0,57.0,492.15,0.35,42.6,7.4,48.0,14.0,45.0,872.5,0.8,0.4,393.15,0.16,28.5,1.585,0.0,347.2562786,0,40.0
1.27,22.627417,,150.0,25.0,125.0,2.36,625.0,7.7,779.0,36.0,2345.15,0.23,360.0,3.89,1.0,3.8,0.0,0.7,0.0,22.0,236.0,57.0,492.15,0.35,42.6,7.4,48.0,14.0,45.0,872.5,0.8,0.4,393.15,0.16,28.5,1.585,0.0,178.8818131,0,40.0
1.27,22.627417,,100.0,15.0,60.0,2.36,625.0,7.7,779.0,36.0,2345.15,0.23,360.0,3.89,1.0,3.8,0.0,0.7,0.0,22.0,236.0,57.0,492.15,0.35,42.6,7.4,48.0,14.0,45.0,872.5,0.8,0.4,393.15,0.16,28.5,1.585,0.0,1329.298603,0,30.0
1.0,24.74873734,9.192388155,165.0,30.0,125.0,0.61,680.0,2.62,700.0,148.0,1693.15,0.22,159.0,2.33,0.0,4.0,0.0,0.5,0.0,22.5,236.0,62.0,491.15,0.35,40.1,7.4,52.4,14.0,14.0,1000.0,0.8,0.8,200.0,0.19,28.0,2.1,0.0,1270.869266,0,60.0
1.0,24.74873734,9.192388155,165.0,21.0,125.0,0.61,680.0,2.62,700.0,148.0,1693.15,0.22,159.0,2.33,0.0,4.0,0.0,0.5,0.0,22.5,236.0,62.0,491.15,0.35,40.1,7.4,52.4,14.0,14.0,1000.0,0.8,0.8,200.0,0.19,28.0,2.1,0.0,1402.441642,0,42.0
1.0,24.74873734,9.192388155,165.0,120.0,125.0,0.61,680.0,2.62,700.0,148.0,1693.15,0.22,159.0,2.33,0.0,4.0,0.0,0.5,0.0,22.5,236.0,62.0,491.15,0.35,40.1,7.4,52.4,14.0,14.0,1000.0,0.8,0.8,200.0,0.19,28.0,2.1,0.0,866.586477,0,240.0
1.0,24.74873734,9.192388155,180.0,15.0,125.0,0.61,680.0,2.62,700.0,148.0,1693.15,0.22,159.0,2.33,0.0,4.0,0.0,0.5,0.0,22.5,236.0,62.0,491.15,0.35,40.1,7.4,52.4,14.0,14.0,1000.0,0.8,0.8,200.0,0.19,28.0,2.1,0.0,1359.365367,0,30.0
1.0,24.74873734,9.192388155,100.0,15.0,100.0,0.61,680.0,2.62,700.0,148.0,1693.15,0.22,159.0,2.33,0.0,4.0,0.0,0.5,0.0,22.5,236.0,62.0,491.15,0.35,40.1,7.4,52.4,14.0,14.0,1000.0,0.8,0.8,200.0,0.19,28.0,2.1,0.0,4890.049439,0,30.0
1.0,24.74873734,9.192388155,100.0,38.65,100.0,0.61,680.0,2.62,700.0,148.0,1693.15,0.22,159.0,2.33,0.0,4.0,0.0,0.5,0.0,22.5,236.0,62.0,491.15,0.35,40.1,7.4,52.4,14.0,14.0,1000.0,0.8,0.8,200.0,0.19,28.0,2.1,0.0,3765.12123,0,30.0
1.0,24.74873734,9.192388155,100.0,20.0,100.0,0.61,680.0,2.62,700.0,148.0,1693.15,0.22,159.0,2.33,0.0,4.0,0.0,0.5,0.0,22.5,236.0,62.0,491.15,0.35,40.1,7.4,52.4,14.0,14.0,1000.0,0.8,0.8,200.0,0.19,28.0,2.1,0.0,4516.532825,0,40.0
1.0,24.74873734,9.192388155,100.0,47.3,100.0,0.61,680.0,2.62,700.0,148.0,1693.15,0.22,159.0,2.33,0.0,4.0,0.0,0.5,0.0,22.5,236.0,62.0,491.15,0.35,40.1,7.4,52.4,14.0,14.0,1000.0,0.8,0.8,200.0,0.19,28.0,2.1,0.0,3560.844499,0,40.0
1.0,24.74873734,9.192388155,100.0,79.6,100.0,0.61,680.0,2.62,700.0,148.0,1693.15,0.22,159.0,2.33,0.0,4.0,0.0,0.5,0.0,22.5,236.0,62.0,491.15,0.35,40.1,7.4,52.4,14.0,14.0,1000.0,0.8,0.8,200.0,0.19,28.0,2.1,0.0,3084.021992,0,50.0
1.0,24.74873734,9.192388155,100.0,30.0,100.0,0.61,680.0,2.62,700.0,148.0,1693.15,0.22,159.0,2.33,0.0,4.0,0.0,0.5,0.0,22.5,236.0,62.0,491.15,0.35,40.1,7.4,52.4,14.0,14.0,1000.0,0.8,0.8,200.0,0.19,28.0,2.1,0.0,4038.022785,0,60.0
1.0,24.74873734,9.192388155,100.0,40.0,100.0,0.61,680.0,2.62,700.0,148.0,1693.15,0.22,159.0,2.33,0.0,4.0,0.0,0.5,0.0,22.5,236.0,62.0,491.15,0.35,40.1,7.4,52.4,14.0,14.0,1000.0,0.8,0.8,200.0,0.19,28.0,2.1,0.0,3729.586517,0,80.0
1.0,24.74873734,9.192388155,100.0,47.3,100.0,0.61,680.0,2.62,700.0,148.0,1693.15,0.22,159.0,2.33,0.0,4.0,0.0,0.5,0.0,22.5,236.0,62.0,491.15,0.35,40.1,7.4,52.4,14.0,14.0,1000.0,0.8,0.8,200.0,0.19,28.0,2.1,0.0,3560.844499,0,80.0
1.0,24.74873734,9.192388155,100.0,70.0,100.0,0.61,680.0,2.62,700.0,148.0,1693.15,0.22,159.0,2.33,0.0,4.0,0.0,0.5,0.0,22.5,236.0,62.0,491.15,0.35,40.1,7.4,52.4,14.0,14.0,1000.0,0.8,0.8,200.0,0.19,28.0,2.1,0.0,3195.461409,0,90.0
1.0,24.74873734,9.192388155,100.0,70.0,100.0,0.61,680.0,2.62,700.0,148.0,1693.15,0.22,159.0,2.33,0.0,4.0,0.0,0.5,0.0,22.5,236.0,62.0,491.15,0.35,40.1,7.4,52.4,14.0,14.0,1000.0,0.8,0.8,200.0,0.19,28.0,2.1,0.0,3195.461409,0,100.0
1.0,24.74873734,9.192388155,100.0,60.0,100.0,0.61,680.0,2.62,700.0,148.0,1693.15,0.22,159.0,2.33,0.0,4.0,0.0,0.5,0.0,22.5,236.0,62.0,491.15,0.35,40.1,7.4,52.4,14.0,14.0,1000.0,0.8,0.8,200.0,0.19,28.0,2.1,0.0,3334.450543,0,120.0
1.0,24.74873734,9.192388155,100.0,70.0,100.0,0.61,680.0,2.62,700.0,148.0,1693.15,0.22,159.0,2.33,0.0,4.0,0.0,0.5,0.0,22.5,236.0,62.0,491.15,0.35,40.1,7.4,52.4,14.0,14.0,1000.0,0.8,0.8,200.0,0.19,28.0,2.1,0.0,3195.461409,0,140.0
1.0,24.74873734,9.192388155,100.0,120.0,100.0,0.61,680.0,2.62,700.0,148.0,1693.15,0.22,159.0,2.33,0.0,4.0,0.0,0.5,0.0,22.5,236.0,62.0,491.15,0.35,40.1,7.4,52.4,14.0,14.0,1000.0,0.8,0.8,200.0,0.19,28.0,2.1,0.0,2753.466491,0,240.0
1.0,24.74873734,9.192388155,100.0,310.0,100.0,0.61,680.0,2.62,700.0,148.0,1693.15,0.22,159.0,2.33,0.0,4.0,0.0,0.5,0.0,22.5,236.0,62.0,491.15,0.35,40.1,7.4,52.4,14.0,14.0,1000.0,0.8,0.8,200.0,0.19,28.0,2.1,0.0,2118.534573,0,720.0
1.0,24.74873734,9.192388155,100.0,11.0,100.0,0.61,680.0,2.62,700.0,148.0,1693.15,0.22,159.0,2.33,0.0,4.0,0.0,0.5,0.0,22.5,236.0,62.0,491.15,0.35,40.1,7.4,52.4,14.0,14.0,1000.0,0.8,0.8,200.0,0.19,28.0,2.1,0.0,5327.420727,1,
1.0,24.74873734,9.192388155,100.0,31.0,100.0,0.61,680.0,2.62,700.0,148.0,1693.15,0.22,159.0,2.33,0.0,4.0,0.0,0.5,0.0,22.5,236.0,62.0,491.15,0.35,40.1,7.4,52.4,14.0,14.0,1000.0,0.8,0.8,200.0,0.19,28.0,2.1,0.0,4001.617336,1,
1.0,24.74873734,9.192388155,100.0,61.0,100.0,0.61,680.0,2.62,700.0,148.0,1693.15,0.22,159.0,2.33,0.0,4.0,0.0,0.5,0.0,22.5,236.0,62.0,491.15,0.35,40.1,7.4,52.4,14.0,14.0,1000.0,0.8,0.8,200.0,0.19,28.0,2.1,0.0,3319.262162,1,
1.0,24.74873734,9.192388155,125.0,44.8,100.0,0.61,680.0,2.62,700.0,148.0,1693.15,0.22,159.0,2.33,0.0,4.0,0.0,0.5,0.0,22.5,236.0,62.0,491.15,0.35,40.1,7.4,52.4,14.0,14.0,1000.0,0.8,0.8,200.0,0.19,28.0,2.1,0.0,2629.146847,0,40.0
1.0,24.74873734,9.192388155,75.0,44.8,75.0,0.61,680.0,2.62,700.0,148.0,1693.15,0.22,159.0,2.33,0.0,4.0,0.0,0.5,0.0,22.5,236.0,62.0,491.15,0.35,40.1,7.4,52.4,14.0,14.0,1000.0,0.8,0.8,200.0,0.19,28.0,2.1,0.0,9029.338224,0,40.0
1.0,24.74873734,9.192388155,60.0,16.0,60.0,0.61,680.0,2.62,700.0,148.0,1693.15,0.22,159.0,2.33,0.0,4.0,0.0,0.5,0.0,22.5,236.0,62.0,491.15,0.35,40.1,7.4,52.4,14.0,14.0,1000.0,0.8,0.8,200.0,0.19,28.0,2.1,0.0,23164.65279,0,40.0
1.0,24.74873734,9.192388155,140.0,16.0,100.0,0.61,680.0,2.62,700.0,148.0,1693.15,0.22,159.0,2.33,0.0,4.0,0.0,0.5,0.0,22.5,236.0,62.0,491.15,0.35,40.1,7.4,52.4,14.0,14.0,1000.0,0.8,0.8,200.0,0.19,28.0,2.1,0.0,2972.387736,0,40.0
1.0,24.74873734,9.192388155,150.0,25.0,125.0,0.61,680.0,2.62,700.0,148.0,1693.15,0.22,159.0,2.33,0.0,4.0,0.0,0.5,0.0,22.5,236.0,62.0,491.15,0.35,40.1,7.4,52.4,14.0,14.0,1000.0,0.8,0.8,200.0,0.19,28.0,2.1,0.0,1531.163409,0,40.0
1.0,24.74873734,9.192388155,100.0,15.0,60.0,0.61,680.0,2.62,700.0,148.0,1693.15,0.22,159.0,2.33,0.0,4.0,0.0,0.5,0.0,22.5,236.0,62.0,491.15,0.35,40.1,7.4,52.4,14.0,14.0,1000.0,0.8,0.8,200.0,0.19,28.0,2.1,0.0,11378.31368,0,30.0
1.0,24.74873734,9.192388155,165.0,30.0,125.0,0.61,680.0,2.62,700.0,148.0,1693.15,0.22,159.0,2.33,0.0,4.0,0.0,0.5,0.0,22.5,236.0,62.0,491.15,0.35,40.1,7.4,52.4,14.0,14.0,1000.0,0.8,0.8,200.0,0.19,28.0,2.1,0.0,1308.272593,0,60.0
1.0,24.74873734,9.192388155,165.0,21.0,125.0,0.61,680.0,2.62,700.0,148.0,1693.15,0.22,159.0,2.33,0.0,4.0,0.0,0.5,0.0,22.5,236.0,62.0,491.15,0.35,40.1,7.4,52.4,14.0,14.0,1000.0,0.8,0.8,200.0,0.19,28.0,2.1,0.0,1443.717314,0,42.0
1.0,24.74873734,9.192388155,165.0,120.0,125.0,0.61,680.0,2.62,700.0,148.0,1693.15,0.22,159.0,2.33,0.0,4.0,0.0,0.5,0.0,22.5,236.0,62.0,491.15,0.35,40.1,7.4,52.4,14.0,14.0,1000.0,0.8,0.8,200.0,0.19,28.0,2.1,0.0,892.091238,0,240.0
1.0,24.74873734,9.192388155,180.0,15.0,125.0,0.61,680.0,2.62,700.0,148.0,1693.15,0.22,159.0,2.33,0.0,4.0,0.0,0.5,0.0,22.5,236.0,62.0,491.15,0.35,40.1,7.4,52.4,14.0,14.0,1000.0,0.8,0.8,200.0,0.19,28.0,2.1,0.0,1399.373248,0,30.0
1.0,24.74873734,9.192388155,100.0,15.0,100.0,0.61,680.0,2.62,700.0,148.0,1693.15,0.22,159.0,2.33,0.0,4.0,0.0,0.5,0.0,22.5,236.0,62.0,491.15,0.35,40.1,7.4,52.4,14.0,14.0,1000.0,0.8,0.8,200.0,0.19,28.0,2.1,0.0,5033.96992,0,30.0
1.0,24.74873734,9.192388155,100.0,38.65,100.0,0.61,680.0,2.62,700.0,148.0,1693.15,0.22,159.0,2.33,0.0,4.0,0.0,0.5,0.0,22.5,236.0,62.0,491.15,0.35,40.1,7.4,52.4,14.0,14.0,1000.0,0.8,0.8,200.0,0.19,28.0,2.1,0.0,3875.933618,0,30.0
1.0,24.74873734,9.192388155,100.0,20.0,100.0,0.61,680.0,2.62,700.0,148.0,1693.15,0.22,159.0,2.33,0.0,4.0,0.0,0.5,0.0,22.5,236.0,62.0,491.15,0.35,40.1,7.4,52.4,14.0,14.0,1000.0,0.8,0.8,200.0,0.19,28.0,2.1,0.0,4649.460228,0,40.0
1.0,24.74873734,9.192388155,100.0,47.3,100.0,0.61,680.0,2.62,700.0,148.0,1693.15,0.22,159.0,2.33,0.0,4.0,0.0,0.5,0.0,22.5,236.0,62.0,491.15,0.35,40.1,7.4,52.4,14.0,14.0,1000.0,0.8,0.8,200.0,0.19,28.0,2.1,0.0,3665.644759,0,40.0
1.0,24.74873734,9.192388155,100.0,79.6,100.0,0.61,680.0,2.62,700.0,148.0,1693.15,0.22,159.0,2.33,0.0,4.0,0.0,0.5,0.0,22.5,236.0,62.0,491.15,0.35,40.1,7.4,52.4,14.0,14.0,1000.0,0.8,0.8,200.0,0.19,28.0,2.1,0.0,3174.788749,0,50.0
1.0,24.74873734,9.192388155,100.0,30.0,100.0,0.61,680.0,2.62,700.0,148.0,1693.15,0.22,159.0,2.33,0.0,4.0,0.0,0.5,0.0,22.5,236.0,62.0,491.15,0.35,40.1,7.4,52.4,14.0,14.0,1000.0,0.8,0.8,200.0,0.19,28.0,2.1,0.0,4156.867018,0,60.0
1.0,24.74873734,9.192388155,100.0,40.0,100.0,0.61,680.0,2.62,700.0,148.0,1693.15,0.22,159.0,2.33,0.0,4.0,0.0,0.5,0.0,22.5,236.0,62.0,491.15,0.35,40.1,7.4,52.4,14.0,14.0,1000.0,0.8,0.8,200.0,0.19,28.0,2.1,0.0,3839.353072,0,80.0
1.0,24.74873734,9.192388155,100.0,47.3,100.0,0.61,680.0,2.62,700.0,148.0,1693.15,0.22,159.0,2.33,0.0,4.0,0.0,0.5,0.0,22.5,236.0,62.0,491.15,0.35,40.1,7.4,52.4,14.0,14.0,1000.0,0.8,0.8,200.0,0.19,28.0,2.1,0.0,3665.644759,0,80.0
1.0,24.74873734,9.192388155,100.0,70.0,100.0,0.61,680.0,2.62,700.0,148.0,1693.15,0.22,159.0,2.33,0.0,4.0,0.0,0.5,0.0,22.5,236.0,62.0,491.15,0.35,40.1,7.4,52.4,14.0,14.0,1000.0,0.8,0.8,200.0,0.19,28.0,2.1,0.0,3289.507972,0,90.0
1.0,24.74873734,9.192388155,100.0,70.0,100.0,0.61,680.0,2.62,700.0,148.0,1693.15,0.22,159.0,2.33,0.0,4.0,0.0,0.5,0.0,22.5,236.0,62.0,491.15,0.35,40.1,7.4,52.4,14.0,14.0,1000.0,0.8,0.8,200.0,0.19,28.0,2.1,0.0,3289.507972,0,100.0
1.0,24.74873734,9.192388155,100.0,60.0,100.0,0.61,680.0,2.62,700.0,148.0,1693.15,0.22,159.0,2.33,0.0,4.0,0.0,0.5,0.0,22.5,236.0,62.0,491.15,0.35,40.1,7.4,52.4,14.0,14.0,1000.0,0.8,0.8,200.0,0.19,28.0,2.1,0.0,3432.587736,0,120.0
1.0,24.74873734,9.192388155,100.0,70.0,100.0,0.61,680.0,2.62,700.0,148.0,1693.15,0.22,159.0,2.33,0.0,4.0,0.0,0.5,0.0,22.5,236.0,62.0,491.15,0.35,40.1,7.4,52.4,14.0,14.0,1000.0,0.8,0.8,200.0,0.19,28.0,2.1,0.0,3289.507972,0,140.0
1.0,24.74873734,9.192388155,100.0,120.0,100.0,0.61,680.0,2.62,700.0,148.0,1693.15,0.22,159.0,2.33,0.0,4.0,0.0,0.5,0.0,22.5,236.0,62.0,491.15,0.35,40.1,7.4,52.4,14.0,14.0,1000.0,0.8,0.8,200.0,0.19,28.0,2.1,0.0,2834.504571,0,240.0
1.0,24.74873734,9.192388155,100.0,310.0,100.0,0.61,680.0,2.62,700.0,148.0,1693.15,0.22,159.0,2.33,0.0,4.0,0.0,0.5,0.0,22.5,236.0,62.0,491.15,0.35,40.1,7.4,52.4,14.0,14.0,1000.0,0.8,0.8,200.0,0.19,28.0,2.1,0.0,2180.885786,0,720.0
1.0,24.74873734,9.192388155,100.0,11.0,100.0,0.61,680.0,2.62,700.0,148.0,1693.15,0.22,159.0,2.33,0.0,4.0,0.0,0.5,0.0,22.5,236.0,62.0,491.15,0.35,40.1,7.4,52.4,14.0,14.0,1000.0,0.8,0.8,200.0,0.19,28.0,2.1,0.0,5484.21361,1,
1.0,24.74873734,9.192388155,100.0,31.0,100.0,0.61,680.0,2.62,700.0,148.0,1693.15,0.22,159.0,2.33,0.0,4.0,0.0,0.5,0.0,22.5,236.0,62.0,491.15,0.35,40.1,7.4,52.4,14.0,14.0,1000.0,0.8,0.8,200.0,0.19,28.0,2.1,0.0,4119.39011,1,
1.0,24.74873734,9.192388155,100.0,61.0,100.0,0.61,680.0,2.62,700.0,148.0,1693.15,0.22,159.0,2.33,0.0,4.0,0.0,0.5,0.0,22.5,236.0,62.0,491.15,0.35,40.1,7.4,52.4,14.0,14.0,1000.0,0.8,0.8,200.0,0.19,28.0,2.1,0.0,3416.952341,1,
1.0,24.74873734,9.192388155,125.0,44.8,100.0,0.61,680.0,2.62,700.0,148.0,1693.15,0.22,159.0,2.33,0.0,4.0,0.0,0.5,0.0,22.5,236.0,62.0,491.15,0.35,40.1,7.4,52.4,14.0,14.0,1000.0,0.8,0.8,200.0,0.19,28.0,2.1,0.0,2706.52604,0,40.0
1.0,24.74873734,9.192388155,75.0,44.8,75.0,0.61,680.0,2.62,700.0,148.0,1693.15,0.22,159.0,2.33,0.0,4.0,0.0,0.5,0.0,22.5,236.0,62.0,491.15,0.35,40.1,7.4,52.4,14.0,14.0,1000.0,0.8,0.8,200.0,0.19,28.0,2.1,0.0,9295.083328,0,40.0
1.0,24.74873734,9.192388155,60.0,16.0,60.0,0.61,680.0,2.62,700.0,148.0,1693.15,0.22,159.0,2.33,0.0,4.0,0.0,0.5,0.0,22.5,236.0,62.0,491.15,0.35,40.1,7.4,52.4,14.0,14.0,1000.0,0.8,0.8,200.0,0.19,28.0,2.1,0.0,23846.41848,0,40.0
1.0,24.74873734,9.192388155,140.0,16.0,100.0,0.61,680.0,2.62,700.0,148.0,1693.15,0.22,159.0,2.33,0.0,4.0,0.0,0.5,0.0,22.5,236.0,62.0,491.15,0.35,40.1,7.4,52.4,14.0,14.0,1000.0,0.8,0.8,200.0,0.19,28.0,2.1,0.0,3059.868952,0,40.0
1.0,24.74873734,9.192388155,150.0,25.0,125.0,0.61,680.0,2.62,700.0,148.0,1693.15,0.22,159.0,2.33,0.0,4.0,0.0,0.5,0.0,22.5,236.0,62.0,491.15,0.35,40.1,7.4,52.4,14.0,14.0,1000.0,0.8,0.8,200.0,0.19,28.0,2.1,0.0,1576.227529,0,40.0
1.0,24.74873734,9.192388155,100.0,15.0,60.0,0.61,680.0,2.62,700.0,148.0,1693.15,0.22,159.0,2.33,0.0,4.0,0.0,0.5,0.0,22.5,236.0,62.0,491.15,0.35,40.1,7.4,52.4,14.0,14.0,1000.0,0.8,0.8,200.0,0.19,28.0,2.1,0.0,11713.19217,0,30.0
1.0,24.74873734,9.192388155,165.0,30.0,125.0,0.61,680.0,2.62,700.0,148.0,1693.15,0.22,159.0,2.33,0.0,4.0,0.0,0.5,0.0,22.5,236.0,62.0,491.15,0.35,40.1,7.4,52.4,14.0,14.0,1000.0,0.8,0.8,200.0,0.19,28.0,2.1,0.0,1608.34461,0,60.0
1.0,24.74873734,9.192388155,165.0,21.0,125.0,0.61,680.0,2.62,700.0,148.0,1693.15,0.22,159.0,2.33,0.0,4.0,0.0,0.5,0.0,22.5,236.0,62.0,491.15,0.35,40.1,7.4,52.4,14.0,14.0,1000.0,0.8,0.8,200.0,0.19,28.0,2.1,0.0,1774.855617,0,42.0
1.0,24.74873734,9.192388155,165.0,120.0,125.0,0.61,680.0,2.62,700.0,148.0,1693.15,0.22,159.0,2.33,0.0,4.0,0.0,0.5,0.0,22.5,236.0,62.0,491.15,0.35,40.1,7.4,52.4,14.0,14.0,1000.0,0.8,0.8,200.0,0.19,28.0,2.1,0.0,1096.705795,0,240.0
1.0,24.74873734,9.192388155,180.0,15.0,125.0,0.61,680.0,2.62,700.0,148.0,1693.15,0.22,159.0,2.33,0.0,4.0,0.0,0.5,0.0,22.5,236.0,62.0,491.15,0.35,40.1,7.4,52.4,14.0,14.0,1000.0,0.8,0.8,200.0,0.19,28.0,2.1,0.0,1720.340572,0,30.0
1.0,24.74873734,9.192388155,100.0,15.0,100.0,0.61,680.0,2.62,700.0,148.0,1693.15,0.22,159.0,2.33,0.0,4.0,0.0,0.5,0.0,22.5,236.0,62.0,491.15,0.35,40.1,7.4,52.4,14.0,14.0,1000.0,0.8,0.8,200.0,0.19,28.0,2.1,0.0,6188.586714,0,30.0
1.0,24.74873734,9.192388155,100.0,38.65,100.0,0.61,680.0,2.62,700.0,148.0,1693.15,0.22,159.0,2.33,0.0,4.0,0.0,0.5,0.0,22.5,236.0,62.0,491.15,0.35,40.1,7.4,52.4,14.0,14.0,1000.0,0.8,0.8,200.0,0.19,28.0,2.1,0.0,4764.937351,0,30.0
1.0,24.74873734,9.192388155,100.0,20.0,100.0,0.61,680.0,2.62,700.0,148.0,1693.15,0.22,159.0,2.33,0.0,4.0,0.0,0.5,0.0,22.5,236.0,62.0,491.15,0.35,40.1,7.4,52.4,14.0,14.0,1000.0,0.8,0.8,200.0,0.19,28.0,2.1,0.0,5715.883935,0,40.0
1.0,24.74873734,9.192388155,100.0,47.3,100.0,0.61,680.0,2.62,700.0,148.0,1693.15,0.22,159.0,2.33,0.0,4.0,0.0,0.5,0.0,22.5,236.0,62.0,491.15,0.35,40.1,7.4,52.4,14.0,14.0,1000.0,0.8,0.8,200.0,0.19,28.0,2.1,0.0,4506.415576,0,40.0
1.0,24.74873734,9.192388155,100.0,79.6,100.0,0.61,680.0,2.62,700.0,148.0,1693.15,0.22,159.0,2.33,0.0,4.0,0.0,0.5,0.0,22.5,236.0,62.0,491.15,0.35,40.1,7.4,52.4,14.0,14.0,1000.0,0.8,0.8,200.0,0.19,28.0,2.1,0.0,3902.974349,0,50.0
1.0,24.74873734,9.192388155,100.0,30.0,100.0,0.61,680.0,2.62,700.0,148.0,1693.15,0.22,159.0,2.33,0.0,4.0,0.0,0.5,0.0,22.5,236.0,62.0,491.15,0.35,40.1,7.4,52.4,14.0,14.0,1000.0,0.8,0.8,200.0,0.19,28.0,2.1,0.0,5110.307057,0,60.0
1.0,24.74873734,9.192388155,100.0,40.0,100.0,0.61,680.0,2.62,700.0,148.0,1693.15,0.22,159.0,2.33,0.0,4.0,0.0,0.5,0.0,22.5,236.0,62.0,491.15,0.35,40.1,7.4,52.4,14.0,14.0,1000.0,0.8,0.8,200.0,0.19,28.0,2.1,0.0,4719.966506,0,80.0
1.0,24.74873734,9.192388155,100.0,47.3,100.0,0.61,680.0,2.62,700.0,148.0,1693.15,0.22,159.0,2.33,0.0,4.0,0.0,0.5,0.0,22.5,236.0,62.0,491.15,0.35,40.1,7.4,52.4,14.0,14.0,1000.0,0.8,0.8,200.0,0.19,28.0,2.1,0.0,4506.415576,0,80.0
1.0,24.74873734,9.192388155,100.0,70.0,100.0,0.61,680.0,2.62,700.0,148.0,1693.15,0.22,159.0,2.33,0.0,4.0,0.0,0.5,0.0,22.5,236.0,62.0,491.15,0.35,40.1,7.4,52.4,14.0,14.0,1000.0,0.8,0.8,200.0,0.19,28.0,2.1,0.0,4044.006153,0,90.0
1.0,24.74873734,9.192388155,100.0,70.0,100.0,0.61,680.0,2.62,700.0,148.0,1693.15,0.22,159.0,2.33,0.0,4.0,0.0,0.5,0.0,22.5,236.0,62.0,491.15,0.35,40.1,7.4,52.4,14.0,14.0,1000.0,0.8,0.8,200.0,0.19,28.0,2.1,0.0,4044.006153,0,100.0
1.0,24.74873734,9.192388155,100.0,60.0,100.0,0.61,680.0,2.62,700.0,148.0,1693.15,0.22,159.0,2.33,0.0,4.0,0.0,0.5,0.0,22.5,236.0,62.0,491.15,0.35,40.1,7.4,52.4,14.0,14.0,1000.0,0.8,0.8,200.0,0.19,28.0,2.1,0.0,4219.903416,0,120.0
1.0,24.74873734,9.192388155,100.0,70.0,100.0,0.61,680.0,2.62,700.0,148.0,1693.15,0.22,159.0,2.33,0.0,4.0,0.0,0.5,0.0,22.5,236.0,62.0,491.15,0.35,40.1,7.4,52.4,14.0,14.0,1000.0,0.8,0.8,200.0,0.19,28.0,2.1,0.0,4044.006153,0,140.0
1.0,24.74873734,9.192388155,100.0,120.0,100.0,0.61,680.0,2.62,700.0,148.0,1693.15,0.22,159.0,2.33,0.0,4.0,0.0,0.5,0.0,22.5,236.0,62.0,491.15,0.35,40.1,7.4,52.4,14.0,14.0,1000.0,0.8,0.8,200.0,0.19,28.0,2.1,0.0,3484.640872,0,240.0
1.0,24.74873734,9.192388155,100.0,310.0,100.0,0.61,680.0,2.62,700.0,148.0,1693.15,0.22,159.0,2.33,0.0,4.0,0.0,0.5,0.0,22.5,236.0,62.0,491.15,0.35,40.1,7.4,52.4,14.0,14.0,1000.0,0.8,0.8,200.0,0.19,28.0,2.1,0.0,2681.104778,0,720.0
1.0,24.74873734,9.192388155,100.0,11.0,100.0,0.61,680.0,2.62,700.0,148.0,1693.15,0.22,159.0,2.33,0.0,4.0,0.0,0.5,0.0,22.5,236.0,62.0,491.15,0.35,40.1,7.4,52.4,14.0,14.0,1000.0,0.8,0.8,200.0,0.19,28.0,2.1,0.0,6742.100574,1,
1.0,24.74873734,9.192388155,100.0,31.0,100.0,0.61,680.0,2.62,700.0,148.0,1693.15,0.22,159.0,2.33,0.0,4.0,0.0,0.5,0.0,22.5,236.0,62.0,491.15,0.35,40.1,7.4,52.4,14.0,14.0,1000.0,0.8,0.8,200.0,0.19,28.0,2.1,0.0,5064.234255,1,
1.0,24.74873734,9.192388155,100.0,61.0,100.0,0.61,680.0,2.62,700.0,148.0,1693.15,0.22,159.0,2.33,0.0,4.0,0.0,0.5,0.0,22.5,236.0,62.0,491.15,0.35,40.1,7.4,52.4,14.0,14.0,1000.0,0.8,0.8,200.0,0.19,28.0,2.1,0.0,4200.681808,1,
1.0,24.74873734,9.192388155,125.0,44.8,100.0,0.61,680.0,2.62,700.0,148.0,1693.15,0.22,159.0,2.33,0.0,4.0,0.0,0.5,0.0,22.5,236.0,62.0,491.15,0.35,40.1,7.4,52.4,14.0,14.0,1000.0,0.8,0.8,200.0,0.19,28.0,2.1,0.0,3327.308537,0,40.0
1.0,24.74873734,9.192388155,75.0,44.8,75.0,0.61,680.0,2.62,700.0,148.0,1693.15,0.22,159.0,2.33,0.0,4.0,0.0,0.5,0.0,22.5,236.0,62.0,491.15,0.35,40.1,7.4,52.4,14.0,14.0,1000.0,0.8,0.8,200.0,0.19,28.0,2.1,0.0,11427.05064,0,40.0
1.0,24.74873734,9.192388155,60.0,16.0,60.0,0.61,680.0,2.62,700.0,148.0,1693.15,0.22,159.0,2.33,0.0,4.0,0.0,0.5,0.0,22.5,236.0,62.0,491.15,0.35,40.1,7.4,52.4,14.0,14.0,1000.0,0.8,0.8,200.0,0.19,28.0,2.1,0.0,29315.9536,0,40.0
1.0,24.74873734,9.192388155,140.0,16.0,100.0,0.61,680.0,2.62,700.0,148.0,1693.15,0.22,159.0,2.33,0.0,4.0,0.0,0.5,0.0,22.5,236.0,62.0,491.15,0.35,40.1,7.4,52.4,14.0,14.0,1000.0,0.8,0.8,200.0,0.19,28.0,2.1,0.0,3761.695967,0,40.0
1.0,24.74873734,9.192388155,150.0,25.0,125.0,0.61,680.0,2.62,700.0,148.0,1693.15,0.22,159.0,2.33,0.0,4.0,0.0,0.5,0.0,22.5,236.0,62.0,491.15,0.35,40.1,7.4,52.4,14.0,14.0,1000.0,0.8,0.8,200.0,0.19,28.0,2.1,0.0,1937.759045,0,40.0
1.0,24.74873734,9.192388155,100.0,15.0,60.0,0.61,680.0,2.62,700.0,148.0,1693.15,0.22,159.0,2.33,0.0,4.0,0.0,0.5,0.0,22.5,236.0,62.0,491.15,0.35,40.1,7.4,52.4,14.0,14.0,1000.0,0.8,0.8,200.0,0.19,28.0,2.1,0.0,14399.78915,0,30.0
1.0,24.74873734,9.192388155,165.0,30.0,125.0,0.61,680.0,2.62,700.0,148.0,1693.15,0.22,159.0,2.33,0.0,4.0,0.0,0.5,0.0,22.5,236.0,62.0,491.15,0.35,40.1,7.4,52.4,14.0,14.0,1000.0,0.8,0.8,200.0,0.19,28.0,2.1,0.0,1586.924616,0,60.0
1.0,24.74873734,9.192388155,165.0,21.0,125.0,0.61,680.0,2.62,700.0,148.0,1693.15,0.22,159.0,2.33,0.0,4.0,0.0,0.5,0.0,22.5,236.0,62.0,491.15,0.35,40.1,7.4,52.4,14.0,14.0,1000.0,0.8,0.8,200.0,0.19,28.0,2.1,0.0,1751.218023,0,42.0
1.0,24.74873734,9.192388155,165.0,120.0,125.0,0.61,680.0,2.62,700.0,148.0,1693.15,0.22,159.0,2.33,0.0,4.0,0.0,0.5,0.0,22.5,236.0,62.0,491.15,0.35,40.1,7.4,52.4,14.0,14.0,1000.0,0.8,0.8,200.0,0.19,28.0,2.1,0.0,1082.099826,0,240.0
1.0,24.74873734,9.192388155,180.0,15.0,125.0,0.61,680.0,2.62,700.0,148.0,1693.15,0.22,159.0,2.33,0.0,4.0,0.0,0.5,0.0,22.5,236.0,62.0,491.15,0.35,40.1,7.4,52.4,14.0,14.0,1000.0,0.8,0.8,200.0,0.19,28.0,2.1,0.0,1697.429011,0,30.0
1.0,24.74873734,9.192388155,100.0,15.0,100.0,0.61,680.0,2.62,700.0,148.0,1693.15,0.22,159.0,2.33,0.0,4.0,0.0,0.5,0.0,22.5,236.0,62.0,491.15,0.35,40.1,7.4,52.4,14.0,14.0,1000.0,0.8,0.8,200.0,0.19,28.0,2.1,0.0,6106.166882,0,30.0
1.0,24.74873734,9.192388155,100.0,38.65,100.0,0.61,680.0,2.62,700.0,148.0,1693.15,0.22,159.0,2.33,0.0,4.0,0.0,0.5,0.0,22.5,236.0,62.0,491.15,0.35,40.1,7.4,52.4,14.0,14.0,1000.0,0.8,0.8,200.0,0.19,28.0,2.1,0.0,4701.477735,0,30.0
1.0,24.74873734,9.192388155,100.0,20.0,100.0,0.61,680.0,2.62,700.0,148.0,1693.15,0.22,159.0,2.33,0.0,4.0,0.0,0.5,0.0,22.5,236.0,62.0,491.15,0.35,40.1,7.4,52.4,14.0,14.0,1000.0,0.8,0.8,200.0,0.19,28.0,2.1,0.0,5639.759577,0,40.0
1.0,24.74873734,9.192388155,100.0,47.3,100.0,0.61,680.0,2.62,700.0,148.0,1693.15,0.22,159.0,2.33,0.0,4.0,0.0,0.5,0.0,22.5,236.0,62.0,491.15,0.35,40.1,7.4,52.4,14.0,14.0,1000.0,0.8,0.8,200.0,0.19,28.0,2.1,0.0,4446.398963,0,40.0
1.0,24.74873734,9.192388155,100.0,79.6,100.0,0.61,680.0,2.62,700.0,148.0,1693.15,0.22,159.0,2.33,0.0,4.0,0.0,0.5,0.0,22.5,236.0,62.0,491.15,0.35,40.1,7.4,52.4,14.0,14.0,1000.0,0.8,0.8,200.0,0.19,28.0,2.1,0.0,3850.994389,0,50.0
1.0,24.74873734,9.192388155,100.0,30.0,100.0,0.61,680.0,2.62,700.0,148.0,1693.15,0.22,159.0,2.33,0.0,4.0,0.0,0.5,0.0,22.5,236.0,62.0,491.15,0.35,40.1,7.4,52.4,14.0,14.0,1000.0,0.8,0.8,200.0,0.19,28.0,2.1,0.0,5042.247794,0,60.0
1.0,24.74873734,9.192388155,100.0,40.0,100.0,0.61,680.0,2.62,700.0,148.0,1693.15,0.22,159.0,2.33,0.0,4.0,0.0,0.5,0.0,22.5,236.0,62.0,491.15,0.35,40.1,7.4,52.4,14.0,14.0,1000.0,0.8,0.8,200.0,0.19,28.0,2.1,0.0,4657.105813,0,80.0
1.0,24.74873734,9.192388155,100.0,47.3,100.0,0.61,680.0,2.62,700.0,148.0,1693.15,0.22,159.0,2.33,0.0,4.0,0.0,0.5,0.0,22.5,236.0,62.0,491.15,0.35,40.1,7.4,52.4,14.0,14.0,1000.0,0.8,0.8,200.0,0.19,28.0,2.1,0.0,4446.398963,0,80.0
1.0,24.74873734,9.192388155,100.0,70.0,100.0,0.61,680.0,2.62,700.0,148.0,1693.15,0.22,159.0,2.33,0.0,4.0,0.0,0.5,0.0,22.5,236.0,62.0,491.15,0.35,40.1,7.4,52.4,14.0,14.0,1000.0,0.8,0.8,200.0,0.19,28.0,2.1,0.0,3990.147926,0,90.0
1.0,24.74873734,9.192388155,100.0,70.0,100.0,0.61,680.0,2.62,700.0,148.0,1693.15,0.22,159.0,2.33,0.0,4.0,0.0,0.5,0.0,22.5,236.0,62.0,491.15,0.35,40.1,7.4,52.4,14.0,14.0,1000.0,0.8,0.8,200.0,0.19,28.0,2.1,0.0,3990.147926,0,100.0
1.0,24.74873734,9.192388155,100.0,60.0,100.0,0.61,680.0,2.62,700.0,148.0,1693.15,0.22,159.0,2.33,0.0,4.0,0.0,0.5,0.0,22.5,236.0,62.0,491.15,0.35,40.1,7.4,52.4,14.0,14.0,1000.0,0.8,0.8,200.0,0.19,28.0,2.1,0.0,4163.702582,0,120.0
1.0,24.74873734,9.192388155,100.0,70.0,100.0,0.61,680.0,2.62,700.0,148.0,1693.15,0.22,159.0,2.33,0.0,4.0,0.0,0.5,0.0,22.5,236.0,62.0,491.15,0.35,40.1,7.4,52.4,14.0,14.0,1000.0,0.8,0.8,200.0,0.19,28.0,2.1,0.0,3990.147926,0,140.0
1.0,24.74873734,9.192388155,100.0,120.0,100.0,0.61,680.0,2.62,700.0,148.0,1693.15,0.22,159.0,2.33,0.0,4.0,0.0,0.5,0.0,22.5,236.0,62.0,491.15,0.35,40.1,7.4,52.4,14.0,14.0,1000.0,0.8,0.8,200.0,0.19,28.0,2.1,0.0,3438.232293,0,240.0
1.0,24.74873734,9.192388155,100.0,310.0,100.0,0.61,680.0,2.62,700.0,148.0,1693.15,0.22,159.0,2.33,0.0,4.0,0.0,0.5,0.0,22.5,236.0,62.0,491.15,0.35,40.1,7.4,52.4,14.0,14.0,1000.0,0.8,0.8,200.0,0.19,28.0,2.1,0.0,2645.397723,0,720.0
1.0,24.74873734,9.192388155,100.0,11.0,100.0,0.61,680.0,2.62,700.0,148.0,1693.15,0.22,159.0,2.33,0.0,4.0,0.0,0.5,0.0,22.5,236.0,62.0,491.15,0.35,40.1,7.4,52.4,14.0,14.0,1000.0,0.8,0.8,200.0,0.19,28.0,2.1,0.0,6652.309024,1,
1.0,24.74873734,9.192388155,100.0,31.0,100.0,0.61,680.0,2.62,700.0,148.0,1693.15,0.22,159.0,2.33,0.0,4.0,0.0,0.5,0.0,22.5,236.0,62.0,491.15,0.35,40.1,7.4,52.4,14.0,14.0,1000.0,0.8,0.8,200.0,0.19,28.0,2.1,0.0,4996.788592,1,
1.0,24.74873734,9.192388155,100.0,61.0,100.0,0.61,680.0,2.62,700.0,148.0,1693.15,0.22,159.0,2.33,0.0,4.0,0.0,0.5,0.0,22.5,236.0,62.0,491.15,0.35,40.1,7.4,52.4,14.0,14.0,1000.0,0.8,0.8,200.0,0.19,28.0,2.1,0.0,4144.736969,1,
1.0,24.74873734,9.192388155,125.0,44.8,100.0,0.61,680.0,2.62,700.0,148.0,1693.15,0.22,159.0,2.33,0.0,4.0,0.0,0.5,0.0,22.5,236.0,62.0,491.15,0.35,40.1,7.4,52.4,14.0,14.0,1000.0,0.8,0.8,200.0,0.19,28.0,2.1,0.0,3282.995316,0,40.0
1.0,24.74873734,9.192388155,75.0,44.8,75.0,0.61,680.0,2.62,700.0,148.0,1693.15,0.22,159.0,2.33,0.0,4.0,0.0,0.5,0.0,22.5,236.0,62.0,491.15,0.35,40.1,7.4,52.4,14.0,14.0,1000.0,0.8,0.8,200.0,0.19,28.0,2.1,0.0,11274.86475,0,40.0
1.0,24.74873734,9.192388155,60.0,16.0,60.0,0.61,680.0,2.62,700.0,148.0,1693.15,0.22,159.0,2.33,0.0,4.0,0.0,0.5,0.0,22.5,236.0,62.0,491.15,0.35,40.1,7.4,52.4,14.0,14.0,1000.0,0.8,0.8,200.0,0.19,28.0,2.1,0.0,28925.52262,0,40.0
1.0,24.74873734,9.192388155,140.0,16.0,100.0,0.61,680.0,2.62,700.0,148.0,1693.15,0.22,159.0,2.33,0.0,4.0,0.0,0.5,0.0,22.5,236.0,62.0,491.15,0.35,40.1,7.4,52.4,14.0,14.0,1000.0,0.8,0.8,200.0,0.19,28.0,2.1,0.0,3711.597558,0,40.0
1.0,24.74873734,9.192388155,150.0,25.0,125.0,0.61,680.0,2.62,700.0,148.0,1693.15,0.22,159.0,2.33,0.0,4.0,0.0,0.5,0.0,22.5,236.0,62.0,491.15,0.35,40.1,7.4,52.4,14.0,14.0,1000.0,0.8,0.8,200.0,0.19,28.0,2.1,0.0,1911.951897,0,40.0
1.0,24.74873734,9.192388155,100.0,15.0,60.0,0.61,680.0,2.62,700.0,148.0,1693.15,0.22,159.0,2.33,0.0,4.0,0.0,0.5,0.0,22.5,236.0,62.0,491.15,0.35,40.1,7.4,52.4,14.0,14.0,1000.0,0.8,0.8,200.0,0.19,28.0,2.1,0.0,14208.01221,0,30.0
1.0,19.09188309,12.02081528,165.0,30.0,125.0,1.8,676.0,7.7,779.0,36.0,2345.15,0.23,360.0,3.89,1.0,4.0,0.0,0.5,0.0,22.5,236.0,62.0,491.15,0.35,40.1,7.4,52.4,14.0,45.0,872.5,0.8,0.4,393.15,0.16,28.5,1.585,0.0,1559.328788,0,60.0
1.0,19.09188309,12.02081528,165.0,21.0,125.0,1.8,676.0,7.7,779.0,36.0,2345.15,0.23,360.0,3.89,1.0,4.0,0.0,0.5,0.0,22.5,236.0,62.0,491.15,0.35,40.1,7.4,52.4,14.0,45.0,872.5,0.8,0.4,393.15,0.16,28.5,1.585,0.0,1720.765215,0,42.0
1.0,19.09188309,12.02081528,165.0,120.0,125.0,1.8,676.0,7.7,779.0,36.0,2345.15,0.23,360.0,3.89,1.0,4.0,0.0,0.5,0.0,22.5,236.0,62.0,491.15,0.35,40.1,7.4,52.4,14.0,45.0,872.5,0.8,0.4,393.15,0.16,28.5,1.585,0.0,1063.28265,0,240.0
1.0,19.09188309,12.02081528,180.0,15.0,125.0,1.8,676.0,7.7,779.0,36.0,2345.15,0.23,360.0,3.89,1.0,4.0,0.0,0.5,0.0,22.5,236.0,62.0,491.15,0.35,40.1,7.4,52.4,14.0,45.0,872.5,0.8,0.4,393.15,0.16,28.5,1.585,0.0,1667.911568,0,30.0
1.0,19.09188309,12.02081528,100.0,15.0,100.0,1.8,676.0,7.7,779.0,36.0,2345.15,0.23,360.0,3.89,1.0,4.0,0.0,0.5,0.0,22.5,236.0,62.0,491.15,0.35,40.1,7.4,52.4,14.0,45.0,872.5,0.8,0.4,393.15,0.16,28.5,1.585,0.0,5999.983687,0,30.0
1.0,19.09188309,12.02081528,100.0,38.65,100.0,1.8,676.0,7.7,779.0,36.0,2345.15,0.23,360.0,3.89,1.0,4.0,0.0,0.5,0.0,22.5,236.0,62.0,491.15,0.35,40.1,7.4,52.4,14.0,45.0,872.5,0.8,0.4,393.15,0.16,28.5,1.585,0.0,4619.721384,0,30.0
1.0,19.09188309,12.02081528,100.0,20.0,100.0,1.8,676.0,7.7,779.0,36.0,2345.15,0.23,360.0,3.89,1.0,4.0,0.0,0.5,0.0,22.5,236.0,62.0,491.15,0.35,40.1,7.4,52.4,14.0,45.0,872.5,0.8,0.4,393.15,0.16,28.5,1.585,0.0,5541.686972,0,40.0
1.0,19.09188309,12.02081528,100.0,47.3,100.0,1.8,676.0,7.7,779.0,36.0,2345.15,0.23,360.0,3.89,1.0,4.0,0.0,0.5,0.0,22.5,236.0,62.0,491.15,0.35,40.1,7.4,52.4,14.0,45.0,872.5,0.8,0.4,393.15,0.16,28.5,1.585,0.0,4369.078304,0,40.0
1.0,19.09188309,12.02081528,100.0,79.6,100.0,1.8,676.0,7.7,779.0,36.0,2345.15,0.23,360.0,3.89,1.0,4.0,0.0,0.5,0.0,22.5,236.0,62.0,491.15,0.35,40.1,7.4,52.4,14.0,45.0,872.5,0.8,0.4,393.15,0.16,28.5,1.585,0.0,3784.027519,0,50.0
1.0,19.09188309,12.02081528,100.0,30.0,100.0,1.8,676.0,7.7,779.0,36.0,2345.15,0.23,360.0,3.89,1.0,4.0,0.0,0.5,0.0,22.5,236.0,62.0,491.15,0.35,40.1,7.4,52.4,14.0,45.0,872.5,0.8,0.4,393.15,0.16,28.5,1.585,0.0,4954.565621,0,60.0
1.0,19.09188309,12.02081528,100.0,40.0,100.0,1.8,676.0,7.7,779.0,36.0,2345.15,0.23,360.0,3.89,1.0,4.0,0.0,0.5,0.0,22.5,236.0,62.0,491.15,0.35,40.1,7.4,52.4,14.0,45.0,872.5,0.8,0.4,393.15,0.16,28.5,1.585,0.0,4576.121067,0,80.0
1.0,19.09188309,12.02081528,100.0,47.3,100.0,1.8,676.0,7.7,779.0,36.0,2345.15,0.23,360.0,3.89,1.0,4.0,0.0,0.5,0.0,22.5,236.0,62.0,491.15,0.35,40.1,7.4,52.4,14.0,45.0,872.5,0.8,0.4,393.15,0.16,28.5,1.585,0.0,4369.078304,0,80.0
1.0,19.09188309,12.02081528,100.0,70.0,100.0,1.8,676.0,7.7,779.0,36.0,2345.15,0.23,360.0,3.89,1.0,4.0,0.0,0.5,0.0,22.5,236.0,62.0,491.15,0.35,40.1,7.4,52.4,14.0,45.0,872.5,0.8,0.4,393.15,0.16,28.5,1.585,0.0,3920.761245,0,90.0
1.0,19.09188309,12.02081528,100.0,70.0,100.0,1.8,676.0,7.7,779.0,36.0,2345.15,0.23,360.0,3.89,1.0,4.0,0.0,0.5,0.0,22.5,236.0,62.0,491.15,0.35,40.1,7.4,52.4,14.0,45.0,872.5,0.8,0.4,393.15,0.16,28.5,1.585,0.0,3920.761245,0,100.0
1.0,19.09188309,12.02081528,100.0,60.0,100.0,1.8,676.0,7.7,779.0,36.0,2345.15,0.23,360.0,3.89,1.0,4.0,0.0,0.5,0.0,22.5,236.0,62.0,491.15,0.35,40.1,7.4,52.4,14.0,45.0,872.5,0.8,0.4,393.15,0.16,28.5,1.585,0.0,4091.297872,0,120.0
1.0,19.09188309,12.02081528,100.0,70.0,100.0,1.8,676.0,7.7,779.0,36.0,2345.15,0.23,360.0,3.89,1.0,4.0,0.0,0.5,0.0,22.5,236.0,62.0,491.15,0.35,40.1,7.4,52.4,14.0,45.0,872.5,0.8,0.4,393.15,0.16,28.5,1.585,0.0,3920.761245,0,140.0
1.0,19.09188309,12.02081528,100.0,120.0,100.0,1.8,676.0,7.7,779.0,36.0,2345.15,0.23,360.0,3.89,1.0,4.0,0.0,0.5,0.0,22.5,236.0,62.0,491.15,0.35,40.1,7.4,52.4,14.0,45.0,872.5,0.8,0.4,393.15,0.16,28.5,1.585,0.0,3378.443149,0,240.0
1.0,19.09188309,12.02081528,100.0,310.0,100.0,1.8,676.0,7.7,779.0,36.0,2345.15,0.23,360.0,3.89,1.0,4.0,0.0,0.5,0.0,22.5,236.0,62.0,491.15,0.35,40.1,7.4,52.4,14.0,45.0,872.5,0.8,0.4,393.15,0.16,28.5,1.585,0.0,2599.395576,0,720.0
1.0,19.09188309,12.02081528,100.0,11.0,100.0,1.8,676.0,7.7,779.0,36.0,2345.15,0.23,360.0,3.89,1.0,4.0,0.0,0.5,0.0,22.5,236.0,62.0,491.15,0.35,40.1,7.4,52.4,14.0,45.0,872.5,0.8,0.4,393.15,0.16,28.5,1.585,0.0,6536.628689,1,
1.0,19.09188309,12.02081528,100.0,31.0,100.0,1.8,676.0,7.7,779.0,36.0,2345.15,0.23,360.0,3.89,1.0,4.0,0.0,0.5,0.0,22.5,236.0,62.0,491.15,0.35,40.1,7.4,52.4,14.0,45.0,872.5,0.8,0.4,393.15,0.16,28.5,1.585,0.0,4909.896932,1,
1.0,19.09188309,12.02081528,100.0,61.0,100.0,1.8,676.0,7.7,779.0,36.0,2345.15,0.23,360.0,3.89,1.0,4.0,0.0,0.5,0.0,22.5,236.0,62.0,491.15,0.35,40.1,7.4,52.4,14.0,45.0,872.5,0.8,0.4,393.15,0.16,28.5,1.585,0.0,4072.662061,1,
1.0,19.09188309,12.02081528,125.0,44.8,100.0,1.8,676.0,7.7,779.0,36.0,2345.15,0.23,360.0,3.89,1.0,4.0,0.0,0.5,0.0,22.5,236.0,62.0,491.15,0.35,40.1,7.4,52.4,14.0,45.0,872.5,0.8,0.4,393.15,0.16,28.5,1.585,0.0,3225.905666,0,40.0
1.0,19.09188309,12.02081528,75.0,44.8,75.0,1.8,676.0,7.7,779.0,36.0,2345.15,0.23,360.0,3.89,1.0,4.0,0.0,0.5,0.0,22.5,236.0,62.0,491.15,0.35,40.1,7.4,52.4,14.0,45.0,872.5,0.8,0.4,393.15,0.16,28.5,1.585,0.0,11078.80048,0,40.0
1.0,19.09188309,12.02081528,60.0,16.0,60.0,1.8,676.0,7.7,779.0,36.0,2345.15,0.23,360.0,3.89,1.0,4.0,0.0,0.5,0.0,22.5,236.0,62.0,491.15,0.35,40.1,7.4,52.4,14.0,45.0,872.5,0.8,0.4,393.15,0.16,28.5,1.585,0.0,28422.52222,0,40.0
1.0,19.09188309,12.02081528,140.0,16.0,100.0,1.8,676.0,7.7,779.0,36.0,2345.15,0.23,360.0,3.89,1.0,4.0,0.0,0.5,0.0,22.5,236.0,62.0,491.15,0.35,40.1,7.4,52.4,14.0,45.0,872.5,0.8,0.4,393.15,0.16,28.5,1.585,0.0,3647.054728,0,40.0
1.0,19.09188309,12.02081528,150.0,25.0,125.0,1.8,676.0,7.7,779.0,36.0,2345.15,0.23,360.0,3.89,1.0,4.0,0.0,0.5,0.0,22.5,236.0,62.0,491.15,0.35,40.1,7.4,52.4,14.0,45.0,872.5,0.8,0.4,393.15,0.16,28.5,1.585,0.0,1878.704007,0,40.0
1.0,19.09188309,12.02081528,100.0,15.0,60.0,1.8,676.0,7.7,779.0,36.0,2345.15,0.23,360.0,3.89,1.0,4.0,0.0,0.5,0.0,22.5,236.0,62.0,491.15,0.35,40.1,7.4,52.4,14.0,45.0,872.5,0.8,0.4,393.15,0.16,28.5,1.585,0.0,13960.94197,0,30.0
1.0,19.09188309,12.02081528,165.0,30.0,125.0,1.8,676.0,7.7,779.0,36.0,2345.15,0.23,360.0,3.89,1.0,4.0,0.0,0.5,0.0,22.5,236.0,62.0,491.15,0.35,40.1,7.4,52.4,14.0,45.0,872.5,0.8,0.4,393.15,0.16,28.5,1.585,0.0,1627.233061,0,60.0
1.0,19.09188309,12.02081528,165.0,21.0,125.0,1.8,676.0,7.7,779.0,36.0,2345.15,0.23,360.0,3.89,1.0,4.0,0.0,0.5,0.0,22.5,236.0,62.0,491.15,0.35,40.1,7.4,52.4,14.0,45.0,872.5,0.8,0.4,393.15,0.16,28.5,1.585,0.0,1795.699579,0,42.0
1.0,19.09188309,12.02081528,165.0,120.0,125.0,1.8,676.0,7.7,779.0,36.0,2345.15,0.23,360.0,3.89,1.0,4.0,0.0,0.5,0.0,22.5,236.0,62.0,491.15,0.35,40.1,7.4,52.4,14.0,45.0,872.5,0.8,0.4,393.15,0.16,28.5,1.585,0.0,1109.585544,0,240.0
1.0,19.09188309,12.02081528,180.0,15.0,125.0,1.8,676.0,7.7,779.0,36.0,2345.15,0.23,360.0,3.89,1.0,4.0,0.0,0.5,0.0,22.5,236.0,62.0,491.15,0.35,40.1,7.4,52.4,14.0,45.0,872.5,0.8,0.4,393.15,0.16,28.5,1.585,0.0,1740.544308,0,30.0
1.0,19.09188309,12.02081528,100.0,15.0,100.0,1.8,676.0,7.7,779.0,36.0,2345.15,0.23,360.0,3.89,1.0,4.0,0.0,0.5,0.0,22.5,236.0,62.0,491.15,0.35,40.1,7.4,52.4,14.0,45.0,872.5,0.8,0.4,393.15,0.16,28.5,1.585,0.0,6261.265677,0,30.0
1.0,19.09188309,12.02081528,100.0,38.65,100.0,1.8,676.0,7.7,779.0,36.0,2345.15,0.23,360.0,3.89,1.0,4.0,0.0,0.5,0.0,22.5,236.0,62.0,491.15,0.35,40.1,7.4,52.4,14.0,45.0,872.5,0.8,0.4,393.15,0.16,28.5,1.585,0.0,4820.89693,0,30.0
1.0,19.09188309,12.02081528,100.0,20.0,100.0,1.8,676.0,7.7,779.0,36.0,2345.15,0.23,360.0,3.89,1.0,4.0,0.0,0.5,0.0,22.5,236.0,62.0,491.15,0.35,40.1,7.4,52.4,14.0,45.0,872.5,0.8,0.4,393.15,0.16,28.5,1.585,0.0,5783.011462,0,40.0
1.0,19.09188309,12.02081528,100.0,47.3,100.0,1.8,676.0,7.7,779.0,36.0,2345.15,0.23,360.0,3.89,1.0,4.0,0.0,0.5,0.0,22.5,236.0,62.0,491.15,0.35,40.1,7.4,52.4,14.0,45.0,872.5,0.8,0.4,393.15,0.16,28.5,1.585,0.0,4559.339067,0,40.0
1.0,19.09188309,12.02081528,100.0,79.6,100.0,1.8,676.0,7.7,779.0,36.0,2345.15,0.23,360.0,3.89,1.0,4.0,0.0,0.5,0.0,22.5,236.0,62.0,491.15,0.35,40.1,7.4,52.4,14.0,45.0,872.5,0.8,0.4,393.15,0.16,28.5,1.585,0.0,3948.811007,0,50.0
1.0,19.09188309,12.02081528,100.0,30.0,100.0,1.8,676.0,7.7,779.0,36.0,2345.15,0.23,360.0,3.89,1.0,4.0,0.0,0.5,0.0,22.5,236.0,62.0,491.15,0.35,40.1,7.4,52.4,14.0,45.0,872.5,0.8,0.4,393.15,0.16,28.5,1.585,0.0,5170.322669,0,60.0
1.0,19.09188309,12.02081528,100.0,40.0,100.0,1.8,676.0,7.7,779.0,36.0,2345.15,0.23,360.0,3.89,1.0,4.0,0.0,0.5,0.0,22.5,236.0,62.0,491.15,0.35,40.1,7.4,52.4,14.0,45.0,872.5,0.8,0.4,393.15,0.16,28.5,1.585,0.0,4775.397946,0,80.0
1.0,19.09188309,12.02081528,100.0,47.3,100.0,1.8,676.0,7.7,779.0,36.0,2345.15,0.23,360.0,3.89,1.0,4.0,0.0,0.5,0.0,22.5,236.0,62.0,491.15,0.35,40.1,7.4,52.4,14.0,45.0,872.5,0.8,0.4,393.15,0.16,28.5,1.585,0.0,4559.339067,0,80.0
1.0,19.09188309,12.02081528,100.0,70.0,100.0,1.8,676.0,7.7,779.0,36.0,2345.15,0.23,360.0,3.89,1.0,4.0,0.0,0.5,0.0,22.5,236.0,62.0,491.15,0.35,40.1,7.4,52.4,14.0,45.0,872.5,0.8,0.4,393.15,0.16,28.5,1.585,0.0,4091.499093,0,90.0
1.0,19.09188309,12.02081528,100.0,70.0,100.0,1.8,676.0,7.7,779.0,36.0,2345.15,0.23,360.0,3.89,1.0,4.0,0.0,0.5,0.0,22.5,236.0,62.0,491.15,0.35,40.1,7.4,52.4,14.0,45.0,872.5,0.8,0.4,393.15,0.16,28.5,1.585,0.0,4091.499093,0,100.0
1.0,19.09188309,12.02081528,100.0,60.0,100.0,1.8,676.0,7.7,779.0,36.0,2345.15,0.23,360.0,3.89,1.0,4.0,0.0,0.5,0.0,22.5,236.0,62.0,491.15,0.35,40.1,7.4,52.4,14.0,45.0,872.5,0.8,0.4,393.15,0.16,28.5,1.585,0.0,4269.462098,0,120.0
1.0,19.09188309,12.02081528,100.0,70.0,100.0,1.8,676.0,7.7,779.0,36.0,2345.15,0.23,360.0,3.89,1.0,4.0,0.0,0.5,0.0,22.5,236.0,62.0,491.15,0.35,40.1,7.4,52.4,14.0,45.0,872.5,0.8,0.4,393.15,0.16,28.5,1.585,0.0,4091.499093,0,140.0
1.0,19.09188309,12.02081528,100.0,120.0,100.0,1.8,676.0,7.7,779.0,36.0,2345.15,0.23,360.0,3.89,1.0,4.0,0.0,0.5,0.0,22.5,236.0,62.0,491.15,0.35,40.1,7.4,52.4,14.0,45.0,872.5,0.8,0.4,393.15,0.16,28.5,1.585,0.0,3525.564607,0,240.0
1.0,19.09188309,12.02081528,100.0,310.0,100.0,1.8,676.0,7.7,779.0,36.0,2345.15,0.23,360.0,3.89,1.0,4.0,0.0,0.5,0.0,22.5,236.0,62.0,491.15,0.35,40.1,7.4,52.4,14.0,45.0,872.5,0.8,0.4,393.15,0.16,28.5,1.585,0.0,2712.591759,0,720.0
1.0,19.09188309,12.02081528,100.0,11.0,100.0,1.8,676.0,7.7,779.0,36.0,2345.15,0.23,360.0,3.89,1.0,4.0,0.0,0.5,0.0,22.5,236.0,62.0,491.15,0.35,40.1,7.4,52.4,14.0,45.0,872.5,0.8,0.4,393.15,0.16,28.5,1.585,0.0,6821.280022,1,
1.0,19.09188309,12.02081528,100.0,31.0,100.0,1.8,676.0,7.7,779.0,36.0,2345.15,0.23,360.0,3.89,1.0,4.0,0.0,0.5,0.0,22.5,236.0,62.0,491.15,0.35,40.1,7.4,52.4,14.0,45.0,872.5,0.8,0.4,393.15,0.16,28.5,1.585,0.0,5123.708787,1,
1.0,19.09188309,12.02081528,100.0,61.0,100.0,1.8,676.0,7.7,779.0,36.0,2345.15,0.23,360.0,3.89,1.0,4.0,0.0,0.5,0.0,22.5,236.0,62.0,491.15,0.35,40.1,7.4,52.4,14.0,45.0,872.5,0.8,0.4,393.15,0.16,28.5,1.585,0.0,4250.014751,1,
1.0,19.09188309,12.02081528,125.0,44.8,100.0,1.8,676.0,7.7,779.0,36.0,2345.15,0.23,360.0,3.89,1.0,4.0,0.0,0.5,0.0,22.5,236.0,62.0,491.15,0.35,40.1,7.4,52.4,14.0,45.0,872.5,0.8,0.4,393.15,0.16,28.5,1.585,0.0,3366.384557,0,40.0
1.0,19.09188309,12.02081528,75.0,44.8,75.0,1.8,676.0,7.7,779.0,36.0,2345.15,0.23,360.0,3.89,1.0,4.0,0.0,0.5,0.0,22.5,236.0,62.0,491.15,0.35,40.1,7.4,52.4,14.0,45.0,872.5,0.8,0.4,393.15,0.16,28.5,1.585,0.0,11561.25029,0,40.0
1.0,19.09188309,12.02081528,60.0,16.0,60.0,1.8,676.0,7.7,779.0,36.0,2345.15,0.23,360.0,3.89,1.0,4.0,0.0,0.5,0.0,22.5,236.0,62.0,491.15,0.35,40.1,7.4,52.4,14.0,45.0,872.5,0.8,0.4,393.15,0.16,28.5,1.585,0.0,29660.24111,0,40.0
1.0,19.09188309,12.02081528,140.0,16.0,100.0,1.8,676.0,7.7,779.0,36.0,2345.15,0.23,360.0,3.89,1.0,4.0,0.0,0.5,0.0,22.5,236.0,62.0,491.15,0.35,40.1,7.4,52.4,14.0,45.0,872.5,0.8,0.4,393.15,0.16,28.5,1.585,0.0,3805.873447,0,40.0
1.0,19.09188309,12.02081528,150.0,25.0,125.0,1.8,676.0,7.7,779.0,36.0,2345.15,0.23,360.0,3.89,1.0,4.0,0.0,0.5,0.0,22.5,236.0,62.0,491.15,0.35,40.1,7.4,52.4,14.0,45.0,872.5,0.8,0.4,393.15,0.16,28.5,1.585,0.0,1960.51615,0,40.0
1.0,19.09188309,12.02081528,100.0,15.0,60.0,1.8,676.0,7.7,779.0,36.0,2345.15,0.23,360.0,3.89,1.0,4.0,0.0,0.5,0.0,22.5,236.0,62.0,491.15,0.35,40.1,7.4,52.4,14.0,45.0,872.5,0.8,0.4,393.15,0.16,28.5,1.585,0.0,14568.90074,0,30.0
1.0,19.09188309,12.02081528,165.0,30.0,125.0,1.8,676.0,7.7,779.0,36.0,2345.15,0.23,360.0,3.89,1.0,1.0,0.0,0.5,0.0,20.9,230.0,62.0,490.15,0.38,37.0,7.3,45.2,14.0,45.0,872.5,0.8,0.4,393.15,0.16,28.5,1.585,0.0,1027.268698,0,60.0
1.0,19.09188309,12.02081528,165.0,21.0,125.0,1.8,676.0,7.7,779.0,36.0,2345.15,0.23,360.0,3.89,1.0,1.0,0.0,0.5,0.0,20.9,230.0,62.0,490.15,0.38,37.0,7.3,45.2,14.0,45.0,872.5,0.8,0.4,393.15,0.16,28.5,1.585,0.0,1133.621245,0,42.0
1.0,19.09188309,12.02081528,165.0,120.0,125.0,1.8,676.0,7.7,779.0,36.0,2345.15,0.23,360.0,3.89,1.0,1.0,0.0,0.5,0.0,20.9,230.0,62.0,490.15,0.38,37.0,7.3,45.2,14.0,45.0,872.5,0.8,0.4,393.15,0.16,28.5,1.585,0.0,700.4789442,0,240.0
1.0,19.09188309,12.02081528,180.0,15.0,125.0,1.8,676.0,7.7,779.0,36.0,2345.15,0.23,360.0,3.89,1.0,1.0,0.0,0.5,0.0,20.9,230.0,62.0,490.15,0.38,37.0,7.3,45.2,14.0,45.0,872.5,0.8,0.4,393.15,0.16,28.5,1.585,0.0,1098.801842,0,30.0
1.0,19.09188309,12.02081528,100.0,15.0,100.0,1.8,676.0,7.7,779.0,36.0,2345.15,0.23,360.0,3.89,1.0,1.0,0.0,0.5,0.0,20.9,230.0,62.0,490.15,0.38,37.0,7.3,45.2,14.0,45.0,872.5,0.8,0.4,393.15,0.16,28.5,1.585,0.0,3952.723426,0,30.0
1.0,19.09188309,12.02081528,100.0,38.65,100.0,1.8,676.0,7.7,779.0,36.0,2345.15,0.23,360.0,3.89,1.0,1.0,0.0,0.5,0.0,20.9,230.0,62.0,490.15,0.38,37.0,7.3,45.2,14.0,45.0,872.5,0.8,0.4,393.15,0.16,28.5,1.585,0.0,3043.421764,0,30.0
1.0,19.09188309,12.02081528,100.0,20.0,100.0,1.8,676.0,7.7,779.0,36.0,2345.15,0.23,360.0,3.89,1.0,1.0,0.0,0.5,0.0,20.9,230.0,62.0,490.15,0.38,37.0,7.3,45.2,14.0,45.0,872.5,0.8,0.4,393.15,0.16,28.5,1.585,0.0,3650.802578,0,40.0
1.0,19.09188309,12.02081528,100.0,47.3,100.0,1.8,676.0,7.7,779.0,36.0,2345.15,0.23,360.0,3.89,1.0,1.0,0.0,0.5,0.0,20.9,230.0,62.0,490.15,0.38,37.0,7.3,45.2,14.0,45.0,872.5,0.8,0.4,393.15,0.16,28.5,1.585,0.0,2878.300852,0,40.0
1.0,19.09188309,12.02081528,100.0,79.6,100.0,1.8,676.0,7.7,779.0,36.0,2345.15,0.23,360.0,3.89,1.0,1.0,0.0,0.5,0.0,20.9,230.0,62.0,490.15,0.38,37.0,7.3,45.2,14.0,45.0,872.5,0.8,0.4,393.15,0.16,28.5,1.585,0.0,2492.875814,0,50.0
1.0,19.09188309,12.02081528,100.0,30.0,100.0,1.8,676.0,7.7,779.0,36.0,2345.15,0.23,360.0,3.89,1.0,1.0,0.0,0.5,0.0,20.9,230.0,62.0,490.15,0.38,37.0,7.3,45.2,14.0,45.0,872.5,0.8,0.4,393.15,0.16,28.5,1.585,0.0,3264.013474,0,60.0
1.0,19.09188309,12.02081528,100.0,40.0,100.0,1.8,676.0,7.7,779.0,36.0,2345.15,0.23,360.0,3.89,1.0,1.0,0.0,0.5,0.0,20.9,230.0,62.0,490.15,0.38,37.0,7.3,45.2,14.0,45.0,872.5,0.8,0.4,393.15,0.16,28.5,1.585,0.0,3014.698354,0,80.0
1.0,19.09188309,12.02081528,100.0,47.3,100.0,1.8,676.0,7.7,779.0,36.0,2345.15,0.23,360.0,3.89,1.0,1.0,0.0,0.5,0.0,20.9,230.0,62.0,490.15,0.38,37.0,7.3,45.2,14.0,45.0,872.5,0.8,0.4,393.15,0.16,28.5,1.585,0.0,2878.300852,0,80.0
1.0,19.09188309,12.02081528,100.0,70.0,100.0,1.8,676.0,7.7,779.0,36.0,2345.15,0.23,360.0,3.89,1.0,1.0,0.0,0.5,0.0,20.9,230.0,62.0,490.15,0.38,37.0,7.3,45.2,14.0,45.0,872.5,0.8,0.4,393.15,0.16,28.5,1.585,0.0,2582.954493,0,90.0
1.0,19.09188309,12.02081528,100.0,70.0,100.0,1.8,676.0,7.7,779.0,36.0,2345.15,0.23,360.0,3.89,1.0,1.0,0.0,0.5,0.0,20.9,230.0,62.0,490.15,0.38,37.0,7.3,45.2,14.0,45.0,872.5,0.8,0.4,393.15,0.16,28.5,1.585,0.0,2582.954493,0,100.0
1.0,19.09188309,12.02081528,100.0,60.0,100.0,1.8,676.0,7.7,779.0,36.0,2345.15,0.23,360.0,3.89,1.0,1.0,0.0,0.5,0.0,20.9,230.0,62.0,490.15,0.38,37.0,7.3,45.2,14.0,45.0,872.5,0.8,0.4,393.15,0.16,28.5,1.585,0.0,2695.302152,0,120.0
1.0,19.09188309,12.02081528,100.0,70.0,100.0,1.8,676.0,7.7,779.0,36.0,2345.15,0.23,360.0,3.89,1.0,1.0,0.0,0.5,0.0,20.9,230.0,62.0,490.15,0.38,37.0,7.3,45.2,14.0,45.0,872.5,0.8,0.4,393.15,0.16,28.5,1.585,0.0,2582.954493,0,140.0
1.0,19.09188309,12.02081528,100.0,120.0,100.0,1.8,676.0,7.7,779.0,36.0,2345.15,0.23,360.0,3.89,1.0,1.0,0.0,0.5,0.0,20.9,230.0,62.0,490.15,0.38,37.0,7.3,45.2,14.0,45.0,872.5,0.8,0.4,393.15,0.16,28.5,1.585,0.0,2225.681281,0,240.0
1.0,19.09188309,12.02081528,100.0,310.0,100.0,1.8,676.0,7.7,779.0,36.0,2345.15,0.23,360.0,3.89,1.0,1.0,0.0,0.5,0.0,20.9,230.0,62.0,490.15,0.38,37.0,7.3,45.2,14.0,45.0,872.5,0.8,0.4,393.15,0.16,28.5,1.585,0.0,1712.453287,0,720.0
1.0,19.09188309,12.02081528,100.0,11.0,100.0,1.8,676.0,7.7,779.0,36.0,2345.15,0.23,360.0,3.89,1.0,1.0,0.0,0.5,0.0,20.9,230.0,62.0,490.15,0.38,37.0,7.3,45.2,14.0,45.0,872.5,0.8,0.4,393.15,0.16,28.5,1.585,0.0,4306.259266,1,
1.0,19.09188309,12.02081528,100.0,31.0,100.0,1.8,676.0,7.7,779.0,36.0,2345.15,0.23,360.0,3.89,1.0,1.0,0.0,0.5,0.0,20.9,230.0,62.0,490.15,0.38,37.0,7.3,45.2,14.0,45.0,872.5,0.8,0.4,393.15,0.16,28.5,1.585,0.0,3234.586231,1,
1.0,19.09188309,12.02081528,100.0,61.0,100.0,1.8,676.0,7.7,779.0,36.0,2345.15,0.23,360.0,3.89,1.0,1.0,0.0,0.5,0.0,20.9,230.0,62.0,490.15,0.38,37.0,7.3,45.2,14.0,45.0,872.5,0.8,0.4,393.15,0.16,28.5,1.585,0.0,2683.025084,1,
1.0,19.09188309,12.02081528,125.0,44.8,100.0,1.8,676.0,7.7,779.0,36.0,2345.15,0.23,360.0,3.89,1.0,1.0,0.0,0.5,0.0,20.9,230.0,62.0,490.15,0.38,37.0,7.3,45.2,14.0,45.0,872.5,0.8,0.4,393.15,0.16,28.5,1.585,0.0,2125.191261,0,40.0
1.0,19.09188309,12.02081528,75.0,44.8,75.0,1.8,676.0,7.7,779.0,36.0,2345.15,0.23,360.0,3.89,1.0,1.0,0.0,0.5,0.0,20.9,230.0,62.0,490.15,0.38,37.0,7.3,45.2,14.0,45.0,872.5,0.8,0.4,393.15,0.16,28.5,1.585,0.0,7298.592206,0,40.0
1.0,19.09188309,12.02081528,60.0,16.0,60.0,1.8,676.0,7.7,779.0,36.0,2345.15,0.23,360.0,3.89,1.0,1.0,0.0,0.5,0.0,20.9,230.0,62.0,490.15,0.38,37.0,7.3,45.2,14.0,45.0,872.5,0.8,0.4,393.15,0.16,28.5,1.585,0.0,18724.44581,0,40.0
1.0,19.09188309,12.02081528,140.0,16.0,100.0,1.8,676.0,7.7,779.0,36.0,2345.15,0.23,360.0,3.89,1.0,1.0,0.0,0.5,0.0,20.9,230.0,62.0,490.15,0.38,37.0,7.3,45.2,14.0,45.0,872.5,0.8,0.4,393.15,0.16,28.5,1.585,0.0,2402.639643,0,40.0
1.0,19.09188309,12.02081528,150.0,25.0,125.0,1.8,676.0,7.7,779.0,36.0,2345.15,0.23,360.0,3.89,1.0,1.0,0.0,0.5,0.0,20.9,230.0,62.0,490.15,0.38,37.0,7.3,45.2,14.0,45.0,872.5,0.8,0.4,393.15,0.16,28.5,1.585,0.0,1237.669588,0,40.0
1.0,19.09188309,12.02081528,100.0,15.0,60.0,1.8,676.0,7.7,779.0,36.0,2345.15,0.23,360.0,3.89,1.0,1.0,0.0,0.5,0.0,20.9,230.0,62.0,490.15,0.38,37.0,7.3,45.2,14.0,45.0,872.5,0.8,0.4,393.15,0.16,28.5,1.585,0.0,9197.315402,0,30.0
1.0,19.09188309,12.02081528,165.0,30.0,125.0,1.8,676.0,7.7,779.0,36.0,2345.15,0.23,360.0,3.89,1.0,3.0,0.0,0.5,0.0,20.7,232.0,58.0,490.15,0.36,41.6,7.37,50.0,14.0,45.0,872.5,0.8,0.4,393.15,0.16,28.5,1.585,0.0,1716.956297,0,60.0
1.0,19.09188309,12.02081528,165.0,21.0,125.0,1.8,676.0,7.7,779.0,36.0,2345.15,0.23,360.0,3.89,1.0,3.0,0.0,0.5,0.0,20.7,232.0,58.0,490.15,0.36,41.6,7.37,50.0,14.0,45.0,872.5,0.8,0.4,393.15,0.16,28.5,1.585,0.0,1894.711811,0,42.0
1.0,19.09188309,12.02081528,165.0,120.0,125.0,1.8,676.0,7.7,779.0,36.0,2345.15,0.23,360.0,3.89,1.0,3.0,0.0,0.5,0.0,20.7,232.0,58.0,490.15,0.36,41.6,7.37,50.0,14.0,45.0,872.5,0.8,0.4,393.15,0.16,28.5,1.585,0.0,1170.766457,0,240.0
1.0,19.09188309,12.02081528,180.0,15.0,125.0,1.8,676.0,7.7,779.0,36.0,2345.15,0.23,360.0,3.89,1.0,3.0,0.0,0.5,0.0,20.7,232.0,58.0,490.15,0.36,41.6,7.37,50.0,14.0,45.0,872.5,0.8,0.4,393.15,0.16,28.5,1.585,0.0,1836.515359,0,30.0
1.0,19.09188309,12.02081528,100.0,15.0,100.0,1.8,676.0,7.7,779.0,36.0,2345.15,0.23,360.0,3.89,1.0,3.0,0.0,0.5,0.0,20.7,232.0,58.0,490.15,0.36,41.6,7.37,50.0,14.0,45.0,872.5,0.8,0.4,393.15,0.16,28.5,1.585,0.0,6606.502652,0,30.0
1.0,19.09188309,12.02081528,100.0,38.65,100.0,1.8,676.0,7.7,779.0,36.0,2345.15,0.23,360.0,3.89,1.0,3.0,0.0,0.5,0.0,20.7,232.0,58.0,490.15,0.36,41.6,7.37,50.0,14.0,45.0,872.5,0.8,0.4,393.15,0.16,28.5,1.585,0.0,5086.714092,0,30.0
1.0,19.09188309,12.02081528,100.0,20.0,100.0,1.8,676.0,7.7,779.0,36.0,2345.15,0.23,360.0,3.89,1.0,3.0,0.0,0.5,0.0,20.7,232.0,58.0,490.15,0.36,41.6,7.37,50.0,14.0,45.0,872.5,0.8,0.4,393.15,0.16,28.5,1.585,0.0,6101.878203,0,40.0
1.0,19.09188309,12.02081528,100.0,47.3,100.0,1.8,676.0,7.7,779.0,36.0,2345.15,0.23,360.0,3.89,1.0,3.0,0.0,0.5,0.0,20.7,232.0,58.0,490.15,0.36,41.6,7.37,50.0,14.0,45.0,872.5,0.8,0.4,393.15,0.16,28.5,1.585,0.0,4810.734313,0,40.0
1.0,19.09188309,12.02081528,100.0,79.6,100.0,1.8,676.0,7.7,779.0,36.0,2345.15,0.23,360.0,3.89,1.0,3.0,0.0,0.5,0.0,20.7,232.0,58.0,490.15,0.36,41.6,7.37,50.0,14.0,45.0,872.5,0.8,0.4,393.15,0.16,28.5,1.585,0.0,4166.542634,0,50.0
1.0,19.09188309,12.02081528,100.0,30.0,100.0,1.8,676.0,7.7,779.0,36.0,2345.15,0.23,360.0,3.89,1.0,3.0,0.0,0.5,0.0,20.7,232.0,58.0,490.15,0.36,41.6,7.37,50.0,14.0,45.0,872.5,0.8,0.4,393.15,0.16,28.5,1.585,0.0,5455.406652,0,60.0
1.0,19.09188309,12.02081528,100.0,40.0,100.0,1.8,676.0,7.7,779.0,36.0,2345.15,0.23,360.0,3.89,1.0,3.0,0.0,0.5,0.0,20.7,232.0,58.0,490.15,0.36,41.6,7.37,50.0,14.0,45.0,872.5,0.8,0.4,393.15,0.16,28.5,1.585,0.0,5038.706361,0,80.0
1.0,19.09188309,12.02081528,100.0,47.3,100.0,1.8,676.0,7.7,779.0,36.0,2345.15,0.23,360.0,3.89,1.0,3.0,0.0,0.5,0.0,20.7,232.0,58.0,490.15,0.36,41.6,7.37,50.0,14.0,45.0,872.5,0.8,0.4,393.15,0.16,28.5,1.585,0.0,4810.734313,0,80.0
1.0,19.09188309,12.02081528,100.0,70.0,100.0,1.8,676.0,7.7,779.0,36.0,2345.15,0.23,360.0,3.89,1.0,3.0,0.0,0.5,0.0,20.7,232.0,58.0,490.15,0.36,41.6,7.37,50.0,14.0,45.0,872.5,0.8,0.4,393.15,0.16,28.5,1.585,0.0,4317.098331,0,90.0
1.0,19.09188309,12.02081528,100.0,70.0,100.0,1.8,676.0,7.7,779.0,36.0,2345.15,0.23,360.0,3.89,1.0,3.0,0.0,0.5,0.0,20.7,232.0,58.0,490.15,0.36,41.6,7.37,50.0,14.0,45.0,872.5,0.8,0.4,393.15,0.16,28.5,1.585,0.0,4317.098331,0,100.0
1.0,19.09188309,12.02081528,100.0,60.0,100.0,1.8,676.0,7.7,779.0,36.0,2345.15,0.23,360.0,3.89,1.0,3.0,0.0,0.5,0.0,20.7,232.0,58.0,490.15,0.36,41.6,7.37,50.0,14.0,45.0,872.5,0.8,0.4,393.15,0.16,28.5,1.585,0.0,4504.873955,0,120.0
1.0,19.09188309,12.02081528,100.0,70.0,100.0,1.8,676.0,7.7,779.0,36.0,2345.15,0.23,360.0,3.89,1.0,3.0,0.0,0.5,0.0,20.7,232.0,58.0,490.15,0.36,41.6,7.37,50.0,14.0,45.0,872.5,0.8,0.4,393.15,0.16,28.5,1.585,0.0,4317.098331,0,140.0
1.0,19.09188309,12.02081528,100.0,120.0,100.0,1.8,676.0,7.7,779.0,36.0,2345.15,0.23,360.0,3.89,1.0,3.0,0.0,0.5,0.0,20.7,232.0,58.0,490.15,0.36,41.6,7.37,50.0,14.0,45.0,872.5,0.8,0.4,393.15,0.16,28.5,1.585,0.0,3719.959051,0,240.0
1.0,19.09188309,12.02081528,100.0,310.0,100.0,1.8,676.0,7.7,779.0,36.0,2345.15,0.23,360.0,3.89,1.0,3.0,0.0,0.5,0.0,20.7,232.0,58.0,490.15,0.36,41.6,7.37,50.0,14.0,45.0,872.5,0.8,0.4,393.15,0.16,28.5,1.585,0.0,2862.160077,0,720.0
1.0,19.09188309,12.02081528,100.0,11.0,100.0,1.8,676.0,7.7,779.0,36.0,2345.15,0.23,360.0,3.89,1.0,3.0,0.0,0.5,0.0,20.7,232.0,58.0,490.15,0.36,41.6,7.37,50.0,14.0,45.0,872.5,0.8,0.4,393.15,0.16,28.5,1.585,0.0,7197.395364,1,
1.0,19.09188309,12.02081528,100.0,31.0,100.0,1.8,676.0,7.7,779.0,36.0,2345.15,0.23,360.0,3.89,1.0,3.0,0.0,0.5,0.0,20.7,232.0,58.0,490.15,0.36,41.6,7.37,50.0,14.0,45.0,872.5,0.8,0.4,393.15,0.16,28.5,1.585,0.0,5406.222549,1,
1.0,19.09188309,12.02081528,100.0,61.0,100.0,1.8,676.0,7.7,779.0,36.0,2345.15,0.23,360.0,3.89,1.0,3.0,0.0,0.5,0.0,20.7,232.0,58.0,490.15,0.36,41.6,7.37,50.0,14.0,45.0,872.5,0.8,0.4,393.15,0.16,28.5,1.585,0.0,4484.35431,1,
1.0,19.09188309,12.02081528,125.0,44.8,100.0,1.8,676.0,7.7,779.0,36.0,2345.15,0.23,360.0,3.89,1.0,3.0,0.0,0.5,0.0,20.7,232.0,58.0,490.15,0.36,41.6,7.37,50.0,14.0,45.0,872.5,0.8,0.4,393.15,0.16,28.5,1.585,0.0,3552.002047,0,40.0
1.0,19.09188309,12.02081528,75.0,44.8,75.0,1.8,676.0,7.7,779.0,36.0,2345.15,0.23,360.0,3.89,1.0,3.0,0.0,0.5,0.0,20.7,232.0,58.0,490.15,0.36,41.6,7.37,50.0,14.0,45.0,872.5,0.8,0.4,393.15,0.16,28.5,1.585,0.0,12198.72062,0,40.0
1.0,19.09188309,12.02081528,60.0,16.0,60.0,1.8,676.0,7.7,779.0,36.0,2345.15,0.23,360.0,3.89,1.0,3.0,0.0,0.5,0.0,20.7,232.0,58.0,490.15,0.36,41.6,7.37,50.0,14.0,45.0,872.5,0.8,0.4,393.15,0.16,28.5,1.585,0.0,31295.66316,0,40.0
1.0,19.09188309,12.02081528,140.0,16.0,100.0,1.8,676.0,7.7,779.0,36.0,2345.15,0.23,360.0,3.89,1.0,3.0,0.0,0.5,0.0,20.7,232.0,58.0,490.15,0.36,41.6,7.37,50.0,14.0,45.0,872.5,0.8,0.4,393.15,0.16,28.5,1.585,0.0,4015.723707,0,40.0
1.0,19.09188309,12.02081528,150.0,25.0,125.0,1.8,676.0,7.7,779.0,36.0,2345.15,0.23,360.0,3.89,1.0,3.0,0.0,0.5,0.0,20.7,232.0,58.0,490.15,0.36,41.6,7.37,50.0,14.0,45.0,872.5,0.8,0.4,393.15,0.16,28.5,1.585,0.0,2068.616125,0,40.0
1.0,19.09188309,12.02081528,100.0,15.0,60.0,1.8,676.0,7.7,779.0,36.0,2345.15,0.23,360.0,3.89,1.0,3.0,0.0,0.5,0.0,20.7,232.0,58.0,490.15,0.36,41.6,7.37,50.0,14.0,45.0,872.5,0.8,0.4,393.15,0.16,28.5,1.585,0.0,15372.20849,0,30.0
1.0,19.09188309,12.02081528,165.0,30.0,125.0,1.8,676.0,7.7,779.0,36.0,2345.15,0.23,360.0,3.89,1.0,3.5,0.0,0.0,0.0,30.0,234.0,62.8,494.15,0.36,44.1,7.4,39.0,14.0,45.0,872.5,0.8,0.4,393.15,0.16,28.5,1.585,0.0,1598.063193,0,60.0
1.0,19.09188309,12.02081528,165.0,21.0,125.0,1.8,676.0,7.7,779.0,36.0,2345.15,0.23,360.0,3.89,1.0,3.5,0.0,0.0,0.0,30.0,234.0,62.8,494.15,0.36,44.1,7.4,39.0,14.0,45.0,872.5,0.8,0.4,393.15,0.16,28.5,1.585,0.0,1763.509771,0,42.0
1.0,19.09188309,12.02081528,165.0,120.0,125.0,1.8,676.0,7.7,779.0,36.0,2345.15,0.23,360.0,3.89,1.0,3.5,0.0,0.0,0.0,30.0,234.0,62.8,494.15,0.36,44.1,7.4,39.0,14.0,45.0,872.5,0.8,0.4,393.15,0.16,28.5,1.585,0.0,1089.695053,0,240.0
1.0,19.09188309,12.02081528,180.0,15.0,125.0,1.8,676.0,7.7,779.0,36.0,2345.15,0.23,360.0,3.89,1.0,3.5,0.0,0.0,0.0,30.0,234.0,62.8,494.15,0.36,44.1,7.4,39.0,14.0,45.0,872.5,0.8,0.4,393.15,0.16,28.5,1.585,0.0,1709.343216,0,30.0
1.0,19.09188309,12.02081528,100.0,15.0,100.0,1.8,676.0,7.7,779.0,36.0,2345.15,0.23,360.0,3.89,1.0,3.5,0.0,0.0,0.0,30.0,234.0,62.8,494.15,0.36,44.1,7.4,39.0,14.0,45.0,872.5,0.8,0.4,393.15,0.16,28.5,1.585,0.0,6149.02589,0,30.0
1.0,19.09188309,12.02081528,100.0,38.65,100.0,1.8,676.0,7.7,779.0,36.0,2345.15,0.23,360.0,3.89,1.0,3.5,0.0,0.0,0.0,30.0,234.0,62.8,494.15,0.36,44.1,7.4,39.0,14.0,45.0,872.5,0.8,0.4,393.15,0.16,28.5,1.585,0.0,4734.477271,0,30.0
1.0,19.09188309,12.02081528,100.0,20.0,100.0,1.8,676.0,7.7,779.0,36.0,2345.15,0.23,360.0,3.89,1.0,3.5,0.0,0.0,0.0,30.0,234.0,62.8,494.15,0.36,44.1,7.4,39.0,14.0,45.0,872.5,0.8,0.4,393.15,0.16,28.5,1.585,0.0,5679.344886,0,40.0
1.0,19.09188309,12.02081528,100.0,47.3,100.0,1.8,676.0,7.7,779.0,36.0,2345.15,0.23,360.0,3.89,1.0,3.5,0.0,0.0,0.0,30.0,234.0,62.8,494.15,0.36,44.1,7.4,39.0,14.0,45.0,872.5,0.8,0.4,393.15,0.16,28.5,1.585,0.0,4477.608108,0,40.0
1.0,19.09188309,12.02081528,100.0,79.6,100.0,1.8,676.0,7.7,779.0,36.0,2345.15,0.23,360.0,3.89,1.0,3.5,0.0,0.0,0.0,30.0,234.0,62.8,494.15,0.36,44.1,7.4,39.0,14.0,45.0,872.5,0.8,0.4,393.15,0.16,28.5,1.585,0.0,3878.024407,0,50.0
1.0,19.09188309,12.02081528,100.0,30.0,100.0,1.8,676.0,7.7,779.0,36.0,2345.15,0.23,360.0,3.89,1.0,3.5,0.0,0.0,0.0,30.0,234.0,62.8,494.15,0.36,44.1,7.4,39.0,14.0,45.0,872.5,0.8,0.4,393.15,0.16,28.5,1.585,0.0,5077.639185,0,60.0
1.0,19.09188309,12.02081528,100.0,40.0,100.0,1.8,676.0,7.7,779.0,36.0,2345.15,0.23,360.0,3.89,1.0,3.5,0.0,0.0,0.0,30.0,234.0,62.8,494.15,0.36,44.1,7.4,39.0,14.0,45.0,872.5,0.8,0.4,393.15,0.16,28.5,1.585,0.0,4689.793904,0,80.0
1.0,19.09188309,12.02081528,100.0,47.3,100.0,1.8,676.0,7.7,779.0,36.0,2345.15,0.23,360.0,3.89,1.0,3.5,0.0,0.0,0.0,30.0,234.0,62.8,494.15,0.36,44.1,7.4,39.0,14.0,45.0,872.5,0.8,0.4,393.15,0.16,28.5,1.585,0.0,4477.608108,0,80.0
1.0,19.09188309,12.02081528,100.0,70.0,100.0,1.8,676.0,7.7,779.0,36.0,2345.15,0.23,360.0,3.89,1.0,3.5,0.0,0.0,0.0,30.0,234.0,62.8,494.15,0.36,44.1,7.4,39.0,14.0,45.0,872.5,0.8,0.4,393.15,0.16,28.5,1.585,0.0,4018.154659,0,90.0
1.0,19.09188309,12.02081528,100.0,70.0,100.0,1.8,676.0,7.7,779.0,36.0,2345.15,0.23,360.0,3.89,1.0,3.5,0.0,0.0,0.0,30.0,234.0,62.8,494.15,0.36,44.1,7.4,39.0,14.0,45.0,872.5,0.8,0.4,393.15,0.16,28.5,1.585,0.0,4018.154659,0,100.0
1.0,19.09188309,12.02081528,100.0,60.0,100.0,1.8,676.0,7.7,779.0,36.0,2345.15,0.23,360.0,3.89,1.0,3.5,0.0,0.0,0.0,30.0,234.0,62.8,494.15,0.36,44.1,7.4,39.0,14.0,45.0,872.5,0.8,0.4,393.15,0.16,28.5,1.585,0.0,4192.92749,0,120.0
1.0,19.09188309,12.02081528,100.0,70.0,100.0,1.8,676.0,7.7,779.0,36.0,2345.15,0.23,360.0,3.89,1.0,3.5,0.0,0.0,0.0,30.0,234.0,62.8,494.15,0.36,44.1,7.4,39.0,14.0,45.0,872.5,0.8,0.4,393.15,0.16,28.5,1.585,0.0,4018.154659,0,140.0
1.0,19.09188309,12.02081528,100.0,120.0,100.0,1.8,676.0,7.7,779.0,36.0,2345.15,0.23,360.0,3.89,1.0,3.5,0.0,0.0,0.0,30.0,234.0,62.8,494.15,0.36,44.1,7.4,39.0,14.0,45.0,872.5,0.8,0.4,393.15,0.16,28.5,1.585,0.0,3462.365146,0,240.0
1.0,19.09188309,12.02081528,100.0,310.0,100.0,1.8,676.0,7.7,779.0,36.0,2345.15,0.23,360.0,3.89,1.0,3.5,0.0,0.0,0.0,30.0,234.0,62.8,494.15,0.36,44.1,7.4,39.0,14.0,45.0,872.5,0.8,0.4,393.15,0.16,28.5,1.585,0.0,2663.965693,0,720.0
1.0,19.09188309,12.02081528,100.0,11.0,100.0,1.8,676.0,7.7,779.0,36.0,2345.15,0.23,360.0,3.89,1.0,3.5,0.0,0.0,0.0,30.0,234.0,62.8,494.15,0.36,44.1,7.4,39.0,14.0,45.0,872.5,0.8,0.4,393.15,0.16,28.5,1.585,0.0,6699.001388,1,
1.0,19.09188309,12.02081528,100.0,31.0,100.0,1.8,676.0,7.7,779.0,36.0,2345.15,0.23,360.0,3.89,1.0,3.5,0.0,0.0,0.0,30.0,234.0,62.8,494.15,0.36,44.1,7.4,39.0,14.0,45.0,872.5,0.8,0.4,393.15,0.16,28.5,1.585,0.0,5031.860906,1,
1.0,19.09188309,12.02081528,100.0,61.0,100.0,1.8,676.0,7.7,779.0,36.0,2345.15,0.23,360.0,3.89,1.0,3.5,0.0,0.0,0.0,30.0,234.0,62.8,494.15,0.36,44.1,7.4,39.0,14.0,45.0,872.5,0.8,0.4,393.15,0.16,28.5,1.585,0.0,4173.828757,1,
1.0,19.09188309,12.02081528,125.0,44.8,100.0,1.8,676.0,7.7,779.0,36.0,2345.15,0.23,360.0,3.89,1.0,3.5,0.0,0.0,0.0,30.0,234.0,62.8,494.15,0.36,44.1,7.4,39.0,14.0,45.0,872.5,0.8,0.4,393.15,0.16,28.5,1.585,0.0,3306.038565,0,40.0
1.0,19.09188309,12.02081528,75.0,44.8,75.0,1.8,676.0,7.7,779.0,36.0,2345.15,0.23,360.0,3.89,1.0,3.5,0.0,0.0,0.0,30.0,234.0,62.8,494.15,0.36,44.1,7.4,39.0,14.0,45.0,872.5,0.8,0.4,393.15,0.16,28.5,1.585,0.0,11354.0027,0,40.0
1.0,19.09188309,12.02081528,60.0,16.0,60.0,1.8,676.0,7.7,779.0,36.0,2345.15,0.23,360.0,3.89,1.0,3.5,0.0,0.0,0.0,30.0,234.0,62.8,494.15,0.36,44.1,7.4,39.0,14.0,45.0,872.5,0.8,0.4,393.15,0.16,28.5,1.585,0.0,29128.55003,0,40.0
1.0,19.09188309,12.02081528,140.0,16.0,100.0,1.8,676.0,7.7,779.0,36.0,2345.15,0.23,360.0,3.89,1.0,3.5,0.0,0.0,0.0,30.0,234.0,62.8,494.15,0.36,44.1,7.4,39.0,14.0,45.0,872.5,0.8,0.4,393.15,0.16,28.5,1.585,0.0,3737.649153,0,40.0
1.0,19.09188309,12.02081528,150.0,25.0,125.0,1.8,676.0,7.7,779.0,36.0,2345.15,0.23,360.0,3.89,1.0,3.5,0.0,0.0,0.0,30.0,234.0,62.8,494.15,0.36,44.1,7.4,39.0,14.0,45.0,872.5,0.8,0.4,393.15,0.16,28.5,1.585,0.0,1925.371832,0,40.0
1.0,19.09188309,12.02081528,100.0,15.0,60.0,1.8,676.0,7.7,779.0,36.0,2345.15,0.23,360.0,3.89,1.0,3.5,0.0,0.0,0.0,30.0,234.0,62.8,494.15,0.36,44.1,7.4,39.0,14.0,45.0,872.5,0.8,0.4,393.15,0.16,28.5,1.585,0.0,14307.73784,0,30.0
1.0,23.33720206,7.399913851,165.0,30.0,125.0,2.3622,960.0,2.62,700.0,148.0,1693.15,0.22,159.0,2.33,1.0,3.0,3.0,0.5,0.5,20.7,232.0,58.0,490.15,0.36,41.6,7.38,50.0,7.7,7.7,779.0,36.0,36.0,2072.0,0.23,360.0,3890.0,1.0,420.9867845,0,60.0
1.0,23.33720206,7.399913851,165.0,21.0,125.0,2.3622,960.0,2.62,700.0,148.0,1693.15,0.22,159.0,2.33,1.0,3.0,3.0,0.5,0.5,20.7,232.0,58.0,490.15,0.36,41.6,7.38,50.0,7.7,7.7,779.0,36.0,36.0,2072.0,0.23,360.0,3890.0,1.0,464.571308,0,42.0
1.0,23.33720206,7.399913851,165.0,120.0,125.0,2.3622,960.0,2.62,700.0,148.0,1693.15,0.22,159.0,2.33,1.0,3.0,3.0,0.5,0.5,20.7,232.0,58.0,490.15,0.36,41.6,7.38,50.0,7.7,7.7,779.0,36.0,36.0,2072.0,0.23,360.0,3890.0,1.0,287.0645031,0,240.0
1.0,23.33720206,7.399913851,180.0,15.0,125.0,2.3622,960.0,2.62,700.0,148.0,1693.15,0.22,159.0,2.33,1.0,3.0,3.0,0.5,0.5,20.7,232.0,58.0,490.15,0.36,41.6,7.38,50.0,7.7,7.7,779.0,36.0,36.0,2072.0,0.23,360.0,3890.0,1.0,450.3019075,0,30.0
1.0,23.33720206,7.399913851,100.0,15.0,100.0,2.3622,960.0,2.62,700.0,148.0,1693.15,0.22,159.0,2.33,1.0,3.0,3.0,0.5,0.5,20.7,232.0,58.0,490.15,0.36,41.6,7.38,50.0,7.7,7.7,779.0,36.0,36.0,2072.0,0.23,360.0,3890.0,1.0,1619.872511,0,30.0
1.0,23.33720206,7.399913851,100.0,38.65,100.0,2.3622,960.0,2.62,700.0,148.0,1693.15,0.22,159.0,2.33,1.0,3.0,3.0,0.5,0.5,20.7,232.0,58.0,490.15,0.36,41.6,7.38,50.0,7.7,7.7,779.0,36.0,36.0,2072.0,0.23,360.0,3890.0,1.0,1247.230004,0,30.0
1.0,23.33720206,7.399913851,100.0,20.0,100.0,2.3622,960.0,2.62,700.0,148.0,1693.15,0.22,159.0,2.33,1.0,3.0,3.0,0.5,0.5,20.7,232.0,58.0,490.15,0.36,41.6,7.38,50.0,7.7,7.7,779.0,36.0,36.0,2072.0,0.23,360.0,3890.0,1.0,1496.141799,0,40.0
1.0,23.33720206,7.399913851,100.0,47.3,100.0,2.3622,960.0,2.62,700.0,148.0,1693.15,0.22,159.0,2.33,1.0,3.0,3.0,0.5,0.5,20.7,232.0,58.0,490.15,0.36,41.6,7.38,50.0,7.7,7.7,779.0,36.0,36.0,2072.0,0.23,360.0,3890.0,1.0,1179.561514,0,40.0
1.0,23.33720206,7.399913851,100.0,79.6,100.0,2.3622,960.0,2.62,700.0,148.0,1693.15,0.22,159.0,2.33,1.0,3.0,3.0,0.5,0.5,20.7,232.0,58.0,490.15,0.36,41.6,7.38,50.0,7.7,7.7,779.0,36.0,36.0,2072.0,0.23,360.0,3890.0,1.0,1021.609804,0,50.0
1.0,23.33720206,7.399913851,100.0,30.0,100.0,2.3622,960.0,2.62,700.0,148.0,1693.15,0.22,159.0,2.33,1.0,3.0,3.0,0.5,0.5,20.7,232.0,58.0,490.15,0.36,41.6,7.38,50.0,7.7,7.7,779.0,36.0,36.0,2072.0,0.23,360.0,3890.0,1.0,1337.631079,0,60.0
1.0,23.33720206,7.399913851,100.0,40.0,100.0,2.3622,960.0,2.62,700.0,148.0,1693.15,0.22,159.0,2.33,1.0,3.0,3.0,0.5,0.5,20.7,232.0,58.0,490.15,0.36,41.6,7.38,50.0,7.7,7.7,779.0,36.0,36.0,2072.0,0.23,360.0,3890.0,1.0,1235.458813,0,80.0
1.0,23.33720206,7.399913851,100.0,47.3,100.0,2.3622,960.0,2.62,700.0,148.0,1693.15,0.22,159.0,2.33,1.0,3.0,3.0,0.5,0.5,20.7,232.0,58.0,490.15,0.36,41.6,7.38,50.0,7.7,7.7,779.0,36.0,36.0,2072.0,0.23,360.0,3890.0,1.0,1179.561514,0,80.0
1.0,23.33720206,7.399913851,100.0,70.0,100.0,2.3622,960.0,2.62,700.0,148.0,1693.15,0.22,159.0,2.33,1.0,3.0,3.0,0.5,0.5,20.7,232.0,58.0,490.15,0.36,41.6,7.38,50.0,7.7,7.7,779.0,36.0,36.0,2072.0,0.23,360.0,3890.0,1.0,1058.525105,0,90.0
1.0,23.33720206,7.399913851,100.0,70.0,100.0,2.3622,960.0,2.62,700.0,148.0,1693.15,0.22,159.0,2.33,1.0,3.0,3.0,0.5,0.5,20.7,232.0,58.0,490.15,0.36,41.6,7.38,50.0,7.7,7.7,779.0,36.0,36.0,2072.0,0.23,360.0,3890.0,1.0,1058.525105,0,100.0
1.0,23.33720206,7.399913851,100.0,60.0,100.0,2.3622,960.0,2.62,700.0,148.0,1693.15,0.22,159.0,2.33,1.0,3.0,3.0,0.5,0.5,20.7,232.0,58.0,490.15,0.36,41.6,7.38,50.0,7.7,7.7,779.0,36.0,36.0,2072.0,0.23,360.0,3890.0,1.0,1104.566496,0,120.0
1.0,23.33720206,7.399913851,100.0,70.0,100.0,2.3622,960.0,2.62,700.0,148.0,1693.15,0.22,159.0,2.33,1.0,3.0,3.0,0.5,0.5,20.7,232.0,58.0,490.15,0.36,41.6,7.38,50.0,7.7,7.7,779.0,36.0,36.0,2072.0,0.23,360.0,3890.0,1.0,1058.525105,0,140.0
1.0,23.33720206,7.399913851,100.0,120.0,100.0,2.3622,960.0,2.62,700.0,148.0,1693.15,0.22,159.0,2.33,1.0,3.0,3.0,0.5,0.5,20.7,232.0,58.0,490.15,0.36,41.6,7.38,50.0,7.7,7.7,779.0,36.0,36.0,2072.0,0.23,360.0,3890.0,1.0,912.1103443,0,240.0
1.0,23.33720206,7.399913851,100.0,310.0,100.0,2.3622,960.0,2.62,700.0,148.0,1693.15,0.22,159.0,2.33,1.0,3.0,3.0,0.5,0.5,20.7,232.0,58.0,490.15,0.36,41.6,7.38,50.0,7.7,7.7,779.0,36.0,36.0,2072.0,0.23,360.0,3890.0,1.0,701.7834812,0,720.0
1.0,23.33720206,7.399913851,100.0,11.0,100.0,2.3622,960.0,2.62,700.0,148.0,1693.15,0.22,159.0,2.33,1.0,3.0,3.0,0.5,0.5,20.7,232.0,58.0,490.15,0.36,41.6,7.38,50.0,7.7,7.7,779.0,36.0,36.0,2072.0,0.23,360.0,3890.0,1.0,1764.755653,1,
1.0,23.33720206,7.399913851,100.0,31.0,100.0,2.3622,960.0,2.62,700.0,148.0,1693.15,0.22,159.0,2.33,1.0,3.0,3.0,0.5,0.5,20.7,232.0,58.0,490.15,0.36,41.6,7.38,50.0,7.7,7.7,779.0,36.0,36.0,2072.0,0.23,360.0,3890.0,1.0,1325.571449,1,
1.0,23.33720206,7.399913851,100.0,61.0,100.0,2.3622,960.0,2.62,700.0,148.0,1693.15,0.22,159.0,2.33,1.0,3.0,3.0,0.5,0.5,20.7,232.0,58.0,490.15,0.36,41.6,7.38,50.0,7.7,7.7,779.0,36.0,36.0,2072.0,0.23,360.0,3890.0,1.0,1099.535209,1,
1.0,23.33720206,7.399913851,125.0,44.8,100.0,2.3622,960.0,2.62,700.0,148.0,1693.15,0.22,159.0,2.33,1.0,3.0,3.0,0.5,0.5,20.7,232.0,58.0,490.15,0.36,41.6,7.38,50.0,7.7,7.7,779.0,36.0,36.0,2072.0,0.23,360.0,3890.0,1.0,870.9283531,0,40.0
1.0,23.33720206,7.399913851,75.0,44.8,75.0,2.3622,960.0,2.62,700.0,148.0,1693.15,0.22,159.0,2.33,1.0,3.0,3.0,0.5,0.5,20.7,232.0,58.0,490.15,0.36,41.6,7.38,50.0,7.7,7.7,779.0,36.0,36.0,2072.0,0.23,360.0,3890.0,1.0,2991.048856,0,40.0
1.0,23.33720206,7.399913851,60.0,16.0,60.0,2.3622,960.0,2.62,700.0,148.0,1693.15,0.22,159.0,2.33,1.0,3.0,3.0,0.5,0.5,20.7,232.0,58.0,490.15,0.36,41.6,7.38,50.0,7.7,7.7,779.0,36.0,36.0,2072.0,0.23,360.0,3890.0,1.0,7673.497935,0,40.0
1.0,23.33720206,7.399913851,140.0,16.0,100.0,2.3622,960.0,2.62,700.0,148.0,1693.15,0.22,159.0,2.33,1.0,3.0,3.0,0.5,0.5,20.7,232.0,58.0,490.15,0.36,41.6,7.38,50.0,7.7,7.7,779.0,36.0,36.0,2072.0,0.23,360.0,3890.0,1.0,984.6299604,0,40.0
1.0,23.33720206,7.399913851,150.0,25.0,125.0,2.3622,960.0,2.62,700.0,148.0,1693.15,0.22,159.0,2.33,1.0,3.0,3.0,0.5,0.5,20.7,232.0,58.0,490.15,0.36,41.6,7.38,50.0,7.7,7.7,779.0,36.0,36.0,2072.0,0.23,360.0,3890.0,1.0,507.2115419,0,40.0
1.0,23.33720206,7.399913851,100.0,15.0,60.0,2.3622,960.0,2.62,700.0,148.0,1693.15,0.22,159.0,2.33,1.0,3.0,3.0,0.5,0.5,20.7,232.0,58.0,490.15,0.36,41.6,7.38,50.0,7.7,7.7,779.0,36.0,36.0,2072.0,0.23,360.0,3890.0,1.0,3769.167935,0,30.0
1.0,23.33720206,7.399913851,165.0,30.0,125.0,2.3622,960.0,2.62,700.0,148.0,1693.15,0.22,159.0,2.33,1.0,3.0,3.0,0.5,0.5,20.7,232.0,58.0,490.15,0.36,41.6,7.38,50.0,7.7,7.7,779.0,36.0,36.0,2072.0,0.23,360.0,3890.0,1.0,434.7753902,0,60.0
1.0,23.33720206,7.399913851,165.0,21.0,125.0,2.3622,960.0,2.62,700.0,148.0,1693.15,0.22,159.0,2.33,1.0,3.0,3.0,0.5,0.5,20.7,232.0,58.0,490.15,0.36,41.6,7.38,50.0,7.7,7.7,779.0,36.0,36.0,2072.0,0.23,360.0,3890.0,1.0,479.7874402,0,42.0
1.0,23.33720206,7.399913851,165.0,120.0,125.0,2.3622,960.0,2.62,700.0,148.0,1693.15,0.22,159.0,2.33,1.0,3.0,3.0,0.5,0.5,20.7,232.0,58.0,490.15,0.36,41.6,7.38,50.0,7.7,7.7,779.0,36.0,36.0,2072.0,0.23,360.0,3890.0,1.0,296.4667442,0,240.0
1.0,23.33720206,7.399913851,180.0,15.0,125.0,2.3622,960.0,2.62,700.0,148.0,1693.15,0.22,159.0,2.33,1.0,3.0,3.0,0.5,0.5,20.7,232.0,58.0,490.15,0.36,41.6,7.38,50.0,7.7,7.7,779.0,36.0,36.0,2072.0,0.23,360.0,3890.0,1.0,465.0506732,0,30.0
1.0,23.33720206,7.399913851,100.0,15.0,100.0,2.3622,960.0,2.62,700.0,148.0,1693.15,0.22,159.0,2.33,1.0,3.0,3.0,0.5,0.5,20.7,232.0,58.0,490.15,0.36,41.6,7.38,50.0,7.7,7.7,779.0,36.0,36.0,2072.0,0.23,360.0,3890.0,1.0,1672.928293,0,30.0
1.0,23.33720206,7.399913851,100.0,38.65,100.0,2.3622,960.0,2.62,700.0,148.0,1693.15,0.22,159.0,2.33,1.0,3.0,3.0,0.5,0.5,20.7,232.0,58.0,490.15,0.36,41.6,7.38,50.0,7.7,7.7,779.0,36.0,36.0,2072.0,0.23,360.0,3890.0,1.0,1288.080604,0,30.0
1.0,23.33720206,7.399913851,100.0,20.0,100.0,2.3622,960.0,2.62,700.0,148.0,1693.15,0.22,159.0,2.33,1.0,3.0,3.0,0.5,0.5,20.7,232.0,58.0,490.15,0.36,41.6,7.38,50.0,7.7,7.7,779.0,36.0,36.0,2072.0,0.23,360.0,3890.0,1.0,1545.145022,0,40.0
1.0,23.33720206,7.399913851,100.0,47.3,100.0,2.3622,960.0,2.62,700.0,148.0,1693.15,0.22,159.0,2.33,1.0,3.0,3.0,0.5,0.5,20.7,232.0,58.0,490.15,0.36,41.6,7.38,50.0,7.7,7.7,779.0,36.0,36.0,2072.0,0.23,360.0,3890.0,1.0,1218.195764,0,40.0
1.0,23.33720206,7.399913851,100.0,79.6,100.0,2.3622,960.0,2.62,700.0,148.0,1693.15,0.22,159.0,2.33,1.0,3.0,3.0,0.5,0.5,20.7,232.0,58.0,490.15,0.36,41.6,7.38,50.0,7.7,7.7,779.0,36.0,36.0,2072.0,0.23,360.0,3890.0,1.0,1055.070652,0,50.0
1.0,23.33720206,7.399913851,100.0,30.0,100.0,2.3622,960.0,2.62,700.0,148.0,1693.15,0.22,159.0,2.33,1.0,3.0,3.0,0.5,0.5,20.7,232.0,58.0,490.15,0.36,41.6,7.38,50.0,7.7,7.7,779.0,36.0,36.0,2072.0,0.23,360.0,3890.0,1.0,1381.442591,0,60.0
1.0,23.33720206,7.399913851,100.0,40.0,100.0,2.3622,960.0,2.62,700.0,148.0,1693.15,0.22,159.0,2.33,1.0,3.0,3.0,0.5,0.5,20.7,232.0,58.0,490.15,0.36,41.6,7.38,50.0,7.7,7.7,779.0,36.0,36.0,2072.0,0.23,360.0,3890.0,1.0,1275.92387,0,80.0
1.0,23.33720206,7.399913851,100.0,47.3,100.0,2.3622,960.0,2.62,700.0,148.0,1693.15,0.22,159.0,2.33,1.0,3.0,3.0,0.5,0.5,20.7,232.0,58.0,490.15,0.36,41.6,7.38,50.0,7.7,7.7,779.0,36.0,36.0,2072.0,0.23,360.0,3890.0,1.0,1218.195764,0,80.0
1.0,23.33720206,7.399913851,100.0,70.0,100.0,2.3622,960.0,2.62,700.0,148.0,1693.15,0.22,159.0,2.33,1.0,3.0,3.0,0.5,0.5,20.7,232.0,58.0,490.15,0.36,41.6,7.38,50.0,7.7,7.7,779.0,36.0,36.0,2072.0,0.23,360.0,3890.0,1.0,1093.195042,0,90.0
1.0,23.33720206,7.399913851,100.0,70.0,100.0,2.3622,960.0,2.62,700.0,148.0,1693.15,0.22,159.0,2.33,1.0,3.0,3.0,0.5,0.5,20.7,232.0,58.0,490.15,0.36,41.6,7.38,50.0,7.7,7.7,779.0,36.0,36.0,2072.0,0.23,360.0,3890.0,1.0,1093.195042,0,100.0
1.0,23.33720206,7.399913851,100.0,60.0,100.0,2.3622,960.0,2.62,700.0,148.0,1693.15,0.22,159.0,2.33,1.0,3.0,3.0,0.5,0.5,20.7,232.0,58.0,490.15,0.36,41.6,7.38,50.0,7.7,7.7,779.0,36.0,36.0,2072.0,0.23,360.0,3890.0,1.0,1140.744429,0,120.0
1.0,23.33720206,7.399913851,100.0,70.0,100.0,2.3622,960.0,2.62,700.0,148.0,1693.15,0.22,159.0,2.33,1.0,3.0,3.0,0.5,0.5,20.7,232.0,58.0,490.15,0.36,41.6,7.38,50.0,7.7,7.7,779.0,36.0,36.0,2072.0,0.23,360.0,3890.0,1.0,1093.195042,0,140.0
1.0,23.33720206,7.399913851,100.0,120.0,100.0,2.3622,960.0,2.62,700.0,148.0,1693.15,0.22,159.0,2.33,1.0,3.0,3.0,0.5,0.5,20.7,232.0,58.0,490.15,0.36,41.6,7.38,50.0,7.7,7.7,779.0,36.0,36.0,2072.0,0.23,360.0,3890.0,1.0,941.9847497,0,240.0
1.0,23.33720206,7.399913851,100.0,310.0,100.0,2.3622,960.0,2.62,700.0,148.0,1693.15,0.22,159.0,2.33,1.0,3.0,3.0,0.5,0.5,20.7,232.0,58.0,490.15,0.36,41.6,7.38,50.0,7.7,7.7,779.0,36.0,36.0,2072.0,0.23,360.0,3890.0,1.0,724.7690381,0,720.0
1.0,23.33720206,7.399913851,100.0,11.0,100.0,2.3622,960.0,2.62,700.0,148.0,1693.15,0.22,159.0,2.33,1.0,3.0,3.0,0.5,0.5,20.7,232.0,58.0,490.15,0.36,41.6,7.38,50.0,7.7,7.7,779.0,36.0,36.0,2072.0,0.23,360.0,3890.0,1.0,1822.556801,1,
1.0,23.33720206,7.399913851,100.0,31.0,100.0,2.3622,960.0,2.62,700.0,148.0,1693.15,0.22,159.0,2.33,1.0,3.0,3.0,0.5,0.5,20.7,232.0,58.0,490.15,0.36,41.6,7.38,50.0,7.7,7.7,779.0,36.0,36.0,2072.0,0.23,360.0,3890.0,1.0,1368.987971,1,
1.0,23.33720206,7.399913851,100.0,61.0,100.0,2.3622,960.0,2.62,700.0,148.0,1693.15,0.22,159.0,2.33,1.0,3.0,3.0,0.5,0.5,20.7,232.0,58.0,490.15,0.36,41.6,7.38,50.0,7.7,7.7,779.0,36.0,36.0,2072.0,0.23,360.0,3890.0,1.0,1135.548353,1,
1.0,23.33720206,7.399913851,125.0,44.8,100.0,2.3622,960.0,2.62,700.0,148.0,1693.15,0.22,159.0,2.33,1.0,3.0,3.0,0.5,0.5,20.7,232.0,58.0,490.15,0.36,41.6,7.38,50.0,7.7,7.7,779.0,36.0,36.0,2072.0,0.23,360.0,3890.0,1.0,899.4539223,0,40.0
1.0,23.33720206,7.399913851,75.0,44.8,75.0,2.3622,960.0,2.62,700.0,148.0,1693.15,0.22,159.0,2.33,1.0,3.0,3.0,0.5,0.5,20.7,232.0,58.0,490.15,0.36,41.6,7.38,50.0,7.7,7.7,779.0,36.0,36.0,2072.0,0.23,360.0,3890.0,1.0,3089.01486,0,40.0
1.0,23.33720206,7.399913851,60.0,16.0,60.0,2.3622,960.0,2.62,700.0,148.0,1693.15,0.22,159.0,2.33,1.0,3.0,3.0,0.5,0.5,20.7,232.0,58.0,490.15,0.36,41.6,7.38,50.0,7.7,7.7,779.0,36.0,36.0,2072.0,0.23,360.0,3890.0,1.0,7924.828478,0,40.0
1.0,23.33720206,7.399913851,140.0,16.0,100.0,2.3622,960.0,2.62,700.0,148.0,1693.15,0.22,159.0,2.33,1.0,3.0,3.0,0.5,0.5,20.7,232.0,58.0,490.15,0.36,41.6,7.38,50.0,7.7,7.7,779.0,36.0,36.0,2072.0,0.23,360.0,3890.0,1.0,1016.879605,0,40.0
1.0,23.33720206,7.399913851,150.0,25.0,125.0,2.3622,960.0,2.62,700.0,148.0,1693.15,0.22,159.0,2.33,1.0,3.0,3.0,0.5,0.5,20.7,232.0,58.0,490.15,0.36,41.6,7.38,50.0,7.7,7.7,779.0,36.0,36.0,2072.0,0.23,360.0,3890.0,1.0,523.8242723,0,40.0
1.0,23.33720206,7.399913851,100.0,15.0,60.0,2.3622,960.0,2.62,700.0,148.0,1693.15,0.22,159.0,2.33,1.0,3.0,3.0,0.5,0.5,20.7,232.0,58.0,490.15,0.36,41.6,7.38,50.0,7.7,7.7,779.0,36.0,36.0,2072.0,0.23,360.0,3890.0,1.0,3892.619721,0,30.0
1.0,23.33720206,7.399913851,165.0,30.0,125.0,2.3622,960.0,2.62,700.0,148.0,1693.15,0.22,159.0,2.33,1.0,3.0,3.0,0.5,0.5,20.7,232.0,58.0,490.15,0.36,41.6,7.38,50.0,7.7,7.7,779.0,36.0,36.0,2072.0,0.23,360.0,3890.0,1.0,420.6714849,0,60.0
1.0,23.33720206,7.399913851,165.0,21.0,125.0,2.3622,960.0,2.62,700.0,148.0,1693.15,0.22,159.0,2.33,1.0,3.0,3.0,0.5,0.5,20.7,232.0,58.0,490.15,0.36,41.6,7.38,50.0,7.7,7.7,779.0,36.0,36.0,2072.0,0.23,360.0,3890.0,1.0,464.2233656,0,42.0
1.0,23.33720206,7.399913851,165.0,120.0,125.0,2.3622,960.0,2.62,700.0,148.0,1693.15,0.22,159.0,2.33,1.0,3.0,3.0,0.5,0.5,20.7,232.0,58.0,490.15,0.36,41.6,7.38,50.0,7.7,7.7,779.0,36.0,36.0,2072.0,0.23,360.0,3890.0,1.0,286.8495051,0,240.0
1.0,23.33720206,7.399913851,180.0,15.0,125.0,2.3622,960.0,2.62,700.0,148.0,1693.15,0.22,159.0,2.33,1.0,3.0,3.0,0.5,0.5,20.7,232.0,58.0,490.15,0.36,41.6,7.38,50.0,7.7,7.7,779.0,36.0,36.0,2072.0,0.23,360.0,3890.0,1.0,449.9646523,0,30.0
1.0,23.33720206,7.399913851,100.0,15.0,100.0,2.3622,960.0,2.62,700.0,148.0,1693.15,0.22,159.0,2.33,1.0,3.0,3.0,0.5,0.5,20.7,232.0,58.0,490.15,0.36,41.6,7.38,50.0,7.7,7.7,779.0,36.0,36.0,2072.0,0.23,360.0,3890.0,1.0,1618.659301,0,30.0
1.0,23.33720206,7.399913851,100.0,38.65,100.0,2.3622,960.0,2.62,700.0,148.0,1693.15,0.22,159.0,2.33,1.0,3.0,3.0,0.5,0.5,20.7,232.0,58.0,490.15,0.36,41.6,7.38,50.0,7.7,7.7,779.0,36.0,36.0,2072.0,0.23,360.0,3890.0,1.0,1246.295886,0,30.0
1.0,23.33720206,7.399913851,100.0,20.0,100.0,2.3622,960.0,2.62,700.0,148.0,1693.15,0.22,159.0,2.33,1.0,3.0,3.0,0.5,0.5,20.7,232.0,58.0,490.15,0.36,41.6,7.38,50.0,7.7,7.7,779.0,36.0,36.0,2072.0,0.23,360.0,3890.0,1.0,1495.021259,0,40.0
1.0,23.33720206,7.399913851,100.0,47.3,100.0,2.3622,960.0,2.62,700.0,148.0,1693.15,0.22,159.0,2.33,1.0,3.0,3.0,0.5,0.5,20.7,232.0,58.0,490.15,0.36,41.6,7.38,50.0,7.7,7.7,779.0,36.0,36.0,2072.0,0.23,360.0,3890.0,1.0,1178.678077,0,40.0
1.0,23.33720206,7.399913851,100.0,79.6,100.0,2.3622,960.0,2.62,700.0,148.0,1693.15,0.22,159.0,2.33,1.0,3.0,3.0,0.5,0.5,20.7,232.0,58.0,490.15,0.36,41.6,7.38,50.0,7.7,7.7,779.0,36.0,36.0,2072.0,0.23,360.0,3890.0,1.0,1020.844665,0,50.0
1.0,23.33720206,7.399913851,100.0,30.0,100.0,2.3622,960.0,2.62,700.0,148.0,1693.15,0.22,159.0,2.33,1.0,3.0,3.0,0.5,0.5,20.7,232.0,58.0,490.15,0.36,41.6,7.38,50.0,7.7,7.7,779.0,36.0,36.0,2072.0,0.23,360.0,3890.0,1.0,1336.629255,0,60.0
1.0,23.33720206,7.399913851,100.0,40.0,100.0,2.3622,960.0,2.62,700.0,148.0,1693.15,0.22,159.0,2.33,1.0,3.0,3.0,0.5,0.5,20.7,232.0,58.0,490.15,0.36,41.6,7.38,50.0,7.7,7.7,779.0,36.0,36.0,2072.0,0.23,360.0,3890.0,1.0,1234.533511,0,80.0
1.0,23.33720206,7.399913851,100.0,47.3,100.0,2.3622,960.0,2.62,700.0,148.0,1693.15,0.22,159.0,2.33,1.0,3.0,3.0,0.5,0.5,20.7,232.0,58.0,490.15,0.36,41.6,7.38,50.0,7.7,7.7,779.0,36.0,36.0,2072.0,0.23,360.0,3890.0,1.0,1178.678077,0,80.0
1.0,23.33720206,7.399913851,100.0,70.0,100.0,2.3622,960.0,2.62,700.0,148.0,1693.15,0.22,159.0,2.33,1.0,3.0,3.0,0.5,0.5,20.7,232.0,58.0,490.15,0.36,41.6,7.38,50.0,7.7,7.7,779.0,36.0,36.0,2072.0,0.23,360.0,3890.0,1.0,1057.732319,0,90.0
1.0,23.33720206,7.399913851,100.0,70.0,100.0,2.3622,960.0,2.62,700.0,148.0,1693.15,0.22,159.0,2.33,1.0,3.0,3.0,0.5,0.5,20.7,232.0,58.0,490.15,0.36,41.6,7.38,50.0,7.7,7.7,779.0,36.0,36.0,2072.0,0.23,360.0,3890.0,1.0,1057.732319,0,100.0
1.0,23.33720206,7.399913851,100.0,60.0,100.0,2.3622,960.0,2.62,700.0,148.0,1693.15,0.22,159.0,2.33,1.0,3.0,3.0,0.5,0.5,20.7,232.0,58.0,490.15,0.36,41.6,7.38,50.0,7.7,7.7,779.0,36.0,36.0,2072.0,0.23,360.0,3890.0,1.0,1103.739227,0,120.0
1.0,23.33720206,7.399913851,100.0,70.0,100.0,2.3622,960.0,2.62,700.0,148.0,1693.15,0.22,159.0,2.33,1.0,3.0,3.0,0.5,0.5,20.7,232.0,58.0,490.15,0.36,41.6,7.38,50.0,7.7,7.7,779.0,36.0,36.0,2072.0,0.23,360.0,3890.0,1.0,1057.732319,0,140.0
1.0,23.33720206,7.399913851,100.0,120.0,100.0,2.3622,960.0,2.62,700.0,148.0,1693.15,0.22,159.0,2.33,1.0,3.0,3.0,0.5,0.5,20.7,232.0,58.0,490.15,0.36,41.6,7.38,50.0,7.7,7.7,779.0,36.0,36.0,2072.0,0.23,360.0,3890.0,1.0,911.427216,0,240.0
1.0,23.33720206,7.399913851,100.0,310.0,100.0,2.3622,960.0,2.62,700.0,148.0,1693.15,0.22,159.0,2.33,1.0,3.0,3.0,0.5,0.5,20.7,232.0,58.0,490.15,0.36,41.6,7.38,50.0,7.7,7.7,779.0,36.0,36.0,2072.0,0.23,360.0,3890.0,1.0,701.2578779,0,720.0
1.0,23.33720206,7.399913851,100.0,11.0,100.0,2.3622,960.0,2.62,700.0,148.0,1693.15,0.22,159.0,2.33,1.0,3.0,3.0,0.5,0.5,20.7,232.0,58.0,490.15,0.36,41.6,7.38,50.0,7.7,7.7,779.0,36.0,36.0,2072.0,0.23,360.0,3890.0,1.0,1763.433932,1,
1.0,23.33720206,7.399913851,100.0,31.0,100.0,2.3622,960.0,2.62,700.0,148.0,1693.15,0.22,159.0,2.33,1.0,3.0,3.0,0.5,0.5,20.7,232.0,58.0,490.15,0.36,41.6,7.38,50.0,7.7,7.7,779.0,36.0,36.0,2072.0,0.23,360.0,3890.0,1.0,1324.578658,1,
1.0,23.33720206,7.399913851,100.0,61.0,100.0,2.3622,960.0,2.62,700.0,148.0,1693.15,0.22,159.0,2.33,1.0,3.0,3.0,0.5,0.5,20.7,232.0,58.0,490.15,0.36,41.6,7.38,50.0,7.7,7.7,779.0,36.0,36.0,2072.0,0.23,360.0,3890.0,1.0,1098.711708,1,
1.0,23.33720206,7.399913851,125.0,44.8,100.0,2.3622,960.0,2.62,700.0,148.0,1693.15,0.22,159.0,2.33,1.0,3.0,3.0,0.5,0.5,20.7,232.0,58.0,490.15,0.36,41.6,7.38,50.0,7.7,7.7,779.0,36.0,36.0,2072.0,0.23,360.0,3890.0,1.0,870.2760682,0,40.0
1.0,23.33720206,7.399913851,75.0,44.8,75.0,2.3622,960.0,2.62,700.0,148.0,1693.15,0.22,159.0,2.33,1.0,3.0,3.0,0.5,0.5,20.7,232.0,58.0,490.15,0.36,41.6,7.38,50.0,7.7,7.7,779.0,36.0,36.0,2072.0,0.23,360.0,3890.0,1.0,2988.808699,0,40.0
1.0,23.33720206,7.399913851,60.0,16.0,60.0,2.3622,960.0,2.62,700.0,148.0,1693.15,0.22,159.0,2.33,1.0,3.0,3.0,0.5,0.5,20.7,232.0,58.0,490.15,0.36,41.6,7.38,50.0,7.7,7.7,779.0,36.0,36.0,2072.0,0.23,360.0,3890.0,1.0,7667.75084,0,40.0
1.0,23.33720206,7.399913851,140.0,16.0,100.0,2.3622,960.0,2.62,700.0,148.0,1693.15,0.22,159.0,2.33,1.0,3.0,3.0,0.5,0.5,20.7,232.0,58.0,490.15,0.36,41.6,7.38,50.0,7.7,7.7,779.0,36.0,36.0,2072.0,0.23,360.0,3890.0,1.0,983.8925182,0,40.0
1.0,23.33720206,7.399913851,150.0,25.0,125.0,2.3622,960.0,2.62,700.0,148.0,1693.15,0.22,159.0,2.33,1.0,3.0,3.0,0.5,0.5,20.7,232.0,58.0,490.15,0.36,41.6,7.38,50.0,7.7,7.7,779.0,36.0,36.0,2072.0,0.23,360.0,3890.0,1.0,506.831664,0,40.0
1.0,23.33720206,7.399913851,100.0,15.0,60.0,2.3622,960.0,2.62,700.0,148.0,1693.15,0.22,159.0,2.33,1.0,3.0,3.0,0.5,0.5,20.7,232.0,58.0,490.15,0.36,41.6,7.38,50.0,7.7,7.7,779.0,36.0,36.0,2072.0,0.23,360.0,3890.0,1.0,3766.345003,0,30.0
1.0,23.33720206,7.399913851,165.0,30.0,125.0,3.175,960.0,2.62,700.0,148.0,1693.15,0.22,159.0,2.33,1.0,3.0,3.0,0.5,0.5,20.7,232.0,58.0,490.15,0.36,41.6,7.38,50.0,7.7,7.7,779.0,36.0,36.0,2072.0,0.23,360.0,3890.0,1.0,342.0269635,0,60.0
1.0,23.33720206,7.399913851,165.0,21.0,125.0,3.175,960.0,2.62,700.0,148.0,1693.15,0.22,159.0,2.33,1.0,3.0,3.0,0.5,0.5,20.7,232.0,58.0,490.15,0.36,41.6,7.38,50.0,7.7,7.7,779.0,36.0,36.0,2072.0,0.23,360.0,3890.0,1.0,377.4368214,0,42.0
1.0,23.33720206,7.399913851,165.0,120.0,125.0,3.175,960.0,2.62,700.0,148.0,1693.15,0.22,159.0,2.33,1.0,3.0,3.0,0.5,0.5,20.7,232.0,58.0,490.15,0.36,41.6,7.38,50.0,7.7,7.7,779.0,36.0,36.0,2072.0,0.23,360.0,3890.0,1.0,233.2229988,0,240.0
1.0,23.33720206,7.399913851,180.0,15.0,125.0,3.175,960.0,2.62,700.0,148.0,1693.15,0.22,159.0,2.33,1.0,3.0,3.0,0.5,0.5,20.7,232.0,58.0,490.15,0.36,41.6,7.38,50.0,7.7,7.7,779.0,36.0,36.0,2072.0,0.23,360.0,3890.0,1.0,365.8437741,0,30.0
1.0,23.33720206,7.399913851,100.0,15.0,100.0,3.175,960.0,2.62,700.0,148.0,1693.15,0.22,159.0,2.33,1.0,3.0,3.0,0.5,0.5,20.7,232.0,58.0,490.15,0.36,41.6,7.38,50.0,7.7,7.7,779.0,36.0,36.0,2072.0,0.23,360.0,3890.0,1.0,1316.050994,0,30.0
1.0,23.33720206,7.399913851,100.0,38.65,100.0,3.175,960.0,2.62,700.0,148.0,1693.15,0.22,159.0,2.33,1.0,3.0,3.0,0.5,0.5,20.7,232.0,58.0,490.15,0.36,41.6,7.38,50.0,7.7,7.7,779.0,36.0,36.0,2072.0,0.23,360.0,3890.0,1.0,1013.300908,0,30.0
1.0,23.33720206,7.399913851,100.0,20.0,100.0,3.175,960.0,2.62,700.0,148.0,1693.15,0.22,159.0,2.33,1.0,3.0,3.0,0.5,0.5,20.7,232.0,58.0,490.15,0.36,41.6,7.38,50.0,7.7,7.7,779.0,36.0,36.0,2072.0,0.23,360.0,3890.0,1.0,1215.527079,0,40.0
1.0,23.33720206,7.399913851,100.0,47.3,100.0,3.175,960.0,2.62,700.0,148.0,1693.15,0.22,159.0,2.33,1.0,3.0,3.0,0.5,0.5,20.7,232.0,58.0,490.15,0.36,41.6,7.38,50.0,7.7,7.7,779.0,36.0,36.0,2072.0,0.23,360.0,3890.0,1.0,958.3242461,0,40.0
1.0,23.33720206,7.399913851,100.0,79.6,100.0,3.175,960.0,2.62,700.0,148.0,1693.15,0.22,159.0,2.33,1.0,3.0,3.0,0.5,0.5,20.7,232.0,58.0,490.15,0.36,41.6,7.38,50.0,7.7,7.7,779.0,36.0,36.0,2072.0,0.23,360.0,3890.0,1.0,829.997786,0,50.0
1.0,23.33720206,7.399913851,100.0,30.0,100.0,3.175,960.0,2.62,700.0,148.0,1693.15,0.22,159.0,2.33,1.0,3.0,3.0,0.5,0.5,20.7,232.0,58.0,490.15,0.36,41.6,7.38,50.0,7.7,7.7,779.0,36.0,36.0,2072.0,0.23,360.0,3890.0,1.0,1086.746456,0,60.0
1.0,23.33720206,7.399913851,100.0,40.0,100.0,3.175,960.0,2.62,700.0,148.0,1693.15,0.22,159.0,2.33,1.0,3.0,3.0,0.5,0.5,20.7,232.0,58.0,490.15,0.36,41.6,7.38,50.0,7.7,7.7,779.0,36.0,36.0,2072.0,0.23,360.0,3890.0,1.0,1003.737509,0,80.0
1.0,23.33720206,7.399913851,100.0,47.3,100.0,3.175,960.0,2.62,700.0,148.0,1693.15,0.22,159.0,2.33,1.0,3.0,3.0,0.5,0.5,20.7,232.0,58.0,490.15,0.36,41.6,7.38,50.0,7.7,7.7,779.0,36.0,36.0,2072.0,0.23,360.0,3890.0,1.0,958.3242461,0,80.0
1.0,23.33720206,7.399913851,100.0,70.0,100.0,3.175,960.0,2.62,700.0,148.0,1693.15,0.22,159.0,2.33,1.0,3.0,3.0,0.5,0.5,20.7,232.0,58.0,490.15,0.36,41.6,7.38,50.0,7.7,7.7,779.0,36.0,36.0,2072.0,0.23,360.0,3890.0,1.0,859.9892936,0,90.0
1.0,23.33720206,7.399913851,100.0,70.0,100.0,3.175,960.0,2.62,700.0,148.0,1693.15,0.22,159.0,2.33,1.0,3.0,3.0,0.5,0.5,20.7,232.0,58.0,490.15,0.36,41.6,7.38,50.0,7.7,7.7,779.0,36.0,36.0,2072.0,0.23,360.0,3890.0,1.0,859.9892936,0,100.0
1.0,23.33720206,7.399913851,100.0,60.0,100.0,3.175,960.0,2.62,700.0,148.0,1693.15,0.22,159.0,2.33,1.0,3.0,3.0,0.5,0.5,20.7,232.0,58.0,490.15,0.36,41.6,7.38,50.0,7.7,7.7,779.0,36.0,36.0,2072.0,0.23,360.0,3890.0,1.0,897.3952116,0,120.0
1.0,23.33720206,7.399913851,100.0,70.0,100.0,3.175,960.0,2.62,700.0,148.0,1693.15,0.22,159.0,2.33,1.0,3.0,3.0,0.5,0.5,20.7,232.0,58.0,490.15,0.36,41.6,7.38,50.0,7.7,7.7,779.0,36.0,36.0,2072.0,0.23,360.0,3890.0,1.0,859.9892936,0,140.0
1.0,23.33720206,7.399913851,100.0,120.0,100.0,3.175,960.0,2.62,700.0,148.0,1693.15,0.22,159.0,2.33,1.0,3.0,3.0,0.5,0.5,20.7,232.0,58.0,490.15,0.36,41.6,7.38,50.0,7.7,7.7,779.0,36.0,36.0,2072.0,0.23,360.0,3890.0,1.0,741.0359254,0,240.0
1.0,23.33720206,7.399913851,100.0,310.0,100.0,3.175,960.0,2.62,700.0,148.0,1693.15,0.22,159.0,2.33,1.0,3.0,3.0,0.5,0.5,20.7,232.0,58.0,490.15,0.36,41.6,7.38,50.0,7.7,7.7,779.0,36.0,36.0,2072.0,0.23,360.0,3890.0,1.0,570.1577388,0,720.0
1.0,23.33720206,7.399913851,100.0,11.0,100.0,3.175,960.0,2.62,700.0,148.0,1693.15,0.22,159.0,2.33,1.0,3.0,3.0,0.5,0.5,20.7,232.0,58.0,490.15,0.36,41.6,7.38,50.0,7.7,7.7,779.0,36.0,36.0,2072.0,0.23,360.0,3890.0,1.0,1433.760012,1,
1.0,23.33720206,7.399913851,100.0,31.0,100.0,3.175,960.0,2.62,700.0,148.0,1693.15,0.22,159.0,2.33,1.0,3.0,3.0,0.5,0.5,20.7,232.0,58.0,490.15,0.36,41.6,7.38,50.0,7.7,7.7,779.0,36.0,36.0,2072.0,0.23,360.0,3890.0,1.0,1076.948717,1,
1.0,23.33720206,7.399913851,100.0,61.0,100.0,3.175,960.0,2.62,700.0,148.0,1693.15,0.22,159.0,2.33,1.0,3.0,3.0,0.5,0.5,20.7,232.0,58.0,490.15,0.36,41.6,7.38,50.0,7.7,7.7,779.0,36.0,36.0,2072.0,0.23,360.0,3890.0,1.0,893.3075875,1,
1.0,23.33720206,7.399913851,125.0,44.8,100.0,3.175,960.0,2.62,700.0,148.0,1693.15,0.22,159.0,2.33,1.0,3.0,3.0,0.5,0.5,20.7,232.0,58.0,490.15,0.36,41.6,7.38,50.0,7.7,7.7,779.0,36.0,36.0,2072.0,0.23,360.0,3890.0,1.0,707.5779834,0,40.0
1.0,23.33720206,7.399913851,75.0,44.8,75.0,3.175,960.0,2.62,700.0,148.0,1693.15,0.22,159.0,2.33,1.0,3.0,3.0,0.5,0.5,20.7,232.0,58.0,490.15,0.36,41.6,7.38,50.0,7.7,7.7,779.0,36.0,36.0,2072.0,0.23,360.0,3890.0,1.0,2430.051003,0,40.0
1.0,23.33720206,7.399913851,60.0,16.0,60.0,3.175,960.0,2.62,700.0,148.0,1693.15,0.22,159.0,2.33,1.0,3.0,3.0,0.5,0.5,20.7,232.0,58.0,490.15,0.36,41.6,7.38,50.0,7.7,7.7,779.0,36.0,36.0,2072.0,0.23,360.0,3890.0,1.0,6234.265052,0,40.0
1.0,23.33720206,7.399913851,140.0,16.0,100.0,3.175,960.0,2.62,700.0,148.0,1693.15,0.22,159.0,2.33,1.0,3.0,3.0,0.5,0.5,20.7,232.0,58.0,490.15,0.36,41.6,7.38,50.0,7.7,7.7,779.0,36.0,36.0,2072.0,0.23,360.0,3890.0,1.0,799.9538415,0,40.0
1.0,23.33720206,7.399913851,150.0,25.0,125.0,3.175,960.0,2.62,700.0,148.0,1693.15,0.22,159.0,2.33,1.0,3.0,3.0,0.5,0.5,20.7,232.0,58.0,490.15,0.36,41.6,7.38,50.0,7.7,7.7,779.0,36.0,36.0,2072.0,0.23,360.0,3890.0,1.0,412.0794997,0,40.0
1.0,23.33720206,7.399913851,100.0,15.0,60.0,3.175,960.0,2.62,700.0,148.0,1693.15,0.22,159.0,2.33,1.0,3.0,3.0,0.5,0.5,20.7,232.0,58.0,490.15,0.36,41.6,7.38,50.0,7.7,7.7,779.0,36.0,36.0,2072.0,0.23,360.0,3890.0,1.0,3062.226918,0,30.0
1.0,23.33720206,7.399913851,165.0,30.0,125.0,3.175,960.0,2.62,700.0,148.0,1693.15,0.22,159.0,2.33,1.0,3.0,3.0,0.5,0.5,20.7,232.0,58.0,490.15,0.36,41.6,7.38,50.0,7.7,7.7,779.0,36.0,36.0,2072.0,0.23,360.0,3890.0,1.0,288.1135899,0,60.0
1.0,23.33720206,7.399913851,165.0,21.0,125.0,3.175,960.0,2.62,700.0,148.0,1693.15,0.22,159.0,2.33,1.0,3.0,3.0,0.5,0.5,20.7,232.0,58.0,490.15,0.36,41.6,7.38,50.0,7.7,7.7,779.0,36.0,36.0,2072.0,0.23,360.0,3890.0,1.0,317.9418268,0,42.0
1.0,23.33720206,7.399913851,165.0,120.0,125.0,3.175,960.0,2.62,700.0,148.0,1693.15,0.22,159.0,2.33,1.0,3.0,3.0,0.5,0.5,20.7,232.0,58.0,490.15,0.36,41.6,7.38,50.0,7.7,7.7,779.0,36.0,36.0,2072.0,0.23,360.0,3890.0,1.0,196.460287,0,240.0
1.0,23.33720206,7.399913851,180.0,15.0,125.0,3.175,960.0,2.62,700.0,148.0,1693.15,0.22,159.0,2.33,1.0,3.0,3.0,0.5,0.5,20.7,232.0,58.0,490.15,0.36,41.6,7.38,50.0,7.7,7.7,779.0,36.0,36.0,2072.0,0.23,360.0,3890.0,1.0,308.1761801,0,30.0
1.0,23.33720206,7.399913851,100.0,15.0,100.0,3.175,960.0,2.62,700.0,148.0,1693.15,0.22,159.0,2.33,1.0,3.0,3.0,0.5,0.5,20.7,232.0,58.0,490.15,0.36,41.6,7.38,50.0,7.7,7.7,779.0,36.0,36.0,2072.0,0.23,360.0,3890.0,1.0,1108.603171,0,30.0
1.0,23.33720206,7.399913851,100.0,38.65,100.0,3.175,960.0,2.62,700.0,148.0,1693.15,0.22,159.0,2.33,1.0,3.0,3.0,0.5,0.5,20.7,232.0,58.0,490.15,0.36,41.6,7.38,50.0,7.7,7.7,779.0,36.0,36.0,2072.0,0.23,360.0,3890.0,1.0,853.5752833,0,30.0
1.0,23.33720206,7.399913851,100.0,20.0,100.0,3.175,960.0,2.62,700.0,148.0,1693.15,0.22,159.0,2.33,1.0,3.0,3.0,0.5,0.5,20.7,232.0,58.0,490.15,0.36,41.6,7.38,50.0,7.7,7.7,779.0,36.0,36.0,2072.0,0.23,360.0,3890.0,1.0,1023.924742,0,40.0
1.0,23.33720206,7.399913851,100.0,47.3,100.0,3.175,960.0,2.62,700.0,148.0,1693.15,0.22,159.0,2.33,1.0,3.0,3.0,0.5,0.5,20.7,232.0,58.0,490.15,0.36,41.6,7.38,50.0,7.7,7.7,779.0,36.0,36.0,2072.0,0.23,360.0,3890.0,1.0,807.2645385,0,40.0
1.0,23.33720206,7.399913851,100.0,79.6,100.0,3.175,960.0,2.62,700.0,148.0,1693.15,0.22,159.0,2.33,1.0,3.0,3.0,0.5,0.5,20.7,232.0,58.0,490.15,0.36,41.6,7.38,50.0,7.7,7.7,779.0,36.0,36.0,2072.0,0.23,360.0,3890.0,1.0,699.166052,0,50.0
1.0,23.33720206,7.399913851,100.0,30.0,100.0,3.175,960.0,2.62,700.0,148.0,1693.15,0.22,159.0,2.33,1.0,3.0,3.0,0.5,0.5,20.7,232.0,58.0,490.15,0.36,41.6,7.38,50.0,7.7,7.7,779.0,36.0,36.0,2072.0,0.23,360.0,3890.0,1.0,915.443682,0,60.0
1.0,23.33720206,7.399913851,100.0,40.0,100.0,3.175,960.0,2.62,700.0,148.0,1693.15,0.22,159.0,2.33,1.0,3.0,3.0,0.5,0.5,20.7,232.0,58.0,490.15,0.36,41.6,7.38,50.0,7.7,7.7,779.0,36.0,36.0,2072.0,0.23,360.0,3890.0,1.0,845.5193532,0,80.0
1.0,23.33720206,7.399913851,100.0,47.3,100.0,3.175,960.0,2.62,700.0,148.0,1693.15,0.22,159.0,2.33,1.0,3.0,3.0,0.5,0.5,20.7,232.0,58.0,490.15,0.36,41.6,7.38,50.0,7.7,7.7,779.0,36.0,36.0,2072.0,0.23,360.0,3890.0,1.0,807.2645385,0,80.0
1.0,23.33720206,7.399913851,100.0,70.0,100.0,3.175,960.0,2.62,700.0,148.0,1693.15,0.22,159.0,2.33,1.0,3.0,3.0,0.5,0.5,20.7,232.0,58.0,490.15,0.36,41.6,7.38,50.0,7.7,7.7,779.0,36.0,36.0,2072.0,0.23,360.0,3890.0,1.0,724.4300278,0,90.0
1.0,23.33720206,7.399913851,100.0,70.0,100.0,3.175,960.0,2.62,700.0,148.0,1693.15,0.22,159.0,2.33,1.0,3.0,3.0,0.5,0.5,20.7,232.0,58.0,490.15,0.36,41.6,7.38,50.0,7.7,7.7,779.0,36.0,36.0,2072.0,0.23,360.0,3890.0,1.0,724.4300278,0,100.0
1.0,23.33720206,7.399913851,100.0,60.0,100.0,3.175,960.0,2.62,700.0,148.0,1693.15,0.22,159.0,2.33,1.0,3.0,3.0,0.5,0.5,20.7,232.0,58.0,490.15,0.36,41.6,7.38,50.0,7.7,7.7,779.0,36.0,36.0,2072.0,0.23,360.0,3890.0,1.0,755.9396877,0,120.0
1.0,23.33720206,7.399913851,100.0,70.0,100.0,3.175,960.0,2.62,700.0,148.0,1693.15,0.22,159.0,2.33,1.0,3.0,3.0,0.5,0.5,20.7,232.0,58.0,490.15,0.36,41.6,7.38,50.0,7.7,7.7,779.0,36.0,36.0,2072.0,0.23,360.0,3890.0,1.0,724.4300278,0,140.0
1.0,23.33720206,7.399913851,100.0,120.0,100.0,3.175,960.0,2.62,700.0,148.0,1693.15,0.22,159.0,2.33,1.0,3.0,3.0,0.5,0.5,20.7,232.0,58.0,490.15,0.36,41.6,7.38,50.0,7.7,7.7,779.0,36.0,36.0,2072.0,0.23,360.0,3890.0,1.0,624.2271619,0,240.0
1.0,23.33720206,7.399913851,100.0,310.0,100.0,3.175,960.0,2.62,700.0,148.0,1693.15,0.22,159.0,2.33,1.0,3.0,3.0,0.5,0.5,20.7,232.0,58.0,490.15,0.36,41.6,7.38,50.0,7.7,7.7,779.0,36.0,36.0,2072.0,0.23,360.0,3890.0,1.0,480.2843356,0,720.0
1.0,23.33720206,7.399913851,100.0,11.0,100.0,3.175,960.0,2.62,700.0,148.0,1693.15,0.22,159.0,2.33,1.0,3.0,3.0,0.5,0.5,20.7,232.0,58.0,490.15,0.36,41.6,7.38,50.0,7.7,7.7,779.0,36.0,36.0,2072.0,0.23,360.0,3890.0,1.0,1207.757833,1,
1.0,23.33720206,7.399913851,100.0,31.0,100.0,3.175,960.0,2.62,700.0,148.0,1693.15,0.22,159.0,2.33,1.0,3.0,3.0,0.5,0.5,20.7,232.0,58.0,490.15,0.36,41.6,7.38,50.0,7.7,7.7,779.0,36.0,36.0,2072.0,0.23,360.0,3890.0,1.0,907.1903512,1,
1.0,23.33720206,7.399913851,100.0,61.0,100.0,3.175,960.0,2.62,700.0,148.0,1693.15,0.22,159.0,2.33,1.0,3.0,3.0,0.5,0.5,20.7,232.0,58.0,490.15,0.36,41.6,7.38,50.0,7.7,7.7,779.0,36.0,36.0,2072.0,0.23,360.0,3890.0,1.0,752.4963918,1,
1.0,23.33720206,7.399913851,125.0,44.8,100.0,3.175,960.0,2.62,700.0,148.0,1693.15,0.22,159.0,2.33,1.0,3.0,3.0,0.5,0.5,20.7,232.0,58.0,490.15,0.36,41.6,7.38,50.0,7.7,7.7,779.0,36.0,36.0,2072.0,0.23,360.0,3890.0,1.0,596.0431624,0,40.0
1.0,23.33720206,7.399913851,75.0,44.8,75.0,3.175,960.0,2.62,700.0,148.0,1693.15,0.22,159.0,2.33,1.0,3.0,3.0,0.5,0.5,20.7,232.0,58.0,490.15,0.36,41.6,7.38,50.0,7.7,7.7,779.0,36.0,36.0,2072.0,0.23,360.0,3890.0,1.0,2047.004455,0,40.0
1.0,23.33720206,7.399913851,60.0,16.0,60.0,3.175,960.0,2.62,700.0,148.0,1693.15,0.22,159.0,2.33,1.0,3.0,3.0,0.5,0.5,20.7,232.0,58.0,490.15,0.36,41.6,7.38,50.0,7.7,7.7,779.0,36.0,36.0,2072.0,0.23,360.0,3890.0,1.0,5251.563988,0,40.0
1.0,23.33720206,7.399913851,140.0,16.0,100.0,3.175,960.0,2.62,700.0,148.0,1693.15,0.22,159.0,2.33,1.0,3.0,3.0,0.5,0.5,20.7,232.0,58.0,490.15,0.36,41.6,7.38,50.0,7.7,7.7,779.0,36.0,36.0,2072.0,0.23,360.0,3890.0,1.0,673.8579049,0,40.0
1.0,23.33720206,7.399913851,150.0,25.0,125.0,3.175,960.0,2.62,700.0,148.0,1693.15,0.22,159.0,2.33,1.0,3.0,3.0,0.5,0.5,20.7,232.0,58.0,490.15,0.36,41.6,7.38,50.0,7.7,7.7,779.0,36.0,36.0,2072.0,0.23,360.0,3890.0,1.0,347.1238138,0,40.0
1.0,23.33720206,7.399913851,100.0,15.0,60.0,3.175,960.0,2.62,700.0,148.0,1693.15,0.22,159.0,2.33,1.0,3.0,3.0,0.5,0.5,20.7,232.0,58.0,490.15,0.36,41.6,7.38,50.0,7.7,7.7,779.0,36.0,36.0,2072.0,0.23,360.0,3890.0,1.0,2579.531103,0,30.0
1.0,23.33720206,7.399913851,165.0,30.0,125.0,3.175,960.0,2.62,700.0,148.0,1693.15,0.22,159.0,2.33,1.0,3.0,3.0,0.5,0.5,20.7,232.0,58.0,490.15,0.36,41.6,7.38,50.0,7.7,7.7,779.0,36.0,36.0,2072.0,0.23,360.0,3890.0,1.0,321.1628714,0,60.0
1.0,23.33720206,7.399913851,165.0,21.0,125.0,3.175,960.0,2.62,700.0,148.0,1693.15,0.22,159.0,2.33,1.0,3.0,3.0,0.5,0.5,20.7,232.0,58.0,490.15,0.36,41.6,7.38,50.0,7.7,7.7,779.0,36.0,36.0,2072.0,0.23,360.0,3890.0,1.0,354.4126816,0,42.0
1.0,23.33720206,7.399913851,165.0,120.0,125.0,3.175,960.0,2.62,700.0,148.0,1693.15,0.22,159.0,2.33,1.0,3.0,3.0,0.5,0.5,20.7,232.0,58.0,490.15,0.36,41.6,7.38,50.0,7.7,7.7,779.0,36.0,36.0,2072.0,0.23,360.0,3890.0,1.0,218.9960908,0,240.0
1.0,23.33720206,7.399913851,180.0,15.0,125.0,3.175,960.0,2.62,700.0,148.0,1693.15,0.22,159.0,2.33,1.0,3.0,3.0,0.5,0.5,20.7,232.0,58.0,490.15,0.36,41.6,7.38,50.0,7.7,7.7,779.0,36.0,36.0,2072.0,0.23,360.0,3890.0,1.0,343.5268253,0,30.0
1.0,23.33720206,7.399913851,100.0,15.0,100.0,3.175,960.0,2.62,700.0,148.0,1693.15,0.22,159.0,2.33,1.0,3.0,3.0,0.5,0.5,20.7,232.0,58.0,490.15,0.36,41.6,7.38,50.0,7.7,7.7,779.0,36.0,36.0,2072.0,0.23,360.0,3890.0,1.0,1235.770162,0,30.0
1.0,23.33720206,7.399913851,100.0,38.65,100.0,3.175,960.0,2.62,700.0,148.0,1693.15,0.22,159.0,2.33,1.0,3.0,3.0,0.5,0.5,20.7,232.0,58.0,490.15,0.36,41.6,7.38,50.0,7.7,7.7,779.0,36.0,36.0,2072.0,0.23,360.0,3890.0,1.0,951.4882272,0,30.0
1.0,23.33720206,7.399913851,100.0,20.0,100.0,3.175,960.0,2.62,700.0,148.0,1693.15,0.22,159.0,2.33,1.0,3.0,3.0,0.5,0.5,20.7,232.0,58.0,490.15,0.36,41.6,7.38,50.0,7.7,7.7,779.0,36.0,36.0,2072.0,0.23,360.0,3890.0,1.0,1141.378338,0,40.0
1.0,23.33720206,7.399913851,100.0,47.3,100.0,3.175,960.0,2.62,700.0,148.0,1693.15,0.22,159.0,2.33,1.0,3.0,3.0,0.5,0.5,20.7,232.0,58.0,490.15,0.36,41.6,7.38,50.0,7.7,7.7,779.0,36.0,36.0,2072.0,0.23,360.0,3890.0,1.0,899.8652136,0,40.0
1.0,23.33720206,7.399913851,100.0,79.6,100.0,3.175,960.0,2.62,700.0,148.0,1693.15,0.22,159.0,2.33,1.0,3.0,3.0,0.5,0.5,20.7,232.0,58.0,490.15,0.36,41.6,7.38,50.0,7.7,7.7,779.0,36.0,36.0,2072.0,0.23,360.0,3890.0,1.0,779.3668354,0,50.0
1.0,23.33720206,7.399913851,100.0,30.0,100.0,3.175,960.0,2.62,700.0,148.0,1693.15,0.22,159.0,2.33,1.0,3.0,3.0,0.5,0.5,20.7,232.0,58.0,490.15,0.36,41.6,7.38,50.0,7.7,7.7,779.0,36.0,36.0,2072.0,0.23,360.0,3890.0,1.0,1020.453501,0,60.0
1.0,23.33720206,7.399913851,100.0,40.0,100.0,3.175,960.0,2.62,700.0,148.0,1693.15,0.22,159.0,2.33,1.0,3.0,3.0,0.5,0.5,20.7,232.0,58.0,490.15,0.36,41.6,7.38,50.0,7.7,7.7,779.0,36.0,36.0,2072.0,0.23,360.0,3890.0,1.0,942.5082078,0,80.0
1.0,23.33720206,7.399913851,100.0,47.3,100.0,3.175,960.0,2.62,700.0,148.0,1693.15,0.22,159.0,2.33,1.0,3.0,3.0,0.5,0.5,20.7,232.0,58.0,490.15,0.36,41.6,7.38,50.0,7.7,7.7,779.0,36.0,36.0,2072.0,0.23,360.0,3890.0,1.0,899.8652136,0,80.0
1.0,23.33720206,7.399913851,100.0,70.0,100.0,3.175,960.0,2.62,700.0,148.0,1693.15,0.22,159.0,2.33,1.0,3.0,3.0,0.5,0.5,20.7,232.0,58.0,490.15,0.36,41.6,7.38,50.0,7.7,7.7,779.0,36.0,36.0,2072.0,0.23,360.0,3890.0,1.0,807.5288219,0,90.0
1.0,23.33720206,7.399913851,100.0,70.0,100.0,3.175,960.0,2.62,700.0,148.0,1693.15,0.22,159.0,2.33,1.0,3.0,3.0,0.5,0.5,20.7,232.0,58.0,490.15,0.36,41.6,7.38,50.0,7.7,7.7,779.0,36.0,36.0,2072.0,0.23,360.0,3890.0,1.0,807.5288219,0,100.0
1.0,23.33720206,7.399913851,100.0,60.0,100.0,3.175,960.0,2.62,700.0,148.0,1693.15,0.22,159.0,2.33,1.0,3.0,3.0,0.5,0.5,20.7,232.0,58.0,490.15,0.36,41.6,7.38,50.0,7.7,7.7,779.0,36.0,36.0,2072.0,0.23,360.0,3890.0,1.0,842.6529299,0,120.0
1.0,23.33720206,7.399913851,100.0,70.0,100.0,3.175,960.0,2.62,700.0,148.0,1693.15,0.22,159.0,2.33,1.0,3.0,3.0,0.5,0.5,20.7,232.0,58.0,490.15,0.36,41.6,7.38,50.0,7.7,7.7,779.0,36.0,36.0,2072.0,0.23,360.0,3890.0,1.0,807.5288219,0,140.0
1.0,23.33720206,7.399913851,100.0,120.0,100.0,3.175,960.0,2.62,700.0,148.0,1693.15,0.22,159.0,2.33,1.0,3.0,3.0,0.5,0.5,20.7,232.0,58.0,490.15,0.36,41.6,7.38,50.0,7.7,7.7,779.0,36.0,36.0,2072.0,0.23,360.0,3890.0,1.0,695.8317647,0,240.0
1.0,23.33720206,7.399913851,100.0,310.0,100.0,3.175,960.0,2.62,700.0,148.0,1693.15,0.22,159.0,2.33,1.0,3.0,3.0,0.5,0.5,20.7,232.0,58.0,490.15,0.36,41.6,7.38,50.0,7.7,7.7,779.0,36.0,36.0,2072.0,0.23,360.0,3890.0,1.0,535.3773709,0,720.0
1.0,23.33720206,7.399913851,100.0,11.0,100.0,3.175,960.0,2.62,700.0,148.0,1693.15,0.22,159.0,2.33,1.0,3.0,3.0,0.5,0.5,20.7,232.0,58.0,490.15,0.36,41.6,7.38,50.0,7.7,7.7,779.0,36.0,36.0,2072.0,0.23,360.0,3890.0,1.0,1346.298776,1,
1.0,23.33720206,7.399913851,100.0,31.0,100.0,3.175,960.0,2.62,700.0,148.0,1693.15,0.22,159.0,2.33,1.0,3.0,3.0,0.5,0.5,20.7,232.0,58.0,490.15,0.36,41.6,7.38,50.0,7.7,7.7,779.0,36.0,36.0,2072.0,0.23,360.0,3890.0,1.0,1011.253437,1,
1.0,23.33720206,7.399913851,100.0,61.0,100.0,3.175,960.0,2.62,700.0,148.0,1693.15,0.22,159.0,2.33,1.0,3.0,3.0,0.5,0.5,20.7,232.0,58.0,490.15,0.36,41.6,7.38,50.0,7.7,7.7,779.0,36.0,36.0,2072.0,0.23,360.0,3890.0,1.0,838.8146562,1,
1.0,23.33720206,7.399913851,125.0,44.8,100.0,3.175,960.0,2.62,700.0,148.0,1693.15,0.22,159.0,2.33,1.0,3.0,3.0,0.5,0.5,20.7,232.0,58.0,490.15,0.36,41.6,7.38,50.0,7.7,7.7,779.0,36.0,36.0,2072.0,0.23,360.0,3890.0,1.0,664.4148009,0,40.0
1.0,23.33720206,7.399913851,75.0,44.8,75.0,3.175,960.0,2.62,700.0,148.0,1693.15,0.22,159.0,2.33,1.0,3.0,3.0,0.5,0.5,20.7,232.0,58.0,490.15,0.36,41.6,7.38,50.0,7.7,7.7,779.0,36.0,36.0,2072.0,0.23,360.0,3890.0,1.0,2281.814713,0,40.0
1.0,23.33720206,7.399913851,60.0,16.0,60.0,3.175,960.0,2.62,700.0,148.0,1693.15,0.22,159.0,2.33,1.0,3.0,3.0,0.5,0.5,20.7,232.0,58.0,490.15,0.36,41.6,7.38,50.0,7.7,7.7,779.0,36.0,36.0,2072.0,0.23,360.0,3890.0,1.0,5853.966729,0,40.0
1.0,23.33720206,7.399913851,140.0,16.0,100.0,3.175,960.0,2.62,700.0,148.0,1693.15,0.22,159.0,2.33,1.0,3.0,3.0,0.5,0.5,20.7,232.0,58.0,490.15,0.36,41.6,7.38,50.0,7.7,7.7,779.0,36.0,36.0,2072.0,0.23,360.0,3890.0,1.0,751.1556109,0,40.0
1.0,23.33720206,7.399913851,150.0,25.0,125.0,3.175,960.0,2.62,700.0,148.0,1693.15,0.22,159.0,2.33,1.0,3.0,3.0,0.5,0.5,20.7,232.0,58.0,490.15,0.36,41.6,7.38,50.0,7.7,7.7,779.0,36.0,36.0,2072.0,0.23,360.0,3890.0,1.0,386.9421112,0,40.0
1.0,23.33720206,7.399913851,100.0,15.0,60.0,3.175,960.0,2.62,700.0,148.0,1693.15,0.22,159.0,2.33,1.0,3.0,3.0,0.5,0.5,20.7,232.0,58.0,490.15,0.36,41.6,7.38,50.0,7.7,7.7,779.0,36.0,36.0,2072.0,0.23,360.0,3890.0,1.0,2875.42707,0,30.0
1.0,23.33720206,7.399913851,165.0,30.0,125.0,3.175,960.0,2.62,700.0,148.0,1693.15,0.22,159.0,2.33,1.0,3.0,3.0,0.5,0.5,20.7,232.0,58.0,490.15,0.36,41.6,7.38,50.0,7.7,7.7,779.0,36.0,36.0,2072.0,0.23,360.0,3890.0,1.0,409.4149977,0,60.0
1.0,23.33720206,7.399913851,165.0,21.0,125.0,3.175,960.0,2.62,700.0,148.0,1693.15,0.22,159.0,2.33,1.0,3.0,3.0,0.5,0.5,20.7,232.0,58.0,490.15,0.36,41.6,7.38,50.0,7.7,7.7,779.0,36.0,36.0,2072.0,0.23,360.0,3890.0,1.0,451.8015006,0,42.0
1.0,23.33720206,7.399913851,165.0,120.0,125.0,3.175,960.0,2.62,700.0,148.0,1693.15,0.22,159.0,2.33,1.0,3.0,3.0,0.5,0.5,20.7,232.0,58.0,490.15,0.36,41.6,7.38,50.0,7.7,7.7,779.0,36.0,36.0,2072.0,0.23,360.0,3890.0,1.0,279.1738772,0,240.0
1.0,23.33720206,7.399913851,180.0,15.0,125.0,3.175,960.0,2.62,700.0,148.0,1693.15,0.22,159.0,2.33,1.0,3.0,3.0,0.5,0.5,20.7,232.0,58.0,490.15,0.36,41.6,7.38,50.0,7.7,7.7,779.0,36.0,36.0,2072.0,0.23,360.0,3890.0,1.0,437.9243273,0,30.0
1.0,23.33720206,7.399913851,100.0,15.0,100.0,3.175,960.0,2.62,700.0,148.0,1693.15,0.22,159.0,2.33,1.0,3.0,3.0,0.5,0.5,20.7,232.0,58.0,490.15,0.36,41.6,7.38,50.0,7.7,7.7,779.0,36.0,36.0,2072.0,0.23,360.0,3890.0,1.0,1575.346602,0,30.0
1.0,23.33720206,7.399913851,100.0,38.65,100.0,3.175,960.0,2.62,700.0,148.0,1693.15,0.22,159.0,2.33,1.0,3.0,3.0,0.5,0.5,20.7,232.0,58.0,490.15,0.36,41.6,7.38,50.0,7.7,7.7,779.0,36.0,36.0,2072.0,0.23,360.0,3890.0,1.0,1212.947028,0,30.0
1.0,23.33720206,7.399913851,100.0,20.0,100.0,3.175,960.0,2.62,700.0,148.0,1693.15,0.22,159.0,2.33,1.0,3.0,3.0,0.5,0.5,20.7,232.0,58.0,490.15,0.36,41.6,7.38,50.0,7.7,7.7,779.0,36.0,36.0,2072.0,0.23,360.0,3890.0,1.0,1455.016912,0,40.0
1.0,23.33720206,7.399913851,100.0,47.3,100.0,3.175,960.0,2.62,700.0,148.0,1693.15,0.22,159.0,2.33,1.0,3.0,3.0,0.5,0.5,20.7,232.0,58.0,490.15,0.36,41.6,7.38,50.0,7.7,7.7,779.0,36.0,36.0,2072.0,0.23,360.0,3890.0,1.0,1147.138562,0,40.0
1.0,23.33720206,7.399913851,100.0,79.6,100.0,3.175,960.0,2.62,700.0,148.0,1693.15,0.22,159.0,2.33,1.0,3.0,3.0,0.5,0.5,20.7,232.0,58.0,490.15,0.36,41.6,7.38,50.0,7.7,7.7,779.0,36.0,36.0,2072.0,0.23,360.0,3890.0,1.0,993.5285165,0,50.0
1.0,23.33720206,7.399913851,100.0,30.0,100.0,3.175,960.0,2.62,700.0,148.0,1693.15,0.22,159.0,2.33,1.0,3.0,3.0,0.5,0.5,20.7,232.0,58.0,490.15,0.36,41.6,7.38,50.0,7.7,7.7,779.0,36.0,36.0,2072.0,0.23,360.0,3890.0,1.0,1300.863222,0,60.0
1.0,23.33720206,7.399913851,100.0,40.0,100.0,3.175,960.0,2.62,700.0,148.0,1693.15,0.22,159.0,2.33,1.0,3.0,3.0,0.5,0.5,20.7,232.0,58.0,490.15,0.36,41.6,7.38,50.0,7.7,7.7,779.0,36.0,36.0,2072.0,0.23,360.0,3890.0,1.0,1201.499395,0,80.0
1.0,23.33720206,7.399913851,100.0,47.3,100.0,3.175,960.0,2.62,700.0,148.0,1693.15,0.22,159.0,2.33,1.0,3.0,3.0,0.5,0.5,20.7,232.0,58.0,490.15,0.36,41.6,7.38,50.0,7.7,7.7,779.0,36.0,36.0,2072.0,0.23,360.0,3890.0,1.0,1147.138562,0,80.0
1.0,23.33720206,7.399913851,100.0,70.0,100.0,3.175,960.0,2.62,700.0,148.0,1693.15,0.22,159.0,2.33,1.0,3.0,3.0,0.5,0.5,20.7,232.0,58.0,490.15,0.36,41.6,7.38,50.0,7.7,7.7,779.0,36.0,36.0,2072.0,0.23,360.0,3890.0,1.0,1029.429116,0,90.0
1.0,23.33720206,7.399913851,100.0,70.0,100.0,3.175,960.0,2.62,700.0,148.0,1693.15,0.22,159.0,2.33,1.0,3.0,3.0,0.5,0.5,20.7,232.0,58.0,490.15,0.36,41.6,7.38,50.0,7.7,7.7,779.0,36.0,36.0,2072.0,0.23,360.0,3890.0,1.0,1029.429116,0,100.0
1.0,23.33720206,7.399913851,100.0,60.0,100.0,3.175,960.0,2.62,700.0,148.0,1693.15,0.22,159.0,2.33,1.0,3.0,3.0,0.5,0.5,20.7,232.0,58.0,490.15,0.36,41.6,7.38,50.0,7.7,7.7,779.0,36.0,36.0,2072.0,0.23,360.0,3890.0,1.0,1074.204954,0,120.0
1.0,23.33720206,7.399913851,100.0,70.0,100.0,3.175,960.0,2.62,700.0,148.0,1693.15,0.22,159.0,2.33,1.0,3.0,3.0,0.5,0.5,20.7,232.0,58.0,490.15,0.36,41.6,7.38,50.0,7.7,7.7,779.0,36.0,36.0,2072.0,0.23,360.0,3890.0,1.0,1029.429116,0,140.0
1.0,23.33720206,7.399913851,100.0,120.0,100.0,3.175,960.0,2.62,700.0,148.0,1693.15,0.22,159.0,2.33,1.0,3.0,3.0,0.5,0.5,20.7,232.0,58.0,490.15,0.36,41.6,7.38,50.0,7.7,7.7,779.0,36.0,36.0,2072.0,0.23,360.0,3890.0,1.0,887.0389006,0,240.0
1.0,23.33720206,7.399913851,100.0,310.0,100.0,3.175,960.0,2.62,700.0,148.0,1693.15,0.22,159.0,2.33,1.0,3.0,3.0,0.5,0.5,20.7,232.0,58.0,490.15,0.36,41.6,7.38,50.0,7.7,7.7,779.0,36.0,36.0,2072.0,0.23,360.0,3890.0,1.0,682.4933535,0,720.0
1.0,23.33720206,7.399913851,100.0,11.0,100.0,3.175,960.0,2.62,700.0,148.0,1693.15,0.22,159.0,2.33,1.0,3.0,3.0,0.5,0.5,20.7,232.0,58.0,490.15,0.36,41.6,7.38,50.0,7.7,7.7,779.0,36.0,36.0,2072.0,0.23,360.0,3890.0,1.0,1716.247298,1,
1.0,23.33720206,7.399913851,100.0,31.0,100.0,3.175,960.0,2.62,700.0,148.0,1693.15,0.22,159.0,2.33,1.0,3.0,3.0,0.5,0.5,20.7,232.0,58.0,490.15,0.36,41.6,7.38,50.0,7.7,7.7,779.0,36.0,36.0,2072.0,0.23,360.0,3890.0,1.0,1289.135079,1,
1.0,23.33720206,7.399913851,100.0,61.0,100.0,3.175,960.0,2.62,700.0,148.0,1693.15,0.22,159.0,2.33,1.0,3.0,3.0,0.5,0.5,20.7,232.0,58.0,490.15,0.36,41.6,7.38,50.0,7.7,7.7,779.0,36.0,36.0,2072.0,0.23,360.0,3890.0,1.0,1069.311963,1,
1.0,23.33720206,7.399913851,125.0,44.8,100.0,3.175,960.0,2.62,700.0,148.0,1693.15,0.22,159.0,2.33,1.0,3.0,3.0,0.5,0.5,20.7,232.0,58.0,490.15,0.36,41.6,7.38,50.0,7.7,7.7,779.0,36.0,36.0,2072.0,0.23,360.0,3890.0,1.0,846.9888908,0,40.0
1.0,23.33720206,7.399913851,75.0,44.8,75.0,3.175,960.0,2.62,700.0,148.0,1693.15,0.22,159.0,2.33,1.0,3.0,3.0,0.5,0.5,20.7,232.0,58.0,490.15,0.36,41.6,7.38,50.0,7.7,7.7,779.0,36.0,36.0,2072.0,0.23,360.0,3890.0,1.0,2908.833022,0,40.0
1.0,23.33720206,7.399913851,60.0,16.0,60.0,3.175,960.0,2.62,700.0,148.0,1693.15,0.22,159.0,2.33,1.0,3.0,3.0,0.5,0.5,20.7,232.0,58.0,490.15,0.36,41.6,7.38,50.0,7.7,7.7,779.0,36.0,36.0,2072.0,0.23,360.0,3890.0,1.0,7462.574253,0,40.0
1.0,23.33720206,7.399913851,140.0,16.0,100.0,3.175,960.0,2.62,700.0,148.0,1693.15,0.22,159.0,2.33,1.0,3.0,3.0,0.5,0.5,20.7,232.0,58.0,490.15,0.36,41.6,7.38,50.0,7.7,7.7,779.0,36.0,36.0,2072.0,0.23,360.0,3890.0,1.0,957.5651488,0,40.0
1.0,23.33720206,7.399913851,150.0,25.0,125.0,3.175,960.0,2.62,700.0,148.0,1693.15,0.22,159.0,2.33,1.0,3.0,3.0,0.5,0.5,20.7,232.0,58.0,490.15,0.36,41.6,7.38,50.0,7.7,7.7,779.0,36.0,36.0,2072.0,0.23,360.0,3890.0,1.0,493.26967,0,40.0
1.0,23.33720206,7.399913851,100.0,15.0,60.0,3.175,960.0,2.62,700.0,148.0,1693.15,0.22,159.0,2.33,1.0,3.0,3.0,0.5,0.5,20.7,232.0,58.0,490.15,0.36,41.6,7.38,50.0,7.7,7.7,779.0,36.0,36.0,2072.0,0.23,360.0,3890.0,1.0,3665.563714,0,30.0
1.0,23.33720206,7.399913851,165.0,30.0,125.0,3.175,960.0,2.62,700.0,148.0,1693.15,0.22,159.0,2.33,1.0,3.0,3.0,0.5,0.5,20.7,232.0,58.0,490.15,0.36,41.6,7.38,50.0,7.7,7.7,779.0,36.0,36.0,2072.0,0.23,360.0,3890.0,1.0,460.2517202,0,60.0
1.0,23.33720206,7.399913851,165.0,21.0,125.0,3.175,960.0,2.62,700.0,148.0,1693.15,0.22,159.0,2.33,1.0,3.0,3.0,0.5,0.5,20.7,232.0,58.0,490.15,0.36,41.6,7.38,50.0,7.7,7.7,779.0,36.0,36.0,2072.0,0.23,360.0,3890.0,1.0,507.9013202,0,42.0
1.0,23.33720206,7.399913851,165.0,120.0,125.0,3.175,960.0,2.62,700.0,148.0,1693.15,0.22,159.0,2.33,1.0,3.0,3.0,0.5,0.5,20.7,232.0,58.0,490.15,0.36,41.6,7.38,50.0,7.7,7.7,779.0,36.0,36.0,2072.0,0.23,360.0,3890.0,1.0,313.8386672,0,240.0
1.0,23.33720206,7.399913851,180.0,15.0,125.0,3.175,960.0,2.62,700.0,148.0,1693.15,0.22,159.0,2.33,1.0,3.0,3.0,0.5,0.5,20.7,232.0,58.0,490.15,0.36,41.6,7.38,50.0,7.7,7.7,779.0,36.0,36.0,2072.0,0.23,360.0,3890.0,1.0,492.3010297,0,30.0
1.0,23.33720206,7.399913851,100.0,15.0,100.0,3.175,960.0,2.62,700.0,148.0,1693.15,0.22,159.0,2.33,1.0,3.0,3.0,0.5,0.5,20.7,232.0,58.0,490.15,0.36,41.6,7.38,50.0,7.7,7.7,779.0,36.0,36.0,2072.0,0.23,360.0,3890.0,1.0,1770.956089,0,30.0
1.0,23.33720206,7.399913851,100.0,38.65,100.0,3.175,960.0,2.62,700.0,148.0,1693.15,0.22,159.0,2.33,1.0,3.0,3.0,0.5,0.5,20.7,232.0,58.0,490.15,0.36,41.6,7.38,50.0,7.7,7.7,779.0,36.0,36.0,2072.0,0.23,360.0,3890.0,1.0,1363.55766,0,30.0
1.0,23.33720206,7.399913851,100.0,20.0,100.0,3.175,960.0,2.62,700.0,148.0,1693.15,0.22,159.0,2.33,1.0,3.0,3.0,0.5,0.5,20.7,232.0,58.0,490.15,0.36,41.6,7.38,50.0,7.7,7.7,779.0,36.0,36.0,2072.0,0.23,360.0,3890.0,1.0,1635.685162,0,40.0
1.0,23.33720206,7.399913851,100.0,47.3,100.0,3.175,960.0,2.62,700.0,148.0,1693.15,0.22,159.0,2.33,1.0,3.0,3.0,0.5,0.5,20.7,232.0,58.0,490.15,0.36,41.6,7.38,50.0,7.7,7.7,779.0,36.0,36.0,2072.0,0.23,360.0,3890.0,1.0,1289.577811,0,40.0
1.0,23.33720206,7.399913851,100.0,79.6,100.0,3.175,960.0,2.62,700.0,148.0,1693.15,0.22,159.0,2.33,1.0,3.0,3.0,0.5,0.5,20.7,232.0,58.0,490.15,0.36,41.6,7.38,50.0,7.7,7.7,779.0,36.0,36.0,2072.0,0.23,360.0,3890.0,1.0,1116.894133,0,50.0
1.0,23.33720206,7.399913851,100.0,30.0,100.0,3.175,960.0,2.62,700.0,148.0,1693.15,0.22,159.0,2.33,1.0,3.0,3.0,0.5,0.5,20.7,232.0,58.0,490.15,0.36,41.6,7.38,50.0,7.7,7.7,779.0,36.0,36.0,2072.0,0.23,360.0,3890.0,1.0,1462.390335,0,60.0
1.0,23.33720206,7.399913851,100.0,40.0,100.0,3.175,960.0,2.62,700.0,148.0,1693.15,0.22,159.0,2.33,1.0,3.0,3.0,0.5,0.5,20.7,232.0,58.0,490.15,0.36,41.6,7.38,50.0,7.7,7.7,779.0,36.0,36.0,2072.0,0.23,360.0,3890.0,1.0,1350.688584,0,80.0
1.0,23.33720206,7.399913851,100.0,47.3,100.0,3.175,960.0,2.62,700.0,148.0,1693.15,0.22,159.0,2.33,1.0,3.0,3.0,0.5,0.5,20.7,232.0,58.0,490.15,0.36,41.6,7.38,50.0,7.7,7.7,779.0,36.0,36.0,2072.0,0.23,360.0,3890.0,1.0,1289.577811,0,80.0
1.0,23.33720206,7.399913851,100.0,70.0,100.0,3.175,960.0,2.62,700.0,148.0,1693.15,0.22,159.0,2.33,1.0,3.0,3.0,0.5,0.5,20.7,232.0,58.0,490.15,0.36,41.6,7.38,50.0,7.7,7.7,779.0,36.0,36.0,2072.0,0.23,360.0,3890.0,1.0,1157.25248,0,90.0
1.0,23.33720206,7.399913851,100.0,70.0,100.0,3.175,960.0,2.62,700.0,148.0,1693.15,0.22,159.0,2.33,1.0,3.0,3.0,0.5,0.5,20.7,232.0,58.0,490.15,0.36,41.6,7.38,50.0,7.7,7.7,779.0,36.0,36.0,2072.0,0.23,360.0,3890.0,1.0,1157.25248,0,100.0
1.0,23.33720206,7.399913851,100.0,60.0,100.0,3.175,960.0,2.62,700.0,148.0,1693.15,0.22,159.0,2.33,1.0,3.0,3.0,0.5,0.5,20.7,232.0,58.0,490.15,0.36,41.6,7.38,50.0,7.7,7.7,779.0,36.0,36.0,2072.0,0.23,360.0,3890.0,1.0,1207.588097,0,120.0
1.0,23.33720206,7.399913851,100.0,70.0,100.0,3.175,960.0,2.62,700.0,148.0,1693.15,0.22,159.0,2.33,1.0,3.0,3.0,0.5,0.5,20.7,232.0,58.0,490.15,0.36,41.6,7.38,50.0,7.7,7.7,779.0,36.0,36.0,2072.0,0.23,360.0,3890.0,1.0,1157.25248,0,140.0
1.0,23.33720206,7.399913851,100.0,120.0,100.0,3.175,960.0,2.62,700.0,148.0,1693.15,0.22,159.0,2.33,1.0,3.0,3.0,0.5,0.5,20.7,232.0,58.0,490.15,0.36,41.6,7.38,50.0,7.7,7.7,779.0,36.0,36.0,2072.0,0.23,360.0,3890.0,1.0,997.1817891,0,240.0
1.0,23.33720206,7.399913851,100.0,310.0,100.0,3.175,960.0,2.62,700.0,148.0,1693.15,0.22,159.0,2.33,1.0,3.0,3.0,0.5,0.5,20.7,232.0,58.0,490.15,0.36,41.6,7.38,50.0,7.7,7.7,779.0,36.0,36.0,2072.0,0.23,360.0,3890.0,1.0,767.2379901,0,720.0
1.0,23.33720206,7.399913851,100.0,11.0,100.0,3.175,960.0,2.62,700.0,148.0,1693.15,0.22,159.0,2.33,1.0,3.0,3.0,0.5,0.5,20.7,232.0,58.0,490.15,0.36,41.6,7.38,50.0,7.7,7.7,779.0,36.0,36.0,2072.0,0.23,360.0,3890.0,1.0,1929.352309,1,
1.0,23.33720206,7.399913851,100.0,31.0,100.0,3.175,960.0,2.62,700.0,148.0,1693.15,0.22,159.0,2.33,1.0,3.0,3.0,0.5,0.5,20.7,232.0,58.0,490.15,0.36,41.6,7.38,50.0,7.7,7.7,779.0,36.0,36.0,2072.0,0.23,360.0,3890.0,1.0,1449.205918,1,
1.0,23.33720206,7.399913851,100.0,61.0,100.0,3.175,960.0,2.62,700.0,148.0,1693.15,0.22,159.0,2.33,1.0,3.0,3.0,0.5,0.5,20.7,232.0,58.0,490.15,0.36,41.6,7.38,50.0,7.7,7.7,779.0,36.0,36.0,2072.0,0.23,360.0,3890.0,1.0,1202.087548,1,
1.0,23.33720206,7.399913851,125.0,44.8,100.0,3.175,960.0,2.62,700.0,148.0,1693.15,0.22,159.0,2.33,1.0,3.0,3.0,0.5,0.5,20.7,232.0,58.0,490.15,0.36,41.6,7.38,50.0,7.7,7.7,779.0,36.0,36.0,2072.0,0.23,360.0,3890.0,1.0,952.1588026,0,40.0
1.0,23.33720206,7.399913851,75.0,44.8,75.0,3.175,960.0,2.62,700.0,148.0,1693.15,0.22,159.0,2.33,1.0,3.0,3.0,0.5,0.5,20.7,232.0,58.0,490.15,0.36,41.6,7.38,50.0,7.7,7.7,779.0,36.0,36.0,2072.0,0.23,360.0,3890.0,1.0,3270.020418,0,40.0
1.0,23.33720206,7.399913851,60.0,16.0,60.0,3.175,960.0,2.62,700.0,148.0,1693.15,0.22,159.0,2.33,1.0,3.0,3.0,0.5,0.5,20.7,232.0,58.0,490.15,0.36,41.6,7.38,50.0,7.7,7.7,779.0,36.0,36.0,2072.0,0.23,360.0,3890.0,1.0,8389.195941,0,40.0
1.0,23.33720206,7.399913851,140.0,16.0,100.0,3.175,960.0,2.62,700.0,148.0,1693.15,0.22,159.0,2.33,1.0,3.0,3.0,0.5,0.5,20.7,232.0,58.0,490.15,0.36,41.6,7.38,50.0,7.7,7.7,779.0,36.0,36.0,2072.0,0.23,360.0,3890.0,1.0,1076.465223,0,40.0
1.0,23.33720206,7.399913851,150.0,25.0,125.0,3.175,960.0,2.62,700.0,148.0,1693.15,0.22,159.0,2.33,1.0,3.0,3.0,0.5,0.5,20.7,232.0,58.0,490.15,0.36,41.6,7.38,50.0,7.7,7.7,779.0,36.0,36.0,2072.0,0.23,360.0,3890.0,1.0,554.5185579,0,40.0
1.0,23.33720206,7.399913851,100.0,15.0,60.0,3.175,960.0,2.62,700.0,148.0,1693.15,0.22,159.0,2.33,1.0,3.0,3.0,0.5,0.5,20.7,232.0,58.0,490.15,0.36,41.6,7.38,50.0,7.7,7.7,779.0,36.0,36.0,2072.0,0.23,360.0,3890.0,1.0,4120.713736,0,30.0
1.0,23.33720206,7.399913851,165.0,30.0,125.0,3.175,960.0,2.62,700.0,148.0,1693.15,0.22,159.0,2.33,1.0,3.0,3.0,0.5,0.5,20.7,232.0,58.0,490.15,0.36,41.6,7.38,50.0,7.7,7.7,779.0,36.0,36.0,2072.0,0.23,360.0,3890.0,1.0,310.5255472,0,60.0
1.0,23.33720206,7.399913851,165.0,21.0,125.0,3.175,960.0,2.62,700.0,148.0,1693.15,0.22,159.0,2.33,1.0,3.0,3.0,0.5,0.5,20.7,232.0,58.0,490.15,0.36,41.6,7.38,50.0,7.7,7.7,779.0,36.0,36.0,2072.0,0.23,360.0,3890.0,1.0,342.6740813,0,42.0
1.0,23.33720206,7.399913851,165.0,120.0,125.0,3.175,960.0,2.62,700.0,148.0,1693.15,0.22,159.0,2.33,1.0,3.0,3.0,0.5,0.5,20.7,232.0,58.0,490.15,0.36,41.6,7.38,50.0,7.7,7.7,779.0,36.0,36.0,2072.0,0.23,360.0,3890.0,1.0,211.7426608,0,240.0
1.0,23.33720206,7.399913851,180.0,15.0,125.0,3.175,960.0,2.62,700.0,148.0,1693.15,0.22,159.0,2.33,1.0,3.0,3.0,0.5,0.5,20.7,232.0,58.0,490.15,0.36,41.6,7.38,50.0,7.7,7.7,779.0,36.0,36.0,2072.0,0.23,360.0,3890.0,1.0,332.1487785,0,30.0
1.0,23.33720206,7.399913851,100.0,15.0,100.0,3.175,960.0,2.62,700.0,148.0,1693.15,0.22,159.0,2.33,1.0,3.0,3.0,0.5,0.5,20.7,232.0,58.0,490.15,0.36,41.6,7.38,50.0,7.7,7.7,779.0,36.0,36.0,2072.0,0.23,360.0,3890.0,1.0,1194.839877,0,30.0
1.0,23.33720206,7.399913851,100.0,38.65,100.0,3.175,960.0,2.62,700.0,148.0,1693.15,0.22,159.0,2.33,1.0,3.0,3.0,0.5,0.5,20.7,232.0,58.0,490.15,0.36,41.6,7.38,50.0,7.7,7.7,779.0,36.0,36.0,2072.0,0.23,360.0,3890.0,1.0,919.9737229,0,30.0
1.0,23.33720206,7.399913851,100.0,20.0,100.0,3.175,960.0,2.62,700.0,148.0,1693.15,0.22,159.0,2.33,1.0,3.0,3.0,0.5,0.5,20.7,232.0,58.0,490.15,0.36,41.6,7.38,50.0,7.7,7.7,779.0,36.0,36.0,2072.0,0.23,360.0,3890.0,1.0,1103.57443,0,40.0
1.0,23.33720206,7.399913851,100.0,47.3,100.0,3.175,960.0,2.62,700.0,148.0,1693.15,0.22,159.0,2.33,1.0,3.0,3.0,0.5,0.5,20.7,232.0,58.0,490.15,0.36,41.6,7.38,50.0,7.7,7.7,779.0,36.0,36.0,2072.0,0.23,360.0,3890.0,1.0,870.0605294,0,40.0
1.0,23.33720206,7.399913851,100.0,79.6,100.0,3.175,960.0,2.62,700.0,148.0,1693.15,0.22,159.0,2.33,1.0,3.0,3.0,0.5,0.5,20.7,232.0,58.0,490.15,0.36,41.6,7.38,50.0,7.7,7.7,779.0,36.0,36.0,2072.0,0.23,360.0,3890.0,1.0,753.5532113,0,50.0
1.0,23.33720206,7.399913851,100.0,30.0,100.0,3.175,960.0,2.62,700.0,148.0,1693.15,0.22,159.0,2.33,1.0,3.0,3.0,0.5,0.5,20.7,232.0,58.0,490.15,0.36,41.6,7.38,50.0,7.7,7.7,779.0,36.0,36.0,2072.0,0.23,360.0,3890.0,1.0,986.6547787,0,60.0
1.0,23.33720206,7.399913851,100.0,40.0,100.0,3.175,960.0,2.62,700.0,148.0,1693.15,0.22,159.0,2.33,1.0,3.0,3.0,0.5,0.5,20.7,232.0,58.0,490.15,0.36,41.6,7.38,50.0,7.7,7.7,779.0,36.0,36.0,2072.0,0.23,360.0,3890.0,1.0,911.2911332,0,80.0
1.0,23.33720206,7.399913851,100.0,47.3,100.0,3.175,960.0,2.62,700.0,148.0,1693.15,0.22,159.0,2.33,1.0,3.0,3.0,0.5,0.5,20.7,232.0,58.0,490.15,0.36,41.6,7.38,50.0,7.7,7.7,779.0,36.0,36.0,2072.0,0.23,360.0,3890.0,1.0,870.0605294,0,80.0
1.0,23.33720206,7.399913851,100.0,70.0,100.0,3.175,960.0,2.62,700.0,148.0,1693.15,0.22,159.0,2.33,1.0,3.0,3.0,0.5,0.5,20.7,232.0,58.0,490.15,0.36,41.6,7.38,50.0,7.7,7.7,779.0,36.0,36.0,2072.0,0.23,360.0,3890.0,1.0,780.7824368,0,90.0
1.0,23.33720206,7.399913851,100.0,70.0,100.0,3.175,960.0,2.62,700.0,148.0,1693.15,0.22,159.0,2.33,1.0,3.0,3.0,0.5,0.5,20.7,232.0,58.0,490.15,0.36,41.6,7.38,50.0,7.7,7.7,779.0,36.0,36.0,2072.0,0.23,360.0,3890.0,1.0,780.7824368,0,100.0
1.0,23.33720206,7.399913851,100.0,60.0,100.0,3.175,960.0,2.62,700.0,148.0,1693.15,0.22,159.0,2.33,1.0,3.0,3.0,0.5,0.5,20.7,232.0,58.0,490.15,0.36,41.6,7.38,50.0,7.7,7.7,779.0,36.0,36.0,2072.0,0.23,360.0,3890.0,1.0,814.7431895,0,120.0
1.0,23.33720206,7.399913851,100.0,70.0,100.0,3.175,960.0,2.62,700.0,148.0,1693.15,0.22,159.0,2.33,1.0,3.0,3.0,0.5,0.5,20.7,232.0,58.0,490.15,0.36,41.6,7.38,50.0,7.7,7.7,779.0,36.0,36.0,2072.0,0.23,360.0,3890.0,1.0,780.7824368,0,140.0
1.0,23.33720206,7.399913851,100.0,120.0,100.0,3.175,960.0,2.62,700.0,148.0,1693.15,0.22,159.0,2.33,1.0,3.0,3.0,0.5,0.5,20.7,232.0,58.0,490.15,0.36,41.6,7.38,50.0,7.7,7.7,779.0,36.0,36.0,2072.0,0.23,360.0,3890.0,1.0,672.7849286,0,240.0
1.0,23.33720206,7.399913851,100.0,310.0,100.0,3.175,960.0,2.62,700.0,148.0,1693.15,0.22,159.0,2.33,1.0,3.0,3.0,0.5,0.5,20.7,232.0,58.0,490.15,0.36,41.6,7.38,50.0,7.7,7.7,779.0,36.0,36.0,2072.0,0.23,360.0,3890.0,1.0,517.6449892,0,720.0
1.0,23.33720206,7.399913851,100.0,11.0,100.0,3.175,960.0,2.62,700.0,148.0,1693.15,0.22,159.0,2.33,1.0,3.0,3.0,0.5,0.5,20.7,232.0,58.0,490.15,0.36,41.6,7.38,50.0,7.7,7.7,779.0,36.0,36.0,2072.0,0.23,360.0,3890.0,1.0,1301.707642,1,
1.0,23.33720206,7.399913851,100.0,31.0,100.0,3.175,960.0,2.62,700.0,148.0,1693.15,0.22,159.0,2.33,1.0,3.0,3.0,0.5,0.5,20.7,232.0,58.0,490.15,0.36,41.6,7.38,50.0,7.7,7.7,779.0,36.0,36.0,2072.0,0.23,360.0,3890.0,1.0,977.7594327,1,
1.0,23.33720206,7.399913851,100.0,61.0,100.0,3.175,960.0,2.62,700.0,148.0,1693.15,0.22,159.0,2.33,1.0,3.0,3.0,0.5,0.5,20.7,232.0,58.0,490.15,0.36,41.6,7.38,50.0,7.7,7.7,779.0,36.0,36.0,2072.0,0.23,360.0,3890.0,1.0,811.0320444,1,
1.0,23.33720206,7.399913851,125.0,44.8,100.0,3.175,960.0,2.62,700.0,148.0,1693.15,0.22,159.0,2.33,1.0,3.0,3.0,0.5,0.5,20.7,232.0,58.0,490.15,0.36,41.6,7.38,50.0,7.7,7.7,779.0,36.0,36.0,2072.0,0.23,360.0,3890.0,1.0,642.4085348,0,40.0
1.0,23.33720206,7.399913851,75.0,44.8,75.0,3.175,960.0,2.62,700.0,148.0,1693.15,0.22,159.0,2.33,1.0,3.0,3.0,0.5,0.5,20.7,232.0,58.0,490.15,0.36,41.6,7.38,50.0,7.7,7.7,779.0,36.0,36.0,2072.0,0.23,360.0,3890.0,1.0,2206.238098,0,40.0
1.0,23.33720206,7.399913851,60.0,16.0,60.0,3.175,960.0,2.62,700.0,148.0,1693.15,0.22,159.0,2.33,1.0,3.0,3.0,0.5,0.5,20.7,232.0,58.0,490.15,0.36,41.6,7.38,50.0,7.7,7.7,779.0,36.0,36.0,2072.0,0.23,360.0,3890.0,1.0,5660.075881,0,40.0
1.0,23.33720206,7.399913851,140.0,16.0,100.0,3.175,960.0,2.62,700.0,148.0,1693.15,0.22,159.0,2.33,1.0,3.0,3.0,0.5,0.5,20.7,232.0,58.0,490.15,0.36,41.6,7.38,50.0,7.7,7.7,779.0,36.0,36.0,2072.0,0.23,360.0,3890.0,1.0,726.2763785,0,40.0
1.0,23.33720206,7.399913851,150.0,25.0,125.0,3.175,960.0,2.62,700.0,148.0,1693.15,0.22,159.0,2.33,1.0,3.0,3.0,0.5,0.5,20.7,232.0,58.0,490.15,0.36,41.6,7.38,50.0,7.7,7.7,779.0,36.0,36.0,2072.0,0.23,360.0,3890.0,1.0,374.1260947,0,40.0
1.0,23.33720206,7.399913851,100.0,15.0,60.0,3.175,960.0,2.62,700.0,148.0,1693.15,0.22,159.0,2.33,1.0,3.0,3.0,0.5,0.5,20.7,232.0,58.0,490.15,0.36,41.6,7.38,50.0,7.7,7.7,779.0,36.0,36.0,2072.0,0.23,360.0,3890.0,1.0,2780.189257,0,30.0
0.8,11.3137085,4.949747468,165.0,30.0,125.0,2.3622,257.0,2.62,700.0,148.0,1693.15,0.22,159.0,2.33,1.0,3.0,3.0,0.5,0.5,20.7,232.0,58.0,490.15,0.36,41.6,7.38,50.0,20.0,20.0,109.0,36.0,36.0,2072.0,0.23,360.0,3890.0,1.0,1340.952611,0,60.0
0.8,11.3137085,4.949747468,165.0,21.0,125.0,2.3622,257.0,2.62,700.0,148.0,1693.15,0.22,159.0,2.33,1.0,3.0,3.0,0.5,0.5,20.7,232.0,58.0,490.15,0.36,41.6,7.38,50.0,20.0,20.0,109.0,36.0,36.0,2072.0,0.23,360.0,3890.0,1.0,1479.780675,0,42.0
0.8,11.3137085,4.949747468,165.0,120.0,125.0,2.3622,257.0,2.62,700.0,148.0,1693.15,0.22,159.0,2.33,1.0,3.0,3.0,0.5,0.5,20.7,232.0,58.0,490.15,0.36,41.6,7.38,50.0,20.0,20.0,109.0,36.0,36.0,2072.0,0.23,360.0,3890.0,1.0,914.3752465,0,240.0
0.8,11.3137085,4.949747468,180.0,15.0,125.0,2.3622,257.0,2.62,700.0,148.0,1693.15,0.22,159.0,2.33,1.0,3.0,3.0,0.5,0.5,20.7,232.0,58.0,490.15,0.36,41.6,7.38,50.0,20.0,20.0,109.0,36.0,36.0,2072.0,0.23,360.0,3890.0,1.0,1434.328916,0,30.0
0.8,11.3137085,4.949747468,100.0,15.0,100.0,2.3622,257.0,2.62,700.0,148.0,1693.15,0.22,159.0,2.33,1.0,3.0,3.0,0.5,0.5,20.7,232.0,58.0,490.15,0.36,41.6,7.38,50.0,20.0,20.0,109.0,36.0,36.0,2072.0,0.23,360.0,3890.0,1.0,5159.716058,0,30.0
0.8,11.3137085,4.949747468,100.0,38.65,100.0,2.3622,257.0,2.62,700.0,148.0,1693.15,0.22,159.0,2.33,1.0,3.0,3.0,0.5,0.5,20.7,232.0,58.0,490.15,0.36,41.6,7.38,50.0,20.0,20.0,109.0,36.0,36.0,2072.0,0.23,360.0,3890.0,1.0,3972.752569,0,30.0
0.8,11.3137085,4.949747468,100.0,20.0,100.0,2.3622,257.0,2.62,700.0,148.0,1693.15,0.22,159.0,2.33,1.0,3.0,3.0,0.5,0.5,20.7,232.0,58.0,490.15,0.36,41.6,7.38,50.0,20.0,20.0,109.0,36.0,36.0,2072.0,0.23,360.0,3890.0,1.0,4765.6015,0,40.0
0.8,11.3137085,4.949747468,100.0,47.3,100.0,2.3622,257.0,2.62,700.0,148.0,1693.15,0.22,159.0,2.33,1.0,3.0,3.0,0.5,0.5,20.7,232.0,58.0,490.15,0.36,41.6,7.38,50.0,20.0,20.0,109.0,36.0,36.0,2072.0,0.23,360.0,3890.0,1.0,3757.210796,0,40.0
0.8,11.3137085,4.949747468,100.0,79.6,100.0,2.3622,257.0,2.62,700.0,148.0,1693.15,0.22,159.0,2.33,1.0,3.0,3.0,0.5,0.5,20.7,232.0,58.0,490.15,0.36,41.6,7.38,50.0,20.0,20.0,109.0,36.0,36.0,2072.0,0.23,360.0,3890.0,1.0,3254.093439,0,50.0
0.8,11.3137085,4.949747468,100.0,30.0,100.0,2.3622,257.0,2.62,700.0,148.0,1693.15,0.22,159.0,2.33,1.0,3.0,3.0,0.5,0.5,20.7,232.0,58.0,490.15,0.36,41.6,7.38,50.0,20.0,20.0,109.0,36.0,36.0,2072.0,0.23,360.0,3890.0,1.0,4260.70355,0,60.0
0.8,11.3137085,4.949747468,100.0,40.0,100.0,2.3622,257.0,2.62,700.0,148.0,1693.15,0.22,159.0,2.33,1.0,3.0,3.0,0.5,0.5,20.7,232.0,58.0,490.15,0.36,41.6,7.38,50.0,20.0,20.0,109.0,36.0,36.0,2072.0,0.23,360.0,3890.0,1.0,3935.258258,0,80.0
0.8,11.3137085,4.949747468,100.0,47.3,100.0,2.3622,257.0,2.62,700.0,148.0,1693.15,0.22,159.0,2.33,1.0,3.0,3.0,0.5,0.5,20.7,232.0,58.0,490.15,0.36,41.6,7.38,50.0,20.0,20.0,109.0,36.0,36.0,2072.0,0.23,360.0,3890.0,1.0,3757.210796,0,80.0
0.8,11.3137085,4.949747468,100.0,70.0,100.0,2.3622,257.0,2.62,700.0,148.0,1693.15,0.22,159.0,2.33,1.0,3.0,3.0,0.5,0.5,20.7,232.0,58.0,490.15,0.36,41.6,7.38,50.0,20.0,20.0,109.0,36.0,36.0,2072.0,0.23,360.0,3890.0,1.0,3371.678293,0,90.0
0.8,11.3137085,4.949747468,100.0,70.0,100.0,2.3622,257.0,2.62,700.0,148.0,1693.15,0.22,159.0,2.33,1.0,3.0,3.0,0.5,0.5,20.7,232.0,58.0,490.15,0.36,41.6,7.38,50.0,20.0,20.0,109.0,36.0,36.0,2072.0,0.23,360.0,3890.0,1.0,3371.678293,0,100.0
0.8,11.3137085,4.949747468,100.0,60.0,100.0,2.3622,257.0,2.62,700.0,148.0,1693.15,0.22,159.0,2.33,1.0,3.0,3.0,0.5,0.5,20.7,232.0,58.0,490.15,0.36,41.6,7.38,50.0,20.0,20.0,109.0,36.0,36.0,2072.0,0.23,360.0,3890.0,1.0,3518.332121,0,120.0
0.8,11.3137085,4.949747468,100.0,70.0,100.0,2.3622,257.0,2.62,700.0,148.0,1693.15,0.22,159.0,2.33,1.0,3.0,3.0,0.5,0.5,20.7,232.0,58.0,490.15,0.36,41.6,7.38,50.0,20.0,20.0,109.0,36.0,36.0,2072.0,0.23,360.0,3890.0,1.0,3371.678293,0,140.0
0.8,11.3137085,4.949747468,100.0,120.0,100.0,2.3622,257.0,2.62,700.0,148.0,1693.15,0.22,159.0,2.33,1.0,3.0,3.0,0.5,0.5,20.7,232.0,58.0,490.15,0.36,41.6,7.38,50.0,20.0,20.0,109.0,36.0,36.0,2072.0,0.23,360.0,3890.0,1.0,2905.309127,0,240.0
0.8,11.3137085,4.949747468,100.0,310.0,100.0,2.3622,257.0,2.62,700.0,148.0,1693.15,0.22,159.0,2.33,1.0,3.0,3.0,0.5,0.5,20.7,232.0,58.0,490.15,0.36,41.6,7.38,50.0,20.0,20.0,109.0,36.0,36.0,2072.0,0.23,360.0,3890.0,1.0,2235.36326,0,720.0
0.8,11.3137085,4.949747468,100.0,11.0,100.0,2.3622,257.0,2.62,700.0,148.0,1693.15,0.22,159.0,2.33,1.0,3.0,3.0,0.5,0.5,20.7,232.0,58.0,490.15,0.36,41.6,7.38,50.0,20.0,20.0,109.0,36.0,36.0,2072.0,0.23,360.0,3890.0,1.0,5621.206619,1,
0.8,11.3137085,4.949747468,100.0,31.0,100.0,2.3622,257.0,2.62,700.0,148.0,1693.15,0.22,159.0,2.33,1.0,3.0,3.0,0.5,0.5,20.7,232.0,58.0,490.15,0.36,41.6,7.38,50.0,20.0,20.0,109.0,36.0,36.0,2072.0,0.23,360.0,3890.0,1.0,4222.290487,1,
0.8,11.3137085,4.949747468,100.0,61.0,100.0,2.3622,257.0,2.62,700.0,148.0,1693.15,0.22,159.0,2.33,1.0,3.0,3.0,0.5,0.5,20.7,232.0,58.0,490.15,0.36,41.6,7.38,50.0,20.0,20.0,109.0,36.0,36.0,2072.0,0.23,360.0,3890.0,1.0,3502.306161,1,
0.8,11.3137085,4.949747468,125.0,44.8,100.0,2.3622,257.0,2.62,700.0,148.0,1693.15,0.22,159.0,2.33,1.0,3.0,3.0,0.5,0.5,20.7,232.0,58.0,490.15,0.36,41.6,7.38,50.0,20.0,20.0,109.0,36.0,36.0,2072.0,0.23,360.0,3890.0,1.0,2774.133754,0,40.0
0.8,11.3137085,4.949747468,75.0,44.8,75.0,2.3622,257.0,2.62,700.0,148.0,1693.15,0.22,159.0,2.33,1.0,3.0,3.0,0.5,0.5,20.7,232.0,58.0,490.15,0.36,41.6,7.38,50.0,20.0,20.0,109.0,36.0,36.0,2072.0,0.23,360.0,3890.0,1.0,9527.270023,0,40.0
0.8,11.3137085,4.949747468,60.0,16.0,60.0,2.3622,257.0,2.62,700.0,148.0,1693.15,0.22,159.0,2.33,1.0,3.0,3.0,0.5,0.5,20.7,232.0,58.0,490.15,0.36,41.6,7.38,50.0,20.0,20.0,109.0,36.0,36.0,2072.0,0.23,360.0,3890.0,1.0,24442.0905,0,40.0
0.8,11.3137085,4.949747468,140.0,16.0,100.0,2.3622,257.0,2.62,700.0,148.0,1693.15,0.22,159.0,2.33,1.0,3.0,3.0,0.5,0.5,20.7,232.0,58.0,490.15,0.36,41.6,7.38,50.0,20.0,20.0,109.0,36.0,36.0,2072.0,0.23,360.0,3890.0,1.0,3136.303002,0,40.0
0.8,11.3137085,4.949747468,150.0,25.0,125.0,2.3622,257.0,2.62,700.0,148.0,1693.15,0.22,159.0,2.33,1.0,3.0,3.0,0.5,0.5,20.7,232.0,58.0,490.15,0.36,41.6,7.38,50.0,20.0,20.0,109.0,36.0,36.0,2072.0,0.23,360.0,3890.0,1.0,1615.600932,0,40.0
0.8,11.3137085,4.949747468,100.0,15.0,60.0,2.3622,257.0,2.62,700.0,148.0,1693.15,0.22,159.0,2.33,1.0,3.0,3.0,0.5,0.5,20.7,232.0,58.0,490.15,0.36,41.6,7.38,50.0,20.0,20.0,109.0,36.0,36.0,2072.0,0.23,360.0,3890.0,1.0,12005.78205,0,30.0
0.8,11.3137085,4.949747468,75.0,44.8,100.0,2.3622,257.0,2.62,700.0,148.0,1693.15,0.22,159.0,2.33,1.0,3.0,3.0,0.5,0.5,20.7,232.0,58.0,490.15,0.36,41.6,7.38,50.0,20.0,20.0,109.0,36.0,36.0,2072.0,0.23,360.0,3890.0,1.0,5974.0,0,40.0
0.8,11.3137085,4.949747468,165.0,30.0,125.0,2.3622,257.0,2.62,700.0,148.0,1693.15,0.22,159.0,2.33,1.0,3.0,3.0,0.5,0.5,20.7,232.0,58.0,490.15,0.36,41.6,7.38,50.0,20.0,20.0,109.0,36.0,36.0,2072.0,0.23,360.0,3890.0,1.0,1250.628044,0,60.0
0.8,11.3137085,4.949747468,165.0,21.0,125.0,2.3622,257.0,2.62,700.0,148.0,1693.15,0.22,159.0,2.33,1.0,3.0,3.0,0.5,0.5,20.7,232.0,58.0,490.15,0.36,41.6,7.38,50.0,20.0,20.0,109.0,36.0,36.0,2072.0,0.23,360.0,3890.0,1.0,1380.104858,0,42.0
0.8,11.3137085,4.949747468,165.0,120.0,125.0,2.3622,257.0,2.62,700.0,148.0,1693.15,0.22,159.0,2.33,1.0,3.0,3.0,0.5,0.5,20.7,232.0,58.0,490.15,0.36,41.6,7.38,50.0,20.0,20.0,109.0,36.0,36.0,2072.0,0.23,360.0,3890.0,1.0,852.7842947,0,240.0
0.8,11.3137085,4.949747468,180.0,15.0,125.0,2.3622,257.0,2.62,700.0,148.0,1693.15,0.22,159.0,2.33,1.0,3.0,3.0,0.5,0.5,20.7,232.0,58.0,490.15,0.36,41.6,7.38,50.0,20.0,20.0,109.0,36.0,36.0,2072.0,0.23,360.0,3890.0,1.0,1337.714661,0,30.0
0.8,11.3137085,4.949747468,100.0,15.0,100.0,2.3622,257.0,2.62,700.0,148.0,1693.15,0.22,159.0,2.33,1.0,3.0,3.0,0.5,0.5,20.7,232.0,58.0,490.15,0.36,41.6,7.38,50.0,20.0,20.0,109.0,36.0,36.0,2072.0,0.23,360.0,3890.0,1.0,4812.165286,0,30.0
0.8,11.3137085,4.949747468,100.0,38.65,100.0,2.3622,257.0,2.62,700.0,148.0,1693.15,0.22,159.0,2.33,1.0,3.0,3.0,0.5,0.5,20.7,232.0,58.0,490.15,0.36,41.6,7.38,50.0,20.0,20.0,109.0,36.0,36.0,2072.0,0.23,360.0,3890.0,1.0,3705.153886,0,30.0
0.8,11.3137085,4.949747468,100.0,20.0,100.0,2.3622,257.0,2.62,700.0,148.0,1693.15,0.22,159.0,2.33,1.0,3.0,3.0,0.5,0.5,20.7,232.0,58.0,490.15,0.36,41.6,7.38,50.0,20.0,20.0,109.0,36.0,36.0,2072.0,0.23,360.0,3890.0,1.0,4444.597696,0,40.0
0.8,11.3137085,4.949747468,100.0,47.3,100.0,2.3622,257.0,2.62,700.0,148.0,1693.15,0.22,159.0,2.33,1.0,3.0,3.0,0.5,0.5,20.7,232.0,58.0,490.15,0.36,41.6,7.38,50.0,20.0,20.0,109.0,36.0,36.0,2072.0,0.23,360.0,3890.0,1.0,3504.130684,0,40.0
0.8,11.3137085,4.949747468,100.0,79.6,100.0,2.3622,257.0,2.62,700.0,148.0,1693.15,0.22,159.0,2.33,1.0,3.0,3.0,0.5,0.5,20.7,232.0,58.0,490.15,0.36,41.6,7.38,50.0,20.0,20.0,109.0,36.0,36.0,2072.0,0.23,360.0,3890.0,1.0,3034.902562,0,50.0
0.8,11.3137085,4.949747468,100.0,30.0,100.0,2.3622,257.0,2.62,700.0,148.0,1693.15,0.22,159.0,2.33,1.0,3.0,3.0,0.5,0.5,20.7,232.0,58.0,490.15,0.36,41.6,7.38,50.0,20.0,20.0,109.0,36.0,36.0,2072.0,0.23,360.0,3890.0,1.0,3973.708918,0,60.0
0.8,11.3137085,4.949747468,100.0,40.0,100.0,2.3622,257.0,2.62,700.0,148.0,1693.15,0.22,159.0,2.33,1.0,3.0,3.0,0.5,0.5,20.7,232.0,58.0,490.15,0.36,41.6,7.38,50.0,20.0,20.0,109.0,36.0,36.0,2072.0,0.23,360.0,3890.0,1.0,3670.185136,0,80.0
0.8,11.3137085,4.949747468,100.0,47.3,100.0,2.3622,257.0,2.62,700.0,148.0,1693.15,0.22,159.0,2.33,1.0,3.0,3.0,0.5,0.5,20.7,232.0,58.0,490.15,0.36,41.6,7.38,50.0,20.0,20.0,109.0,36.0,36.0,2072.0,0.23,360.0,3890.0,1.0,3504.130684,0,80.0
0.8,11.3137085,4.949747468,100.0,70.0,100.0,2.3622,257.0,2.62,700.0,148.0,1693.15,0.22,159.0,2.33,1.0,3.0,3.0,0.5,0.5,20.7,232.0,58.0,490.15,0.36,41.6,7.38,50.0,20.0,20.0,109.0,36.0,36.0,2072.0,0.23,360.0,3890.0,1.0,3144.567076,0,90.0
0.8,11.3137085,4.949747468,100.0,70.0,100.0,2.3622,257.0,2.62,700.0,148.0,1693.15,0.22,159.0,2.33,1.0,3.0,3.0,0.5,0.5,20.7,232.0,58.0,490.15,0.36,41.6,7.38,50.0,20.0,20.0,109.0,36.0,36.0,2072.0,0.23,360.0,3890.0,1.0,3144.567076,0,100.0
0.8,11.3137085,4.949747468,100.0,60.0,100.0,2.3622,257.0,2.62,700.0,148.0,1693.15,0.22,159.0,2.33,1.0,3.0,3.0,0.5,0.5,20.7,232.0,58.0,490.15,0.36,41.6,7.38,50.0,20.0,20.0,109.0,36.0,36.0,2072.0,0.23,360.0,3890.0,1.0,3281.342521,0,120.0
0.8,11.3137085,4.949747468,100.0,70.0,100.0,2.3622,257.0,2.62,700.0,148.0,1693.15,0.22,159.0,2.33,1.0,3.0,3.0,0.5,0.5,20.7,232.0,58.0,490.15,0.36,41.6,7.38,50.0,20.0,20.0,109.0,36.0,36.0,2072.0,0.23,360.0,3890.0,1.0,3144.567076,0,140.0
0.8,11.3137085,4.949747468,100.0,120.0,100.0,2.3622,257.0,2.62,700.0,148.0,1693.15,0.22,159.0,2.33,1.0,3.0,3.0,0.5,0.5,20.7,232.0,58.0,490.15,0.36,41.6,7.38,50.0,20.0,20.0,109.0,36.0,36.0,2072.0,0.23,360.0,3890.0,1.0,2709.611841,0,240.0
0.8,11.3137085,4.949747468,100.0,310.0,100.0,2.3622,257.0,2.62,700.0,148.0,1693.15,0.22,159.0,2.33,1.0,3.0,3.0,0.5,0.5,20.7,232.0,58.0,490.15,0.36,41.6,7.38,50.0,20.0,20.0,109.0,36.0,36.0,2072.0,0.23,360.0,3890.0,1.0,2084.792528,0,720.0
0.8,11.3137085,4.949747468,100.0,11.0,100.0,2.3622,257.0,2.62,700.0,148.0,1693.15,0.22,159.0,2.33,1.0,3.0,3.0,0.5,0.5,20.7,232.0,58.0,490.15,0.36,41.6,7.38,50.0,20.0,20.0,109.0,36.0,36.0,2072.0,0.23,360.0,3890.0,1.0,5242.570531,1,
0.8,11.3137085,4.949747468,100.0,31.0,100.0,2.3622,257.0,2.62,700.0,148.0,1693.15,0.22,159.0,2.33,1.0,3.0,3.0,0.5,0.5,20.7,232.0,58.0,490.15,0.36,41.6,7.38,50.0,20.0,20.0,109.0,36.0,36.0,2072.0,0.23,360.0,3890.0,1.0,3937.883302,1,
0.8,11.3137085,4.949747468,100.0,61.0,100.0,2.3622,257.0,2.62,700.0,148.0,1693.15,0.22,159.0,2.33,1.0,3.0,3.0,0.5,0.5,20.7,232.0,58.0,490.15,0.36,41.6,7.38,50.0,20.0,20.0,109.0,36.0,36.0,2072.0,0.23,360.0,3890.0,1.0,3266.396046,1,
0.8,11.3137085,4.949747468,125.0,44.8,100.0,2.3622,257.0,2.62,700.0,148.0,1693.15,0.22,159.0,2.33,1.0,3.0,3.0,0.5,0.5,20.7,232.0,58.0,490.15,0.36,41.6,7.38,50.0,20.0,20.0,109.0,36.0,36.0,2072.0,0.23,360.0,3890.0,1.0,2587.272245,0,40.0
0.8,11.3137085,4.949747468,75.0,44.8,75.0,2.3622,257.0,2.62,700.0,148.0,1693.15,0.22,159.0,2.33,1.0,3.0,3.0,0.5,0.5,20.7,232.0,58.0,490.15,0.36,41.6,7.38,50.0,20.0,20.0,109.0,36.0,36.0,2072.0,0.23,360.0,3890.0,1.0,8885.527334,0,40.0
0.8,11.3137085,4.949747468,60.0,16.0,60.0,2.3622,257.0,2.62,700.0,148.0,1693.15,0.22,159.0,2.33,1.0,3.0,3.0,0.5,0.5,20.7,232.0,58.0,490.15,0.36,41.6,7.38,50.0,20.0,20.0,109.0,36.0,36.0,2072.0,0.23,360.0,3890.0,1.0,22795.70777,0,40.0
0.8,11.3137085,4.949747468,140.0,16.0,100.0,2.3622,257.0,2.62,700.0,148.0,1693.15,0.22,159.0,2.33,1.0,3.0,3.0,0.5,0.5,20.7,232.0,58.0,490.15,0.36,41.6,7.38,50.0,20.0,20.0,109.0,36.0,36.0,2072.0,0.23,360.0,3890.0,1.0,2925.046313,0,40.0
0.8,11.3137085,4.949747468,150.0,25.0,125.0,2.3622,257.0,2.62,700.0,148.0,1693.15,0.22,159.0,2.33,1.0,3.0,3.0,0.5,0.5,20.7,232.0,58.0,490.15,0.36,41.6,7.38,50.0,20.0,20.0,109.0,36.0,36.0,2072.0,0.23,360.0,3890.0,1.0,1506.776464,0,40.0
0.8,11.3137085,4.949747468,100.0,15.0,60.0,2.3622,257.0,2.62,700.0,148.0,1693.15,0.22,159.0,2.33,1.0,3.0,3.0,0.5,0.5,20.7,232.0,58.0,490.15,0.36,41.6,7.38,50.0,20.0,20.0,109.0,36.0,36.0,2072.0,0.23,360.0,3890.0,1.0,11197.09049,0,30.0
0.8,11.3137085,4.949747468,165.0,30.0,125.0,2.3622,257.0,2.62,700.0,148.0,1693.15,0.22,159.0,2.33,1.0,3.0,3.0,0.5,0.5,20.7,232.0,58.0,490.15,0.36,41.6,7.38,50.0,20.0,20.0,109.0,36.0,36.0,2072.0,0.23,360.0,3890.0,1.0,912.8706638,0,60.0
0.8,11.3137085,4.949747468,165.0,21.0,125.0,2.3622,257.0,2.62,700.0,148.0,1693.15,0.22,159.0,2.33,1.0,3.0,3.0,0.5,0.5,20.7,232.0,58.0,490.15,0.36,41.6,7.38,50.0,20.0,20.0,109.0,36.0,36.0,2072.0,0.23,360.0,3890.0,1.0,1007.379647,0,42.0
0.8,11.3137085,4.949747468,165.0,120.0,125.0,2.3622,257.0,2.62,700.0,148.0,1693.15,0.22,159.0,2.33,1.0,3.0,3.0,0.5,0.5,20.7,232.0,58.0,490.15,0.36,41.6,7.38,50.0,20.0,20.0,109.0,36.0,36.0,2072.0,0.23,360.0,3890.0,1.0,622.4726598,0,240.0
0.8,11.3137085,4.949747468,180.0,15.0,125.0,2.3622,257.0,2.62,700.0,148.0,1693.15,0.22,159.0,2.33,1.0,3.0,3.0,0.5,0.5,20.7,232.0,58.0,490.15,0.36,41.6,7.38,50.0,20.0,20.0,109.0,36.0,36.0,2072.0,0.23,360.0,3890.0,1.0,976.4377798,0,30.0
0.8,11.3137085,4.949747468,100.0,15.0,100.0,2.3622,257.0,2.62,700.0,148.0,1693.15,0.22,159.0,2.33,1.0,3.0,3.0,0.5,0.5,20.7,232.0,58.0,490.15,0.36,41.6,7.38,50.0,20.0,20.0,109.0,36.0,36.0,2072.0,0.23,360.0,3890.0,1.0,3512.542789,0,30.0
0.8,11.3137085,4.949747468,100.0,38.65,100.0,2.3622,257.0,2.62,700.0,148.0,1693.15,0.22,159.0,2.33,1.0,3.0,3.0,0.5,0.5,20.7,232.0,58.0,490.15,0.36,41.6,7.38,50.0,20.0,20.0,109.0,36.0,36.0,2072.0,0.23,360.0,3890.0,1.0,2704.502192,0,30.0
0.8,11.3137085,4.949747468,100.0,20.0,100.0,2.3622,257.0,2.62,700.0,148.0,1693.15,0.22,159.0,2.33,1.0,3.0,3.0,0.5,0.5,20.7,232.0,58.0,490.15,0.36,41.6,7.38,50.0,20.0,20.0,109.0,36.0,36.0,2072.0,0.23,360.0,3890.0,1.0,3244.244256,0,40.0
0.8,11.3137085,4.949747468,100.0,47.3,100.0,2.3622,257.0,2.62,700.0,148.0,1693.15,0.22,159.0,2.33,1.0,3.0,3.0,0.5,0.5,20.7,232.0,58.0,490.15,0.36,41.6,7.38,50.0,20.0,20.0,109.0,36.0,36.0,2072.0,0.23,360.0,3890.0,1.0,2557.769369,0,40.0
0.8,11.3137085,4.949747468,100.0,79.6,100.0,2.3622,257.0,2.62,700.0,148.0,1693.15,0.22,159.0,2.33,1.0,3.0,3.0,0.5,0.5,20.7,232.0,58.0,490.15,0.36,41.6,7.38,50.0,20.0,20.0,109.0,36.0,36.0,2072.0,0.23,360.0,3890.0,1.0,2215.265785,0,50.0
0.8,11.3137085,4.949747468,100.0,30.0,100.0,2.3622,257.0,2.62,700.0,148.0,1693.15,0.22,159.0,2.33,1.0,3.0,3.0,0.5,0.5,20.7,232.0,58.0,490.15,0.36,41.6,7.38,50.0,20.0,20.0,109.0,36.0,36.0,2072.0,0.23,360.0,3890.0,1.0,2900.52851,0,60.0
0.8,11.3137085,4.949747468,100.0,40.0,100.0,2.3622,257.0,2.62,700.0,148.0,1693.15,0.22,159.0,2.33,1.0,3.0,3.0,0.5,0.5,20.7,232.0,58.0,490.15,0.36,41.6,7.38,50.0,20.0,20.0,109.0,36.0,36.0,2072.0,0.23,360.0,3890.0,1.0,2678.97746,0,80.0
0.8,11.3137085,4.949747468,100.0,47.3,100.0,2.3622,257.0,2.62,700.0,148.0,1693.15,0.22,159.0,2.33,1.0,3.0,3.0,0.5,0.5,20.7,232.0,58.0,490.15,0.36,41.6,7.38,50.0,20.0,20.0,109.0,36.0,36.0,2072.0,0.23,360.0,3890.0,1.0,2557.769369,0,80.0
0.8,11.3137085,4.949747468,100.0,70.0,100.0,2.3622,257.0,2.62,700.0,148.0,1693.15,0.22,159.0,2.33,1.0,3.0,3.0,0.5,0.5,20.7,232.0,58.0,490.15,0.36,41.6,7.38,50.0,20.0,20.0,109.0,36.0,36.0,2072.0,0.23,360.0,3890.0,1.0,2295.31318,0,90.0
0.8,11.3137085,4.949747468,100.0,70.0,100.0,2.3622,257.0,2.62,700.0,148.0,1693.15,0.22,159.0,2.33,1.0,3.0,3.0,0.5,0.5,20.7,232.0,58.0,490.15,0.36,41.6,7.38,50.0,20.0,20.0,109.0,36.0,36.0,2072.0,0.23,360.0,3890.0,1.0,2295.31318,0,100.0
0.8,11.3137085,4.949747468,100.0,60.0,100.0,2.3622,257.0,2.62,700.0,148.0,1693.15,0.22,159.0,2.33,1.0,3.0,3.0,0.5,0.5,20.7,232.0,58.0,490.15,0.36,41.6,7.38,50.0,20.0,20.0,109.0,36.0,36.0,2072.0,0.23,360.0,3890.0,1.0,2395.149652,0,120.0
0.8,11.3137085,4.949747468,100.0,70.0,100.0,2.3622,257.0,2.62,700.0,148.0,1693.15,0.22,159.0,2.33,1.0,3.0,3.0,0.5,0.5,20.7,232.0,58.0,490.15,0.36,41.6,7.38,50.0,20.0,20.0,109.0,36.0,36.0,2072.0,0.23,360.0,3890.0,1.0,2295.31318,0,140.0
0.8,11.3137085,4.949747468,100.0,120.0,100.0,2.3622,257.0,2.62,700.0,148.0,1693.15,0.22,159.0,2.33,1.0,3.0,3.0,0.5,0.5,20.7,232.0,58.0,490.15,0.36,41.6,7.38,50.0,20.0,20.0,109.0,36.0,36.0,2072.0,0.23,360.0,3890.0,1.0,1977.826398,0,240.0
0.8,11.3137085,4.949747468,100.0,310.0,100.0,2.3622,257.0,2.62,700.0,148.0,1693.15,0.22,159.0,2.33,1.0,3.0,3.0,0.5,0.5,20.7,232.0,58.0,490.15,0.36,41.6,7.38,50.0,20.0,20.0,109.0,36.0,36.0,2072.0,0.23,360.0,3890.0,1.0,1521.752169,0,720.0
0.8,11.3137085,4.949747468,100.0,11.0,100.0,2.3622,257.0,2.62,700.0,148.0,1693.15,0.22,159.0,2.33,1.0,3.0,3.0,0.5,0.5,20.7,232.0,58.0,490.15,0.36,41.6,7.38,50.0,20.0,20.0,109.0,36.0,36.0,2072.0,0.23,360.0,3890.0,1.0,3826.708398,1,
0.8,11.3137085,4.949747468,100.0,31.0,100.0,2.3622,257.0,2.62,700.0,148.0,1693.15,0.22,159.0,2.33,1.0,3.0,3.0,0.5,0.5,20.7,232.0,58.0,490.15,0.36,41.6,7.38,50.0,20.0,20.0,109.0,36.0,36.0,2072.0,0.23,360.0,3890.0,1.0,2874.378325,1,
0.8,11.3137085,4.949747468,100.0,61.0,100.0,2.3622,257.0,2.62,700.0,148.0,1693.15,0.22,159.0,2.33,1.0,3.0,3.0,0.5,0.5,20.7,232.0,58.0,490.15,0.36,41.6,7.38,50.0,20.0,20.0,109.0,36.0,36.0,2072.0,0.23,360.0,3890.0,1.0,2384.239775,1,
0.8,11.3137085,4.949747468,125.0,44.8,100.0,2.3622,257.0,2.62,700.0,148.0,1693.15,0.22,159.0,2.33,1.0,3.0,3.0,0.5,0.5,20.7,232.0,58.0,490.15,0.36,41.6,7.38,50.0,20.0,20.0,109.0,36.0,36.0,2072.0,0.23,360.0,3890.0,1.0,1888.527082,0,40.0
0.8,11.3137085,4.949747468,75.0,44.8,75.0,2.3622,257.0,2.62,700.0,148.0,1693.15,0.22,159.0,2.33,1.0,3.0,3.0,0.5,0.5,20.7,232.0,58.0,490.15,0.36,41.6,7.38,50.0,20.0,20.0,109.0,36.0,36.0,2072.0,0.23,360.0,3890.0,1.0,6485.811087,0,40.0
0.8,11.3137085,4.949747468,60.0,16.0,60.0,2.3622,257.0,2.62,700.0,148.0,1693.15,0.22,159.0,2.33,1.0,3.0,3.0,0.5,0.5,20.7,232.0,58.0,490.15,0.36,41.6,7.38,50.0,20.0,20.0,109.0,36.0,36.0,2072.0,0.23,360.0,3890.0,1.0,16639.26615,0,40.0
0.8,11.3137085,4.949747468,140.0,16.0,100.0,2.3622,257.0,2.62,700.0,148.0,1693.15,0.22,159.0,2.33,1.0,3.0,3.0,0.5,0.5,20.7,232.0,58.0,490.15,0.36,41.6,7.38,50.0,20.0,20.0,109.0,36.0,36.0,2072.0,0.23,360.0,3890.0,1.0,2135.078436,0,40.0
0.8,11.3137085,4.949747468,150.0,25.0,125.0,2.3622,257.0,2.62,700.0,148.0,1693.15,0.22,159.0,2.33,1.0,3.0,3.0,0.5,0.5,20.7,232.0,58.0,490.15,0.36,41.6,7.38,50.0,20.0,20.0,109.0,36.0,36.0,2072.0,0.23,360.0,3890.0,1.0,1099.841026,0,40.0
0.8,11.3137085,4.949747468,100.0,15.0,60.0,2.3622,257.0,2.62,700.0,148.0,1693.15,0.22,159.0,2.33,1.0,3.0,3.0,0.5,0.5,20.7,232.0,58.0,490.15,0.36,41.6,7.38,50.0,20.0,20.0,109.0,36.0,36.0,2072.0,0.23,360.0,3890.0,1.0,8173.089895,0,30.0
0.8,11.3137085,4.949747468,165.0,30.0,125.0,3.175,257.0,2.62,700.0,148.0,1693.15,0.22,159.0,2.33,1.0,3.0,3.0,0.5,0.5,20.7,232.0,58.0,490.15,0.36,41.6,7.38,50.0,20.0,20.0,109.0,36.0,36.0,2072.0,0.23,360.0,3890.0,1.0,338.2814039,0,60.0
0.8,11.3137085,4.949747468,165.0,21.0,125.0,3.175,257.0,2.62,700.0,148.0,1693.15,0.22,159.0,2.33,1.0,3.0,3.0,0.5,0.5,20.7,232.0,58.0,490.15,0.36,41.6,7.38,50.0,20.0,20.0,109.0,36.0,36.0,2072.0,0.23,360.0,3890.0,1.0,373.3034862,0,42.0
0.8,11.3137085,4.949747468,165.0,120.0,125.0,3.175,257.0,2.62,700.0,148.0,1693.15,0.22,159.0,2.33,1.0,3.0,3.0,0.5,0.5,20.7,232.0,58.0,490.15,0.36,41.6,7.38,50.0,20.0,20.0,109.0,36.0,36.0,2072.0,0.23,360.0,3890.0,1.0,230.6689585,0,240.0
0.8,11.3137085,4.949747468,180.0,15.0,125.0,3.175,257.0,2.62,700.0,148.0,1693.15,0.22,159.0,2.33,1.0,3.0,3.0,0.5,0.5,20.7,232.0,58.0,490.15,0.36,41.6,7.38,50.0,20.0,20.0,109.0,36.0,36.0,2072.0,0.23,360.0,3890.0,1.0,361.8373951,0,30.0
0.8,11.3137085,4.949747468,100.0,15.0,100.0,3.175,257.0,2.62,700.0,148.0,1693.15,0.22,159.0,2.33,1.0,3.0,3.0,0.5,0.5,20.7,232.0,58.0,490.15,0.36,41.6,7.38,50.0,20.0,20.0,109.0,36.0,36.0,2072.0,0.23,360.0,3890.0,1.0,1301.638834,0,30.0
0.8,11.3137085,4.949747468,100.0,38.65,100.0,3.175,257.0,2.62,700.0,148.0,1693.15,0.22,159.0,2.33,1.0,3.0,3.0,0.5,0.5,20.7,232.0,58.0,490.15,0.36,41.6,7.38,50.0,20.0,20.0,109.0,36.0,36.0,2072.0,0.23,360.0,3890.0,1.0,1002.204184,0,30.0
0.8,11.3137085,4.949747468,100.0,20.0,100.0,3.175,257.0,2.62,700.0,148.0,1693.15,0.22,159.0,2.33,1.0,3.0,3.0,0.5,0.5,20.7,232.0,58.0,490.15,0.36,41.6,7.38,50.0,20.0,20.0,109.0,36.0,36.0,2072.0,0.23,360.0,3890.0,1.0,1202.215763,0,40.0
0.8,11.3137085,4.949747468,100.0,47.3,100.0,3.175,257.0,2.62,700.0,148.0,1693.15,0.22,159.0,2.33,1.0,3.0,3.0,0.5,0.5,20.7,232.0,58.0,490.15,0.36,41.6,7.38,50.0,20.0,20.0,109.0,36.0,36.0,2072.0,0.23,360.0,3890.0,1.0,947.8295748,0,40.0
0.8,11.3137085,4.949747468,100.0,79.6,100.0,3.175,257.0,2.62,700.0,148.0,1693.15,0.22,159.0,2.33,1.0,3.0,3.0,0.5,0.5,20.7,232.0,58.0,490.15,0.36,41.6,7.38,50.0,20.0,20.0,109.0,36.0,36.0,2072.0,0.23,360.0,3890.0,1.0,820.9084262,0,50.0
0.8,11.3137085,4.949747468,100.0,30.0,100.0,3.175,257.0,2.62,700.0,148.0,1693.15,0.22,159.0,2.33,1.0,3.0,3.0,0.5,0.5,20.7,232.0,58.0,490.15,0.36,41.6,7.38,50.0,20.0,20.0,109.0,36.0,36.0,2072.0,0.23,360.0,3890.0,1.0,1074.845425,0,60.0
0.8,11.3137085,4.949747468,100.0,40.0,100.0,3.175,257.0,2.62,700.0,148.0,1693.15,0.22,159.0,2.33,1.0,3.0,3.0,0.5,0.5,20.7,232.0,58.0,490.15,0.36,41.6,7.38,50.0,20.0,20.0,109.0,36.0,36.0,2072.0,0.23,360.0,3890.0,1.0,992.7455138,0,80.0
0.8,11.3137085,4.949747468,100.0,47.3,100.0,3.175,257.0,2.62,700.0,148.0,1693.15,0.22,159.0,2.33,1.0,3.0,3.0,0.5,0.5,20.7,232.0,58.0,490.15,0.36,41.6,7.38,50.0,20.0,20.0,109.0,36.0,36.0,2072.0,0.23,360.0,3890.0,1.0,947.8295748,0,80.0
0.8,11.3137085,4.949747468,100.0,70.0,100.0,3.175,257.0,2.62,700.0,148.0,1693.15,0.22,159.0,2.33,1.0,3.0,3.0,0.5,0.5,20.7,232.0,58.0,490.15,0.36,41.6,7.38,50.0,20.0,20.0,109.0,36.0,36.0,2072.0,0.23,360.0,3890.0,1.0,850.5714949,0,90.0
0.8,11.3137085,4.949747468,100.0,70.0,100.0,3.175,257.0,2.62,700.0,148.0,1693.15,0.22,159.0,2.33,1.0,3.0,3.0,0.5,0.5,20.7,232.0,58.0,490.15,0.36,41.6,7.38,50.0,20.0,20.0,109.0,36.0,36.0,2072.0,0.23,360.0,3890.0,1.0,850.5714949,0,100.0
0.8,11.3137085,4.949747468,100.0,60.0,100.0,3.175,257.0,2.62,700.0,148.0,1693.15,0.22,159.0,2.33,1.0,3.0,3.0,0.5,0.5,20.7,232.0,58.0,490.15,0.36,41.6,7.38,50.0,20.0,20.0,109.0,36.0,36.0,2072.0,0.23,360.0,3890.0,1.0,887.5677782,0,120.0
0.8,11.3137085,4.949747468,100.0,70.0,100.0,3.175,257.0,2.62,700.0,148.0,1693.15,0.22,159.0,2.33,1.0,3.0,3.0,0.5,0.5,20.7,232.0,58.0,490.15,0.36,41.6,7.38,50.0,20.0,20.0,109.0,36.0,36.0,2072.0,0.23,360.0,3890.0,1.0,850.5714949,0,140.0
0.8,11.3137085,4.949747468,100.0,120.0,100.0,3.175,257.0,2.62,700.0,148.0,1693.15,0.22,159.0,2.33,1.0,3.0,3.0,0.5,0.5,20.7,232.0,58.0,490.15,0.36,41.6,7.38,50.0,20.0,20.0,109.0,36.0,36.0,2072.0,0.23,360.0,3890.0,1.0,732.9207927,0,240.0
0.8,11.3137085,4.949747468,100.0,310.0,100.0,3.175,257.0,2.62,700.0,148.0,1693.15,0.22,159.0,2.33,1.0,3.0,3.0,0.5,0.5,20.7,232.0,58.0,490.15,0.36,41.6,7.38,50.0,20.0,20.0,109.0,36.0,36.0,2072.0,0.23,360.0,3890.0,1.0,563.9139042,0,720.0
0.8,11.3137085,4.949747468,100.0,11.0,100.0,3.175,257.0,2.62,700.0,148.0,1693.15,0.22,159.0,2.33,1.0,3.0,3.0,0.5,0.5,20.7,232.0,58.0,490.15,0.36,41.6,7.38,50.0,20.0,20.0,109.0,36.0,36.0,2072.0,0.23,360.0,3890.0,1.0,1418.058813,1,
0.8,11.3137085,4.949747468,100.0,31.0,100.0,3.175,257.0,2.62,700.0,148.0,1693.15,0.22,159.0,2.33,1.0,3.0,3.0,0.5,0.5,20.7,232.0,58.0,490.15,0.36,41.6,7.38,50.0,20.0,20.0,109.0,36.0,36.0,2072.0,0.23,360.0,3890.0,1.0,1065.154982,1,
0.8,11.3137085,4.949747468,100.0,61.0,100.0,3.175,257.0,2.62,700.0,148.0,1693.15,0.22,159.0,2.33,1.0,3.0,3.0,0.5,0.5,20.7,232.0,58.0,490.15,0.36,41.6,7.38,50.0,20.0,20.0,109.0,36.0,36.0,2072.0,0.23,360.0,3890.0,1.0,883.5249179,1,
0.8,11.3137085,4.949747468,125.0,44.8,100.0,3.175,257.0,2.62,700.0,148.0,1693.15,0.22,159.0,2.33,1.0,3.0,3.0,0.5,0.5,20.7,232.0,58.0,490.15,0.36,41.6,7.38,50.0,20.0,20.0,109.0,36.0,36.0,2072.0,0.23,360.0,3890.0,1.0,699.8292508,0,40.0
0.8,11.3137085,4.949747468,75.0,44.8,75.0,3.175,257.0,2.62,700.0,148.0,1693.15,0.22,159.0,2.33,1.0,3.0,3.0,0.5,0.5,20.7,232.0,58.0,490.15,0.36,41.6,7.38,50.0,20.0,20.0,109.0,36.0,36.0,2072.0,0.23,360.0,3890.0,1.0,2403.439356,0,40.0
0.8,11.3137085,4.949747468,60.0,16.0,60.0,3.175,257.0,2.62,700.0,148.0,1693.15,0.22,159.0,2.33,1.0,3.0,3.0,0.5,0.5,20.7,232.0,58.0,490.15,0.36,41.6,7.38,50.0,20.0,20.0,109.0,36.0,36.0,2072.0,0.23,360.0,3890.0,1.0,6165.993209,0,40.0
0.8,11.3137085,4.949747468,140.0,16.0,100.0,3.175,257.0,2.62,700.0,148.0,1693.15,0.22,159.0,2.33,1.0,3.0,3.0,0.5,0.5,20.7,232.0,58.0,490.15,0.36,41.6,7.38,50.0,20.0,20.0,109.0,36.0,36.0,2072.0,0.23,360.0,3890.0,1.0,791.1934949,0,40.0
0.8,11.3137085,4.949747468,150.0,25.0,125.0,3.175,257.0,2.62,700.0,148.0,1693.15,0.22,159.0,2.33,1.0,3.0,3.0,0.5,0.5,20.7,232.0,58.0,490.15,0.36,41.6,7.38,50.0,20.0,20.0,109.0,36.0,36.0,2072.0,0.23,360.0,3890.0,1.0,407.5667902,0,40.0
0.8,11.3137085,4.949747468,100.0,15.0,60.0,3.175,257.0,2.62,700.0,148.0,1693.15,0.22,159.0,2.33,1.0,3.0,3.0,0.5,0.5,20.7,232.0,58.0,490.15,0.36,41.6,7.38,50.0,20.0,20.0,109.0,36.0,36.0,2072.0,0.23,360.0,3890.0,1.0,3028.692271,0,30.0
0.8,11.3137085,4.949747468,165.0,30.0,125.0,3.175,257.0,2.62,700.0,148.0,1693.15,0.22,159.0,2.33,1.0,3.0,3.0,0.5,0.5,20.7,232.0,58.0,490.15,0.36,41.6,7.38,50.0,20.0,20.0,109.0,36.0,36.0,2072.0,0.23,360.0,3890.0,1.0,567.7509075,0,60.0
0.8,11.3137085,4.949747468,165.0,21.0,125.0,3.175,257.0,2.62,700.0,148.0,1693.15,0.22,159.0,2.33,1.0,3.0,3.0,0.5,0.5,20.7,232.0,58.0,490.15,0.36,41.6,7.38,50.0,20.0,20.0,109.0,36.0,36.0,2072.0,0.23,360.0,3890.0,1.0,626.5298375,0,42.0
0.8,11.3137085,4.949747468,165.0,120.0,125.0,3.175,257.0,2.62,700.0,148.0,1693.15,0.22,159.0,2.33,1.0,3.0,3.0,0.5,0.5,20.7,232.0,58.0,490.15,0.36,41.6,7.38,50.0,20.0,20.0,109.0,36.0,36.0,2072.0,0.23,360.0,3890.0,1.0,387.1407325,0,240.0
0.8,11.3137085,4.949747468,180.0,15.0,125.0,3.175,257.0,2.62,700.0,148.0,1693.15,0.22,159.0,2.33,1.0,3.0,3.0,0.5,0.5,20.7,232.0,58.0,490.15,0.36,41.6,7.38,50.0,20.0,20.0,109.0,36.0,36.0,2072.0,0.23,360.0,3890.0,1.0,607.2858484,0,30.0
0.8,11.3137085,4.949747468,100.0,15.0,100.0,3.175,257.0,2.62,700.0,148.0,1693.15,0.22,159.0,2.33,1.0,3.0,3.0,0.5,0.5,20.7,232.0,58.0,490.15,0.36,41.6,7.38,50.0,20.0,20.0,109.0,36.0,36.0,2072.0,0.23,360.0,3890.0,1.0,2184.59135,0,30.0
0.8,11.3137085,4.949747468,100.0,38.65,100.0,3.175,257.0,2.62,700.0,148.0,1693.15,0.22,159.0,2.33,1.0,3.0,3.0,0.5,0.5,20.7,232.0,58.0,490.15,0.36,41.6,7.38,50.0,20.0,20.0,109.0,36.0,36.0,2072.0,0.23,360.0,3890.0,1.0,1682.038469,0,30.0
0.8,11.3137085,4.949747468,100.0,20.0,100.0,3.175,257.0,2.62,700.0,148.0,1693.15,0.22,159.0,2.33,1.0,3.0,3.0,0.5,0.5,20.7,232.0,58.0,490.15,0.36,41.6,7.38,50.0,20.0,20.0,109.0,36.0,36.0,2072.0,0.23,360.0,3890.0,1.0,2017.725723,0,40.0
0.8,11.3137085,4.949747468,100.0,47.3,100.0,3.175,257.0,2.62,700.0,148.0,1693.15,0.22,159.0,2.33,1.0,3.0,3.0,0.5,0.5,20.7,232.0,58.0,490.15,0.36,41.6,7.38,50.0,20.0,20.0,109.0,36.0,36.0,2072.0,0.23,360.0,3890.0,1.0,1590.779437,0,40.0
0.8,11.3137085,4.949747468,100.0,79.6,100.0,3.175,257.0,2.62,700.0,148.0,1693.15,0.22,159.0,2.33,1.0,3.0,3.0,0.5,0.5,20.7,232.0,58.0,490.15,0.36,41.6,7.38,50.0,20.0,20.0,109.0,36.0,36.0,2072.0,0.23,360.0,3890.0,1.0,1377.76271,0,50.0
0.8,11.3137085,4.949747468,100.0,30.0,100.0,3.175,257.0,2.62,700.0,148.0,1693.15,0.22,159.0,2.33,1.0,3.0,3.0,0.5,0.5,20.7,232.0,58.0,490.15,0.36,41.6,7.38,50.0,20.0,20.0,109.0,36.0,36.0,2072.0,0.23,360.0,3890.0,1.0,1803.955105,0,60.0
0.8,11.3137085,4.949747468,100.0,40.0,100.0,3.175,257.0,2.62,700.0,148.0,1693.15,0.22,159.0,2.33,1.0,3.0,3.0,0.5,0.5,20.7,232.0,58.0,490.15,0.36,41.6,7.38,50.0,20.0,20.0,109.0,36.0,36.0,2072.0,0.23,360.0,3890.0,1.0,1666.163613,0,80.0
0.8,11.3137085,4.949747468,100.0,47.3,100.0,3.175,257.0,2.62,700.0,148.0,1693.15,0.22,159.0,2.33,1.0,3.0,3.0,0.5,0.5,20.7,232.0,58.0,490.15,0.36,41.6,7.38,50.0,20.0,20.0,109.0,36.0,36.0,2072.0,0.23,360.0,3890.0,1.0,1590.779437,0,80.0
0.8,11.3137085,4.949747468,100.0,70.0,100.0,3.175,257.0,2.62,700.0,148.0,1693.15,0.22,159.0,2.33,1.0,3.0,3.0,0.5,0.5,20.7,232.0,58.0,490.15,0.36,41.6,7.38,50.0,20.0,20.0,109.0,36.0,36.0,2072.0,0.23,360.0,3890.0,1.0,1427.547398,0,90.0
0.8,11.3137085,4.949747468,100.0,70.0,100.0,3.175,257.0,2.62,700.0,148.0,1693.15,0.22,159.0,2.33,1.0,3.0,3.0,0.5,0.5,20.7,232.0,58.0,490.15,0.36,41.6,7.38,50.0,20.0,20.0,109.0,36.0,36.0,2072.0,0.23,360.0,3890.0,1.0,1427.547398,0,100.0
0.8,11.3137085,4.949747468,100.0,60.0,100.0,3.175,257.0,2.62,700.0,148.0,1693.15,0.22,159.0,2.33,1.0,3.0,3.0,0.5,0.5,20.7,232.0,58.0,490.15,0.36,41.6,7.38,50.0,20.0,20.0,109.0,36.0,36.0,2072.0,0.23,360.0,3890.0,1.0,1489.639707,0,120.0
0.8,11.3137085,4.949747468,100.0,70.0,100.0,3.175,257.0,2.62,700.0,148.0,1693.15,0.22,159.0,2.33,1.0,3.0,3.0,0.5,0.5,20.7,232.0,58.0,490.15,0.36,41.6,7.38,50.0,20.0,20.0,109.0,36.0,36.0,2072.0,0.23,360.0,3890.0,1.0,1427.547398,0,140.0
0.8,11.3137085,4.949747468,100.0,120.0,100.0,3.175,257.0,2.62,700.0,148.0,1693.15,0.22,159.0,2.33,1.0,3.0,3.0,0.5,0.5,20.7,232.0,58.0,490.15,0.36,41.6,7.38,50.0,20.0,20.0,109.0,36.0,36.0,2072.0,0.23,360.0,3890.0,1.0,1230.089624,0,240.0
0.8,11.3137085,4.949747468,100.0,310.0,100.0,3.175,257.0,2.62,700.0,148.0,1693.15,0.22,159.0,2.33,1.0,3.0,3.0,0.5,0.5,20.7,232.0,58.0,490.15,0.36,41.6,7.38,50.0,20.0,20.0,109.0,36.0,36.0,2072.0,0.23,360.0,3890.0,1.0,946.4387552,0,720.0
0.8,11.3137085,4.949747468,100.0,11.0,100.0,3.175,257.0,2.62,700.0,148.0,1693.15,0.22,159.0,2.33,1.0,3.0,3.0,0.5,0.5,20.7,232.0,58.0,490.15,0.36,41.6,7.38,50.0,20.0,20.0,109.0,36.0,36.0,2072.0,0.23,360.0,3890.0,1.0,2379.983553,1,
0.8,11.3137085,4.949747468,100.0,31.0,100.0,3.175,257.0,2.62,700.0,148.0,1693.15,0.22,159.0,2.33,1.0,3.0,3.0,0.5,0.5,20.7,232.0,58.0,490.15,0.36,41.6,7.38,50.0,20.0,20.0,109.0,36.0,36.0,2072.0,0.23,360.0,3890.0,1.0,1787.691255,1,
0.8,11.3137085,4.949747468,100.0,61.0,100.0,3.175,257.0,2.62,700.0,148.0,1693.15,0.22,159.0,2.33,1.0,3.0,3.0,0.5,0.5,20.7,232.0,58.0,490.15,0.36,41.6,7.38,50.0,20.0,20.0,109.0,36.0,36.0,2072.0,0.23,360.0,3890.0,1.0,1482.854417,1,
0.8,11.3137085,4.949747468,125.0,44.8,100.0,3.175,257.0,2.62,700.0,148.0,1693.15,0.22,159.0,2.33,1.0,3.0,3.0,0.5,0.5,20.7,232.0,58.0,490.15,0.36,41.6,7.38,50.0,20.0,20.0,109.0,36.0,36.0,2072.0,0.23,360.0,3890.0,1.0,1174.550796,0,40.0
0.8,11.3137085,4.949747468,75.0,44.8,75.0,3.175,257.0,2.62,700.0,148.0,1693.15,0.22,159.0,2.33,1.0,3.0,3.0,0.5,0.5,20.7,232.0,58.0,490.15,0.36,41.6,7.38,50.0,20.0,20.0,109.0,36.0,36.0,2072.0,0.23,360.0,3890.0,1.0,4033.786248,0,40.0
0.8,11.3137085,4.949747468,60.0,16.0,60.0,3.175,257.0,2.62,700.0,148.0,1693.15,0.22,159.0,2.33,1.0,3.0,3.0,0.5,0.5,20.7,232.0,58.0,490.15,0.36,41.6,7.38,50.0,20.0,20.0,109.0,36.0,36.0,2072.0,0.23,360.0,3890.0,1.0,10348.6275,0,40.0
0.8,11.3137085,4.949747468,140.0,16.0,100.0,3.175,257.0,2.62,700.0,148.0,1693.15,0.22,159.0,2.33,1.0,3.0,3.0,0.5,0.5,20.7,232.0,58.0,490.15,0.36,41.6,7.38,50.0,20.0,20.0,109.0,36.0,36.0,2072.0,0.23,360.0,3890.0,1.0,1327.890979,0,40.0
0.8,11.3137085,4.949747468,150.0,25.0,125.0,3.175,257.0,2.62,700.0,148.0,1693.15,0.22,159.0,2.33,1.0,3.0,3.0,0.5,0.5,20.7,232.0,58.0,490.15,0.36,41.6,7.38,50.0,20.0,20.0,109.0,36.0,36.0,2072.0,0.23,360.0,3890.0,1.0,684.0352804,0,40.0
0.8,11.3137085,4.949747468,100.0,15.0,60.0,3.175,257.0,2.62,700.0,148.0,1693.15,0.22,159.0,2.33,1.0,3.0,3.0,0.5,0.5,20.7,232.0,58.0,490.15,0.36,41.6,7.38,50.0,20.0,20.0,109.0,36.0,36.0,2072.0,0.23,360.0,3890.0,1.0,5083.172665,0,30.0
0.8,11.3137085,4.949747468,165.0,30.0,125.0,3.175,257.0,2.62,700.0,148.0,1693.15,0.22,159.0,2.33,1.0,3.0,3.0,0.5,0.5,20.7,232.0,58.0,490.15,0.36,41.6,7.38,50.0,20.0,20.0,109.0,36.0,36.0,2072.0,0.23,360.0,3890.0,1.0,650.9721609,0,60.0
0.8,11.3137085,4.949747468,165.0,21.0,125.0,3.175,257.0,2.62,700.0,148.0,1693.15,0.22,159.0,2.33,1.0,3.0,3.0,0.5,0.5,20.7,232.0,58.0,490.15,0.36,41.6,7.38,50.0,20.0,20.0,109.0,36.0,36.0,2072.0,0.23,360.0,3890.0,1.0,718.3669402,0,42.0
0.8,11.3137085,4.949747468,165.0,120.0,125.0,3.175,257.0,2.62,700.0,148.0,1693.15,0.22,159.0,2.33,1.0,3.0,3.0,0.5,0.5,20.7,232.0,58.0,490.15,0.36,41.6,7.38,50.0,20.0,20.0,109.0,36.0,36.0,2072.0,0.23,360.0,3890.0,1.0,443.888043,0,240.0
0.8,11.3137085,4.949747468,180.0,15.0,125.0,3.175,257.0,2.62,700.0,148.0,1693.15,0.22,159.0,2.33,1.0,3.0,3.0,0.5,0.5,20.7,232.0,58.0,490.15,0.36,41.6,7.38,50.0,20.0,20.0,109.0,36.0,36.0,2072.0,0.23,360.0,3890.0,1.0,696.3021562,0,30.0
0.8,11.3137085,4.949747468,100.0,15.0,100.0,3.175,257.0,2.62,700.0,148.0,1693.15,0.22,159.0,2.33,1.0,3.0,3.0,0.5,0.5,20.7,232.0,58.0,490.15,0.36,41.6,7.38,50.0,20.0,20.0,109.0,36.0,36.0,2072.0,0.23,360.0,3890.0,1.0,2504.810003,0,30.0
0.8,11.3137085,4.949747468,100.0,38.65,100.0,3.175,257.0,2.62,700.0,148.0,1693.15,0.22,159.0,2.33,1.0,3.0,3.0,0.5,0.5,20.7,232.0,58.0,490.15,0.36,41.6,7.38,50.0,20.0,20.0,109.0,36.0,36.0,2072.0,0.23,360.0,3890.0,1.0,1928.592632,0,30.0
0.8,11.3137085,4.949747468,100.0,20.0,100.0,3.175,257.0,2.62,700.0,148.0,1693.15,0.22,159.0,2.33,1.0,3.0,3.0,0.5,0.5,20.7,232.0,58.0,490.15,0.36,41.6,7.38,50.0,20.0,20.0,109.0,36.0,36.0,2072.0,0.23,360.0,3890.0,1.0,2313.485116,0,40.0
0.8,11.3137085,4.949747468,100.0,47.3,100.0,3.175,257.0,2.62,700.0,148.0,1693.15,0.22,159.0,2.33,1.0,3.0,3.0,0.5,0.5,20.7,232.0,58.0,490.15,0.36,41.6,7.38,50.0,20.0,20.0,109.0,36.0,36.0,2072.0,0.23,360.0,3890.0,1.0,1823.956798,0,40.0
0.8,11.3137085,4.949747468,100.0,79.6,100.0,3.175,257.0,2.62,700.0,148.0,1693.15,0.22,159.0,2.33,1.0,3.0,3.0,0.5,0.5,20.7,232.0,58.0,490.15,0.36,41.6,7.38,50.0,20.0,20.0,109.0,36.0,36.0,2072.0,0.23,360.0,3890.0,1.0,1579.715958,0,50.0
0.8,11.3137085,4.949747468,100.0,30.0,100.0,3.175,257.0,2.62,700.0,148.0,1693.15,0.22,159.0,2.33,1.0,3.0,3.0,0.5,0.5,20.7,232.0,58.0,490.15,0.36,41.6,7.38,50.0,20.0,20.0,109.0,36.0,36.0,2072.0,0.23,360.0,3890.0,1.0,2068.379878,0,60.0
0.8,11.3137085,4.949747468,100.0,40.0,100.0,3.175,257.0,2.62,700.0,148.0,1693.15,0.22,159.0,2.33,1.0,3.0,3.0,0.5,0.5,20.7,232.0,58.0,490.15,0.36,41.6,7.38,50.0,20.0,20.0,109.0,36.0,36.0,2072.0,0.23,360.0,3890.0,1.0,1910.390831,0,80.0
0.8,11.3137085,4.949747468,100.0,47.3,100.0,3.175,257.0,2.62,700.0,148.0,1693.15,0.22,159.0,2.33,1.0,3.0,3.0,0.5,0.5,20.7,232.0,58.0,490.15,0.36,41.6,7.38,50.0,20.0,20.0,109.0,36.0,36.0,2072.0,0.23,360.0,3890.0,1.0,1823.956798,0,80.0
0.8,11.3137085,4.949747468,100.0,70.0,100.0,3.175,257.0,2.62,700.0,148.0,1693.15,0.22,159.0,2.33,1.0,3.0,3.0,0.5,0.5,20.7,232.0,58.0,490.15,0.36,41.6,7.38,50.0,20.0,20.0,109.0,36.0,36.0,2072.0,0.23,360.0,3890.0,1.0,1636.798114,0,90.0
0.8,11.3137085,4.949747468,100.0,70.0,100.0,3.175,257.0,2.62,700.0,148.0,1693.15,0.22,159.0,2.33,1.0,3.0,3.0,0.5,0.5,20.7,232.0,58.0,490.15,0.36,41.6,7.38,50.0,20.0,20.0,109.0,36.0,36.0,2072.0,0.23,360.0,3890.0,1.0,1636.798114,0,100.0
0.8,11.3137085,4.949747468,100.0,60.0,100.0,3.175,257.0,2.62,700.0,148.0,1693.15,0.22,159.0,2.33,1.0,3.0,3.0,0.5,0.5,20.7,232.0,58.0,490.15,0.36,41.6,7.38,50.0,20.0,20.0,109.0,36.0,36.0,2072.0,0.23,360.0,3890.0,1.0,1707.991949,0,120.0
0.8,11.3137085,4.949747468,100.0,70.0,100.0,3.175,257.0,2.62,700.0,148.0,1693.15,0.22,159.0,2.33,1.0,3.0,3.0,0.5,0.5,20.7,232.0,58.0,490.15,0.36,41.6,7.38,50.0,20.0,20.0,109.0,36.0,36.0,2072.0,0.23,360.0,3890.0,1.0,1636.798114,0,140.0
0.8,11.3137085,4.949747468,100.0,120.0,100.0,3.175,257.0,2.62,700.0,148.0,1693.15,0.22,159.0,2.33,1.0,3.0,3.0,0.5,0.5,20.7,232.0,58.0,490.15,0.36,41.6,7.38,50.0,20.0,20.0,109.0,36.0,36.0,2072.0,0.23,360.0,3890.0,1.0,1410.396867,0,240.0
0.8,11.3137085,4.949747468,100.0,310.0,100.0,3.175,257.0,2.62,700.0,148.0,1693.15,0.22,159.0,2.33,1.0,3.0,3.0,0.5,0.5,20.7,232.0,58.0,490.15,0.36,41.6,7.38,50.0,20.0,20.0,109.0,36.0,36.0,2072.0,0.23,360.0,3890.0,1.0,1085.16829,0,720.0
0.8,11.3137085,4.949747468,100.0,11.0,100.0,3.175,257.0,2.62,700.0,148.0,1693.15,0.22,159.0,2.33,1.0,3.0,3.0,0.5,0.5,20.7,232.0,58.0,490.15,0.36,41.6,7.38,50.0,20.0,20.0,109.0,36.0,36.0,2072.0,0.23,360.0,3890.0,1.0,2728.842907,1,
0.8,11.3137085,4.949747468,100.0,31.0,100.0,3.175,257.0,2.62,700.0,148.0,1693.15,0.22,159.0,2.33,1.0,3.0,3.0,0.5,0.5,20.7,232.0,58.0,490.15,0.36,41.6,7.38,50.0,20.0,20.0,109.0,36.0,36.0,2072.0,0.23,360.0,3890.0,1.0,2049.732064,1,
0.8,11.3137085,4.949747468,100.0,61.0,100.0,3.175,257.0,2.62,700.0,148.0,1693.15,0.22,159.0,2.33,1.0,3.0,3.0,0.5,0.5,20.7,232.0,58.0,490.15,0.36,41.6,7.38,50.0,20.0,20.0,109.0,36.0,36.0,2072.0,0.23,360.0,3890.0,1.0,1700.212067,1,
0.8,11.3137085,4.949747468,125.0,44.8,100.0,3.175,257.0,2.62,700.0,148.0,1693.15,0.22,159.0,2.33,1.0,3.0,3.0,0.5,0.5,20.7,232.0,58.0,490.15,0.36,41.6,7.38,50.0,20.0,20.0,109.0,36.0,36.0,2072.0,0.23,360.0,3890.0,1.0,1346.717125,0,40.0
0.8,11.3137085,4.949747468,75.0,44.8,75.0,3.175,257.0,2.62,700.0,148.0,1693.15,0.22,159.0,2.33,1.0,3.0,3.0,0.5,0.5,20.7,232.0,58.0,490.15,0.36,41.6,7.38,50.0,20.0,20.0,109.0,36.0,36.0,2072.0,0.23,360.0,3890.0,1.0,4625.060949,0,40.0
0.8,11.3137085,4.949747468,60.0,16.0,60.0,3.175,257.0,2.62,700.0,148.0,1693.15,0.22,159.0,2.33,1.0,3.0,3.0,0.5,0.5,20.7,232.0,58.0,490.15,0.36,41.6,7.38,50.0,20.0,20.0,109.0,36.0,36.0,2072.0,0.23,360.0,3890.0,1.0,11865.53525,0,40.0
0.8,11.3137085,4.949747468,140.0,16.0,100.0,3.175,257.0,2.62,700.0,148.0,1693.15,0.22,159.0,2.33,1.0,3.0,3.0,0.5,0.5,20.7,232.0,58.0,490.15,0.36,41.6,7.38,50.0,20.0,20.0,109.0,36.0,36.0,2072.0,0.23,360.0,3890.0,1.0,1522.534,0,40.0
0.8,11.3137085,4.949747468,150.0,25.0,125.0,3.175,257.0,2.62,700.0,148.0,1693.15,0.22,159.0,2.33,1.0,3.0,3.0,0.5,0.5,20.7,232.0,58.0,490.15,0.36,41.6,7.38,50.0,20.0,20.0,109.0,36.0,36.0,2072.0,0.23,360.0,3890.0,1.0,784.3015639,0,40.0
0.8,11.3137085,4.949747468,100.0,15.0,60.0,3.175,257.0,2.62,700.0,148.0,1693.15,0.22,159.0,2.33,1.0,3.0,3.0,0.5,0.5,20.7,232.0,58.0,490.15,0.36,41.6,7.38,50.0,20.0,20.0,109.0,36.0,36.0,2072.0,0.23,360.0,3890.0,1.0,5828.267028,0,30.0
0.8,11.3137085,4.949747468,165.0,30.0,125.0,3.175,257.0,2.62,700.0,148.0,1693.15,0.22,159.0,2.33,1.0,3.0,3.0,0.5,0.5,20.7,232.0,58.0,490.15,0.36,41.6,7.38,50.0,20.0,20.0,109.0,36.0,36.0,2072.0,0.23,360.0,3890.0,1.0,539.4563298,0,60.0
0.8,11.3137085,4.949747468,165.0,21.0,125.0,3.175,257.0,2.62,700.0,148.0,1693.15,0.22,159.0,2.33,1.0,3.0,3.0,0.5,0.5,20.7,232.0,58.0,490.15,0.36,41.6,7.38,50.0,20.0,20.0,109.0,36.0,36.0,2072.0,0.23,360.0,3890.0,1.0,595.3059382,0,42.0
0.8,11.3137085,4.949747468,165.0,120.0,125.0,3.175,257.0,2.62,700.0,148.0,1693.15,0.22,159.0,2.33,1.0,3.0,3.0,0.5,0.5,20.7,232.0,58.0,490.15,0.36,41.6,7.38,50.0,20.0,20.0,109.0,36.0,36.0,2072.0,0.23,360.0,3890.0,1.0,367.8470891,0,240.0
0.8,11.3137085,4.949747468,180.0,15.0,125.0,3.175,257.0,2.62,700.0,148.0,1693.15,0.22,159.0,2.33,1.0,3.0,3.0,0.5,0.5,20.7,232.0,58.0,490.15,0.36,41.6,7.38,50.0,20.0,20.0,109.0,36.0,36.0,2072.0,0.23,360.0,3890.0,1.0,577.0209974,0,30.0
0.8,11.3137085,4.949747468,100.0,15.0,100.0,3.175,257.0,2.62,700.0,148.0,1693.15,0.22,159.0,2.33,1.0,3.0,3.0,0.5,0.5,20.7,232.0,58.0,490.15,0.36,41.6,7.38,50.0,20.0,20.0,109.0,36.0,36.0,2072.0,0.23,360.0,3890.0,1.0,2075.719504,0,30.0
0.8,11.3137085,4.949747468,100.0,38.65,100.0,3.175,257.0,2.62,700.0,148.0,1693.15,0.22,159.0,2.33,1.0,3.0,3.0,0.5,0.5,20.7,232.0,58.0,490.15,0.36,41.6,7.38,50.0,20.0,20.0,109.0,36.0,36.0,2072.0,0.23,360.0,3890.0,1.0,1598.211975,0,30.0
0.8,11.3137085,4.949747468,100.0,20.0,100.0,3.175,257.0,2.62,700.0,148.0,1693.15,0.22,159.0,2.33,1.0,3.0,3.0,0.5,0.5,20.7,232.0,58.0,490.15,0.36,41.6,7.38,50.0,20.0,20.0,109.0,36.0,36.0,2072.0,0.23,360.0,3890.0,1.0,1917.169834,0,40.0
0.8,11.3137085,4.949747468,100.0,47.3,100.0,3.175,257.0,2.62,700.0,148.0,1693.15,0.22,159.0,2.33,1.0,3.0,3.0,0.5,0.5,20.7,232.0,58.0,490.15,0.36,41.6,7.38,50.0,20.0,20.0,109.0,36.0,36.0,2072.0,0.23,360.0,3890.0,1.0,1511.500951,0,40.0
0.8,11.3137085,4.949747468,100.0,79.6,100.0,3.175,257.0,2.62,700.0,148.0,1693.15,0.22,159.0,2.33,1.0,3.0,3.0,0.5,0.5,20.7,232.0,58.0,490.15,0.36,41.6,7.38,50.0,20.0,20.0,109.0,36.0,36.0,2072.0,0.23,360.0,3890.0,1.0,1309.10018,0,50.0
0.8,11.3137085,4.949747468,100.0,30.0,100.0,3.175,257.0,2.62,700.0,148.0,1693.15,0.22,159.0,2.33,1.0,3.0,3.0,0.5,0.5,20.7,232.0,58.0,490.15,0.36,41.6,7.38,50.0,20.0,20.0,109.0,36.0,36.0,2072.0,0.23,360.0,3890.0,1.0,1714.052742,0,60.0
0.8,11.3137085,4.949747468,100.0,40.0,100.0,3.175,257.0,2.62,700.0,148.0,1693.15,0.22,159.0,2.33,1.0,3.0,3.0,0.5,0.5,20.7,232.0,58.0,490.15,0.36,41.6,7.38,50.0,20.0,20.0,109.0,36.0,36.0,2072.0,0.23,360.0,3890.0,1.0,1583.128263,0,80.0
0.8,11.3137085,4.949747468,100.0,47.3,100.0,3.175,257.0,2.62,700.0,148.0,1693.15,0.22,159.0,2.33,1.0,3.0,3.0,0.5,0.5,20.7,232.0,58.0,490.15,0.36,41.6,7.38,50.0,20.0,20.0,109.0,36.0,36.0,2072.0,0.23,360.0,3890.0,1.0,1511.500951,0,80.0
0.8,11.3137085,4.949747468,100.0,70.0,100.0,3.175,257.0,2.62,700.0,148.0,1693.15,0.22,159.0,2.33,1.0,3.0,3.0,0.5,0.5,20.7,232.0,58.0,490.15,0.36,41.6,7.38,50.0,20.0,20.0,109.0,36.0,36.0,2072.0,0.23,360.0,3890.0,1.0,1356.403785,0,90.0
0.8,11.3137085,4.949747468,100.0,70.0,100.0,3.175,257.0,2.62,700.0,148.0,1693.15,0.22,159.0,2.33,1.0,3.0,3.0,0.5,0.5,20.7,232.0,58.0,490.15,0.36,41.6,7.38,50.0,20.0,20.0,109.0,36.0,36.0,2072.0,0.23,360.0,3890.0,1.0,1356.403785,0,100.0
0.8,11.3137085,4.949747468,100.0,60.0,100.0,3.175,257.0,2.62,700.0,148.0,1693.15,0.22,159.0,2.33,1.0,3.0,3.0,0.5,0.5,20.7,232.0,58.0,490.15,0.36,41.6,7.38,50.0,20.0,20.0,109.0,36.0,36.0,2072.0,0.23,360.0,3890.0,1.0,1415.401646,0,120.0
0.8,11.3137085,4.949747468,100.0,70.0,100.0,3.175,257.0,2.62,700.0,148.0,1693.15,0.22,159.0,2.33,1.0,3.0,3.0,0.5,0.5,20.7,232.0,58.0,490.15,0.36,41.6,7.38,50.0,20.0,20.0,109.0,36.0,36.0,2072.0,0.23,360.0,3890.0,1.0,1356.403785,0,140.0
0.8,11.3137085,4.949747468,100.0,120.0,100.0,3.175,257.0,2.62,700.0,148.0,1693.15,0.22,159.0,2.33,1.0,3.0,3.0,0.5,0.5,20.7,232.0,58.0,490.15,0.36,41.6,7.38,50.0,20.0,20.0,109.0,36.0,36.0,2072.0,0.23,360.0,3890.0,1.0,1168.786567,0,240.0
0.8,11.3137085,4.949747468,100.0,310.0,100.0,3.175,257.0,2.62,700.0,148.0,1693.15,0.22,159.0,2.33,1.0,3.0,3.0,0.5,0.5,20.7,232.0,58.0,490.15,0.36,41.6,7.38,50.0,20.0,20.0,109.0,36.0,36.0,2072.0,0.23,360.0,3890.0,1.0,899.2717942,0,720.0
0.8,11.3137085,4.949747468,100.0,11.0,100.0,3.175,257.0,2.62,700.0,148.0,1693.15,0.22,159.0,2.33,1.0,3.0,3.0,0.5,0.5,20.7,232.0,58.0,490.15,0.36,41.6,7.38,50.0,20.0,20.0,109.0,36.0,36.0,2072.0,0.23,360.0,3890.0,1.0,2261.374091,1,
0.8,11.3137085,4.949747468,100.0,31.0,100.0,3.175,257.0,2.62,700.0,148.0,1693.15,0.22,159.0,2.33,1.0,3.0,3.0,0.5,0.5,20.7,232.0,58.0,490.15,0.36,41.6,7.38,50.0,20.0,20.0,109.0,36.0,36.0,2072.0,0.23,360.0,3890.0,1.0,1698.599422,1,
0.8,11.3137085,4.949747468,100.0,61.0,100.0,3.175,257.0,2.62,700.0,148.0,1693.15,0.22,159.0,2.33,1.0,3.0,3.0,0.5,0.5,20.7,232.0,58.0,490.15,0.36,41.6,7.38,50.0,20.0,20.0,109.0,36.0,36.0,2072.0,0.23,360.0,3890.0,1.0,1408.954509,1,
0.8,11.3137085,4.949747468,125.0,44.8,100.0,3.175,257.0,2.62,700.0,148.0,1693.15,0.22,159.0,2.33,1.0,3.0,3.0,0.5,0.5,20.7,232.0,58.0,490.15,0.36,41.6,7.38,50.0,20.0,20.0,109.0,36.0,36.0,2072.0,0.23,360.0,3890.0,1.0,1116.015586,0,40.0
0.8,11.3137085,4.949747468,75.0,44.8,75.0,3.175,257.0,2.62,700.0,148.0,1693.15,0.22,159.0,2.33,1.0,3.0,3.0,0.5,0.5,20.7,232.0,58.0,490.15,0.36,41.6,7.38,50.0,20.0,20.0,109.0,36.0,36.0,2072.0,0.23,360.0,3890.0,1.0,3832.757458,0,40.0
0.8,11.3137085,4.949747468,60.0,16.0,60.0,3.175,257.0,2.62,700.0,148.0,1693.15,0.22,159.0,2.33,1.0,3.0,3.0,0.5,0.5,20.7,232.0,58.0,490.15,0.36,41.6,7.38,50.0,20.0,20.0,109.0,36.0,36.0,2072.0,0.23,360.0,3890.0,1.0,9832.890685,0,40.0
0.8,11.3137085,4.949747468,140.0,16.0,100.0,3.175,257.0,2.62,700.0,148.0,1693.15,0.22,159.0,2.33,1.0,3.0,3.0,0.5,0.5,20.7,232.0,58.0,490.15,0.36,41.6,7.38,50.0,20.0,20.0,109.0,36.0,36.0,2072.0,0.23,360.0,3890.0,1.0,1261.713869,0,40.0
0.8,11.3137085,4.949747468,150.0,25.0,125.0,3.175,257.0,2.62,700.0,148.0,1693.15,0.22,159.0,2.33,1.0,3.0,3.0,0.5,0.5,20.7,232.0,58.0,490.15,0.36,41.6,7.38,50.0,20.0,20.0,109.0,36.0,36.0,2072.0,0.23,360.0,3890.0,1.0,649.9455253,0,40.0
0.8,11.3137085,4.949747468,100.0,15.0,60.0,3.175,257.0,2.62,700.0,148.0,1693.15,0.22,159.0,2.33,1.0,3.0,3.0,0.5,0.5,20.7,232.0,58.0,490.15,0.36,41.6,7.38,50.0,20.0,20.0,109.0,36.0,36.0,2072.0,0.23,360.0,3890.0,1.0,4829.846387,0,30.0
0.8,11.3137085,4.949747468,165.0,30.0,125.0,3.175,257.0,2.62,700.0,148.0,1693.15,0.22,159.0,2.33,1.0,3.0,3.0,0.5,0.5,20.7,232.0,58.0,490.15,0.36,41.6,7.38,50.0,20.0,20.0,109.0,36.0,36.0,2072.0,0.23,360.0,3890.0,1.0,796.1919771,0,60.0
0.8,11.3137085,4.949747468,165.0,21.0,125.0,3.175,257.0,2.62,700.0,148.0,1693.15,0.22,159.0,2.33,1.0,3.0,3.0,0.5,0.5,20.7,232.0,58.0,490.15,0.36,41.6,7.38,50.0,20.0,20.0,109.0,36.0,36.0,2072.0,0.23,360.0,3890.0,1.0,878.6212817,0,42.0
0.8,11.3137085,4.949747468,165.0,120.0,125.0,3.175,257.0,2.62,700.0,148.0,1693.15,0.22,159.0,2.33,1.0,3.0,3.0,0.5,0.5,20.7,232.0,58.0,490.15,0.36,41.6,7.38,50.0,20.0,20.0,109.0,36.0,36.0,2072.0,0.23,360.0,3890.0,1.0,542.911233,0,240.0
0.8,11.3137085,4.949747468,180.0,15.0,125.0,3.175,257.0,2.62,700.0,148.0,1693.15,0.22,159.0,2.33,1.0,3.0,3.0,0.5,0.5,20.7,232.0,58.0,490.15,0.36,41.6,7.38,50.0,20.0,20.0,109.0,36.0,36.0,2072.0,0.23,360.0,3890.0,1.0,851.6342536,0,30.0
0.8,11.3137085,4.949747468,100.0,15.0,100.0,3.175,257.0,2.62,700.0,148.0,1693.15,0.22,159.0,2.33,1.0,3.0,3.0,0.5,0.5,20.7,232.0,58.0,490.15,0.36,41.6,7.38,50.0,20.0,20.0,109.0,36.0,36.0,2072.0,0.23,360.0,3890.0,1.0,3063.58666,0,30.0
0.8,11.3137085,4.949747468,100.0,38.65,100.0,3.175,257.0,2.62,700.0,148.0,1693.15,0.22,159.0,2.33,1.0,3.0,3.0,0.5,0.5,20.7,232.0,58.0,490.15,0.36,41.6,7.38,50.0,20.0,20.0,109.0,36.0,36.0,2072.0,0.23,360.0,3890.0,1.0,2358.82588,0,30.0
0.8,11.3137085,4.949747468,100.0,20.0,100.0,3.175,257.0,2.62,700.0,148.0,1693.15,0.22,159.0,2.33,1.0,3.0,3.0,0.5,0.5,20.7,232.0,58.0,490.15,0.36,41.6,7.38,50.0,20.0,20.0,109.0,36.0,36.0,2072.0,0.23,360.0,3890.0,1.0,2829.58074,0,40.0
0.8,11.3137085,4.949747468,100.0,47.3,100.0,3.175,257.0,2.62,700.0,148.0,1693.15,0.22,159.0,2.33,1.0,3.0,3.0,0.5,0.5,20.7,232.0,58.0,490.15,0.36,41.6,7.38,50.0,20.0,20.0,109.0,36.0,36.0,2072.0,0.23,360.0,3890.0,1.0,2230.847733,0,40.0
0.8,11.3137085,4.949747468,100.0,79.6,100.0,3.175,257.0,2.62,700.0,148.0,1693.15,0.22,159.0,2.33,1.0,3.0,3.0,0.5,0.5,20.7,232.0,58.0,490.15,0.36,41.6,7.38,50.0,20.0,20.0,109.0,36.0,36.0,2072.0,0.23,360.0,3890.0,1.0,1932.121291,0,50.0
0.8,11.3137085,4.949747468,100.0,30.0,100.0,3.175,257.0,2.62,700.0,148.0,1693.15,0.22,159.0,2.33,1.0,3.0,3.0,0.5,0.5,20.7,232.0,58.0,490.15,0.36,41.6,7.38,50.0,20.0,20.0,109.0,36.0,36.0,2072.0,0.23,360.0,3890.0,1.0,2529.797068,0,60.0
0.8,11.3137085,4.949747468,100.0,40.0,100.0,3.175,257.0,2.62,700.0,148.0,1693.15,0.22,159.0,2.33,1.0,3.0,3.0,0.5,0.5,20.7,232.0,58.0,490.15,0.36,41.6,7.38,50.0,20.0,20.0,109.0,36.0,36.0,2072.0,0.23,360.0,3890.0,1.0,2336.563595,0,80.0
0.8,11.3137085,4.949747468,100.0,47.3,100.0,3.175,257.0,2.62,700.0,148.0,1693.15,0.22,159.0,2.33,1.0,3.0,3.0,0.5,0.5,20.7,232.0,58.0,490.15,0.36,41.6,7.38,50.0,20.0,20.0,109.0,36.0,36.0,2072.0,0.23,360.0,3890.0,1.0,2230.847733,0,80.0
0.8,11.3137085,4.949747468,100.0,70.0,100.0,3.175,257.0,2.62,700.0,148.0,1693.15,0.22,159.0,2.33,1.0,3.0,3.0,0.5,0.5,20.7,232.0,58.0,490.15,0.36,41.6,7.38,50.0,20.0,20.0,109.0,36.0,36.0,2072.0,0.23,360.0,3890.0,1.0,2001.937417,0,90.0
0.8,11.3137085,4.949747468,100.0,70.0,100.0,3.175,257.0,2.62,700.0,148.0,1693.15,0.22,159.0,2.33,1.0,3.0,3.0,0.5,0.5,20.7,232.0,58.0,490.15,0.36,41.6,7.38,50.0,20.0,20.0,109.0,36.0,36.0,2072.0,0.23,360.0,3890.0,1.0,2001.937417,0,100.0
0.8,11.3137085,4.949747468,100.0,60.0,100.0,3.175,257.0,2.62,700.0,148.0,1693.15,0.22,159.0,2.33,1.0,3.0,3.0,0.5,0.5,20.7,232.0,58.0,490.15,0.36,41.6,7.38,50.0,20.0,20.0,109.0,36.0,36.0,2072.0,0.23,360.0,3890.0,1.0,2089.013277,0,120.0
0.8,11.3137085,4.949747468,100.0,70.0,100.0,3.175,257.0,2.62,700.0,148.0,1693.15,0.22,159.0,2.33,1.0,3.0,3.0,0.5,0.5,20.7,232.0,58.0,490.15,0.36,41.6,7.38,50.0,20.0,20.0,109.0,36.0,36.0,2072.0,0.23,360.0,3890.0,1.0,2001.937417,0,140.0
0.8,11.3137085,4.949747468,100.0,120.0,100.0,3.175,257.0,2.62,700.0,148.0,1693.15,0.22,159.0,2.33,1.0,3.0,3.0,0.5,0.5,20.7,232.0,58.0,490.15,0.36,41.6,7.38,50.0,20.0,20.0,109.0,36.0,36.0,2072.0,0.23,360.0,3890.0,1.0,1725.03025,0,240.0
0.8,11.3137085,4.949747468,100.0,310.0,100.0,3.175,257.0,2.62,700.0,148.0,1693.15,0.22,159.0,2.33,1.0,3.0,3.0,0.5,0.5,20.7,232.0,58.0,490.15,0.36,41.6,7.38,50.0,20.0,20.0,109.0,36.0,36.0,2072.0,0.23,360.0,3890.0,1.0,1327.24921,0,720.0
0.8,11.3137085,4.949747468,100.0,11.0,100.0,3.175,257.0,2.62,700.0,148.0,1693.15,0.22,159.0,2.33,1.0,3.0,3.0,0.5,0.5,20.7,232.0,58.0,490.15,0.36,41.6,7.38,50.0,20.0,20.0,109.0,36.0,36.0,2072.0,0.23,360.0,3890.0,1.0,3337.59715,1,
0.8,11.3137085,4.949747468,100.0,31.0,100.0,3.175,257.0,2.62,700.0,148.0,1693.15,0.22,159.0,2.33,1.0,3.0,3.0,0.5,0.5,20.7,232.0,58.0,490.15,0.36,41.6,7.38,50.0,20.0,20.0,109.0,36.0,36.0,2072.0,0.23,360.0,3890.0,1.0,2506.989273,1,
0.8,11.3137085,4.949747468,100.0,61.0,100.0,3.175,257.0,2.62,700.0,148.0,1693.15,0.22,159.0,2.33,1.0,3.0,3.0,0.5,0.5,20.7,232.0,58.0,490.15,0.36,41.6,7.38,50.0,20.0,20.0,109.0,36.0,36.0,2072.0,0.23,360.0,3890.0,1.0,2079.497847,1,
0.8,11.3137085,4.949747468,125.0,44.8,100.0,3.175,257.0,2.62,700.0,148.0,1693.15,0.22,159.0,2.33,1.0,3.0,3.0,0.5,0.5,20.7,232.0,58.0,490.15,0.36,41.6,7.38,50.0,20.0,20.0,109.0,36.0,36.0,2072.0,0.23,360.0,3890.0,1.0,1647.144739,0,40.0
0.8,11.3137085,4.949747468,75.0,44.8,75.0,3.175,257.0,2.62,700.0,148.0,1693.15,0.22,159.0,2.33,1.0,3.0,3.0,0.5,0.5,20.7,232.0,58.0,490.15,0.36,41.6,7.38,50.0,20.0,20.0,109.0,36.0,36.0,2072.0,0.23,360.0,3890.0,1.0,5656.82627,0,40.0
0.8,11.3137085,4.949747468,60.0,16.0,60.0,3.175,257.0,2.62,700.0,148.0,1693.15,0.22,159.0,2.33,1.0,3.0,3.0,0.5,0.5,20.7,232.0,58.0,490.15,0.36,41.6,7.38,50.0,20.0,20.0,109.0,36.0,36.0,2072.0,0.23,360.0,3890.0,1.0,14512.51611,0,40.0
0.8,11.3137085,4.949747468,140.0,16.0,100.0,3.175,257.0,2.62,700.0,148.0,1693.15,0.22,159.0,2.33,1.0,3.0,3.0,0.5,0.5,20.7,232.0,58.0,490.15,0.36,41.6,7.38,50.0,20.0,20.0,109.0,36.0,36.0,2072.0,0.23,360.0,3890.0,1.0,1862.183099,0,40.0
0.8,11.3137085,4.949747468,150.0,25.0,125.0,3.175,257.0,2.62,700.0,148.0,1693.15,0.22,159.0,2.33,1.0,3.0,3.0,0.5,0.5,20.7,232.0,58.0,490.15,0.36,41.6,7.38,50.0,20.0,20.0,109.0,36.0,36.0,2072.0,0.23,360.0,3890.0,1.0,959.2646972,0,40.0
0.8,11.3137085,4.949747468,100.0,15.0,60.0,3.175,257.0,2.62,700.0,148.0,1693.15,0.22,159.0,2.33,1.0,3.0,3.0,0.5,0.5,20.7,232.0,58.0,490.15,0.36,41.6,7.38,50.0,20.0,20.0,109.0,36.0,36.0,2072.0,0.23,360.0,3890.0,1.0,7128.44531,0,30.0
0.8,11.3137085,4.949747468,165.0,30.0,125.0,3.175,257.0,2.62,700.0,148.0,1693.15,0.22,159.0,2.33,1.0,3.0,3.0,0.5,0.5,20.7,232.0,58.0,490.15,0.36,41.6,7.38,50.0,20.0,20.0,109.0,36.0,36.0,2072.0,0.23,360.0,3890.0,1.0,440.6439074,0,60.0
0.8,11.3137085,4.949747468,165.0,21.0,125.0,3.175,257.0,2.62,700.0,148.0,1693.15,0.22,159.0,2.33,1.0,3.0,3.0,0.5,0.5,20.7,232.0,58.0,490.15,0.36,41.6,7.38,50.0,20.0,20.0,109.0,36.0,36.0,2072.0,0.23,360.0,3890.0,1.0,486.2635217,0,42.0
0.8,11.3137085,4.949747468,165.0,120.0,125.0,3.175,257.0,2.62,700.0,148.0,1693.15,0.22,159.0,2.33,1.0,3.0,3.0,0.5,0.5,20.7,232.0,58.0,490.15,0.36,41.6,7.38,50.0,20.0,20.0,109.0,36.0,36.0,2072.0,0.23,360.0,3890.0,1.0,300.4683971,0,240.0
0.8,11.3137085,4.949747468,180.0,15.0,125.0,3.175,257.0,2.62,700.0,148.0,1693.15,0.22,159.0,2.33,1.0,3.0,3.0,0.5,0.5,20.7,232.0,58.0,490.15,0.36,41.6,7.38,50.0,20.0,20.0,109.0,36.0,36.0,2072.0,0.23,360.0,3890.0,1.0,471.3278406,0,30.0
0.8,11.3137085,4.949747468,100.0,15.0,100.0,3.175,257.0,2.62,700.0,148.0,1693.15,0.22,159.0,2.33,1.0,3.0,3.0,0.5,0.5,20.7,232.0,58.0,490.15,0.36,41.6,7.38,50.0,20.0,20.0,109.0,36.0,36.0,2072.0,0.23,360.0,3890.0,1.0,1695.509168,0,30.0
0.8,11.3137085,4.949747468,100.0,38.65,100.0,3.175,257.0,2.62,700.0,148.0,1693.15,0.22,159.0,2.33,1.0,3.0,3.0,0.5,0.5,20.7,232.0,58.0,490.15,0.36,41.6,7.38,50.0,20.0,20.0,109.0,36.0,36.0,2072.0,0.23,360.0,3890.0,1.0,1305.466876,0,30.0
0.8,11.3137085,4.949747468,100.0,20.0,100.0,3.175,257.0,2.62,700.0,148.0,1693.15,0.22,159.0,2.33,1.0,3.0,3.0,0.5,0.5,20.7,232.0,58.0,490.15,0.36,41.6,7.38,50.0,20.0,20.0,109.0,36.0,36.0,2072.0,0.23,360.0,3890.0,1.0,1566.001102,0,40.0
0.8,11.3137085,4.949747468,100.0,47.3,100.0,3.175,257.0,2.62,700.0,148.0,1693.15,0.22,159.0,2.33,1.0,3.0,3.0,0.5,0.5,20.7,232.0,58.0,490.15,0.36,41.6,7.38,50.0,20.0,20.0,109.0,36.0,36.0,2072.0,0.23,360.0,3890.0,1.0,1234.638743,0,40.0
0.8,11.3137085,4.949747468,100.0,79.6,100.0,3.175,257.0,2.62,700.0,148.0,1693.15,0.22,159.0,2.33,1.0,3.0,3.0,0.5,0.5,20.7,232.0,58.0,490.15,0.36,41.6,7.38,50.0,20.0,20.0,109.0,36.0,36.0,2072.0,0.23,360.0,3890.0,1.0,1069.311799,0,50.0
0.8,11.3137085,4.949747468,100.0,30.0,100.0,3.175,257.0,2.62,700.0,148.0,1693.15,0.22,159.0,2.33,1.0,3.0,3.0,0.5,0.5,20.7,232.0,58.0,490.15,0.36,41.6,7.38,50.0,20.0,20.0,109.0,36.0,36.0,2072.0,0.23,360.0,3890.0,1.0,1400.089046,0,60.0
0.8,11.3137085,4.949747468,100.0,40.0,100.0,3.175,257.0,2.62,700.0,148.0,1693.15,0.22,159.0,2.33,1.0,3.0,3.0,0.5,0.5,20.7,232.0,58.0,490.15,0.36,41.6,7.38,50.0,20.0,20.0,109.0,36.0,36.0,2072.0,0.23,360.0,3890.0,1.0,1293.146053,0,80.0
0.8,11.3137085,4.949747468,100.0,47.3,100.0,3.175,257.0,2.62,700.0,148.0,1693.15,0.22,159.0,2.33,1.0,3.0,3.0,0.5,0.5,20.7,232.0,58.0,490.15,0.36,41.6,7.38,50.0,20.0,20.0,109.0,36.0,36.0,2072.0,0.23,360.0,3890.0,1.0,1234.638743,0,80.0
0.8,11.3137085,4.949747468,100.0,70.0,100.0,3.175,257.0,2.62,700.0,148.0,1693.15,0.22,159.0,2.33,1.0,3.0,3.0,0.5,0.5,20.7,232.0,58.0,490.15,0.36,41.6,7.38,50.0,20.0,20.0,109.0,36.0,36.0,2072.0,0.23,360.0,3890.0,1.0,1107.950785,0,90.0
0.8,11.3137085,4.949747468,100.0,70.0,100.0,3.175,257.0,2.62,700.0,148.0,1693.15,0.22,159.0,2.33,1.0,3.0,3.0,0.5,0.5,20.7,232.0,58.0,490.15,0.36,41.6,7.38,50.0,20.0,20.0,109.0,36.0,36.0,2072.0,0.23,360.0,3890.0,1.0,1107.950785,0,100.0
0.8,11.3137085,4.949747468,100.0,60.0,100.0,3.175,257.0,2.62,700.0,148.0,1693.15,0.22,159.0,2.33,1.0,3.0,3.0,0.5,0.5,20.7,232.0,58.0,490.15,0.36,41.6,7.38,50.0,20.0,20.0,109.0,36.0,36.0,2072.0,0.23,360.0,3890.0,1.0,1156.141985,0,120.0
0.8,11.3137085,4.949747468,100.0,70.0,100.0,3.175,257.0,2.62,700.0,148.0,1693.15,0.22,159.0,2.33,1.0,3.0,3.0,0.5,0.5,20.7,232.0,58.0,490.15,0.36,41.6,7.38,50.0,20.0,20.0,109.0,36.0,36.0,2072.0,0.23,360.0,3890.0,1.0,1107.950785,0,140.0
0.8,11.3137085,4.949747468,100.0,120.0,100.0,3.175,257.0,2.62,700.0,148.0,1693.15,0.22,159.0,2.33,1.0,3.0,3.0,0.5,0.5,20.7,232.0,58.0,490.15,0.36,41.6,7.38,50.0,20.0,20.0,109.0,36.0,36.0,2072.0,0.23,360.0,3890.0,1.0,954.6994844,0,240.0
0.8,11.3137085,4.949747468,100.0,310.0,100.0,3.175,257.0,2.62,700.0,148.0,1693.15,0.22,159.0,2.33,1.0,3.0,3.0,0.5,0.5,20.7,232.0,58.0,490.15,0.36,41.6,7.38,50.0,20.0,20.0,109.0,36.0,36.0,2072.0,0.23,360.0,3890.0,1.0,734.5518356,0,720.0
0.8,11.3137085,4.949747468,100.0,11.0,100.0,3.175,257.0,2.62,700.0,148.0,1693.15,0.22,159.0,2.33,1.0,3.0,3.0,0.5,0.5,20.7,232.0,58.0,490.15,0.36,41.6,7.38,50.0,20.0,20.0,109.0,36.0,36.0,2072.0,0.23,360.0,3890.0,1.0,1847.157334,1,
0.8,11.3137085,4.949747468,100.0,31.0,100.0,3.175,257.0,2.62,700.0,148.0,1693.15,0.22,159.0,2.33,1.0,3.0,3.0,0.5,0.5,20.7,232.0,58.0,490.15,0.36,41.6,7.38,50.0,20.0,20.0,109.0,36.0,36.0,2072.0,0.23,360.0,3890.0,1.0,1387.466316,1,
0.8,11.3137085,4.949747468,100.0,61.0,100.0,3.175,257.0,2.62,700.0,148.0,1693.15,0.22,159.0,2.33,1.0,3.0,3.0,0.5,0.5,20.7,232.0,58.0,490.15,0.36,41.6,7.38,50.0,20.0,20.0,109.0,36.0,36.0,2072.0,0.23,360.0,3890.0,1.0,1150.875773,1,
0.8,11.3137085,4.949747468,125.0,44.8,100.0,3.175,257.0,2.62,700.0,148.0,1693.15,0.22,159.0,2.33,1.0,3.0,3.0,0.5,0.5,20.7,232.0,58.0,490.15,0.36,41.6,7.38,50.0,20.0,20.0,109.0,36.0,36.0,2072.0,0.23,360.0,3890.0,1.0,911.5945838,0,40.0
0.8,11.3137085,4.949747468,75.0,44.8,75.0,3.175,257.0,2.62,700.0,148.0,1693.15,0.22,159.0,2.33,1.0,3.0,3.0,0.5,0.5,20.7,232.0,58.0,490.15,0.36,41.6,7.38,50.0,20.0,20.0,109.0,36.0,36.0,2072.0,0.23,360.0,3890.0,1.0,3130.709808,0,40.0
0.8,11.3137085,4.949747468,60.0,16.0,60.0,3.175,257.0,2.62,700.0,148.0,1693.15,0.22,159.0,2.33,1.0,3.0,3.0,0.5,0.5,20.7,232.0,58.0,490.15,0.36,41.6,7.38,50.0,20.0,20.0,109.0,36.0,36.0,2072.0,0.23,360.0,3890.0,1.0,8031.796336,0,40.0
0.8,11.3137085,4.949747468,140.0,16.0,100.0,3.175,257.0,2.62,700.0,148.0,1693.15,0.22,159.0,2.33,1.0,3.0,3.0,0.5,0.5,20.7,232.0,58.0,490.15,0.36,41.6,7.38,50.0,20.0,20.0,109.0,36.0,36.0,2072.0,0.23,360.0,3890.0,1.0,1030.605257,0,40.0
0.8,11.3137085,4.949747468,150.0,25.0,125.0,3.175,257.0,2.62,700.0,148.0,1693.15,0.22,159.0,2.33,1.0,3.0,3.0,0.5,0.5,20.7,232.0,58.0,490.15,0.36,41.6,7.38,50.0,20.0,20.0,109.0,36.0,36.0,2072.0,0.23,360.0,3890.0,1.0,530.8947548,0,40.0
0.8,11.3137085,4.949747468,100.0,15.0,60.0,3.175,257.0,2.62,700.0,148.0,1693.15,0.22,159.0,2.33,1.0,3.0,3.0,0.5,0.5,20.7,232.0,58.0,490.15,0.36,41.6,7.38,50.0,20.0,20.0,109.0,36.0,36.0,2072.0,0.23,360.0,3890.0,1.0,3945.161577,0,30.0
0.8,6.363961031,4.949747468,100.0,47.3,100.0,3.175,191.0,2.62,700.0,148.0,1693.15,0.22,159.0,2.33,1.0,3.0,3.0,0.5,0.5,20.7,232.0,58.0,490.15,0.36,41.6,7.38,50.0,20.0,20.0,109.0,36.0,36.0,2072.0,0.23,360.0,3890.0,1.0,1067.0,0,40.0
0.8,6.363961031,4.949747468,165.0,30.0,125.0,3.175,191.0,2.62,700.0,148.0,1693.15,0.22,159.0,2.33,1.0,3.0,3.0,0.5,0.5,20.7,232.0,58.0,490.15,0.36,41.6,7.38,50.0,20.0,20.0,109.0,36.0,36.0,2072.0,0.23,360.0,3890.0,1.0,287.5513644,0,60.0
0.8,6.363961031,4.949747468,165.0,21.0,125.0,3.175,191.0,2.62,700.0,148.0,1693.15,0.22,159.0,2.33,1.0,3.0,3.0,0.5,0.5,20.7,232.0,58.0,490.15,0.36,41.6,7.38,50.0,20.0,20.0,109.0,36.0,36.0,2072.0,0.23,360.0,3890.0,1.0,317.3213944,0,42.0
0.8,6.363961031,4.949747468,165.0,120.0,125.0,3.175,191.0,2.62,700.0,148.0,1693.15,0.22,159.0,2.33,1.0,3.0,3.0,0.5,0.5,20.7,232.0,58.0,490.15,0.36,41.6,7.38,50.0,20.0,20.0,109.0,36.0,36.0,2072.0,0.23,360.0,3890.0,1.0,196.076914,0,240.0
0.8,6.363961031,4.949747468,180.0,15.0,125.0,3.175,191.0,2.62,700.0,148.0,1693.15,0.22,159.0,2.33,1.0,3.0,3.0,0.5,0.5,20.7,232.0,58.0,490.15,0.36,41.6,7.38,50.0,20.0,20.0,109.0,36.0,36.0,2072.0,0.23,360.0,3890.0,1.0,307.5748044,0,30.0
0.8,6.363961031,4.949747468,100.0,15.0,100.0,3.175,191.0,2.62,700.0,148.0,1693.15,0.22,159.0,2.33,1.0,3.0,3.0,0.5,0.5,20.7,232.0,58.0,490.15,0.36,41.6,7.38,50.0,20.0,20.0,109.0,36.0,36.0,2072.0,0.23,360.0,3890.0,1.0,1106.43984,0,30.0
0.8,6.363961031,4.949747468,100.0,38.65,100.0,3.175,191.0,2.62,700.0,148.0,1693.15,0.22,159.0,2.33,1.0,3.0,3.0,0.5,0.5,20.7,232.0,58.0,490.15,0.36,41.6,7.38,50.0,20.0,20.0,109.0,36.0,36.0,2072.0,0.23,360.0,3890.0,1.0,851.9096145,0,30.0
0.8,6.363961031,4.949747468,100.0,20.0,100.0,3.175,191.0,2.62,700.0,148.0,1693.15,0.22,159.0,2.33,1.0,3.0,3.0,0.5,0.5,20.7,232.0,58.0,490.15,0.36,41.6,7.38,50.0,20.0,20.0,109.0,36.0,36.0,2072.0,0.23,360.0,3890.0,1.0,1021.926653,0,40.0
0.8,6.363961031,4.949747468,100.0,47.3,100.0,3.175,191.0,2.62,700.0,148.0,1693.15,0.22,159.0,2.33,1.0,3.0,3.0,0.5,0.5,20.7,232.0,58.0,490.15,0.36,41.6,7.38,50.0,20.0,20.0,109.0,36.0,36.0,2072.0,0.23,360.0,3890.0,1.0,805.6892406,0,40.0
0.8,6.363961031,4.949747468,100.0,79.6,100.0,3.175,191.0,2.62,700.0,148.0,1693.15,0.22,159.0,2.33,1.0,3.0,3.0,0.5,0.5,20.7,232.0,58.0,490.15,0.36,41.6,7.38,50.0,20.0,20.0,109.0,36.0,36.0,2072.0,0.23,360.0,3890.0,1.0,697.8016978,0,50.0
0.8,6.363961031,4.949747468,100.0,30.0,100.0,3.175,191.0,2.62,700.0,148.0,1693.15,0.22,159.0,2.33,1.0,3.0,3.0,0.5,0.5,20.7,232.0,58.0,490.15,0.36,41.6,7.38,50.0,20.0,20.0,109.0,36.0,36.0,2072.0,0.23,360.0,3890.0,1.0,913.6572831,0,60.0
0.8,6.363961031,4.949747468,100.0,40.0,100.0,3.175,191.0,2.62,700.0,148.0,1693.15,0.22,159.0,2.33,1.0,3.0,3.0,0.5,0.5,20.7,232.0,58.0,490.15,0.36,41.6,7.38,50.0,20.0,20.0,109.0,36.0,36.0,2072.0,0.23,360.0,3890.0,1.0,843.8694048,0,80.0
0.8,6.363961031,4.949747468,100.0,47.3,100.0,3.175,191.0,2.62,700.0,148.0,1693.15,0.22,159.0,2.33,1.0,3.0,3.0,0.5,0.5,20.7,232.0,58.0,490.15,0.36,41.6,7.38,50.0,20.0,20.0,109.0,36.0,36.0,2072.0,0.23,360.0,3890.0,1.0,805.6892406,0,80.0
0.8,6.363961031,4.949747468,100.0,70.0,100.0,3.175,191.0,2.62,700.0,148.0,1693.15,0.22,159.0,2.33,1.0,3.0,3.0,0.5,0.5,20.7,232.0,58.0,490.15,0.36,41.6,7.38,50.0,20.0,20.0,109.0,36.0,36.0,2072.0,0.23,360.0,3890.0,1.0,723.0163734,0,90.0
0.8,6.363961031,4.949747468,100.0,70.0,100.0,3.175,191.0,2.62,700.0,148.0,1693.15,0.22,159.0,2.33,1.0,3.0,3.0,0.5,0.5,20.7,232.0,58.0,490.15,0.36,41.6,7.38,50.0,20.0,20.0,109.0,36.0,36.0,2072.0,0.23,360.0,3890.0,1.0,723.0163734,0,100.0
0.8,6.363961031,4.949747468,100.0,60.0,100.0,3.175,191.0,2.62,700.0,148.0,1693.15,0.22,159.0,2.33,1.0,3.0,3.0,0.5,0.5,20.7,232.0,58.0,490.15,0.36,41.6,7.38,50.0,20.0,20.0,109.0,36.0,36.0,2072.0,0.23,360.0,3890.0,1.0,754.4645453,0,120.0
0.8,6.363961031,4.949747468,100.0,70.0,100.0,3.175,191.0,2.62,700.0,148.0,1693.15,0.22,159.0,2.33,1.0,3.0,3.0,0.5,0.5,20.7,232.0,58.0,490.15,0.36,41.6,7.38,50.0,20.0,20.0,109.0,36.0,36.0,2072.0,0.23,360.0,3890.0,1.0,723.0163734,0,140.0
0.8,6.363961031,4.949747468,100.0,120.0,100.0,3.175,191.0,2.62,700.0,148.0,1693.15,0.22,159.0,2.33,1.0,3.0,3.0,0.5,0.5,20.7,232.0,58.0,490.15,0.36,41.6,7.38,50.0,20.0,20.0,109.0,36.0,36.0,2072.0,0.23,360.0,3890.0,1.0,623.0090436,0,240.0
0.8,6.363961031,4.949747468,100.0,310.0,100.0,3.175,191.0,2.62,700.0,148.0,1693.15,0.22,159.0,2.33,1.0,3.0,3.0,0.5,0.5,20.7,232.0,58.0,490.15,0.36,41.6,7.38,50.0,20.0,20.0,109.0,36.0,36.0,2072.0,0.23,360.0,3890.0,1.0,479.3471077,0,720.0
0.8,6.363961031,4.949747468,100.0,11.0,100.0,3.175,191.0,2.62,700.0,148.0,1693.15,0.22,159.0,2.33,1.0,3.0,3.0,0.5,0.5,20.7,232.0,58.0,490.15,0.36,41.6,7.38,50.0,20.0,20.0,109.0,36.0,36.0,2072.0,0.23,360.0,3890.0,1.0,1205.401011,1,
0.8,6.363961031,4.949747468,100.0,31.0,100.0,3.175,191.0,2.62,700.0,148.0,1693.15,0.22,159.0,2.33,1.0,3.0,3.0,0.5,0.5,20.7,232.0,58.0,490.15,0.36,41.6,7.38,50.0,20.0,20.0,109.0,36.0,36.0,2072.0,0.23,360.0,3890.0,1.0,905.4200579,1,
0.8,6.363961031,4.949747468,100.0,61.0,100.0,3.175,191.0,2.62,700.0,148.0,1693.15,0.22,159.0,2.33,1.0,3.0,3.0,0.5,0.5,20.7,232.0,58.0,490.15,0.36,41.6,7.38,50.0,20.0,20.0,109.0,36.0,36.0,2072.0,0.23,360.0,3890.0,1.0,751.0279686,1,
0.8,6.363961031,4.949747468,125.0,44.8,100.0,3.175,191.0,2.62,700.0,148.0,1693.15,0.22,159.0,2.33,1.0,3.0,3.0,0.5,0.5,20.7,232.0,58.0,490.15,0.36,41.6,7.38,50.0,20.0,20.0,109.0,36.0,36.0,2072.0,0.23,360.0,3890.0,1.0,594.8800424,0,40.0
0.8,6.363961031,4.949747468,75.0,44.8,75.0,3.175,191.0,2.62,700.0,148.0,1693.15,0.22,159.0,2.33,1.0,3.0,3.0,0.5,0.5,20.7,232.0,58.0,490.15,0.36,41.6,7.38,50.0,20.0,20.0,109.0,36.0,36.0,2072.0,0.23,360.0,3890.0,1.0,2043.009926,0,40.0
0.8,6.363961031,4.949747468,60.0,16.0,60.0,3.175,191.0,2.62,700.0,148.0,1693.15,0.22,159.0,2.33,1.0,3.0,3.0,0.5,0.5,20.7,232.0,58.0,490.15,0.36,41.6,7.38,50.0,20.0,20.0,109.0,36.0,36.0,2072.0,0.23,360.0,3890.0,1.0,5241.316074,0,40.0
0.8,6.363961031,4.949747468,140.0,16.0,100.0,3.175,191.0,2.62,700.0,148.0,1693.15,0.22,159.0,2.33,1.0,3.0,3.0,0.5,0.5,20.7,232.0,58.0,490.15,0.36,41.6,7.38,50.0,20.0,20.0,109.0,36.0,36.0,2072.0,0.23,360.0,3890.0,1.0,672.5429371,0,40.0
0.8,6.363961031,4.949747468,150.0,25.0,125.0,3.175,191.0,2.62,700.0,148.0,1693.15,0.22,159.0,2.33,1.0,3.0,3.0,0.5,0.5,20.7,232.0,58.0,490.15,0.36,41.6,7.38,50.0,20.0,20.0,109.0,36.0,36.0,2072.0,0.23,360.0,3890.0,1.0,346.4464356,0,40.0
0.8,6.363961031,4.949747468,100.0,15.0,60.0,3.175,191.0,2.62,700.0,148.0,1693.15,0.22,159.0,2.33,1.0,3.0,3.0,0.5,0.5,20.7,232.0,58.0,490.15,0.36,41.6,7.38,50.0,20.0,20.0,109.0,36.0,36.0,2072.0,0.23,360.0,3890.0,1.0,2574.4974,0,30.0
0.8,6.363961031,4.949747468,75.0,44.8,100.0,3.175,191.0,2.62,700.0,148.0,1693.15,0.22,159.0,2.33,1.0,3.0,3.0,0.5,0.5,20.7,232.0,58.0,490.15,0.36,41.6,7.38,50.0,20.0,20.0,109.0,36.0,36.0,2072.0,0.23,360.0,3890.0,1.0,2306.0,0,40.0
0.8,6.363961031,4.949747468,165.0,30.0,125.0,3.175,191.0,2.62,700.0,148.0,1693.15,0.22,159.0,2.33,1.0,3.0,3.0,0.5,0.5,20.7,232.0,58.0,490.15,0.36,41.6,7.38,50.0,20.0,20.0,109.0,36.0,36.0,2072.0,0.23,360.0,3890.0,1.0,406.124374,0,60.0
0.8,6.363961031,4.949747468,165.0,21.0,125.0,3.175,191.0,2.62,700.0,148.0,1693.15,0.22,159.0,2.33,1.0,3.0,3.0,0.5,0.5,20.7,232.0,58.0,490.15,0.36,41.6,7.38,50.0,20.0,20.0,109.0,36.0,36.0,2072.0,0.23,360.0,3890.0,1.0,448.1702005,0,42.0
0.8,6.363961031,4.949747468,165.0,120.0,125.0,3.175,191.0,2.62,700.0,148.0,1693.15,0.22,159.0,2.33,1.0,3.0,3.0,0.5,0.5,20.7,232.0,58.0,490.15,0.36,41.6,7.38,50.0,20.0,20.0,109.0,36.0,36.0,2072.0,0.23,360.0,3890.0,1.0,276.9300508,0,240.0
0.8,6.363961031,4.949747468,180.0,15.0,125.0,3.175,191.0,2.62,700.0,148.0,1693.15,0.22,159.0,2.33,1.0,3.0,3.0,0.5,0.5,20.7,232.0,58.0,490.15,0.36,41.6,7.38,50.0,20.0,20.0,109.0,36.0,36.0,2072.0,0.23,360.0,3890.0,1.0,434.4045633,0,30.0
0.8,6.363961031,4.949747468,100.0,15.0,100.0,3.175,191.0,2.62,700.0,148.0,1693.15,0.22,159.0,2.33,1.0,3.0,3.0,0.5,0.5,20.7,232.0,58.0,490.15,0.36,41.6,7.38,50.0,20.0,20.0,109.0,36.0,36.0,2072.0,0.23,360.0,3890.0,1.0,1562.684943,0,30.0
0.8,6.363961031,4.949747468,100.0,38.65,100.0,3.175,191.0,2.62,700.0,148.0,1693.15,0.22,159.0,2.33,1.0,3.0,3.0,0.5,0.5,20.7,232.0,58.0,490.15,0.36,41.6,7.38,50.0,20.0,20.0,109.0,36.0,36.0,2072.0,0.23,360.0,3890.0,1.0,1203.198112,0,30.0
0.8,6.363961031,4.949747468,100.0,20.0,100.0,3.175,191.0,2.62,700.0,148.0,1693.15,0.22,159.0,2.33,1.0,3.0,3.0,0.5,0.5,20.7,232.0,58.0,490.15,0.36,41.6,7.38,50.0,20.0,20.0,109.0,36.0,36.0,2072.0,0.23,360.0,3890.0,1.0,1443.322389,0,40.0
0.8,6.363961031,4.949747468,100.0,47.3,100.0,3.175,191.0,2.62,700.0,148.0,1693.15,0.22,159.0,2.33,1.0,3.0,3.0,0.5,0.5,20.7,232.0,58.0,490.15,0.36,41.6,7.38,50.0,20.0,20.0,109.0,36.0,36.0,2072.0,0.23,360.0,3890.0,1.0,1137.918574,0,40.0
0.8,6.363961031,4.949747468,100.0,79.6,100.0,3.175,191.0,2.62,700.0,148.0,1693.15,0.22,159.0,2.33,1.0,3.0,3.0,0.5,0.5,20.7,232.0,58.0,490.15,0.36,41.6,7.38,50.0,20.0,20.0,109.0,36.0,36.0,2072.0,0.23,360.0,3890.0,1.0,985.5431507,0,50.0
0.8,6.363961031,4.949747468,100.0,30.0,100.0,3.175,191.0,2.62,700.0,148.0,1693.15,0.22,159.0,2.33,1.0,3.0,3.0,0.5,0.5,20.7,232.0,58.0,490.15,0.36,41.6,7.38,50.0,20.0,20.0,109.0,36.0,36.0,2072.0,0.23,360.0,3890.0,1.0,1290.407691,0,60.0
0.8,6.363961031,4.949747468,100.0,40.0,100.0,3.175,191.0,2.62,700.0,148.0,1693.15,0.22,159.0,2.33,1.0,3.0,3.0,0.5,0.5,20.7,232.0,58.0,490.15,0.36,41.6,7.38,50.0,20.0,20.0,109.0,36.0,36.0,2072.0,0.23,360.0,3890.0,1.0,1191.842489,0,80.0
0.8,6.363961031,4.949747468,100.0,47.3,100.0,3.175,191.0,2.62,700.0,148.0,1693.15,0.22,159.0,2.33,1.0,3.0,3.0,0.5,0.5,20.7,232.0,58.0,490.15,0.36,41.6,7.38,50.0,20.0,20.0,109.0,36.0,36.0,2072.0,0.23,360.0,3890.0,1.0,1137.918574,0,80.0
0.8,6.363961031,4.949747468,100.0,70.0,100.0,3.175,191.0,2.62,700.0,148.0,1693.15,0.22,159.0,2.33,1.0,3.0,3.0,0.5,0.5,20.7,232.0,58.0,490.15,0.36,41.6,7.38,50.0,20.0,20.0,109.0,36.0,36.0,2072.0,0.23,360.0,3890.0,1.0,1021.155203,0,90.0
0.8,6.363961031,4.949747468,100.0,70.0,100.0,3.175,191.0,2.62,700.0,148.0,1693.15,0.22,159.0,2.33,1.0,3.0,3.0,0.5,0.5,20.7,232.0,58.0,490.15,0.36,41.6,7.38,50.0,20.0,20.0,109.0,36.0,36.0,2072.0,0.23,360.0,3890.0,1.0,1021.155203,0,100.0
0.8,6.363961031,4.949747468,100.0,60.0,100.0,3.175,191.0,2.62,700.0,148.0,1693.15,0.22,159.0,2.33,1.0,3.0,3.0,0.5,0.5,20.7,232.0,58.0,490.15,0.36,41.6,7.38,50.0,20.0,20.0,109.0,36.0,36.0,2072.0,0.23,360.0,3890.0,1.0,1065.571161,0,120.0
0.8,6.363961031,4.949747468,100.0,70.0,100.0,3.175,191.0,2.62,700.0,148.0,1693.15,0.22,159.0,2.33,1.0,3.0,3.0,0.5,0.5,20.7,232.0,58.0,490.15,0.36,41.6,7.38,50.0,20.0,20.0,109.0,36.0,36.0,2072.0,0.23,360.0,3890.0,1.0,1021.155203,0,140.0
0.8,6.363961031,4.949747468,100.0,120.0,100.0,3.175,191.0,2.62,700.0,148.0,1693.15,0.22,159.0,2.33,1.0,3.0,3.0,0.5,0.5,20.7,232.0,58.0,490.15,0.36,41.6,7.38,50.0,20.0,20.0,109.0,36.0,36.0,2072.0,0.23,360.0,3890.0,1.0,879.9094323,0,240.0
0.8,6.363961031,4.949747468,100.0,310.0,100.0,3.175,191.0,2.62,700.0,148.0,1693.15,0.22,159.0,2.33,1.0,3.0,3.0,0.5,0.5,20.7,232.0,58.0,490.15,0.36,41.6,7.38,50.0,20.0,20.0,109.0,36.0,36.0,2072.0,0.23,360.0,3890.0,1.0,677.0078954,0,720.0
0.8,6.363961031,4.949747468,100.0,11.0,100.0,3.175,191.0,2.62,700.0,148.0,1693.15,0.22,159.0,2.33,1.0,3.0,3.0,0.5,0.5,20.7,232.0,58.0,490.15,0.36,41.6,7.38,50.0,20.0,20.0,109.0,36.0,36.0,2072.0,0.23,360.0,3890.0,1.0,1702.453167,1,
0.8,6.363961031,4.949747468,100.0,31.0,100.0,3.175,191.0,2.62,700.0,148.0,1693.15,0.22,159.0,2.33,1.0,3.0,3.0,0.5,0.5,20.7,232.0,58.0,490.15,0.36,41.6,7.38,50.0,20.0,20.0,109.0,36.0,36.0,2072.0,0.23,360.0,3890.0,1.0,1278.773811,1,
0.8,6.363961031,4.949747468,100.0,61.0,100.0,3.175,191.0,2.62,700.0,148.0,1693.15,0.22,159.0,2.33,1.0,3.0,3.0,0.5,0.5,20.7,232.0,58.0,490.15,0.36,41.6,7.38,50.0,20.0,20.0,109.0,36.0,36.0,2072.0,0.23,360.0,3890.0,1.0,1060.717497,1,
0.8,6.363961031,4.949747468,125.0,44.8,100.0,3.175,191.0,2.62,700.0,148.0,1693.15,0.22,159.0,2.33,1.0,3.0,3.0,0.5,0.5,20.7,232.0,58.0,490.15,0.36,41.6,7.38,50.0,20.0,20.0,109.0,36.0,36.0,2072.0,0.23,360.0,3890.0,1.0,840.1813196,0,40.0
0.8,6.363961031,4.949747468,75.0,44.8,75.0,3.175,191.0,2.62,700.0,148.0,1693.15,0.22,159.0,2.33,1.0,3.0,3.0,0.5,0.5,20.7,232.0,58.0,490.15,0.36,41.6,7.38,50.0,20.0,20.0,109.0,36.0,36.0,2072.0,0.23,360.0,3890.0,1.0,2885.453627,0,40.0
0.8,6.363961031,4.949747468,60.0,16.0,60.0,3.175,191.0,2.62,700.0,148.0,1693.15,0.22,159.0,2.33,1.0,3.0,3.0,0.5,0.5,20.7,232.0,58.0,490.15,0.36,41.6,7.38,50.0,20.0,20.0,109.0,36.0,36.0,2072.0,0.23,360.0,3890.0,1.0,7402.594712,0,40.0
0.8,6.363961031,4.949747468,140.0,16.0,100.0,3.175,191.0,2.62,700.0,148.0,1693.15,0.22,159.0,2.33,1.0,3.0,3.0,0.5,0.5,20.7,232.0,58.0,490.15,0.36,41.6,7.38,50.0,20.0,20.0,109.0,36.0,36.0,2072.0,0.23,360.0,3890.0,1.0,949.8688342,0,40.0
0.8,6.363961031,4.949747468,150.0,25.0,125.0,3.175,191.0,2.62,700.0,148.0,1693.15,0.22,159.0,2.33,1.0,3.0,3.0,0.5,0.5,20.7,232.0,58.0,490.15,0.36,41.6,7.38,50.0,20.0,20.0,109.0,36.0,36.0,2072.0,0.23,360.0,3890.0,1.0,489.3050744,0,40.0
0.8,6.363961031,4.949747468,100.0,15.0,60.0,3.175,191.0,2.62,700.0,148.0,1693.15,0.22,159.0,2.33,1.0,3.0,3.0,0.5,0.5,20.7,232.0,58.0,490.15,0.36,41.6,7.38,50.0,20.0,20.0,109.0,36.0,36.0,2072.0,0.23,360.0,3890.0,1.0,3636.102187,0,30.0
0.8,6.363961031,4.949747468,75.0,44.8,75.0,3.175,191.0,2.62,700.0,148.0,1693.15,0.22,159.0,2.33,1.0,3.0,3.0,0.5,0.5,20.7,232.0,58.0,490.15,0.36,41.6,7.38,50.0,20.0,20.0,109.0,36.0,36.0,2072.0,0.23,360.0,3890.0,1.0,3452.0,0,40.0
0.8,6.363961031,4.949747468,165.0,30.0,125.0,3.175,191.0,2.62,700.0,148.0,1693.15,0.22,159.0,2.33,1.0,3.0,3.0,0.5,0.5,20.7,232.0,58.0,490.15,0.36,41.6,7.38,50.0,20.0,20.0,109.0,36.0,36.0,2072.0,0.23,360.0,3890.0,1.0,366.8756496,0,60.0
0.8,6.363961031,4.949747468,165.0,21.0,125.0,3.175,191.0,2.62,700.0,148.0,1693.15,0.22,159.0,2.33,1.0,3.0,3.0,0.5,0.5,20.7,232.0,58.0,490.15,0.36,41.6,7.38,50.0,20.0,20.0,109.0,36.0,36.0,2072.0,0.23,360.0,3890.0,1.0,404.8580779,0,42.0
0.8,6.363961031,4.949747468,165.0,120.0,125.0,3.175,191.0,2.62,700.0,148.0,1693.15,0.22,159.0,2.33,1.0,3.0,3.0,0.5,0.5,20.7,232.0,58.0,490.15,0.36,41.6,7.38,50.0,20.0,20.0,109.0,36.0,36.0,2072.0,0.23,360.0,3890.0,1.0,250.1669409,0,240.0
0.8,6.363961031,4.949747468,180.0,15.0,125.0,3.175,191.0,2.62,700.0,148.0,1693.15,0.22,159.0,2.33,1.0,3.0,3.0,0.5,0.5,20.7,232.0,58.0,490.15,0.36,41.6,7.38,50.0,20.0,20.0,109.0,36.0,36.0,2072.0,0.23,360.0,3890.0,1.0,392.4227812,0,30.0
0.8,6.363961031,4.949747468,100.0,15.0,100.0,3.175,191.0,2.62,700.0,148.0,1693.15,0.22,159.0,2.33,1.0,3.0,3.0,0.5,0.5,20.7,232.0,58.0,490.15,0.36,41.6,7.38,50.0,20.0,20.0,109.0,36.0,36.0,2072.0,0.23,360.0,3890.0,1.0,1411.663742,0,30.0
0.8,6.363961031,4.949747468,100.0,38.65,100.0,3.175,191.0,2.62,700.0,148.0,1693.15,0.22,159.0,2.33,1.0,3.0,3.0,0.5,0.5,20.7,232.0,58.0,490.15,0.36,41.6,7.38,50.0,20.0,20.0,109.0,36.0,36.0,2072.0,0.23,360.0,3890.0,1.0,1086.918485,0,30.0
0.8,6.363961031,4.949747468,100.0,20.0,100.0,3.175,191.0,2.62,700.0,148.0,1693.15,0.22,159.0,2.33,1.0,3.0,3.0,0.5,0.5,20.7,232.0,58.0,490.15,0.36,41.6,7.38,50.0,20.0,20.0,109.0,36.0,36.0,2072.0,0.23,360.0,3890.0,1.0,1303.83664,0,40.0
0.8,6.363961031,4.949747468,100.0,47.3,100.0,3.175,191.0,2.62,700.0,148.0,1693.15,0.22,159.0,2.33,1.0,3.0,3.0,0.5,0.5,20.7,232.0,58.0,490.15,0.36,41.6,7.38,50.0,20.0,20.0,109.0,36.0,36.0,2072.0,0.23,360.0,3890.0,1.0,1027.9477,0,40.0
0.8,6.363961031,4.949747468,100.0,79.6,100.0,3.175,191.0,2.62,700.0,148.0,1693.15,0.22,159.0,2.33,1.0,3.0,3.0,0.5,0.5,20.7,232.0,58.0,490.15,0.36,41.6,7.38,50.0,20.0,20.0,109.0,36.0,36.0,2072.0,0.23,360.0,3890.0,1.0,890.2981618,0,50.0
0.8,6.363961031,4.949747468,100.0,30.0,100.0,3.175,191.0,2.62,700.0,148.0,1693.15,0.22,159.0,2.33,1.0,3.0,3.0,0.5,0.5,20.7,232.0,58.0,490.15,0.36,41.6,7.38,50.0,20.0,20.0,109.0,36.0,36.0,2072.0,0.23,360.0,3890.0,1.0,1165.699944,0,60.0
0.8,6.363961031,4.949747468,100.0,40.0,100.0,3.175,191.0,2.62,700.0,148.0,1693.15,0.22,159.0,2.33,1.0,3.0,3.0,0.5,0.5,20.7,232.0,58.0,490.15,0.36,41.6,7.38,50.0,20.0,20.0,109.0,36.0,36.0,2072.0,0.23,360.0,3890.0,1.0,1076.660292,0,80.0
0.8,6.363961031,4.949747468,100.0,47.3,100.0,3.175,191.0,2.62,700.0,148.0,1693.15,0.22,159.0,2.33,1.0,3.0,3.0,0.5,0.5,20.7,232.0,58.0,490.15,0.36,41.6,7.38,50.0,20.0,20.0,109.0,36.0,36.0,2072.0,0.23,360.0,3890.0,1.0,1027.9477,0,80.0
0.8,6.363961031,4.949747468,100.0,70.0,100.0,3.175,191.0,2.62,700.0,148.0,1693.15,0.22,159.0,2.33,1.0,3.0,3.0,0.5,0.5,20.7,232.0,58.0,490.15,0.36,41.6,7.38,50.0,20.0,20.0,109.0,36.0,36.0,2072.0,0.23,360.0,3890.0,1.0,922.46859,0,90.0
0.8,6.363961031,4.949747468,100.0,70.0,100.0,3.175,191.0,2.62,700.0,148.0,1693.15,0.22,159.0,2.33,1.0,3.0,3.0,0.5,0.5,20.7,232.0,58.0,490.15,0.36,41.6,7.38,50.0,20.0,20.0,109.0,36.0,36.0,2072.0,0.23,360.0,3890.0,1.0,922.46859,0,100.0
0.8,6.363961031,4.949747468,100.0,60.0,100.0,3.175,191.0,2.62,700.0,148.0,1693.15,0.22,159.0,2.33,1.0,3.0,3.0,0.5,0.5,20.7,232.0,58.0,490.15,0.36,41.6,7.38,50.0,20.0,20.0,109.0,36.0,36.0,2072.0,0.23,360.0,3890.0,1.0,962.5920946,0,120.0
0.8,6.363961031,4.949747468,100.0,70.0,100.0,3.175,191.0,2.62,700.0,148.0,1693.15,0.22,159.0,2.33,1.0,3.0,3.0,0.5,0.5,20.7,232.0,58.0,490.15,0.36,41.6,7.38,50.0,20.0,20.0,109.0,36.0,36.0,2072.0,0.23,360.0,3890.0,1.0,922.46859,0,140.0
0.8,6.363961031,4.949747468,100.0,120.0,100.0,3.175,191.0,2.62,700.0,148.0,1693.15,0.22,159.0,2.33,1.0,3.0,3.0,0.5,0.5,20.7,232.0,58.0,490.15,0.36,41.6,7.38,50.0,20.0,20.0,109.0,36.0,36.0,2072.0,0.23,360.0,3890.0,1.0,794.8731109,0,240.0
0.8,6.363961031,4.949747468,100.0,310.0,100.0,3.175,191.0,2.62,700.0,148.0,1693.15,0.22,159.0,2.33,1.0,3.0,3.0,0.5,0.5,20.7,232.0,58.0,490.15,0.36,41.6,7.38,50.0,20.0,20.0,109.0,36.0,36.0,2072.0,0.23,360.0,3890.0,1.0,611.5804106,0,720.0
0.8,6.363961031,4.949747468,100.0,11.0,100.0,3.175,191.0,2.62,700.0,148.0,1693.15,0.22,159.0,2.33,1.0,3.0,3.0,0.5,0.5,20.7,232.0,58.0,490.15,0.36,41.6,7.38,50.0,20.0,20.0,109.0,36.0,36.0,2072.0,0.23,360.0,3890.0,1.0,1537.924468,1,
0.8,6.363961031,4.949747468,100.0,31.0,100.0,3.175,191.0,2.62,700.0,148.0,1693.15,0.22,159.0,2.33,1.0,3.0,3.0,0.5,0.5,20.7,232.0,58.0,490.15,0.36,41.6,7.38,50.0,20.0,20.0,109.0,36.0,36.0,2072.0,0.23,360.0,3890.0,1.0,1155.190387,1,
0.8,6.363961031,4.949747468,100.0,61.0,100.0,3.175,191.0,2.62,700.0,148.0,1693.15,0.22,159.0,2.33,1.0,3.0,3.0,0.5,0.5,20.7,232.0,58.0,490.15,0.36,41.6,7.38,50.0,20.0,20.0,109.0,36.0,36.0,2072.0,0.23,360.0,3890.0,1.0,958.2074995,1,
0.8,6.363961031,4.949747468,125.0,44.8,100.0,3.175,191.0,2.62,700.0,148.0,1693.15,0.22,159.0,2.33,1.0,3.0,3.0,0.5,0.5,20.7,232.0,58.0,490.15,0.36,41.6,7.38,50.0,20.0,20.0,109.0,36.0,36.0,2072.0,0.23,360.0,3890.0,1.0,758.9844077,0,40.0
0.8,6.363961031,4.949747468,75.0,44.8,75.0,3.175,191.0,2.62,700.0,148.0,1693.15,0.22,159.0,2.33,1.0,3.0,3.0,0.5,0.5,20.7,232.0,58.0,490.15,0.36,41.6,7.38,50.0,20.0,20.0,109.0,36.0,36.0,2072.0,0.23,360.0,3890.0,1.0,2606.597243,0,40.0
0.8,6.363961031,4.949747468,60.0,16.0,60.0,3.175,191.0,2.62,700.0,148.0,1693.15,0.22,159.0,2.33,1.0,3.0,3.0,0.5,0.5,20.7,232.0,58.0,490.15,0.36,41.6,7.38,50.0,20.0,20.0,109.0,36.0,36.0,2072.0,0.23,360.0,3890.0,1.0,6687.192194,0,40.0
0.8,6.363961031,4.949747468,140.0,16.0,100.0,3.175,191.0,2.62,700.0,148.0,1693.15,0.22,159.0,2.33,1.0,3.0,3.0,0.5,0.5,20.7,232.0,58.0,490.15,0.36,41.6,7.38,50.0,20.0,20.0,109.0,36.0,36.0,2072.0,0.23,360.0,3890.0,1.0,858.0714873,0,40.0
0.8,6.363961031,4.949747468,150.0,25.0,125.0,3.175,191.0,2.62,700.0,148.0,1693.15,0.22,159.0,2.33,1.0,3.0,3.0,0.5,0.5,20.7,232.0,58.0,490.15,0.36,41.6,7.38,50.0,20.0,20.0,109.0,36.0,36.0,2072.0,0.23,360.0,3890.0,1.0,442.01759,0,40.0
0.8,6.363961031,4.949747468,100.0,15.0,60.0,3.175,191.0,2.62,700.0,148.0,1693.15,0.22,159.0,2.33,1.0,3.0,3.0,0.5,0.5,20.7,232.0,58.0,490.15,0.36,41.6,7.38,50.0,20.0,20.0,109.0,36.0,36.0,2072.0,0.23,360.0,3890.0,1.0,3284.701528,0,30.0
0.5,6.363961031,2.828427125,100.0,47.3,100.0,3.175,191.0,2.62,700.0,148.0,1693.15,0.22,159.0,2.33,1.0,3.0,3.0,0.5,0.5,20.7,232.0,58.0,490.15,0.36,41.6,7.38,50.0,20.0,20.0,109.0,36.0,36.0,2072.0,0.23,360.0,3890.0,1.0,1378.0,0,40.0
0.5,6.363961031,2.828427125,165.0,30.0,125.0,3.175,191.0,2.62,700.0,148.0,1693.15,0.22,159.0,2.33,1.0,3.0,3.0,0.5,0.5,20.7,232.0,58.0,490.15,0.36,41.6,7.38,50.0,20.0,20.0,109.0,36.0,36.0,2072.0,0.23,360.0,3890.0,1.0,408.809019,0,60.0
0.5,6.363961031,2.828427125,165.0,21.0,125.0,3.175,191.0,2.62,700.0,148.0,1693.15,0.22,159.0,2.33,1.0,3.0,3.0,0.5,0.5,20.7,232.0,58.0,490.15,0.36,41.6,7.38,50.0,20.0,20.0,109.0,36.0,36.0,2072.0,0.23,360.0,3890.0,1.0,451.1327852,0,42.0
0.5,6.363961031,2.828427125,165.0,120.0,125.0,3.175,191.0,2.62,700.0,148.0,1693.15,0.22,159.0,2.33,1.0,3.0,3.0,0.5,0.5,20.7,232.0,58.0,490.15,0.36,41.6,7.38,50.0,20.0,20.0,109.0,36.0,36.0,2072.0,0.23,360.0,3890.0,1.0,278.7606695,0,240.0
0.5,6.363961031,2.828427125,180.0,15.0,125.0,3.175,191.0,2.62,700.0,148.0,1693.15,0.22,159.0,2.33,1.0,3.0,3.0,0.5,0.5,20.7,232.0,58.0,490.15,0.36,41.6,7.38,50.0,20.0,20.0,109.0,36.0,36.0,2072.0,0.23,360.0,3890.0,1.0,437.2761517,0,30.0
0.5,6.363961031,2.828427125,100.0,15.0,100.0,3.175,191.0,2.62,700.0,148.0,1693.15,0.22,159.0,2.33,1.0,3.0,3.0,0.5,0.5,20.7,232.0,58.0,490.15,0.36,41.6,7.38,50.0,20.0,20.0,109.0,36.0,36.0,2072.0,0.23,360.0,3890.0,1.0,1573.014917,0,30.0
0.5,6.363961031,2.828427125,100.0,38.65,100.0,3.175,191.0,2.62,700.0,148.0,1693.15,0.22,159.0,2.33,1.0,3.0,3.0,0.5,0.5,20.7,232.0,58.0,490.15,0.36,41.6,7.38,50.0,20.0,20.0,109.0,36.0,36.0,2072.0,0.23,360.0,3890.0,1.0,1211.151734,0,30.0
0.5,6.363961031,2.828427125,100.0,20.0,100.0,3.175,191.0,2.62,700.0,148.0,1693.15,0.22,159.0,2.33,1.0,3.0,3.0,0.5,0.5,20.7,232.0,58.0,490.15,0.36,41.6,7.38,50.0,20.0,20.0,109.0,36.0,36.0,2072.0,0.23,360.0,3890.0,1.0,1452.863329,0,40.0
0.5,6.363961031,2.828427125,100.0,47.3,100.0,3.175,191.0,2.62,700.0,148.0,1693.15,0.22,159.0,2.33,1.0,3.0,3.0,0.5,0.5,20.7,232.0,58.0,490.15,0.36,41.6,7.38,50.0,20.0,20.0,109.0,36.0,36.0,2072.0,0.23,360.0,3890.0,1.0,1145.440672,0,40.0
0.5,6.363961031,2.828427125,100.0,79.6,100.0,3.175,191.0,2.62,700.0,148.0,1693.15,0.22,159.0,2.33,1.0,3.0,3.0,0.5,0.5,20.7,232.0,58.0,490.15,0.36,41.6,7.38,50.0,20.0,20.0,109.0,36.0,36.0,2072.0,0.23,360.0,3890.0,1.0,992.0579862,0,50.0
0.5,6.363961031,2.828427125,100.0,30.0,100.0,3.175,191.0,2.62,700.0,148.0,1693.15,0.22,159.0,2.33,1.0,3.0,3.0,0.5,0.5,20.7,232.0,58.0,490.15,0.36,41.6,7.38,50.0,20.0,20.0,109.0,36.0,36.0,2072.0,0.23,360.0,3890.0,1.0,1298.937803,0,60.0
0.5,6.363961031,2.828427125,100.0,40.0,100.0,3.175,191.0,2.62,700.0,148.0,1693.15,0.22,159.0,2.33,1.0,3.0,3.0,0.5,0.5,20.7,232.0,58.0,490.15,0.36,41.6,7.38,50.0,20.0,20.0,109.0,36.0,36.0,2072.0,0.23,360.0,3890.0,1.0,1199.721045,0,80.0
0.5,6.363961031,2.828427125,100.0,47.3,100.0,3.175,191.0,2.62,700.0,148.0,1693.15,0.22,159.0,2.33,1.0,3.0,3.0,0.5,0.5,20.7,232.0,58.0,490.15,0.36,41.6,7.38,50.0,20.0,20.0,109.0,36.0,36.0,2072.0,0.23,360.0,3890.0,1.0,1145.440672,0,80.0
0.5,6.363961031,2.828427125,100.0,70.0,100.0,3.175,191.0,2.62,700.0,148.0,1693.15,0.22,159.0,2.33,1.0,3.0,3.0,0.5,0.5,20.7,232.0,58.0,490.15,0.36,41.6,7.38,50.0,20.0,20.0,109.0,36.0,36.0,2072.0,0.23,360.0,3890.0,1.0,1027.905449,0,90.0
0.5,6.363961031,2.828427125,100.0,70.0,100.0,3.175,191.0,2.62,700.0,148.0,1693.15,0.22,159.0,2.33,1.0,3.0,3.0,0.5,0.5,20.7,232.0,58.0,490.15,0.36,41.6,7.38,50.0,20.0,20.0,109.0,36.0,36.0,2072.0,0.23,360.0,3890.0,1.0,1027.905449,0,100.0
0.5,6.363961031,2.828427125,100.0,60.0,100.0,3.175,191.0,2.62,700.0,148.0,1693.15,0.22,159.0,2.33,1.0,3.0,3.0,0.5,0.5,20.7,232.0,58.0,490.15,0.36,41.6,7.38,50.0,20.0,20.0,109.0,36.0,36.0,2072.0,0.23,360.0,3890.0,1.0,1072.615013,0,120.0
0.5,6.363961031,2.828427125,100.0,70.0,100.0,3.175,191.0,2.62,700.0,148.0,1693.15,0.22,159.0,2.33,1.0,3.0,3.0,0.5,0.5,20.7,232.0,58.0,490.15,0.36,41.6,7.38,50.0,20.0,20.0,109.0,36.0,36.0,2072.0,0.23,360.0,3890.0,1.0,1027.905449,0,140.0
0.5,6.363961031,2.828427125,100.0,120.0,100.0,3.175,191.0,2.62,700.0,148.0,1693.15,0.22,159.0,2.33,1.0,3.0,3.0,0.5,0.5,20.7,232.0,58.0,490.15,0.36,41.6,7.38,50.0,20.0,20.0,109.0,36.0,36.0,2072.0,0.23,360.0,3890.0,1.0,885.7259865,0,240.0
0.5,6.363961031,2.828427125,100.0,310.0,100.0,3.175,191.0,2.62,700.0,148.0,1693.15,0.22,159.0,2.33,1.0,3.0,3.0,0.5,0.5,20.7,232.0,58.0,490.15,0.36,41.6,7.38,50.0,20.0,20.0,109.0,36.0,36.0,2072.0,0.23,360.0,3890.0,1.0,681.4831891,0,720.0
0.5,6.363961031,2.828427125,100.0,11.0,100.0,3.175,191.0,2.62,700.0,148.0,1693.15,0.22,159.0,2.33,1.0,3.0,3.0,0.5,0.5,20.7,232.0,58.0,490.15,0.36,41.6,7.38,50.0,20.0,20.0,109.0,36.0,36.0,2072.0,0.23,360.0,3890.0,1.0,1713.707065,1,
0.5,6.363961031,2.828427125,100.0,31.0,100.0,3.175,191.0,2.62,700.0,148.0,1693.15,0.22,159.0,2.33,1.0,3.0,3.0,0.5,0.5,20.7,232.0,58.0,490.15,0.36,41.6,7.38,50.0,20.0,20.0,109.0,36.0,36.0,2072.0,0.23,360.0,3890.0,1.0,1287.227019,1,
0.5,6.363961031,2.828427125,100.0,61.0,100.0,3.175,191.0,2.62,700.0,148.0,1693.15,0.22,159.0,2.33,1.0,3.0,3.0,0.5,0.5,20.7,232.0,58.0,490.15,0.36,41.6,7.38,50.0,20.0,20.0,109.0,36.0,36.0,2072.0,0.23,360.0,3890.0,1.0,1067.729265,1,
0.5,6.363961031,2.828427125,125.0,44.8,100.0,3.175,191.0,2.62,700.0,148.0,1693.15,0.22,159.0,2.33,1.0,3.0,3.0,0.5,0.5,20.7,232.0,58.0,490.15,0.36,41.6,7.38,50.0,20.0,20.0,109.0,36.0,36.0,2072.0,0.23,360.0,3890.0,1.0,845.7352551,0,40.0
0.5,6.363961031,2.828427125,75.0,44.8,75.0,3.175,191.0,2.62,700.0,148.0,1693.15,0.22,159.0,2.33,1.0,3.0,3.0,0.5,0.5,20.7,232.0,58.0,490.15,0.36,41.6,7.38,50.0,20.0,20.0,109.0,36.0,36.0,2072.0,0.23,360.0,3890.0,1.0,2904.527632,0,40.0
0.5,6.363961031,2.828427125,60.0,16.0,60.0,3.175,191.0,2.62,700.0,148.0,1693.15,0.22,159.0,2.33,1.0,3.0,3.0,0.5,0.5,20.7,232.0,58.0,490.15,0.36,41.6,7.38,50.0,20.0,20.0,109.0,36.0,36.0,2072.0,0.23,360.0,3890.0,1.0,7451.528831,0,40.0
0.5,6.363961031,2.828427125,140.0,16.0,100.0,3.175,191.0,2.62,700.0,148.0,1693.15,0.22,159.0,2.33,1.0,3.0,3.0,0.5,0.5,20.7,232.0,58.0,490.15,0.36,41.6,7.38,50.0,20.0,20.0,109.0,36.0,36.0,2072.0,0.23,360.0,3890.0,1.0,956.1478482,0,40.0
0.5,6.363961031,2.828427125,150.0,25.0,125.0,3.175,191.0,2.62,700.0,148.0,1693.15,0.22,159.0,2.33,1.0,3.0,3.0,0.5,0.5,20.7,232.0,58.0,490.15,0.36,41.6,7.38,50.0,20.0,20.0,109.0,36.0,36.0,2072.0,0.23,360.0,3890.0,1.0,492.5395772,0,40.0
0.5,6.363961031,2.828427125,100.0,15.0,60.0,3.175,191.0,2.62,700.0,148.0,1693.15,0.22,159.0,2.33,1.0,3.0,3.0,0.5,0.5,20.7,232.0,58.0,490.15,0.36,41.6,7.38,50.0,20.0,20.0,109.0,36.0,36.0,2072.0,0.23,360.0,3890.0,1.0,3660.138281,0,30.0
0.5,6.363961031,2.828427125,75.0,44.8,100.0,3.175,191.0,2.62,700.0,148.0,1693.15,0.22,159.0,2.33,1.0,3.0,3.0,0.5,0.5,20.7,232.0,58.0,490.15,0.36,41.6,7.38,50.0,20.0,20.0,109.0,36.0,36.0,2072.0,0.23,360.0,3890.0,1.0,900.0,0,40.0
0.5,6.363961031,2.828427125,165.0,30.0,125.0,3.175,191.0,2.62,700.0,148.0,1693.15,0.22,159.0,2.33,1.0,3.0,3.0,0.5,0.5,20.7,232.0,58.0,490.15,0.36,41.6,7.38,50.0,20.0,20.0,109.0,36.0,36.0,2072.0,0.23,360.0,3890.0,1.0,174.4867683,0,60.0
0.5,6.363961031,2.828427125,165.0,21.0,125.0,3.175,191.0,2.62,700.0,148.0,1693.15,0.22,159.0,2.33,1.0,3.0,3.0,0.5,0.5,20.7,232.0,58.0,490.15,0.36,41.6,7.38,50.0,20.0,20.0,109.0,36.0,36.0,2072.0,0.23,360.0,3890.0,1.0,192.5512846,0,42.0
0.5,6.363961031,2.828427125,165.0,120.0,125.0,3.175,191.0,2.62,700.0,148.0,1693.15,0.22,159.0,2.33,1.0,3.0,3.0,0.5,0.5,20.7,232.0,58.0,490.15,0.36,41.6,7.38,50.0,20.0,20.0,109.0,36.0,36.0,2072.0,0.23,360.0,3890.0,1.0,118.9798808,0,240.0
0.5,6.363961031,2.828427125,180.0,15.0,125.0,3.175,191.0,2.62,700.0,148.0,1693.15,0.22,159.0,2.33,1.0,3.0,3.0,0.5,0.5,20.7,232.0,58.0,490.15,0.36,41.6,7.38,50.0,20.0,20.0,109.0,36.0,36.0,2072.0,0.23,360.0,3890.0,1.0,186.6370335,0,30.0
0.5,6.363961031,2.828427125,100.0,15.0,100.0,3.175,191.0,2.62,700.0,148.0,1693.15,0.22,159.0,2.33,1.0,3.0,3.0,0.5,0.5,20.7,232.0,58.0,490.15,0.36,41.6,7.38,50.0,20.0,20.0,109.0,36.0,36.0,2072.0,0.23,360.0,3890.0,1.0,671.3900052,0,30.0
0.5,6.363961031,2.828427125,100.0,38.65,100.0,3.175,191.0,2.62,700.0,148.0,1693.15,0.22,159.0,2.33,1.0,3.0,3.0,0.5,0.5,20.7,232.0,58.0,490.15,0.36,41.6,7.38,50.0,20.0,20.0,109.0,36.0,36.0,2072.0,0.23,360.0,3890.0,1.0,516.9405328,0,30.0
0.5,6.363961031,2.828427125,100.0,20.0,100.0,3.175,191.0,2.62,700.0,148.0,1693.15,0.22,159.0,2.33,1.0,3.0,3.0,0.5,0.5,20.7,232.0,58.0,490.15,0.36,41.6,7.38,50.0,20.0,20.0,109.0,36.0,36.0,2072.0,0.23,360.0,3890.0,1.0,620.1072268,0,40.0
0.5,6.363961031,2.828427125,100.0,47.3,100.0,3.175,191.0,2.62,700.0,148.0,1693.15,0.22,159.0,2.33,1.0,3.0,3.0,0.5,0.5,20.7,232.0,58.0,490.15,0.36,41.6,7.38,50.0,20.0,20.0,109.0,36.0,36.0,2072.0,0.23,360.0,3890.0,1.0,488.8939134,0,40.0
0.5,6.363961031,2.828427125,100.0,79.6,100.0,3.175,191.0,2.62,700.0,148.0,1693.15,0.22,159.0,2.33,1.0,3.0,3.0,0.5,0.5,20.7,232.0,58.0,490.15,0.36,41.6,7.38,50.0,20.0,20.0,109.0,36.0,36.0,2072.0,0.23,360.0,3890.0,1.0,423.4275271,0,50.0
0.5,6.363961031,2.828427125,100.0,30.0,100.0,3.175,191.0,2.62,700.0,148.0,1693.15,0.22,159.0,2.33,1.0,3.0,3.0,0.5,0.5,20.7,232.0,58.0,490.15,0.36,41.6,7.38,50.0,20.0,20.0,109.0,36.0,36.0,2072.0,0.23,360.0,3890.0,1.0,554.409147,0,60.0
0.5,6.363961031,2.828427125,100.0,40.0,100.0,3.175,191.0,2.62,700.0,148.0,1693.15,0.22,159.0,2.33,1.0,3.0,3.0,0.5,0.5,20.7,232.0,58.0,490.15,0.36,41.6,7.38,50.0,20.0,20.0,109.0,36.0,36.0,2072.0,0.23,360.0,3890.0,1.0,512.0617167,0,80.0
0.5,6.363961031,2.828427125,100.0,47.3,100.0,3.175,191.0,2.62,700.0,148.0,1693.15,0.22,159.0,2.33,1.0,3.0,3.0,0.5,0.5,20.7,232.0,58.0,490.15,0.36,41.6,7.38,50.0,20.0,20.0,109.0,36.0,36.0,2072.0,0.23,360.0,3890.0,1.0,488.8939134,0,80.0
0.5,6.363961031,2.828427125,100.0,70.0,100.0,3.175,191.0,2.62,700.0,148.0,1693.15,0.22,159.0,2.33,1.0,3.0,3.0,0.5,0.5,20.7,232.0,58.0,490.15,0.36,41.6,7.38,50.0,20.0,20.0,109.0,36.0,36.0,2072.0,0.23,360.0,3890.0,1.0,438.7278449,0,90.0
0.5,6.363961031,2.828427125,100.0,70.0,100.0,3.175,191.0,2.62,700.0,148.0,1693.15,0.22,159.0,2.33,1.0,3.0,3.0,0.5,0.5,20.7,232.0,58.0,490.15,0.36,41.6,7.38,50.0,20.0,20.0,109.0,36.0,36.0,2072.0,0.23,360.0,3890.0,1.0,438.7278449,0,100.0
0.5,6.363961031,2.828427125,100.0,60.0,100.0,3.175,191.0,2.62,700.0,148.0,1693.15,0.22,159.0,2.33,1.0,3.0,3.0,0.5,0.5,20.7,232.0,58.0,490.15,0.36,41.6,7.38,50.0,20.0,20.0,109.0,36.0,36.0,2072.0,0.23,360.0,3890.0,1.0,457.8106613,0,120.0
0.5,6.363961031,2.828427125,100.0,70.0,100.0,3.175,191.0,2.62,700.0,148.0,1693.15,0.22,159.0,2.33,1.0,3.0,3.0,0.5,0.5,20.7,232.0,58.0,490.15,0.36,41.6,7.38,50.0,20.0,20.0,109.0,36.0,36.0,2072.0,0.23,360.0,3890.0,1.0,438.7278449,0,140.0
0.5,6.363961031,2.828427125,100.0,120.0,100.0,3.175,191.0,2.62,700.0,148.0,1693.15,0.22,159.0,2.33,1.0,3.0,3.0,0.5,0.5,20.7,232.0,58.0,490.15,0.36,41.6,7.38,50.0,20.0,20.0,109.0,36.0,36.0,2072.0,0.23,360.0,3890.0,1.0,378.0431884,0,240.0
0.5,6.363961031,2.828427125,100.0,310.0,100.0,3.175,191.0,2.62,700.0,148.0,1693.15,0.22,159.0,2.33,1.0,3.0,3.0,0.5,0.5,20.7,232.0,58.0,490.15,0.36,41.6,7.38,50.0,20.0,20.0,109.0,36.0,36.0,2072.0,0.23,360.0,3890.0,1.0,290.8688258,0,720.0
0.5,6.363961031,2.828427125,100.0,11.0,100.0,3.175,191.0,2.62,700.0,148.0,1693.15,0.22,159.0,2.33,1.0,3.0,3.0,0.5,0.5,20.7,232.0,58.0,490.15,0.36,41.6,7.38,50.0,20.0,20.0,109.0,36.0,36.0,2072.0,0.23,360.0,3890.0,1.0,731.4398503,1,
0.5,6.363961031,2.828427125,100.0,31.0,100.0,3.175,191.0,2.62,700.0,148.0,1693.15,0.22,159.0,2.33,1.0,3.0,3.0,0.5,0.5,20.7,232.0,58.0,490.15,0.36,41.6,7.38,50.0,20.0,20.0,109.0,36.0,36.0,2072.0,0.23,360.0,3890.0,1.0,549.4107815,1,
0.5,6.363961031,2.828427125,100.0,61.0,100.0,3.175,191.0,2.62,700.0,148.0,1693.15,0.22,159.0,2.33,1.0,3.0,3.0,0.5,0.5,20.7,232.0,58.0,490.15,0.36,41.6,7.38,50.0,20.0,20.0,109.0,36.0,36.0,2072.0,0.23,360.0,3890.0,1.0,455.7253394,1,
0.5,6.363961031,2.828427125,125.0,44.8,100.0,3.175,191.0,2.62,700.0,148.0,1693.15,0.22,159.0,2.33,1.0,3.0,3.0,0.5,0.5,20.7,232.0,58.0,490.15,0.36,41.6,7.38,50.0,20.0,20.0,109.0,36.0,36.0,2072.0,0.23,360.0,3890.0,1.0,360.9744518,0,40.0
0.5,6.363961031,2.828427125,75.0,44.8,75.0,3.175,191.0,2.62,700.0,148.0,1693.15,0.22,159.0,2.33,1.0,3.0,3.0,0.5,0.5,20.7,232.0,58.0,490.15,0.36,41.6,7.38,50.0,20.0,20.0,109.0,36.0,36.0,2072.0,0.23,360.0,3890.0,1.0,1239.702689,0,40.0
0.5,6.363961031,2.828427125,60.0,16.0,60.0,3.175,191.0,2.62,700.0,148.0,1693.15,0.22,159.0,2.33,1.0,3.0,3.0,0.5,0.5,20.7,232.0,58.0,490.15,0.36,41.6,7.38,50.0,20.0,20.0,109.0,36.0,36.0,2072.0,0.23,360.0,3890.0,1.0,3180.441537,0,40.0
0.5,6.363961031,2.828427125,140.0,16.0,100.0,3.175,191.0,2.62,700.0,148.0,1693.15,0.22,159.0,2.33,1.0,3.0,3.0,0.5,0.5,20.7,232.0,58.0,490.15,0.36,41.6,7.38,50.0,20.0,20.0,109.0,36.0,36.0,2072.0,0.23,360.0,3890.0,1.0,408.1004584,0,40.0
0.5,6.363961031,2.828427125,150.0,25.0,125.0,3.175,191.0,2.62,700.0,148.0,1693.15,0.22,159.0,2.33,1.0,3.0,3.0,0.5,0.5,20.7,232.0,58.0,490.15,0.36,41.6,7.38,50.0,20.0,20.0,109.0,36.0,36.0,2072.0,0.23,360.0,3890.0,1.0,210.2244204,0,40.0
0.5,6.363961031,2.828427125,100.0,15.0,60.0,3.175,191.0,2.62,700.0,148.0,1693.15,0.22,159.0,2.33,1.0,3.0,3.0,0.5,0.5,20.7,232.0,58.0,490.15,0.36,41.6,7.38,50.0,20.0,20.0,109.0,36.0,36.0,2072.0,0.23,360.0,3890.0,1.0,1562.210398,0,30.0
0.5,6.363961031,2.828427125,165.0,30.0,125.0,3.175,191.0,2.62,700.0,148.0,1693.15,0.22,159.0,2.33,1.0,3.0,3.0,0.5,0.5,20.7,232.0,58.0,490.15,0.36,41.6,7.38,50.0,20.0,20.0,109.0,36.0,36.0,2072.0,0.23,360.0,3890.0,1.0,644.2930026,0,60.0
0.5,6.363961031,2.828427125,165.0,21.0,125.0,3.175,191.0,2.62,700.0,148.0,1693.15,0.22,159.0,2.33,1.0,3.0,3.0,0.5,0.5,20.7,232.0,58.0,490.15,0.36,41.6,7.38,50.0,20.0,20.0,109.0,36.0,36.0,2072.0,0.23,360.0,3890.0,1.0,710.9962924,0,42.0
0.5,6.363961031,2.828427125,165.0,120.0,125.0,3.175,191.0,2.62,700.0,148.0,1693.15,0.22,159.0,2.33,1.0,3.0,3.0,0.5,0.5,20.7,232.0,58.0,490.15,0.36,41.6,7.38,50.0,20.0,20.0,109.0,36.0,36.0,2072.0,0.23,360.0,3890.0,1.0,439.3336262,0,240.0
0.5,6.363961031,2.828427125,180.0,15.0,125.0,3.175,191.0,2.62,700.0,148.0,1693.15,0.22,159.0,2.33,1.0,3.0,3.0,0.5,0.5,20.7,232.0,58.0,490.15,0.36,41.6,7.38,50.0,20.0,20.0,109.0,36.0,36.0,2072.0,0.23,360.0,3890.0,1.0,689.1578993,0,30.0
0.5,6.363961031,2.828427125,100.0,15.0,100.0,3.175,191.0,2.62,700.0,148.0,1693.15,0.22,159.0,2.33,1.0,3.0,3.0,0.5,0.5,20.7,232.0,58.0,490.15,0.36,41.6,7.38,50.0,20.0,20.0,109.0,36.0,36.0,2072.0,0.23,360.0,3890.0,1.0,2479.109944,0,30.0
0.5,6.363961031,2.828427125,100.0,38.65,100.0,3.175,191.0,2.62,700.0,148.0,1693.15,0.22,159.0,2.33,1.0,3.0,3.0,0.5,0.5,20.7,232.0,58.0,490.15,0.36,41.6,7.38,50.0,20.0,20.0,109.0,36.0,36.0,2072.0,0.23,360.0,3890.0,1.0,1908.804727,0,30.0
0.5,6.363961031,2.828427125,100.0,20.0,100.0,3.175,191.0,2.62,700.0,148.0,1693.15,0.22,159.0,2.33,1.0,3.0,3.0,0.5,0.5,20.7,232.0,58.0,490.15,0.36,41.6,7.38,50.0,20.0,20.0,109.0,36.0,36.0,2072.0,0.23,360.0,3890.0,1.0,2289.748105,0,40.0
0.5,6.363961031,2.828427125,100.0,47.3,100.0,3.175,191.0,2.62,700.0,148.0,1693.15,0.22,159.0,2.33,1.0,3.0,3.0,0.5,0.5,20.7,232.0,58.0,490.15,0.36,41.6,7.38,50.0,20.0,20.0,109.0,36.0,36.0,2072.0,0.23,360.0,3890.0,1.0,1805.242486,0,40.0
0.5,6.363961031,2.828427125,100.0,79.6,100.0,3.175,191.0,2.62,700.0,148.0,1693.15,0.22,159.0,2.33,1.0,3.0,3.0,0.5,0.5,20.7,232.0,58.0,490.15,0.36,41.6,7.38,50.0,20.0,20.0,109.0,36.0,36.0,2072.0,0.23,360.0,3890.0,1.0,1563.507626,0,50.0
0.5,6.363961031,2.828427125,100.0,30.0,100.0,3.175,191.0,2.62,700.0,148.0,1693.15,0.22,159.0,2.33,1.0,3.0,3.0,0.5,0.5,20.7,232.0,58.0,490.15,0.36,41.6,7.38,50.0,20.0,20.0,109.0,36.0,36.0,2072.0,0.23,360.0,3890.0,1.0,2047.157716,0,60.0
0.5,6.363961031,2.828427125,100.0,40.0,100.0,3.175,191.0,2.62,700.0,148.0,1693.15,0.22,159.0,2.33,1.0,3.0,3.0,0.5,0.5,20.7,232.0,58.0,490.15,0.36,41.6,7.38,50.0,20.0,20.0,109.0,36.0,36.0,2072.0,0.23,360.0,3890.0,1.0,1890.789681,0,80.0
0.5,6.363961031,2.828427125,100.0,47.3,100.0,3.175,191.0,2.62,700.0,148.0,1693.15,0.22,159.0,2.33,1.0,3.0,3.0,0.5,0.5,20.7,232.0,58.0,490.15,0.36,41.6,7.38,50.0,20.0,20.0,109.0,36.0,36.0,2072.0,0.23,360.0,3890.0,1.0,1805.242486,0,80.0
0.5,6.363961031,2.828427125,100.0,70.0,100.0,3.175,191.0,2.62,700.0,148.0,1693.15,0.22,159.0,2.33,1.0,3.0,3.0,0.5,0.5,20.7,232.0,58.0,490.15,0.36,41.6,7.38,50.0,20.0,20.0,109.0,36.0,36.0,2072.0,0.23,360.0,3890.0,1.0,1620.004103,0,90.0
0.5,6.363961031,2.828427125,100.0,70.0,100.0,3.175,191.0,2.62,700.0,148.0,1693.15,0.22,159.0,2.33,1.0,3.0,3.0,0.5,0.5,20.7,232.0,58.0,490.15,0.36,41.6,7.38,50.0,20.0,20.0,109.0,36.0,36.0,2072.0,0.23,360.0,3890.0,1.0,1620.004103,0,100.0
0.5,6.363961031,2.828427125,100.0,60.0,100.0,3.175,191.0,2.62,700.0,148.0,1693.15,0.22,159.0,2.33,1.0,3.0,3.0,0.5,0.5,20.7,232.0,58.0,490.15,0.36,41.6,7.38,50.0,20.0,20.0,109.0,36.0,36.0,2072.0,0.23,360.0,3890.0,1.0,1690.467469,0,120.0
0.5,6.363961031,2.828427125,100.0,70.0,100.0,3.175,191.0,2.62,700.0,148.0,1693.15,0.22,159.0,2.33,1.0,3.0,3.0,0.5,0.5,20.7,232.0,58.0,490.15,0.36,41.6,7.38,50.0,20.0,20.0,109.0,36.0,36.0,2072.0,0.23,360.0,3890.0,1.0,1620.004103,0,140.0
0.5,6.363961031,2.828427125,100.0,120.0,100.0,3.175,191.0,2.62,700.0,148.0,1693.15,0.22,159.0,2.33,1.0,3.0,3.0,0.5,0.5,20.7,232.0,58.0,490.15,0.36,41.6,7.38,50.0,20.0,20.0,109.0,36.0,36.0,2072.0,0.23,360.0,3890.0,1.0,1395.925796,0,240.0
0.5,6.363961031,2.828427125,100.0,310.0,100.0,3.175,191.0,2.62,700.0,148.0,1693.15,0.22,159.0,2.33,1.0,3.0,3.0,0.5,0.5,20.7,232.0,58.0,490.15,0.36,41.6,7.38,50.0,20.0,20.0,109.0,36.0,36.0,2072.0,0.23,360.0,3890.0,1.0,1074.034157,0,720.0
0.5,6.363961031,2.828427125,100.0,11.0,100.0,3.175,191.0,2.62,700.0,148.0,1693.15,0.22,159.0,2.33,1.0,3.0,3.0,0.5,0.5,20.7,232.0,58.0,490.15,0.36,41.6,7.38,50.0,20.0,20.0,109.0,36.0,36.0,2072.0,0.23,360.0,3890.0,1.0,2700.844207,1,
0.5,6.363961031,2.828427125,100.0,31.0,100.0,3.175,191.0,2.62,700.0,148.0,1693.15,0.22,159.0,2.33,1.0,3.0,3.0,0.5,0.5,20.7,232.0,58.0,490.15,0.36,41.6,7.38,50.0,20.0,20.0,109.0,36.0,36.0,2072.0,0.23,360.0,3890.0,1.0,2028.701234,1,
0.5,6.363961031,2.828427125,100.0,61.0,100.0,3.175,191.0,2.62,700.0,148.0,1693.15,0.22,159.0,2.33,1.0,3.0,3.0,0.5,0.5,20.7,232.0,58.0,490.15,0.36,41.6,7.38,50.0,20.0,20.0,109.0,36.0,36.0,2072.0,0.23,360.0,3890.0,1.0,1682.767411,1,
0.5,6.363961031,2.828427125,125.0,44.8,100.0,3.175,191.0,2.62,700.0,148.0,1693.15,0.22,159.0,2.33,1.0,3.0,3.0,0.5,0.5,20.7,232.0,58.0,490.15,0.36,41.6,7.38,50.0,20.0,20.0,109.0,36.0,36.0,2072.0,0.23,360.0,3890.0,1.0,1332.899427,0,40.0
0.5,6.363961031,2.828427125,75.0,44.8,75.0,3.175,191.0,2.62,700.0,148.0,1693.15,0.22,159.0,2.33,1.0,3.0,3.0,0.5,0.5,20.7,232.0,58.0,490.15,0.36,41.6,7.38,50.0,20.0,20.0,109.0,36.0,36.0,2072.0,0.23,360.0,3890.0,1.0,4577.606517,0,40.0
0.5,6.363961031,2.828427125,60.0,16.0,60.0,3.175,191.0,2.62,700.0,148.0,1693.15,0.22,159.0,2.33,1.0,3.0,3.0,0.5,0.5,20.7,232.0,58.0,490.15,0.36,41.6,7.38,50.0,20.0,20.0,109.0,36.0,36.0,2072.0,0.23,360.0,3890.0,1.0,11743.79151,0,40.0
0.5,6.363961031,2.828427125,140.0,16.0,100.0,3.175,191.0,2.62,700.0,148.0,1693.15,0.22,159.0,2.33,1.0,3.0,3.0,0.5,0.5,20.7,232.0,58.0,490.15,0.36,41.6,7.38,50.0,20.0,20.0,109.0,36.0,36.0,2072.0,0.23,360.0,3890.0,1.0,1506.912371,0,40.0
0.5,6.363961031,2.828427125,150.0,25.0,125.0,3.175,191.0,2.62,700.0,148.0,1693.15,0.22,159.0,2.33,1.0,3.0,3.0,0.5,0.5,20.7,232.0,58.0,490.15,0.36,41.6,7.38,50.0,20.0,20.0,109.0,36.0,36.0,2072.0,0.23,360.0,3890.0,1.0,776.2544082,0,40.0
0.5,6.363961031,2.828427125,100.0,15.0,60.0,3.175,191.0,2.62,700.0,148.0,1693.15,0.22,159.0,2.33,1.0,3.0,3.0,0.5,0.5,20.7,232.0,58.0,490.15,0.36,41.6,7.38,50.0,20.0,20.0,109.0,36.0,36.0,2072.0,0.23,360.0,3890.0,1.0,5768.467361,0,30.0
