"Pitch, mm","PkgHlfDiagSz, mm","DieHlfDiagSz, mm","ΔT, °C","t (Ramp up and hot dwell time), min","Tmax, °C","Substrate thickness, mm",Ball count,"Package CTE, ppm/°C",Package Specific Heat J/KgK,Package Thermal conductivity W/mK,"Package melting temp., K",Packag Poisson ratio,"Package Young Module, GPa","Package density, g/cm3","Package Plating (0:None, 1:Ni/Au, )",b_Ag (Wt. % Ag comp. in ball alloy),p_Ag (Wt. % Ag comp. in paste alloy),b_Cu (Wt. % Cu comp. in ball alloy),p_Cu (Wt. % Cu comp. in paste alloy),Solder CTE,Solder Specific Heat J/KgK,Solder Thermal conductivity W/mK,Solder melting temp.,Solder Poisson Ratio,Solder Young Module,Solder density,Solder Tensile Strength MPa,Substrate CTE x-y-direction,Substrate CTE z-direction,Substrate Specific Heat J/KgK,Substrate Thermal Conductivity x-y-direction W/mK,Substrate Thermal Conductivity z-direction W/mK,Substrate melting temp.,Substrate Poisson ratio,Substrate Young Module,Substrate density,"Substratre Plating (0:None, 1:Ni/Au, )",mean life (cycle),cycle_mode,frequency_min_per_cycle,log_life,Tmin_C,Tmean_C,period_min_per_cycle,freq_cycle_per_hour,hot_duty_ratio,creep_index,fatigue_index,creep_ratio,fatigue_ratio,CTE_pkg_sub_xy,CTE_solder_sub_xy,CTE_solder_pkg,geom_strain_index,pkg_die_ratio,relative_pitch,solder_thermal_diffusivity,substrate_thermal_diffusivity_xy,solder_effective_E,substrate_effective_E,package_effective_E
0.8,5.66,3.39,165.0,21.0,125.0,1.6,64.0,2.62,700.0,148.0,1693.0,0.22,159.0,2.33,1.0,0.0,4.0,0.0,0.5,22.5,236.0,62.0,491.0,0.35,40.1,7.4,51.5,14.0,45.0,872.5,0.8,0.4,393.15,0.16,28.5,1.585,1.0,4249.79892,0,42.0,8.354862225428686,-40.0,42.5,42.0,1.428571394557824,0.49999998809523843,62.6249985119048,235.87928010204095,0.20979598213096787,0.7902040145189964,-11.379999999999999,8.5,19.88,-6638.214865708932,1.6696160266619389,0.1413427312115316,0.03550160327788501,0.0005784892387779493,45.69795362056567,29.248738455728184,167.08683576414904
0.8,5.66,3.39,165.0,120.0,125.0,1.6,64.0,2.62,700.0,148.0,1693.0,0.22,159.0,2.33,1.0,0.0,4.0,0.0,0.5,22.5,236.0,62.0,491.0,0.35,40.1,7.4,51.5,14.0,45.0,872.5,0.8,0.4,393.15,0.16,28.5,1.585,1.0,2626.00465,0,240.0,7.873599559763912,-40.0,42.5,240.0,0.24999999895833333,0.49999999791666666,62.62499973958332,41.414999828125,0.6019319434627216,0.3980680469255907,-11.379999999999999,8.5,19.88,-6638.214865708932,1.6696160266619389,0.1413427312115316,0.03550160327788501,0.0005784892387779493,45.69795362056567,29.248738455728184,167.08683576414904
0.8,5.66,3.39,180.0,15.0,125.0,1.6,64.0,2.62,700.0,148.0,1693.0,0.22,159.0,2.33,1.0,0.0,4.0,0.0,0.5,22.5,236.0,62.0,491.0,0.35,40.1,7.4,51.5,14.0,45.0,872.5,0.8,0.4,393.15,0.16,28.5,1.585,1.0,4119.265498,0,30.0,8.32367288152946,-55.0,35.0,30.0,1.9999999333333356,0.4999999833333339,62.62499791666673,360.17998800000044,0.1481179263597707,0.8518820712750726,-11.379999999999999,8.5,19.88,-7241.688944409742,1.6696160266619389,0.1413427312115316,0.03550160327788501,0.0005784892387779493,45.69795362056567,29.248738455728184,167.08683576414904
0.8,5.66,3.39,100.0,15.0,100.0,1.6,64.0,2.62,700.0,148.0,1693.0,0.22,159.0,2.33,1.0,0.0,4.0,0.0,0.5,22.5,236.0,62.0,491.0,0.35,40.1,7.4,51.5,14.0,45.0,872.5,0.8,0.4,393.15,0.16,28.5,1.585,1.0,14818.24712,0,30.0,9.603682095940199,0.0,50.0,30.0,1.9999999333333356,0.4999999833333339,50.09999833333338,200.09999333333357,0.20023980736114538,0.7997601886420519,-11.379999999999999,8.5,19.88,-4023.16052467208,1.6696160266619389,0.1413427312115316,0.03550160327788501,0.0005784892387779493,45.69795362056567,29.248738455728184,167.08683576414904
0.8,5.66,3.39,100.0,38.65,100.0,1.6,64.0,2.62,700.0,148.0,1693.0,0.22,159.0,2.33,1.0,0.0,4.0,0.0,0.5,22.5,236.0,62.0,491.0,0.35,40.1,7.4,51.5,14.0,45.0,872.5,0.8,0.4,393.15,0.16,28.5,1.585,1.0,11409.3932,0,30.0,9.342279903261478,0.0,50.0,30.0,1.9999999333333356,1.2883332903888902,128.933329038889,200.09999333333357,0.3918549273899281,0.608145069570866,-11.379999999999999,8.5,19.88,-4023.16052467208,1.6696160266619389,0.1413427312115316,0.03550160327788501,0.0005784892387779493,45.69795362056567,29.248738455728184,167.08683576414904
0.8,5.66,3.39,100.0,20.0,100.0,1.6,64.0,2.62,700.0,148.0,1693.0,0.22,159.0,2.33,1.0,0.0,4.0,0.0,0.5,22.5,236.0,62.0,491.0,0.35,40.1,7.4,51.5,14.0,45.0,872.5,0.8,0.4,393.15,0.16,28.5,1.585,1.0,13686.38505,0,40.0,9.524229888350076,0.0,50.0,40.0,1.4999999625000011,0.49999998750000035,50.09999875000003,150.0999962500001,0.250249749005989,0.749750245999006,-11.379999999999999,8.5,19.88,-4023.16052467208,1.6696160266619389,0.1413427312115316,0.03550160327788501,0.0005784892387779493,45.69795362056567,29.248738455728184,167.08683576414904
0.8,5.66,3.39,100.0,47.3,100.0,1.6,64.0,2.62,700.0,148.0,1693.0,0.22,159.0,2.33,1.0,0.0,4.0,0.0,0.5,22.5,236.0,62.0,491.0,0.35,40.1,7.4,51.5,14.0,45.0,872.5,0.8,0.4,393.15,0.16,28.5,1.585,1.0,10790.37634,0,40.0,9.286502607114699,0.0,50.0,40.0,1.4999999625000011,1.1824999704375008,118.34999704375007,150.0999962500001,0.44086421888408067,0.5591357773908309,-11.379999999999999,8.5,19.88,-4023.16052467208,1.6696160266619389,0.1413427312115316,0.03550160327788501,0.0005784892387779493,45.69795362056567,29.248738455728184,167.08683576414904
0.8,5.66,3.39,100.0,79.6,100.0,1.6,64.0,2.62,700.0,148.0,1693.0,0.22,159.0,2.33,1.0,0.0,4.0,0.0,0.5,22.5,236.0,62.0,491.0,0.35,40.1,7.4,51.5,14.0,45.0,872.5,0.8,0.4,393.15,0.16,28.5,1.585,1.0,9345.467889,0,50.0,9.142753785028873,0.0,50.0,50.0,1.1999999760000006,1.5919999681600006,159.29999681600003,120.09999760000005,0.5701503200771978,0.42984967634370413,-11.379999999999999,8.5,19.88,-4023.16052467208,1.6696160266619389,0.1413427312115316,0.03550160327788501,0.0005784892387779493,45.69795362056567,29.248738455728184,167.08683576414904
0.8,5.66,3.39,100.0,30.0,100.0,1.6,64.0,2.62,700.0,148.0,1693.0,0.22,159.0,2.33,1.0,0.0,4.0,0.0,0.5,22.5,236.0,62.0,491.0,0.35,40.1,7.4,51.5,14.0,45.0,872.5,0.8,0.4,393.15,0.16,28.5,1.585,1.0,12236.36289,0,60.0,9.412249082690197,0.0,50.0,60.0,0.9999999833333336,0.4999999916666668,50.09999916666668,100.09999833333336,0.33355525743674797,0.6664447359054623,-11.379999999999999,8.5,19.88,-4023.16052467208,1.6696160266619389,0.1413427312115316,0.03550160327788501,0.0005784892387779493,45.69795362056567,29.248738455728184,167.08683576414904
0.8,5.66,3.39,100.0,40.0,100.0,1.6,64.0,2.62,700.0,148.0,1693.0,0.22,159.0,2.33,1.0,0.0,4.0,0.0,0.5,22.5,236.0,62.0,491.0,0.35,40.1,7.4,51.5,14.0,45.0,872.5,0.8,0.4,393.15,0.16,28.5,1.585,1.0,11301.71287,0,80.0,9.332798052877713,0.0,50.0,80.0,0.7499999906250001,0.4999999937500001,50.099999375,75.09999906250002,0.40015974121477516,0.5998402507980043,-11.379999999999999,8.5,19.88,-4023.16052467208,1.6696160266619389,0.1413427312115316,0.03550160327788501,0.0005784892387779493,45.69795362056567,29.248738455728184,167.08683576414904
0.8,5.66,3.39,100.0,47.3,100.0,1.6,64.0,2.62,700.0,148.0,1693.0,0.22,159.0,2.33,1.0,0.0,4.0,0.0,0.5,22.5,236.0,62.0,491.0,0.35,40.1,7.4,51.5,14.0,45.0,872.5,0.8,0.4,393.15,0.16,28.5,1.585,1.0,10790.37634,0,80.0,9.286502607114699,0.0,50.0,80.0,0.7499999906250001,0.591249992609375,59.22499926093751,75.09999906250002,0.44090824164704623,0.5590917509083233,-11.379999999999999,8.5,19.88,-4023.16052467208,1.6696160266619389,0.1413427312115316,0.03550160327788501,0.0005784892387779493,45.69795362056567,29.248738455728184,167.08683576414904
0.8,5.66,3.39,100.0,70.0,100.0,1.6,64.0,2.62,700.0,148.0,1693.0,0.22,159.0,2.33,1.0,0.0,4.0,0.0,0.5,22.5,236.0,62.0,491.0,0.35,40.1,7.4,51.5,14.0,45.0,872.5,0.8,0.4,393.15,0.16,28.5,1.585,1.0,9683.161166,0,90.0,9.178246960422562,0.0,50.0,90.0,0.6666666592592594,0.7777777691358025,77.87777691358025,66.76666592592593,0.5384083539357478,0.46159163915074775,-11.379999999999999,8.5,19.88,-4023.16052467208,1.6696160266619389,0.1413427312115316,0.03550160327788501,0.0005784892387779493,45.69795362056567,29.248738455728184,167.08683576414904
0.8,5.66,3.39,100.0,70.0,100.0,1.6,64.0,2.62,700.0,148.0,1693.0,0.22,159.0,2.33,1.0,0.0,4.0,0.0,0.5,22.5,236.0,62.0,491.0,0.35,40.1,7.4,51.5,14.0,45.0,872.5,0.8,0.4,393.15,0.16,28.5,1.585,1.0,9683.161166,0,100.0,9.178246960422562,0.0,50.0,100.0,0.599999994,0.699999993,70.09999930000001,60.0999994,0.5384024536215111,0.4615975386979974,-11.379999999999999,8.5,19.88,-4023.16052467208,1.6696160266619389,0.1413427312115316,0.03550160327788501,0.0005784892387779493,45.69795362056567,29.248738455728184,167.08683576414904
0.8,5.66,3.39,100.0,60.0,100.0,1.6,64.0,2.62,700.0,148.0,1693.0,0.22,159.0,2.33,1.0,0.0,4.0,0.0,0.5,22.5,236.0,62.0,491.0,0.35,40.1,7.4,51.5,14.0,45.0,872.5,0.8,0.4,393.15,0.16,28.5,1.585,1.0,10104.33796,0,120.0,9.220819074107748,0.0,50.0,120.0,0.4999999958333334,0.4999999958333334,50.09999958333333,50.09999958333333,0.49999999500998005,0.49999999500998005,-11.379999999999999,8.5,19.88,-4023.16052467208,1.6696160266619389,0.1413427312115316,0.03550160327788501,0.0005784892387779493,45.69795362056567,29.248738455728184,167.08683576414904
0.8,5.66,3.39,100.0,70.0,100.0,1.6,64.0,2.62,700.0,148.0,1693.0,0.22,159.0,2.33,1.0,0.0,4.0,0.0,0.5,22.5,236.0,62.0,491.0,0.35,40.1,7.4,51.5,14.0,45.0,872.5,0.8,0.4,393.15,0.16,28.5,1.585,1.0,9683.161166,0,140.0,9.178246960422562,0.0,50.0,140.0,0.4285714255102041,0.49999999642857146,50.09999964285714,42.95714255102041,0.5383788704804484,0.4616211187734663,-11.379999999999999,8.5,19.88,-4023.16052467208,1.6696160266619389,0.1413427312115316,0.03550160327788501,0.0005784892387779493,45.69795362056567,29.248738455728184,167.08683576414904
0.8,5.66,3.39,100.0,120.0,100.0,1.6,64.0,2.62,700.0,148.0,1693.0,0.22,159.0,2.33,1.0,0.0,4.0,0.0,0.5,22.5,236.0,62.0,491.0,0.35,40.1,7.4,51.5,14.0,45.0,872.5,0.8,0.4,393.15,0.16,28.5,1.585,1.0,8343.790263,0,240.0,9.029392702526644,0.0,50.0,240.0,0.24999999895833333,0.49999999791666666,50.09999979166666,25.09999989583333,0.6662233953941235,0.33377659130800436,-11.379999999999999,8.5,19.88,-4023.16052467208,1.6696160266619389,0.1413427312115316,0.03550160327788501,0.0005784892387779493,45.69795362056567,29.248738455728184,167.08683576414904
0.8,5.66,3.39,100.0,310.0,100.0,1.6,64.0,2.62,700.0,148.0,1693.0,0.22,159.0,2.33,1.0,0.0,4.0,0.0,0.5,22.5,236.0,62.0,491.0,0.35,40.1,7.4,51.5,14.0,45.0,872.5,0.8,0.4,393.15,0.16,28.5,1.585,1.0,6419.765124,0,720.0,8.767292567775996,0.0,50.0,720.0,0.08333333321759259,0.4305555549575617,43.15555549575617,8.433333321759259,0.8365280906103939,0.1634718900055876,-11.379999999999999,8.5,19.88,-4023.16052467208,1.6696160266619389,0.1413427312115316,0.03550160327788501,0.0005784892387779493,45.69795362056567,29.248738455728184,167.08683576414904
0.8,5.66,3.39,100.0,11.0,100.0,1.6,64.0,2.62,700.0,148.0,1693.0,0.22,159.0,2.33,1.0,0.0,4.0,0.0,0.5,22.5,236.0,62.0,491.0,0.35,40.1,7.4,51.5,14.0,45.0,872.5,0.8,0.4,393.15,0.16,28.5,1.585,1.0,16143.6071,1,,9.689341347188607,0.0,50.0,,,,0.1,142.9571394557824,0.0006990213818156743,0.9993009716279706,-11.379999999999999,8.5,19.88,-4023.16052467208,1.6696160266619389,0.1413427312115316,0.03550160327788501,0.0005784892387779493,45.69795362056567,29.248738455728184,167.08683576414904
0.8,5.66,3.39,100.0,31.0,100.0,1.6,64.0,2.62,700.0,148.0,1693.0,0.22,159.0,2.33,1.0,0.0,4.0,0.0,0.5,22.5,236.0,62.0,491.0,0.35,40.1,7.4,51.5,14.0,45.0,872.5,0.8,0.4,393.15,0.16,28.5,1.585,1.0,12126.04398,1,,9.403193277268505,0.0,50.0,,,,0.1,142.9571394557824,0.0006990213818156743,0.9993009716279706,-11.379999999999999,8.5,19.88,-4023.16052467208,1.6696160266619389,0.1413427312115316,0.03550160327788501,0.0005784892387779493,45.69795362056567,29.248738455728184,167.08683576414904
0.8,5.66,3.39,100.0,61.0,100.0,1.6,64.0,2.62,700.0,148.0,1693.0,0.22,159.0,2.33,1.0,0.0,4.0,0.0,0.5,22.5,236.0,62.0,491.0,0.35,40.1,7.4,51.5,14.0,45.0,872.5,0.8,0.4,393.15,0.16,28.5,1.585,1.0,10058.31282,1,,9.216254133169528,0.0,50.0,,,,0.1,142.9571394557824,0.0006990213818156743,0.9993009716279706,-11.379999999999999,8.5,19.88,-4023.16052467208,1.6696160266619389,0.1413427312115316,0.03550160327788501,0.0005784892387779493,45.69795362056567,29.248738455728184,167.08683576414904
0.8,5.66,3.39,125.0,44.8,100.0,1.6,64.0,2.62,700.0,148.0,1693.0,0.22,159.0,2.33,1.0,0.0,4.0,0.0,0.5,22.5,236.0,62.0,491.0,0.35,40.1,7.4,51.5,14.0,45.0,872.5,0.8,0.4,393.15,0.16,28.5,1.585,1.0,7967.06622,0,40.0,8.983197109972872,-25.0,37.5,40.0,1.4999999625000011,1.1199999720000007,112.09999720000006,187.62499531250012,0.3740095074698029,0.6259904891938053,-11.379999999999999,8.5,19.88,-5028.950655840099,1.6696160266619389,0.1413427312115316,0.03550160327788501,0.0005784892387779493,45.69795362056567,29.248738455728184,167.08683576414904
0.8,5.66,3.39,75.0,44.8,75.0,1.6,64.0,2.62,700.0,148.0,1693.0,0.22,159.0,2.33,1.0,0.0,4.0,0.0,0.5,22.5,236.0,62.0,491.0,0.35,40.1,7.4,51.5,14.0,45.0,872.5,0.8,0.4,393.15,0.16,28.5,1.585,1.0,27361.47493,0,40.0,10.216927825613247,0.0,37.5,40.0,1.4999999625000011,1.1199999720000007,84.07499790000004,112.57499718750007,0.4275362297113425,0.5724637652034807,-11.379999999999999,8.5,19.88,-3017.37039350406,1.6696160266619389,0.1413427312115316,0.03550160327788501,0.0005784892387779493,45.69795362056567,29.248738455728184,167.08683576414904
0.8,5.66,3.39,60.0,16.0,60.0,1.6,64.0,2.62,700.0,148.0,1693.0,0.22,159.0,2.33,1.0,0.0,4.0,0.0,0.5,22.5,236.0,62.0,491.0,0.35,40.1,7.4,51.5,14.0,45.0,872.5,0.8,0.4,393.15,0.16,28.5,1.585,1.0,70195.51719,0,40.0,11.15905397610509,0.0,30.0,40.0,1.4999999625000011,0.39999999000000025,24.059999400000017,90.05999775000006,0.2108307026817105,0.7891692885555835,-11.379999999999999,8.5,19.88,-2413.8963148032476,1.6696160266619389,0.1413427312115316,0.03550160327788501,0.0005784892387779493,45.69795362056567,29.248738455728184,167.08683576414904
0.8,5.66,3.39,140.0,16.0,100.0,1.6,64.0,2.62,700.0,148.0,1693.0,0.22,159.0,2.33,1.0,0.0,4.0,0.0,0.5,22.5,236.0,62.0,491.0,0.35,40.1,7.4,51.5,14.0,45.0,872.5,0.8,0.4,393.15,0.16,28.5,1.585,1.0,9007.184194,0,40.0,9.105888797994574,-40.0,30.0,40.0,1.4999999625000011,0.39999999000000025,40.099999000000025,210.13999475000014,0.16024616304864273,0.8397538329551936,-11.379999999999999,8.5,19.88,-5632.424734540911,1.6696160266619389,0.1413427312115316,0.03550160327788501,0.0005784892387779493,45.69795362056567,29.248738455728184,167.08683576414904
0.8,5.66,3.39,150.0,25.0,125.0,1.6,64.0,2.62,700.0,148.0,1693.0,0.22,159.0,2.33,1.0,0.0,4.0,0.0,0.5,22.5,236.0,62.0,491.0,0.35,40.1,7.4,51.5,14.0,45.0,872.5,0.8,0.4,393.15,0.16,28.5,1.585,1.0,4639.862656,0,40.0,8.44265554518121,-25.0,50.0,40.0,1.4999999625000011,0.6249999843750005,78.24999804687506,225.14999437500015,0.2579103485281527,0.7420896481758684,-11.379999999999999,8.5,19.88,-6034.74078700812,1.6696160266619389,0.1413427312115316,0.03550160327788501,0.0005784892387779493,45.69795362056567,29.248738455728184,167.08683576414904
0.8,5.66,3.39,100.0,15.0,60.0,1.6,64.0,2.62,700.0,148.0,1693.0,0.22,159.0,2.33,1.0,0.0,4.0,0.0,0.5,22.5,236.0,62.0,491.0,0.35,40.1,7.4,51.5,14.0,45.0,872.5,0.8,0.4,393.15,0.16,28.5,1.585,1.0,34479.54177,0,30.0,10.448150437241194,-40.0,10.0,30.0,1.9999999333333356,0.4999999833333339,30.05999900000003,200.09999333333357,0.1306047961014018,0.8693951995537945,-11.379999999999999,8.5,19.88,-4023.16052467208,1.6696160266619389,0.1413427312115316,0.03550160327788501,0.0005784892387779493,45.69795362056567,29.248738455728184,167.08683576414904
0.8,5.66,,165.0,30.0,125.0,1.6,64.0,2.62,700.0,148.0,1693.0,0.22,159.0,2.33,1.0,0.0,4.0,0.0,0.5,22.5,236.0,62.0,491.0,0.35,40.1,7.4,51.5,7.7,7.7,779.0,36.0,36.0,2345.15,0.23,360.0,3.89,1.0,2653.052741,0,60.0,7.883843086962976,-40.0,42.5,60.0,0.9999999833333336,0.4999999916666668,62.62499895833334,165.16499725000006,0.27492427115251,0.7250757244574816,-5.08,14.8,19.88,-2963.280449718926,,0.1413427312115316,0.03550160327788501,0.011879972672142464,45.69795362056567,380.1072958427876,167.08683576414904
0.8,5.66,,165.0,21.0,125.0,1.6,64.0,2.62,700.0,148.0,1693.0,0.22,159.0,2.33,1.0,0.0,4.0,0.0,0.5,22.5,236.0,62.0,491.0,0.35,40.1,7.4,51.5,7.7,7.7,779.0,36.0,36.0,2345.15,0.23,360.0,3.89,1.0,2944.721716,0,42.0,7.988109130917888,-40.0,42.5,42.0,1.428571394557824,0.49999998809523843,62.6249985119048,235.87928010204095,0.20979598213096787,0.7902040145189964,-5.08,14.8,19.88,-2963.280449718926,,0.1413427312115316,0.03550160327788501,0.011879972672142464,45.69795362056567,380.1072958427876,167.08683576414904
0.8,5.66,,165.0,120.0,125.0,1.6,64.0,2.62,700.0,148.0,1693.0,0.22,159.0,2.33,1.0,0.0,4.0,0.0,0.5,22.5,236.0,62.0,491.0,0.35,40.1,7.4,51.5,7.7,7.7,779.0,36.0,36.0,2345.15,0.23,360.0,3.89,1.0,1819.580895,0,240.0,7.506910902222873,-40.0,42.5,240.0,0.24999999895833333,0.49999999791666666,62.62499973958332,41.414999828125,0.6019319434627216,0.3980680469255907,-5.08,14.8,19.88,-2963.280449718926,,0.1413427312115316,0.03550160327788501,0.011879972672142464,45.69795362056567,380.1072958427876,167.08683576414904
0.8,5.66,,100.0,15.0,100.0,1.6,64.0,2.62,700.0,148.0,1693.0,0.22,159.0,2.33,1.0,0.0,4.0,0.0,0.5,22.5,236.0,62.0,491.0,0.35,40.1,7.4,51.5,7.7,7.7,779.0,36.0,36.0,2345.15,0.23,360.0,3.89,1.0,10267.68911,0,30.0,9.236854652127096,0.0,50.0,30.0,1.9999999333333356,0.4999999833333339,50.09999833333338,200.09999333333357,0.20023980736114538,0.7997601886420519,-5.08,14.8,19.88,-1795.9275452841975,,0.1413427312115316,0.03550160327788501,0.011879972672142464,45.69795362056567,380.1072958427876,167.08683576414904
0.8,5.66,,100.0,38.65,100.0,1.6,64.0,2.62,700.0,148.0,1693.0,0.22,159.0,2.33,1.0,0.0,4.0,0.0,0.5,22.5,236.0,62.0,491.0,0.35,40.1,7.4,51.5,7.7,7.7,779.0,36.0,36.0,2345.15,0.23,360.0,3.89,1.0,7905.665319,0,30.0,8.975461393996657,0.0,50.0,30.0,1.9999999333333356,1.2883332903888902,128.933329038889,200.09999333333357,0.3918549273899281,0.608145069570866,-5.08,14.8,19.88,-1795.9275452841975,,0.1413427312115316,0.03550160327788501,0.011879972672142464,45.69795362056567,380.1072958427876,167.08683576414904
0.8,5.66,,100.0,20.0,100.0,1.6,64.0,2.62,700.0,148.0,1693.0,0.22,159.0,2.33,1.0,0.0,4.0,0.0,0.5,22.5,236.0,62.0,491.0,0.35,40.1,7.4,51.5,7.7,7.7,779.0,36.0,36.0,2345.15,0.23,360.0,3.89,1.0,9483.412281,0,40.0,9.157404917455127,0.0,50.0,40.0,1.4999999625000011,0.49999998750000035,50.09999875000003,150.0999962500001,0.250249749005989,0.749750245999006,-5.08,14.8,19.88,-1795.9275452841975,,0.1413427312115316,0.03550160327788501,0.011879972672142464,45.69795362056567,380.1072958427876,167.08683576414904
0.8,5.66,,100.0,47.3,100.0,1.6,64.0,2.62,700.0,148.0,1693.0,0.22,159.0,2.33,1.0,0.0,4.0,0.0,0.5,22.5,236.0,62.0,491.0,0.35,40.1,7.4,51.5,7.7,7.7,779.0,36.0,36.0,2345.15,0.23,360.0,3.89,1.0,7476.743282,0,40.0,8.91968632518046,0.0,50.0,40.0,1.4999999625000011,1.1824999704375008,118.34999704375007,150.0999962500001,0.44086421888408067,0.5591357773908309,-5.08,14.8,19.88,-1795.9275452841975,,0.1413427312115316,0.03550160327788501,0.011879972672142464,45.69795362056567,380.1072958427876,167.08683576414904
0.8,5.66,,100.0,79.6,100.0,1.6,64.0,2.62,700.0,148.0,1693.0,0.22,159.0,2.33,1.0,0.0,4.0,0.0,0.5,22.5,236.0,62.0,491.0,0.35,40.1,7.4,51.5,7.7,7.7,779.0,36.0,36.0,2345.15,0.23,360.0,3.89,1.0,6475.553964,0,50.0,8.775943852213834,0.0,50.0,50.0,1.1999999760000006,1.5919999681600006,159.29999681600003,120.09999760000005,0.5701503200771978,0.42984967634370413,-5.08,14.8,19.88,-1795.9275452841975,,0.1413427312115316,0.03550160327788501,0.011879972672142464,45.69795362056567,380.1072958427876,167.08683576414904
0.8,5.66,,100.0,30.0,100.0,1.6,64.0,2.62,700.0,148.0,1693.0,0.22,159.0,2.33,1.0,0.0,4.0,0.0,0.5,22.5,236.0,62.0,491.0,0.35,40.1,7.4,51.5,7.7,7.7,779.0,36.0,36.0,2345.15,0.23,360.0,3.89,1.0,8478.679632,0,60.0,9.045427948827012,0.0,50.0,60.0,0.9999999833333336,0.4999999916666668,50.09999916666668,100.09999833333336,0.33355525743674797,0.6664447359054623,-5.08,14.8,19.88,-1795.9275452841975,,0.1413427312115316,0.03550160327788501,0.011879972672142464,45.69795362056567,380.1072958427876,167.08683576414904
0.8,5.66,,100.0,40.0,100.0,1.6,64.0,2.62,700.0,148.0,1693.0,0.22,159.0,2.33,1.0,0.0,4.0,0.0,0.5,22.5,236.0,62.0,491.0,0.35,40.1,7.4,51.5,7.7,7.7,779.0,36.0,36.0,2345.15,0.23,360.0,3.89,1.0,7831.052701,0,80.0,8.965979913120291,0.0,50.0,80.0,0.7499999906250001,0.4999999937500001,50.099999375,75.09999906250002,0.40015974121477516,0.5998402507980043,-5.08,14.8,19.88,-1795.9275452841975,,0.1413427312115316,0.03550160327788501,0.011879972672142464,45.69795362056567,380.1072958427876,167.08683576414904
0.8,5.66,,100.0,47.3,100.0,1.6,64.0,2.62,700.0,148.0,1693.0,0.22,159.0,2.33,1.0,0.0,4.0,0.0,0.5,22.5,236.0,62.0,491.0,0.35,40.1,7.4,51.5,7.7,7.7,779.0,36.0,36.0,2345.15,0.23,360.0,3.89,1.0,7476.743282,0,80.0,8.91968632518046,0.0,50.0,80.0,0.7499999906250001,0.591249992609375,59.22499926093751,75.09999906250002,0.44090824164704623,0.5590917509083233,-5.08,14.8,19.88,-1795.9275452841975,,0.1413427312115316,0.03550160327788501,0.011879972672142464,45.69795362056567,380.1072958427876,167.08683576414904
0.8,5.66,,100.0,70.0,100.0,1.6,64.0,2.62,700.0,148.0,1693.0,0.22,159.0,2.33,1.0,0.0,4.0,0.0,0.5,22.5,236.0,62.0,491.0,0.35,40.1,7.4,51.5,7.7,7.7,779.0,36.0,36.0,2345.15,0.23,360.0,3.89,1.0,6709.5445,0,90.0,8.811435374214428,0.0,50.0,90.0,0.6666666592592594,0.7777777691358025,77.87777691358025,66.76666592592593,0.5384083539357478,0.46159163915074775,-5.08,14.8,19.88,-1795.9275452841975,,0.1413427312115316,0.03550160327788501,0.011879972672142464,45.69795362056567,380.1072958427876,167.08683576414904
0.8,5.66,,100.0,70.0,100.0,1.6,64.0,2.62,700.0,148.0,1693.0,0.22,159.0,2.33,1.0,0.0,4.0,0.0,0.5,22.5,236.0,62.0,491.0,0.35,40.1,7.4,51.5,7.7,7.7,779.0,36.0,36.0,2345.15,0.23,360.0,3.89,1.0,6709.5445,0,100.0,8.811435374214428,0.0,50.0,100.0,0.599999994,0.699999993,70.09999930000001,60.0999994,0.5384024536215111,0.4615975386979974,-5.08,14.8,19.88,-1795.9275452841975,,0.1413427312115316,0.03550160327788501,0.011879972672142464,45.69795362056567,380.1072958427876,167.08683576414904
0.8,5.66,,100.0,60.0,100.0,1.6,64.0,2.62,700.0,148.0,1693.0,0.22,159.0,2.33,1.0,0.0,4.0,0.0,0.5,22.5,236.0,62.0,491.0,0.35,40.1,7.4,51.5,7.7,7.7,779.0,36.0,36.0,2345.15,0.23,360.0,3.89,1.0,7001.381471,0,120.0,8.854005580321958,0.0,50.0,120.0,0.4999999958333334,0.4999999958333334,50.09999958333333,50.09999958333333,0.49999999500998005,0.49999999500998005,-5.08,14.8,19.88,-1795.9275452841975,,0.1413427312115316,0.03550160327788501,0.011879972672142464,45.69795362056567,380.1072958427876,167.08683576414904
0.8,5.66,,100.0,70.0,100.0,1.6,64.0,2.62,700.0,148.0,1693.0,0.22,159.0,2.33,1.0,0.0,4.0,0.0,0.5,22.5,236.0,62.0,491.0,0.35,40.1,7.4,51.5,7.7,7.7,779.0,36.0,36.0,2345.15,0.23,360.0,3.89,1.0,6709.5445,0,140.0,8.811435374214428,0.0,50.0,140.0,0.4285714255102041,0.49999999642857146,50.09999964285714,42.95714255102041,0.5383788704804484,0.4616211187734663,-5.08,14.8,19.88,-1795.9275452841975,,0.1413427312115316,0.03550160327788501,0.011879972672142464,45.69795362056567,380.1072958427876,167.08683576414904
0.8,5.66,,100.0,120.0,100.0,1.6,64.0,2.62,700.0,148.0,1693.0,0.22,159.0,2.33,1.0,0.0,4.0,0.0,0.5,22.5,236.0,62.0,491.0,0.35,40.1,7.4,51.5,7.7,7.7,779.0,36.0,36.0,2345.15,0.23,360.0,3.89,1.0,5781.483042,0,240.0,8.662588461459702,0.0,50.0,240.0,0.24999999895833333,0.49999999791666666,50.09999979166666,25.09999989583333,0.6662233953941235,0.33377659130800436,-5.08,14.8,19.88,-1795.9275452841975,,0.1413427312115316,0.03550160327788501,0.011879972672142464,45.69795362056567,380.1072958427876,167.08683576414904
0.8,5.66,,100.0,310.0,100.0,1.6,64.0,2.62,700.0,148.0,1693.0,0.22,159.0,2.33,1.0,0.0,4.0,0.0,0.5,22.5,236.0,62.0,491.0,0.35,40.1,7.4,51.5,7.7,7.7,779.0,36.0,36.0,2345.15,0.23,360.0,3.89,1.0,4448.309704,0,720.0,8.400504240430887,0.0,50.0,720.0,0.08333333321759259,0.4305555549575617,43.15555549575617,8.433333321759259,0.8365280906103939,0.1634718900055876,-5.08,14.8,19.88,-1795.9275452841975,,0.1413427312115316,0.03550160327788501,0.011879972672142464,45.69795362056567,380.1072958427876,167.08683576414904
0.8,5.66,,100.0,11.0,100.0,1.6,64.0,2.62,700.0,148.0,1693.0,0.22,159.0,2.33,1.0,0.0,4.0,0.0,0.5,22.5,236.0,62.0,491.0,0.35,40.1,7.4,51.5,7.7,7.7,779.0,36.0,36.0,2345.15,0.23,360.0,3.89,1.0,11186.04228,1,,9.322511448226576,0.0,50.0,,,,0.1,142.9571394557824,0.0006990213818156743,0.9993009716279706,-5.08,14.8,19.88,-1795.9275452841975,,0.1413427312115316,0.03550160327788501,0.011879972672142464,45.69795362056567,380.1072958427876,167.08683576414904
0.8,5.66,,100.0,31.0,100.0,1.6,64.0,2.62,700.0,148.0,1693.0,0.22,159.0,2.33,1.0,0.0,4.0,0.0,0.5,22.5,236.0,62.0,491.0,0.35,40.1,7.4,51.5,7.7,7.7,779.0,36.0,36.0,2345.15,0.23,360.0,3.89,1.0,8402.238722,1,,9.03637247266428,0.0,50.0,,,,0.1,142.9571394557824,0.0006990213818156743,0.9993009716279706,-5.08,14.8,19.88,-1795.9275452841975,,0.1413427312115316,0.03550160327788501,0.011879972672142464,45.69795362056567,380.1072958427876,167.08683576414904
0.8,5.66,,100.0,61.0,100.0,1.6,64.0,2.62,700.0,148.0,1693.0,0.22,159.0,2.33,1.0,0.0,4.0,0.0,0.5,22.5,236.0,62.0,491.0,0.35,40.1,7.4,51.5,7.7,7.7,779.0,36.0,36.0,2345.15,0.23,360.0,3.89,1.0,6969.490265,1,,8.84944084059221,0.0,50.0,,,,0.1,142.9571394557824,0.0006990213818156743,0.9993009716279706,-5.08,14.8,19.88,-1795.9275452841975,,0.1413427312115316,0.03550160327788501,0.011879972672142464,45.69795362056567,380.1072958427876,167.08683576414904
0.8,5.66,,125.0,44.8,100.0,1.6,64.0,2.62,700.0,148.0,1693.0,0.22,159.0,2.33,1.0,0.0,4.0,0.0,0.5,22.5,236.0,62.0,491.0,0.35,40.1,7.4,51.5,7.7,7.7,779.0,36.0,36.0,2345.15,0.23,360.0,3.89,1.0,5520.447756,0,40.0,8.616395379520842,-25.0,37.5,40.0,1.4999999625000011,1.1199999720000007,112.09999720000006,187.62499531250012,0.3740095074698029,0.6259904891938053,-5.08,14.8,19.88,-2244.9094316052465,,0.1413427312115316,0.03550160327788501,0.011879972672142464,45.69795362056567,380.1072958427876,167.08683576414904
0.8,5.66,,75.0,44.8,75.0,1.6,64.0,2.62,700.0,148.0,1693.0,0.22,159.0,2.33,1.0,0.0,4.0,0.0,0.5,22.5,236.0,62.0,491.0,0.35,40.1,7.4,51.5,7.7,7.7,779.0,36.0,36.0,2345.15,0.23,360.0,3.89,1.0,18958.99805,0,40.0,9.850086672960906,0.0,37.5,40.0,1.4999999625000011,1.1199999720000007,84.07499790000004,112.57499718750007,0.4275362297113425,0.5724637652034807,-5.08,14.8,19.88,-1346.9456589631482,,0.1413427312115316,0.03550160327788501,0.011879972672142464,45.69795362056567,380.1072958427876,167.08683576414904
0.8,5.66,,60.0,16.0,60.0,1.6,64.0,2.62,700.0,148.0,1693.0,0.22,159.0,2.33,1.0,0.0,4.0,0.0,0.5,22.5,236.0,62.0,491.0,0.35,40.1,7.4,51.5,7.7,7.7,779.0,36.0,36.0,2345.15,0.23,360.0,3.89,1.0,48639.06922,0,40.0,10.792202939747588,0.0,30.0,40.0,1.4999999625000011,0.39999999000000025,24.059999400000017,90.05999775000006,0.2108307026817105,0.7891692885555835,-5.08,14.8,19.88,-1077.5565271705186,,0.1413427312115316,0.03550160327788501,0.011879972672142464,45.69795362056567,380.1072958427876,167.08683576414904
0.8,5.66,,140.0,16.0,100.0,1.6,64.0,2.62,700.0,148.0,1693.0,0.22,159.0,2.33,1.0,0.0,4.0,0.0,0.5,22.5,236.0,62.0,491.0,0.35,40.1,7.4,51.5,7.7,7.7,779.0,36.0,36.0,2345.15,0.23,360.0,3.89,1.0,6241.154323,0,40.0,8.739080645850965,-40.0,30.0,40.0,1.4999999625000011,0.39999999000000025,40.099999000000025,210.13999475000014,0.16024616304864273,0.8397538329551936,-5.08,14.8,19.88,-2514.2985633978765,,0.1413427312115316,0.03550160327788501,0.011879972672142464,45.69795362056567,380.1072958427876,167.08683576414904
0.8,5.66,,150.0,25.0,125.0,1.6,64.0,2.62,700.0,148.0,1693.0,0.22,159.0,2.33,1.0,0.0,4.0,0.0,0.5,22.5,236.0,62.0,491.0,0.35,40.1,7.4,51.5,7.7,7.7,779.0,36.0,36.0,2345.15,0.23,360.0,3.89,1.0,3215.000188,0,40.0,8.075893688756567,-25.0,50.0,40.0,1.4999999625000011,0.6249999843750005,78.24999804687506,225.14999437500015,0.2579103485281527,0.7420896481758684,-5.08,14.8,19.88,-2693.8913179262963,,0.1413427312115316,0.03550160327788501,0.011879972672142464,45.69795362056567,380.1072958427876,167.08683576414904
0.8,5.66,,100.0,15.0,60.0,1.6,64.0,2.62,700.0,148.0,1693.0,0.22,159.0,2.33,1.0,0.0,4.0,0.0,0.5,22.5,236.0,62.0,491.0,0.35,40.1,7.4,51.5,7.7,7.7,779.0,36.0,36.0,2345.15,0.23,360.0,3.89,1.0,23891.16693,0,30.0,10.081305940685313,-40.0,10.0,30.0,1.9999999333333356,0.4999999833333339,30.05999900000003,200.09999333333357,0.1306047961014018,0.8693951995537945,-5.08,14.8,19.88,-1795.9275452841975,,0.1413427312115316,0.03550160327788501,0.011879972672142464,45.69795362056567,380.1072958427876,167.08683576414904
0.8,8.485281374,4.5254834,165.0,30.0,125.0,1.6,144.0,2.62,700.0,148.0,1693.0,0.22,159.0,2.33,1.0,0.0,4.0,0.0,0.5,22.5,236.0,62.0,491.0,0.35,40.1,7.4,51.5,20.0,20.0,109.0,0.12,0.12,520.0,0.34,2.5,1.47,1.0,2444.002924,0,60.0,7.801801597818278,-40.0,42.5,60.0,0.9999999833333336,0.4999999916666668,62.62499895833334,165.16499725000006,0.27492427115251,0.7250757244574816,-17.38,2.5,19.88,-15198.7766372391,1.8749995854587411,0.09428089304974734,0.03550160327788501,0.0007489234179059888,45.69795362056567,2.8267720185752845,167.08683576414904
0.8,8.485281374,4.5254834,165.0,21.0,125.0,1.6,144.0,2.62,700.0,148.0,1693.0,0.22,159.0,2.33,1.0,0.0,4.0,0.0,0.5,22.5,236.0,62.0,491.0,0.35,40.1,7.4,51.5,20.0,20.0,109.0,0.12,0.12,520.0,0.34,2.5,1.47,1.0,2697.029163,0,42.0,7.900276845827148,-40.0,42.5,42.0,1.428571394557824,0.49999998809523843,62.6249985119048,235.87928010204095,0.20979598213096787,0.7902040145189964,-17.38,2.5,19.88,-15198.7766372391,1.8749995854587411,0.09428089304974734,0.03550160327788501,0.0007489234179059888,45.69795362056567,2.8267720185752845,167.08683576414904
0.8,8.485281374,4.5254834,165.0,120.0,125.0,1.6,144.0,2.62,700.0,148.0,1693.0,0.22,159.0,2.33,1.0,0.0,4.0,0.0,0.5,22.5,236.0,62.0,491.0,0.35,40.1,7.4,51.5,20.0,20.0,109.0,0.12,0.12,520.0,0.34,2.5,1.47,1.0,1666.528525,0,240.0,7.419097884090242,-40.0,42.5,240.0,0.24999999895833333,0.49999999791666666,62.62499973958332,41.414999828125,0.6019319434627216,0.3980680469255907,-17.38,2.5,19.88,-15198.7766372391,1.8749995854587411,0.09428089304974734,0.03550160327788501,0.0007489234179059888,45.69795362056567,2.8267720185752845,167.08683576414904
0.8,8.485281374,4.5254834,180.0,15.0,125.0,1.6,144.0,2.62,700.0,148.0,1693.0,0.22,159.0,2.33,1.0,0.0,4.0,0.0,0.5,22.5,236.0,62.0,491.0,0.35,40.1,7.4,51.5,20.0,20.0,109.0,0.12,0.12,520.0,0.34,2.5,1.47,1.0,2614.189374,0,30.0,7.869091792232581,-55.0,35.0,30.0,1.9999999333333356,0.4999999833333339,62.62499791666673,360.17998800000044,0.1481179263597707,0.8518820712750726,-17.38,2.5,19.88,-16580.483604260833,1.8749995854587411,0.09428089304974734,0.03550160327788501,0.0007489234179059888,45.69795362056567,2.8267720185752845,167.08683576414904
0.8,8.485281374,4.5254834,100.0,15.0,100.0,1.6,144.0,2.62,700.0,148.0,1693.0,0.22,159.0,2.33,1.0,0.0,4.0,0.0,0.5,22.5,236.0,62.0,491.0,0.35,40.1,7.4,51.5,20.0,20.0,109.0,0.12,0.12,520.0,0.34,2.5,1.47,1.0,9404.031905,0,30.0,9.149000134073875,0.0,50.0,30.0,1.9999999333333356,0.4999999833333339,50.09999833333338,200.09999333333357,0.20023980736114538,0.7997601886420519,-17.38,2.5,19.88,-9211.37978014491,1.8749995854587411,0.09428089304974734,0.03550160327788501,0.0007489234179059888,45.69795362056567,2.8267720185752845,167.08683576414904
0.8,8.485281374,4.5254834,100.0,38.65,100.0,1.6,144.0,2.62,700.0,148.0,1693.0,0.22,159.0,2.33,1.0,0.0,4.0,0.0,0.5,22.5,236.0,62.0,491.0,0.35,40.1,7.4,51.5,20.0,20.0,109.0,0.12,0.12,520.0,0.34,2.5,1.47,1.0,7240.687567,0,30.0,8.887609547583297,0.0,50.0,30.0,1.9999999333333356,1.2883332903888902,128.933329038889,200.09999333333357,0.3918549273899281,0.608145069570866,-17.38,2.5,19.88,-9211.37978014491,1.8749995854587411,0.09428089304974734,0.03550160327788501,0.0007489234179059888,45.69795362056567,2.8267720185752845,167.08683576414904
0.8,8.485281374,4.5254834,100.0,20.0,100.0,1.6,144.0,2.62,700.0,148.0,1693.0,0.22,159.0,2.33,1.0,0.0,4.0,0.0,0.5,22.5,236.0,62.0,491.0,0.35,40.1,7.4,51.5,20.0,20.0,109.0,0.12,0.12,520.0,0.34,2.5,1.47,1.0,8685.723797,0,40.0,9.069551138773443,0.0,50.0,40.0,1.4999999625000011,0.49999998750000035,50.09999875000003,150.0999962500001,0.250249749005989,0.749750245999006,-17.38,2.5,19.88,-9211.37978014491,1.8749995854587411,0.09428089304974734,0.03550160327788501,0.0007489234179059888,45.69795362056567,2.8267720185752845,167.08683576414904
0.8,8.485281374,4.5254834,100.0,47.3,100.0,1.6,144.0,2.62,700.0,148.0,1693.0,0.22,159.0,2.33,1.0,0.0,4.0,0.0,0.5,22.5,236.0,62.0,491.0,0.35,40.1,7.4,51.5,20.0,20.0,109.0,0.12,0.12,520.0,0.34,2.5,1.47,1.0,6847.843912,0,40.0,8.831835145041875,0.0,50.0,40.0,1.4999999625000011,1.1824999704375008,118.34999704375007,150.0999962500001,0.44086421888408067,0.5591357773908309,-17.38,2.5,19.88,-9211.37978014491,1.8749995854587411,0.09428089304974734,0.03550160327788501,0.0007489234179059888,45.69795362056567,2.8267720185752845,167.08683576414904
0.8,8.485281374,4.5254834,100.0,79.6,100.0,1.6,144.0,2.62,700.0,148.0,1693.0,0.22,159.0,2.33,1.0,0.0,4.0,0.0,0.5,22.5,236.0,62.0,491.0,0.35,40.1,7.4,51.5,20.0,20.0,109.0,0.12,0.12,520.0,0.34,2.5,1.47,1.0,5930.868711,0,50.0,8.688094570679791,0.0,50.0,50.0,1.1999999760000006,1.5919999681600006,159.29999681600003,120.09999760000005,0.5701503200771978,0.42984967634370413,-17.38,2.5,19.88,-9211.37978014491,1.8749995854587411,0.09428089304974734,0.03550160327788501,0.0007489234179059888,45.69795362056567,2.8267720185752845,167.08683576414904
0.8,8.485281374,4.5254834,100.0,30.0,100.0,1.6,144.0,2.62,700.0,148.0,1693.0,0.22,159.0,2.33,1.0,0.0,4.0,0.0,0.5,22.5,236.0,62.0,491.0,0.35,40.1,7.4,51.5,20.0,20.0,109.0,0.12,0.12,520.0,0.34,2.5,1.47,1.0,7765.503309,0,60.0,8.957575317488516,0.0,50.0,60.0,0.9999999833333336,0.4999999916666668,50.09999916666668,100.09999833333336,0.33355525743674797,0.6664447359054623,-17.38,2.5,19.88,-9211.37978014491,1.8749995854587411,0.09428089304974734,0.03550160327788501,0.0007489234179059888,45.69795362056567,2.8267720185752845,167.08683576414904
0.8,8.485281374,4.5254834,100.0,40.0,100.0,1.6,144.0,2.62,700.0,148.0,1693.0,0.22,159.0,2.33,1.0,0.0,4.0,0.0,0.5,22.5,236.0,62.0,491.0,0.35,40.1,7.4,51.5,20.0,20.0,109.0,0.12,0.12,520.0,0.34,2.5,1.47,1.0,7172.35092,0,80.0,8.878128177277468,0.0,50.0,80.0,0.7499999906250001,0.4999999937500001,50.099999375,75.09999906250002,0.40015974121477516,0.5998402507980043,-17.38,2.5,19.88,-9211.37978014491,1.8749995854587411,0.09428089304974734,0.03550160327788501,0.0007489234179059888,45.69795362056567,2.8267720185752845,167.08683576414904
0.8,8.485281374,4.5254834,100.0,47.3,100.0,1.6,144.0,2.62,700.0,148.0,1693.0,0.22,159.0,2.33,1.0,0.0,4.0,0.0,0.5,22.5,236.0,62.0,491.0,0.35,40.1,7.4,51.5,20.0,20.0,109.0,0.12,0.12,520.0,0.34,2.5,1.47,1.0,6847.843912,0,80.0,8.831835145041875,0.0,50.0,80.0,0.7499999906250001,0.591249992609375,59.22499926093751,75.09999906250002,0.44090824164704623,0.5590917509083233,-17.38,2.5,19.88,-9211.37978014491,1.8749995854587411,0.09428089304974734,0.03550160327788501,0.0007489234179059888,45.69795362056567,2.8267720185752845,167.08683576414904
0.8,8.485281374,4.5254834,100.0,70.0,100.0,1.6,144.0,2.62,700.0,148.0,1693.0,0.22,159.0,2.33,1.0,0.0,4.0,0.0,0.5,22.5,236.0,62.0,491.0,0.35,40.1,7.4,51.5,20.0,20.0,109.0,0.12,0.12,520.0,0.34,2.5,1.47,1.0,6145.177348,0,90.0,8.723585598115305,0.0,50.0,90.0,0.6666666592592594,0.7777777691358025,77.87777691358025,66.76666592592593,0.5384083539357478,0.46159163915074775,-17.38,2.5,19.88,-9211.37978014491,1.8749995854587411,0.09428089304974734,0.03550160327788501,0.0007489234179059888,45.69795362056567,2.8267720185752845,167.08683576414904
0.8,8.485281374,4.5254834,100.0,70.0,100.0,1.6,144.0,2.62,700.0,148.0,1693.0,0.22,159.0,2.33,1.0,0.0,4.0,0.0,0.5,22.5,236.0,62.0,491.0,0.35,40.1,7.4,51.5,20.0,20.0,109.0,0.12,0.12,520.0,0.34,2.5,1.47,1.0,6145.177348,0,100.0,8.723585598115305,0.0,50.0,100.0,0.599999994,0.699999993,70.09999930000001,60.0999994,0.5384024536215111,0.4615975386979974,-17.38,2.5,19.88,-9211.37978014491,1.8749995854587411,0.09428089304974734,0.03550160327788501,0.0007489234179059888,45.69795362056567,2.8267720185752845,167.08683576414904
0.8,8.485281374,4.5254834,100.0,60.0,100.0,1.6,144.0,2.62,700.0,148.0,1693.0,0.22,159.0,2.33,1.0,0.0,4.0,0.0,0.5,22.5,236.0,62.0,491.0,0.35,40.1,7.4,51.5,20.0,20.0,109.0,0.12,0.12,520.0,0.34,2.5,1.47,1.0,6412.466722,0,120.0,8.766155233983948,0.0,50.0,120.0,0.4999999958333334,0.4999999958333334,50.09999958333333,50.09999958333333,0.49999999500998005,0.49999999500998005,-17.38,2.5,19.88,-9211.37978014491,1.8749995854587411,0.09428089304974734,0.03550160327788501,0.0007489234179059888,45.69795362056567,2.8267720185752845,167.08683576414904
0.8,8.485281374,4.5254834,100.0,70.0,100.0,1.6,144.0,2.62,700.0,148.0,1693.0,0.22,159.0,2.33,1.0,0.0,4.0,0.0,0.5,22.5,236.0,62.0,491.0,0.35,40.1,7.4,51.5,20.0,20.0,109.0,0.12,0.12,520.0,0.34,2.5,1.47,1.0,6145.177348,0,140.0,8.723585598115305,0.0,50.0,140.0,0.4285714255102041,0.49999999642857146,50.09999964285714,42.95714255102041,0.5383788704804484,0.4616211187734663,-17.38,2.5,19.88,-9211.37978014491,1.8749995854587411,0.09428089304974734,0.03550160327788501,0.0007489234179059888,45.69795362056567,2.8267720185752845,167.08683576414904
0.8,8.485281374,4.5254834,100.0,120.0,100.0,1.6,144.0,2.62,700.0,148.0,1693.0,0.22,159.0,2.33,1.0,0.0,4.0,0.0,0.5,22.5,236.0,62.0,491.0,0.35,40.1,7.4,51.5,20.0,20.0,109.0,0.12,0.12,520.0,0.34,2.5,1.47,1.0,5295.178924,0,240.0,8.574740881789355,0.0,50.0,240.0,0.24999999895833333,0.49999999791666666,50.09999979166666,25.09999989583333,0.6662233953941235,0.33377659130800436,-17.38,2.5,19.88,-9211.37978014491,1.8749995854587411,0.09428089304974734,0.03550160327788501,0.0007489234179059888,45.69795362056567,2.8267720185752845,167.08683576414904
0.8,8.485281374,4.5254834,100.0,310.0,100.0,1.6,144.0,2.62,700.0,148.0,1693.0,0.22,159.0,2.33,1.0,0.0,4.0,0.0,0.5,22.5,236.0,62.0,491.0,0.35,40.1,7.4,51.5,20.0,20.0,109.0,0.12,0.12,520.0,0.34,2.5,1.47,1.0,4074.144233,0,720.0,8.312661419649816,0.0,50.0,720.0,0.08333333321759259,0.4305555549575617,43.15555549575617,8.433333321759259,0.8365280906103939,0.1634718900055876,-17.38,2.5,19.88,-9211.37978014491,1.8749995854587411,0.09428089304974734,0.03550160327788501,0.0007489234179059888,45.69795362056567,2.8267720185752845,167.08683576414904
0.8,8.485281374,4.5254834,100.0,11.0,100.0,1.6,144.0,2.62,700.0,148.0,1693.0,0.22,159.0,2.33,1.0,0.0,4.0,0.0,0.5,22.5,236.0,62.0,491.0,0.35,40.1,7.4,51.5,20.0,20.0,109.0,0.12,0.12,520.0,0.34,2.5,1.47,1.0,10245.13865,1,,9.234656196517681,0.0,50.0,,,,0.1,142.9571394557824,0.0006990213818156743,0.9993009716279706,-17.38,2.5,19.88,-9211.37978014491,1.8749995854587411,0.09428089304974734,0.03550160327788501,0.0007489234179059888,45.69795362056567,2.8267720185752845,167.08683576414904
0.8,8.485281374,4.5254834,100.0,31.0,100.0,1.6,144.0,2.62,700.0,148.0,1693.0,0.22,159.0,2.33,1.0,0.0,4.0,0.0,0.5,22.5,236.0,62.0,491.0,0.35,40.1,7.4,51.5,20.0,20.0,109.0,0.12,0.12,520.0,0.34,2.5,1.47,1.0,7695.492155,1,,8.948519939755124,0.0,50.0,,,,0.1,142.9571394557824,0.0006990213818156743,0.9993009716279706,-17.38,2.5,19.88,-9211.37978014491,1.8749995854587411,0.09428089304974734,0.03550160327788501,0.0007489234179059888,45.69795362056567,2.8267720185752845,167.08683576414904
0.8,8.485281374,4.5254834,100.0,61.0,100.0,1.6,144.0,2.62,700.0,148.0,1693.0,0.22,159.0,2.33,1.0,0.0,4.0,0.0,0.5,22.5,236.0,62.0,491.0,0.35,40.1,7.4,51.5,20.0,20.0,109.0,0.12,0.12,520.0,0.34,2.5,1.47,1.0,6383.258015,1,,8.761590554196403,0.0,50.0,,,,0.1,142.9571394557824,0.0006990213818156743,0.9993009716279706,-17.38,2.5,19.88,-9211.37978014491,1.8749995854587411,0.09428089304974734,0.03550160327788501,0.0007489234179059888,45.69795362056567,2.8267720185752845,167.08683576414904
0.8,8.485281374,4.5254834,125.0,44.8,100.0,1.6,144.0,2.62,700.0,148.0,1693.0,0.22,159.0,2.33,1.0,0.0,4.0,0.0,0.5,22.5,236.0,62.0,491.0,0.35,40.1,7.4,51.5,20.0,20.0,109.0,0.12,0.12,520.0,0.34,2.5,1.47,1.0,5056.100381,0,40.0,8.52854855079399,-25.0,37.5,40.0,1.4999999625000011,1.1199999720000007,112.09999720000006,187.62499531250012,0.3740095074698029,0.6259904891938053,-17.38,2.5,19.88,-11514.224725181137,1.8749995854587411,0.09428089304974734,0.03550160327788501,0.0007489234179059888,45.69795362056567,2.8267720185752845,167.08683576414904
0.8,8.485281374,4.5254834,75.0,44.8,75.0,1.6,144.0,2.62,700.0,148.0,1693.0,0.22,159.0,2.33,1.0,0.0,4.0,0.0,0.5,22.5,236.0,62.0,491.0,0.35,40.1,7.4,51.5,20.0,20.0,109.0,0.12,0.12,520.0,0.34,2.5,1.47,1.0,17364.2794,0,40.0,9.762228054884611,0.0,37.5,40.0,1.4999999625000011,1.1199999720000007,84.07499790000004,112.57499718750007,0.4275362297113425,0.5724637652034807,-17.38,2.5,19.88,-6908.534835108682,1.8749995854587411,0.09428089304974734,0.03550160327788501,0.0007489234179059888,45.69795362056567,2.8267720185752845,167.08683576414904
0.8,8.485281374,4.5254834,60.0,16.0,60.0,1.6,144.0,2.62,700.0,148.0,1693.0,0.22,159.0,2.33,1.0,0.0,4.0,0.0,0.5,22.5,236.0,62.0,491.0,0.35,40.1,7.4,51.5,20.0,20.0,109.0,0.12,0.12,520.0,0.34,2.5,1.47,1.0,44547.83874,0,40.0,10.704341366117019,0.0,30.0,40.0,1.4999999625000011,0.39999999000000025,24.059999400000017,90.05999775000006,0.2108307026817105,0.7891692885555835,-17.38,2.5,19.88,-5526.827868086944,1.8749995854587411,0.09428089304974734,0.03550160327788501,0.0007489234179059888,45.69795362056567,2.8267720185752845,167.08683576414904
0.8,8.485281374,4.5254834,140.0,16.0,100.0,1.6,144.0,2.62,700.0,148.0,1693.0,0.22,159.0,2.33,1.0,0.0,4.0,0.0,0.5,22.5,236.0,62.0,491.0,0.35,40.1,7.4,51.5,20.0,20.0,109.0,0.12,0.12,520.0,0.34,2.5,1.47,1.0,5716.185379,0,40.0,8.65123189666095,-40.0,30.0,40.0,1.4999999625000011,0.39999999000000025,40.099999000000025,210.13999475000014,0.16024616304864273,0.8397538329551936,-17.38,2.5,19.88,-12895.931692202872,1.8749995854587411,0.09428089304974734,0.03550160327788501,0.0007489234179059888,45.69795362056567,2.8267720185752845,167.08683576414904
0.8,8.485281374,4.5254834,150.0,25.0,125.0,1.6,144.0,2.62,700.0,148.0,1693.0,0.22,159.0,2.33,1.0,0.0,4.0,0.0,0.5,22.5,236.0,62.0,491.0,0.35,40.1,7.4,51.5,20.0,20.0,109.0,0.12,0.12,520.0,0.34,2.5,1.47,1.0,2944.57341,0,40.0,7.988058783414712,-25.0,50.0,40.0,1.4999999625000011,0.6249999843750005,78.24999804687506,225.14999437500015,0.2579103485281527,0.7420896481758684,-17.38,2.5,19.88,-13817.069670217365,1.8749995854587411,0.09428089304974734,0.03550160327788501,0.0007489234179059888,45.69795362056567,2.8267720185752845,167.08683576414904
0.8,8.485281374,4.5254834,100.0,15.0,60.0,1.6,144.0,2.62,700.0,148.0,1693.0,0.22,159.0,2.33,1.0,0.0,4.0,0.0,0.5,22.5,236.0,62.0,491.0,0.35,40.1,7.4,51.5,20.0,20.0,109.0,0.12,0.12,520.0,0.34,2.5,1.47,1.0,21881.58344,0,30.0,9.993446322691977,-40.0,10.0,30.0,1.9999999333333356,0.4999999833333339,30.05999900000003,200.09999333333357,0.1306047961014018,0.8693951995537945,-17.38,2.5,19.88,-9211.37978014491,1.8749995854587411,0.09428089304974734,0.03550160327788501,0.0007489234179059888,45.69795362056567,2.8267720185752845,167.08683576414904
0.8,8.485281374,4.5254834,165.0,30.0,125.0,1.6,144.0,2.62,700.0,148.0,1693.0,0.22,159.0,2.33,1.0,0.0,4.0,0.0,0.5,22.5,236.0,62.0,491.0,0.35,40.1,7.4,51.5,20.0,20.0,109.0,0.12,0.12,520.0,0.34,2.5,1.47,1.0,2163.985429,0,60.0,7.6801689101599,-40.0,42.5,60.0,0.9999999833333336,0.4999999916666668,62.62499895833334,165.16499725000006,0.27492427115251,0.7250757244574816,-17.38,2.5,19.88,-15198.7766372391,1.8749995854587411,0.09428089304974734,0.03550160327788501,0.0007489234179059888,45.69795362056567,2.8267720185752845,167.08683576414904
0.8,8.485281374,4.5254834,165.0,21.0,125.0,1.6,144.0,2.62,700.0,148.0,1693.0,0.22,159.0,2.33,1.0,0.0,4.0,0.0,0.5,22.5,236.0,62.0,491.0,0.35,40.1,7.4,51.5,20.0,20.0,109.0,0.12,0.12,520.0,0.34,2.5,1.47,1.0,2388.021615,0,42.0,7.778639195003589,-40.0,42.5,42.0,1.428571394557824,0.49999998809523843,62.6249985119048,235.87928010204095,0.20979598213096787,0.7902040145189964,-17.38,2.5,19.88,-15198.7766372391,1.8749995854587411,0.09428089304974734,0.03550160327788501,0.0007489234179059888,45.69795362056567,2.8267720185752845,167.08683576414904
0.8,8.485281374,4.5254834,165.0,120.0,125.0,1.6,144.0,2.62,700.0,148.0,1693.0,0.22,159.0,2.33,1.0,0.0,4.0,0.0,0.5,22.5,236.0,62.0,491.0,0.35,40.1,7.4,51.5,20.0,20.0,109.0,0.12,0.12,520.0,0.34,2.5,1.47,1.0,1475.588842,0,240.0,7.297489870047686,-40.0,42.5,240.0,0.24999999895833333,0.49999999791666666,62.62499973958332,41.414999828125,0.6019319434627216,0.3980680469255907,-17.38,2.5,19.88,-15198.7766372391,1.8749995854587411,0.09428089304974734,0.03550160327788501,0.0007489234179059888,45.69795362056567,2.8267720185752845,167.08683576414904
0.8,8.485281374,4.5254834,180.0,15.0,125.0,1.6,144.0,2.62,700.0,148.0,1693.0,0.22,159.0,2.33,1.0,0.0,4.0,0.0,0.5,22.5,236.0,62.0,491.0,0.35,40.1,7.4,51.5,20.0,20.0,109.0,0.12,0.12,520.0,0.34,2.5,1.47,1.0,2314.673054,0,30.0,7.747455660333908,-55.0,35.0,30.0,1.9999999333333356,0.4999999833333339,62.62499791666673,360.17998800000044,0.1481179263597707,0.8518820712750726,-17.38,2.5,19.88,-16580.483604260833,1.8749995854587411,0.09428089304974734,0.03550160327788501,0.0007489234179059888,45.69795362056567,2.8267720185752845,167.08683576414904
0.8,8.485281374,4.5254834,100.0,15.0,100.0,1.6,144.0,2.62,700.0,148.0,1693.0,0.22,159.0,2.33,1.0,0.0,4.0,0.0,0.5,22.5,236.0,62.0,491.0,0.35,40.1,7.4,51.5,20.0,20.0,109.0,0.12,0.12,520.0,0.34,2.5,1.47,1.0,8326.580878,0,30.0,9.027328282179182,0.0,50.0,30.0,1.9999999333333356,0.4999999833333339,50.09999833333338,200.09999333333357,0.20023980736114538,0.7997601886420519,-17.38,2.5,19.88,-9211.37978014491,1.8749995854587411,0.09428089304974734,0.03550160327788501,0.0007489234179059888,45.69795362056567,2.8267720185752845,167.08683576414904
0.8,8.485281374,4.5254834,100.0,38.65,100.0,1.6,144.0,2.62,700.0,148.0,1693.0,0.22,159.0,2.33,1.0,0.0,4.0,0.0,0.5,22.5,236.0,62.0,491.0,0.35,40.1,7.4,51.5,20.0,20.0,109.0,0.12,0.12,520.0,0.34,2.5,1.47,1.0,6411.098053,0,30.0,8.765941805721067,0.0,50.0,30.0,1.9999999333333356,1.2883332903888902,128.933329038889,200.09999333333357,0.3918549273899281,0.608145069570866,-17.38,2.5,19.88,-9211.37978014491,1.8749995854587411,0.09428089304974734,0.03550160327788501,0.0007489234179059888,45.69795362056567,2.8267720185752845,167.08683576414904
0.8,8.485281374,4.5254834,100.0,20.0,100.0,1.6,144.0,2.62,700.0,148.0,1693.0,0.22,159.0,2.33,1.0,0.0,4.0,0.0,0.5,22.5,236.0,62.0,491.0,0.35,40.1,7.4,51.5,20.0,20.0,109.0,0.12,0.12,520.0,0.34,2.5,1.47,1.0,7690.571705,0,40.0,8.947880424581227,0.0,50.0,40.0,1.4999999625000011,0.49999998750000035,50.09999875000003,150.0999962500001,0.250249749005989,0.749750245999006,-17.38,2.5,19.88,-9211.37978014491,1.8749995854587411,0.09428089304974734,0.03550160327788501,0.0007489234179059888,45.69795362056567,2.8267720185752845,167.08683576414904
0.8,8.485281374,4.5254834,100.0,47.3,100.0,1.6,144.0,2.62,700.0,148.0,1693.0,0.22,159.0,2.33,1.0,0.0,4.0,0.0,0.5,22.5,236.0,62.0,491.0,0.35,40.1,7.4,51.5,20.0,20.0,109.0,0.12,0.12,520.0,0.34,2.5,1.47,1.0,6063.263795,0,40.0,8.710168428190014,0.0,50.0,40.0,1.4999999625000011,1.1824999704375008,118.34999704375007,150.0999962500001,0.44086421888408067,0.5591357773908309,-17.38,2.5,19.88,-9211.37978014491,1.8749995854587411,0.09428089304974734,0.03550160327788501,0.0007489234179059888,45.69795362056567,2.8267720185752845,167.08683576414904
0.8,8.485281374,4.5254834,100.0,79.6,100.0,1.6,144.0,2.62,700.0,148.0,1693.0,0.22,159.0,2.33,1.0,0.0,4.0,0.0,0.5,22.5,236.0,62.0,491.0,0.35,40.1,7.4,51.5,20.0,20.0,109.0,0.12,0.12,520.0,0.34,2.5,1.47,1.0,5251.349474,0,50.0,8.566430774336114,0.0,50.0,50.0,1.1999999760000006,1.5919999681600006,159.29999681600003,120.09999760000005,0.5701503200771978,0.42984967634370413,-17.38,2.5,19.88,-9211.37978014491,1.8749995854587411,0.09428089304974734,0.03550160327788501,0.0007489234179059888,45.69795362056567,2.8267720185752845,167.08683576414904
0.8,8.485281374,4.5254834,100.0,30.0,100.0,1.6,144.0,2.62,700.0,148.0,1693.0,0.22,159.0,2.33,1.0,0.0,4.0,0.0,0.5,22.5,236.0,62.0,491.0,0.35,40.1,7.4,51.5,20.0,20.0,109.0,0.12,0.12,520.0,0.34,2.5,1.47,1.0,6875.783921,0,60.0,8.835906368293992,0.0,50.0,60.0,0.9999999833333336,0.4999999916666668,50.09999916666668,100.09999833333336,0.33355525743674797,0.6664447359054623,-17.38,2.5,19.88,-9211.37978014491,1.8749995854587411,0.09428089304974734,0.03550160327788501,0.0007489234179059888,45.69795362056567,2.8267720185752845,167.08683576414904
0.8,8.485281374,4.5254834,100.0,40.0,100.0,1.6,144.0,2.62,700.0,148.0,1693.0,0.22,159.0,2.33,1.0,0.0,4.0,0.0,0.5,22.5,236.0,62.0,491.0,0.35,40.1,7.4,51.5,20.0,20.0,109.0,0.12,0.12,520.0,0.34,2.5,1.47,1.0,6350.590962,0,80.0,8.756460605702381,0.0,50.0,80.0,0.7499999906250001,0.4999999937500001,50.099999375,75.09999906250002,0.40015974121477516,0.5998402507980043,-17.38,2.5,19.88,-9211.37978014491,1.8749995854587411,0.09428089304974734,0.03550160327788501,0.0007489234179059888,45.69795362056567,2.8267720185752845,167.08683576414904
0.8,8.485281374,4.5254834,100.0,47.3,100.0,1.6,144.0,2.62,700.0,148.0,1693.0,0.22,159.0,2.33,1.0,0.0,4.0,0.0,0.5,22.5,236.0,62.0,491.0,0.35,40.1,7.4,51.5,20.0,20.0,109.0,0.12,0.12,520.0,0.34,2.5,1.47,1.0,6063.263795,0,80.0,8.710168428190014,0.0,50.0,80.0,0.7499999906250001,0.591249992609375,59.22499926093751,75.09999906250002,0.44090824164704623,0.5590917509083233,-17.38,2.5,19.88,-9211.37978014491,1.8749995854587411,0.09428089304974734,0.03550160327788501,0.0007489234179059888,45.69795362056567,2.8267720185752845,167.08683576414904
0.8,8.485281374,4.5254834,100.0,70.0,100.0,1.6,144.0,2.62,700.0,148.0,1693.0,0.22,159.0,2.33,1.0,0.0,4.0,0.0,0.5,22.5,236.0,62.0,491.0,0.35,40.1,7.4,51.5,20.0,20.0,109.0,0.12,0.12,520.0,0.34,2.5,1.47,1.0,5441.104062,0,90.0,8.601921041174334,0.0,50.0,90.0,0.6666666592592594,0.7777777691358025,77.87777691358025,66.76666592592593,0.5384083539357478,0.46159163915074775,-17.38,2.5,19.88,-9211.37978014491,1.8749995854587411,0.09428089304974734,0.03550160327788501,0.0007489234179059888,45.69795362056567,2.8267720185752845,167.08683576414904
0.8,8.485281374,4.5254834,100.0,70.0,100.0,1.6,144.0,2.62,700.0,148.0,1693.0,0.22,159.0,2.33,1.0,0.0,4.0,0.0,0.5,22.5,236.0,62.0,491.0,0.35,40.1,7.4,51.5,20.0,20.0,109.0,0.12,0.12,520.0,0.34,2.5,1.47,1.0,5441.104062,0,100.0,8.601921041174334,0.0,50.0,100.0,0.599999994,0.699999993,70.09999930000001,60.0999994,0.5384024536215111,0.4615975386979974,-17.38,2.5,19.88,-9211.37978014491,1.8749995854587411,0.09428089304974734,0.03550160327788501,0.0007489234179059888,45.69795362056567,2.8267720185752845,167.08683576414904
0.8,8.485281374,4.5254834,100.0,60.0,100.0,1.6,144.0,2.62,700.0,148.0,1693.0,0.22,159.0,2.33,1.0,0.0,4.0,0.0,0.5,22.5,236.0,62.0,491.0,0.35,40.1,7.4,51.5,20.0,20.0,109.0,0.12,0.12,520.0,0.34,2.5,1.47,1.0,5677.769208,0,120.0,8.644489799502407,0.0,50.0,120.0,0.4999999958333334,0.4999999958333334,50.09999958333333,50.09999958333333,0.49999999500998005,0.49999999500998005,-17.38,2.5,19.88,-9211.37978014491,1.8749995854587411,0.09428089304974734,0.03550160327788501,0.0007489234179059888,45.69795362056567,2.8267720185752845,167.08683576414904
0.8,8.485281374,4.5254834,100.0,70.0,100.0,1.6,144.0,2.62,700.0,148.0,1693.0,0.22,159.0,2.33,1.0,0.0,4.0,0.0,0.5,22.5,236.0,62.0,491.0,0.35,40.1,7.4,51.5,20.0,20.0,109.0,0.12,0.12,520.0,0.34,2.5,1.47,1.0,5441.104062,0,140.0,8.601921041174334,0.0,50.0,140.0,0.4285714255102041,0.49999999642857146,50.09999964285714,42.95714255102041,0.5383788704804484,0.4616211187734663,-17.38,2.5,19.88,-9211.37978014491,1.8749995854587411,0.09428089304974734,0.03550160327788501,0.0007489234179059888,45.69795362056567,2.8267720185752845,167.08683576414904
0.8,8.485281374,4.5254834,100.0,120.0,100.0,1.6,144.0,2.62,700.0,148.0,1693.0,0.22,159.0,2.33,1.0,0.0,4.0,0.0,0.5,22.5,236.0,62.0,491.0,0.35,40.1,7.4,51.5,20.0,20.0,109.0,0.12,0.12,520.0,0.34,2.5,1.47,1.0,4688.492768,0,240.0,8.45307970377913,0.0,50.0,240.0,0.24999999895833333,0.49999999791666666,50.09999979166666,25.09999989583333,0.6662233953941235,0.33377659130800436,-17.38,2.5,19.88,-9211.37978014491,1.8749995854587411,0.09428089304974734,0.03550160327788501,0.0007489234179059888,45.69795362056567,2.8267720185752845,167.08683576414904
0.8,8.485281374,4.5254834,100.0,310.0,100.0,1.6,144.0,2.62,700.0,148.0,1693.0,0.22,159.0,2.33,1.0,0.0,4.0,0.0,0.5,22.5,236.0,62.0,491.0,0.35,40.1,7.4,51.5,20.0,20.0,109.0,0.12,0.12,520.0,0.34,2.5,1.47,1.0,3607.356058,0,720.0,8.19100756201185,0.0,50.0,720.0,0.08333333321759259,0.4305555549575617,43.15555549575617,8.433333321759259,0.8365280906103939,0.1634718900055876,-17.38,2.5,19.88,-9211.37978014491,1.8749995854587411,0.09428089304974734,0.03550160327788501,0.0007489234179059888,45.69795362056567,2.8267720185752845,167.08683576414904
0.8,8.485281374,4.5254834,100.0,11.0,100.0,1.6,144.0,2.62,700.0,148.0,1693.0,0.22,159.0,2.33,1.0,0.0,4.0,0.0,0.5,22.5,236.0,62.0,491.0,0.35,40.1,7.4,51.5,20.0,20.0,109.0,0.12,0.12,520.0,0.34,2.5,1.47,1.0,9071.319238,1,,9.112983214722298,0.0,50.0,,,,0.1,142.9571394557824,0.0006990213818156743,0.9993009716279706,-17.38,2.5,19.88,-9211.37978014491,1.8749995854587411,0.09428089304974734,0.03550160327788501,0.0007489234179059888,45.69795362056567,2.8267720185752845,167.08683576414904
0.8,8.485281374,4.5254834,100.0,31.0,100.0,1.6,144.0,2.62,700.0,148.0,1693.0,0.22,159.0,2.33,1.0,0.0,4.0,0.0,0.5,22.5,236.0,62.0,491.0,0.35,40.1,7.4,51.5,20.0,20.0,109.0,0.12,0.12,520.0,0.34,2.5,1.47,1.0,6813.794176,1,,8.826851142060468,0.0,50.0,,,,0.1,142.9571394557824,0.0006990213818156743,0.9993009716279706,-17.38,2.5,19.88,-9211.37978014491,1.8749995854587411,0.09428089304974734,0.03550160327788501,0.0007489234179059888,45.69795362056567,2.8267720185752845,167.08683576414904
0.8,8.485281374,4.5254834,100.0,61.0,100.0,1.6,144.0,2.62,700.0,148.0,1693.0,0.22,159.0,2.33,1.0,0.0,4.0,0.0,0.5,22.5,236.0,62.0,491.0,0.35,40.1,7.4,51.5,20.0,20.0,109.0,0.12,0.12,520.0,0.34,2.5,1.47,1.0,5651.90704,1,,8.639925212174257,0.0,50.0,,,,0.1,142.9571394557824,0.0006990213818156743,0.9993009716279706,-17.38,2.5,19.88,-9211.37978014491,1.8749995854587411,0.09428089304974734,0.03550160327788501,0.0007489234179059888,45.69795362056567,2.8267720185752845,167.08683576414904
0.8,8.485281374,4.5254834,125.0,44.8,100.0,1.6,144.0,2.62,700.0,148.0,1693.0,0.22,159.0,2.33,1.0,0.0,4.0,0.0,0.5,22.5,236.0,62.0,491.0,0.35,40.1,7.4,51.5,20.0,20.0,109.0,0.12,0.12,520.0,0.34,2.5,1.47,1.0,4476.806244,0,40.0,8.406888527799191,-25.0,37.5,40.0,1.4999999625000011,1.1199999720000007,112.09999720000006,187.62499531250012,0.3740095074698029,0.6259904891938053,-17.38,2.5,19.88,-11514.224725181137,1.8749995854587411,0.09428089304974734,0.03550160327788501,0.0007489234179059888,45.69795362056567,2.8267720185752845,167.08683576414904
0.8,8.485281374,4.5254834,75.0,44.8,75.0,1.6,144.0,2.62,700.0,148.0,1693.0,0.22,159.0,2.33,1.0,0.0,4.0,0.0,0.5,22.5,236.0,62.0,491.0,0.35,40.1,7.4,51.5,20.0,20.0,109.0,0.12,0.12,520.0,0.34,2.5,1.47,1.0,15374.7965,0,40.0,9.64054989621094,0.0,37.5,40.0,1.4999999625000011,1.1199999720000007,84.07499790000004,112.57499718750007,0.4275362297113425,0.5724637652034807,-17.38,2.5,19.88,-6908.534835108682,1.8749995854587411,0.09428089304974734,0.03550160327788501,0.0007489234179059888,45.69795362056567,2.8267720185752845,167.08683576414904
0.8,8.485281374,4.5254834,60.0,16.0,60.0,1.6,144.0,2.62,700.0,148.0,1693.0,0.22,159.0,2.33,1.0,0.0,4.0,0.0,0.5,22.5,236.0,62.0,491.0,0.35,40.1,7.4,51.5,20.0,20.0,109.0,0.12,0.12,520.0,0.34,2.5,1.47,1.0,39443.84558,0,40.0,10.582658660703425,0.0,30.0,40.0,1.4999999625000011,0.39999999000000025,24.059999400000017,90.05999775000006,0.2108307026817105,0.7891692885555835,-17.38,2.5,19.88,-5526.827868086944,1.8749995854587411,0.09428089304974734,0.03550160327788501,0.0007489234179059888,45.69795362056567,2.8267720185752845,167.08683576414904
0.8,8.485281374,4.5254834,140.0,16.0,100.0,1.6,144.0,2.62,700.0,148.0,1693.0,0.22,159.0,2.33,1.0,0.0,4.0,0.0,0.5,22.5,236.0,62.0,491.0,0.35,40.1,7.4,51.5,20.0,20.0,109.0,0.12,0.12,520.0,0.34,2.5,1.47,1.0,5061.263121,0,40.0,8.529568919406485,-40.0,30.0,40.0,1.4999999625000011,0.39999999000000025,40.099999000000025,210.13999475000014,0.16024616304864273,0.8397538329551936,-17.38,2.5,19.88,-12895.931692202872,1.8749995854587411,0.09428089304974734,0.03550160327788501,0.0007489234179059888,45.69795362056567,2.8267720185752845,167.08683576414904
0.8,8.485281374,4.5254834,150.0,25.0,125.0,1.6,144.0,2.62,700.0,148.0,1693.0,0.22,159.0,2.33,1.0,0.0,4.0,0.0,0.5,22.5,236.0,62.0,491.0,0.35,40.1,7.4,51.5,20.0,20.0,109.0,0.12,0.12,520.0,0.34,2.5,1.47,1.0,2607.203899,0,40.0,7.866417102122382,-25.0,50.0,40.0,1.4999999625000011,0.6249999843750005,78.24999804687506,225.14999437500015,0.2579103485281527,0.7420896481758684,-17.38,2.5,19.88,-13817.069670217365,1.8749995854587411,0.09428089304974734,0.03550160327788501,0.0007489234179059888,45.69795362056567,2.8267720185752845,167.08683576414904
0.8,8.485281374,4.5254834,100.0,15.0,60.0,1.6,144.0,2.62,700.0,148.0,1693.0,0.22,159.0,2.33,1.0,0.0,4.0,0.0,0.5,22.5,236.0,62.0,491.0,0.35,40.1,7.4,51.5,20.0,20.0,109.0,0.12,0.12,520.0,0.34,2.5,1.47,1.0,19374.53808,0,30.0,9.871766625706885,-40.0,10.0,30.0,1.9999999333333356,0.4999999833333339,30.05999900000003,200.09999333333357,0.1306047961014018,0.8693951995537945,-17.38,2.5,19.88,-9211.37978014491,1.8749995854587411,0.09428089304974734,0.03550160327788501,0.0007489234179059888,45.69795362056567,2.8267720185752845,167.08683576414904
0.8,8.485281374,4.5254834,165.0,30.0,125.0,1.6,144.0,2.62,700.0,148.0,1693.0,0.22,159.0,2.33,1.0,0.0,4.0,0.0,0.5,22.5,236.0,62.0,491.0,0.35,40.1,7.4,51.5,20.0,20.0,109.0,0.12,0.12,520.0,0.34,2.5,1.47,1.0,2234.295576,0,60.0,7.712128747073146,-40.0,42.5,60.0,0.9999999833333336,0.4999999916666668,62.62499895833334,165.16499725000006,0.27492427115251,0.7250757244574816,-17.38,2.5,19.88,-15198.7766372391,1.8749995854587411,0.09428089304974734,0.03550160327788501,0.0007489234179059888,45.69795362056567,2.8267720185752845,167.08683576414904
0.8,8.485281374,4.5254834,165.0,21.0,125.0,1.6,144.0,2.62,700.0,148.0,1693.0,0.22,159.0,2.33,1.0,0.0,4.0,0.0,0.5,22.5,236.0,62.0,491.0,0.35,40.1,7.4,51.5,20.0,20.0,109.0,0.12,0.12,520.0,0.34,2.5,1.47,1.0,2465.610933,0,42.0,7.810600395539157,-40.0,42.5,42.0,1.428571394557824,0.49999998809523843,62.6249985119048,235.87928010204095,0.20979598213096787,0.7902040145189964,-17.38,2.5,19.88,-15198.7766372391,1.8749995854587411,0.09428089304974734,0.03550160327788501,0.0007489234179059888,45.69795362056567,2.8267720185752845,167.08683576414904
0.8,8.485281374,4.5254834,165.0,120.0,125.0,1.6,144.0,2.62,700.0,148.0,1693.0,0.22,159.0,2.33,1.0,0.0,4.0,0.0,0.5,22.5,236.0,62.0,491.0,0.35,40.1,7.4,51.5,20.0,20.0,109.0,0.12,0.12,520.0,0.34,2.5,1.47,1.0,1523.532265,0,240.0,7.329442930520518,-40.0,42.5,240.0,0.24999999895833333,0.49999999791666666,62.62499973958332,41.414999828125,0.6019319434627216,0.3980680469255907,-17.38,2.5,19.88,-15198.7766372391,1.8749995854587411,0.09428089304974734,0.03550160327788501,0.0007489234179059888,45.69795362056567,2.8267720185752845,167.08683576414904
0.8,8.485281374,4.5254834,180.0,15.0,125.0,1.6,144.0,2.62,700.0,148.0,1693.0,0.22,159.0,2.33,1.0,0.0,4.0,0.0,0.5,22.5,236.0,62.0,491.0,0.35,40.1,7.4,51.5,20.0,20.0,109.0,0.12,0.12,520.0,0.34,2.5,1.47,1.0,2389.8792,0,30.0,7.779416443388195,-55.0,35.0,30.0,1.9999999333333356,0.4999999833333339,62.62499791666673,360.17998800000044,0.1481179263597707,0.8518820712750726,-17.38,2.5,19.88,-16580.483604260833,1.8749995854587411,0.09428089304974734,0.03550160327788501,0.0007489234179059888,45.69795362056567,2.8267720185752845,167.08683576414904
0.8,8.485281374,4.5254834,100.0,15.0,100.0,1.6,144.0,2.62,700.0,148.0,1693.0,0.22,159.0,2.33,1.0,0.0,4.0,0.0,0.5,22.5,236.0,62.0,491.0,0.35,40.1,7.4,51.5,20.0,20.0,109.0,0.12,0.12,520.0,0.34,2.5,1.47,1.0,8597.120191,0,30.0,9.059298875907114,0.0,50.0,30.0,1.9999999333333356,0.4999999833333339,50.09999833333338,200.09999333333357,0.20023980736114538,0.7997601886420519,-17.38,2.5,19.88,-9211.37978014491,1.8749995854587411,0.09428089304974734,0.03550160327788501,0.0007489234179059888,45.69795362056567,2.8267720185752845,167.08683576414904
0.8,8.485281374,4.5254834,100.0,38.65,100.0,1.6,144.0,2.62,700.0,148.0,1693.0,0.22,159.0,2.33,1.0,0.0,4.0,0.0,0.5,22.5,236.0,62.0,491.0,0.35,40.1,7.4,51.5,20.0,20.0,109.0,0.12,0.12,520.0,0.34,2.5,1.47,1.0,6619.401328,0,30.0,8.797911270658474,0.0,50.0,30.0,1.9999999333333356,1.2883332903888902,128.933329038889,200.09999333333357,0.3918549273899281,0.608145069570866,-17.38,2.5,19.88,-9211.37978014491,1.8749995854587411,0.09428089304974734,0.03550160327788501,0.0007489234179059888,45.69795362056567,2.8267720185752845,167.08683576414904
0.8,8.485281374,4.5254834,100.0,20.0,100.0,1.6,144.0,2.62,700.0,148.0,1693.0,0.22,159.0,2.33,1.0,0.0,4.0,0.0,0.5,22.5,236.0,62.0,491.0,0.35,40.1,7.4,51.5,20.0,20.0,109.0,0.12,0.12,520.0,0.34,2.5,1.47,1.0,7940.446415,0,40.0,8.979850705786601,0.0,50.0,40.0,1.4999999625000011,0.49999998750000035,50.09999875000003,150.0999962500001,0.250249749005989,0.749750245999006,-17.38,2.5,19.88,-9211.37978014491,1.8749995854587411,0.09428089304974734,0.03550160327788501,0.0007489234179059888,45.69795362056567,2.8267720185752845,167.08683576414904
0.8,8.485281374,4.5254834,100.0,47.3,100.0,1.6,144.0,2.62,700.0,148.0,1693.0,0.22,159.0,2.33,1.0,0.0,4.0,0.0,0.5,22.5,236.0,62.0,491.0,0.35,40.1,7.4,51.5,20.0,20.0,109.0,0.12,0.12,520.0,0.34,2.5,1.47,1.0,6260.265571,0,40.0,8.742137611552344,0.0,50.0,40.0,1.4999999625000011,1.1824999704375008,118.34999704375007,150.0999962500001,0.44086421888408067,0.5591357773908309,-17.38,2.5,19.88,-9211.37978014491,1.8749995854587411,0.09428089304974734,0.03550160327788501,0.0007489234179059888,45.69795362056567,2.8267720185752845,167.08683576414904
0.8,8.485281374,4.5254834,100.0,79.6,100.0,1.6,144.0,2.62,700.0,148.0,1693.0,0.22,159.0,2.33,1.0,0.0,4.0,0.0,0.5,22.5,236.0,62.0,491.0,0.35,40.1,7.4,51.5,20.0,20.0,109.0,0.12,0.12,520.0,0.34,2.5,1.47,1.0,5421.971305,0,50.0,8.598399155475411,0.0,50.0,50.0,1.1999999760000006,1.5919999681600006,159.29999681600003,120.09999760000005,0.5701503200771978,0.42984967634370413,-17.38,2.5,19.88,-9211.37978014491,1.8749995854587411,0.09428089304974734,0.03550160327788501,0.0007489234179059888,45.69795362056567,2.8267720185752845,167.08683576414904
0.8,8.485281374,4.5254834,100.0,30.0,100.0,1.6,144.0,2.62,700.0,148.0,1693.0,0.22,159.0,2.33,1.0,0.0,4.0,0.0,0.5,22.5,236.0,62.0,491.0,0.35,40.1,7.4,51.5,20.0,20.0,109.0,0.12,0.12,520.0,0.34,2.5,1.47,1.0,7099.185324,0,60.0,8.867876164660586,0.0,50.0,60.0,0.9999999833333336,0.4999999916666668,50.09999916666668,100.09999833333336,0.33355525743674797,0.6664447359054623,-17.38,2.5,19.88,-9211.37978014491,1.8749995854587411,0.09428089304974734,0.03550160327788501,0.0007489234179059888,45.69795362056567,2.8267720185752845,167.08683576414904
0.8,8.485281374,4.5254834,100.0,40.0,100.0,1.6,144.0,2.62,700.0,148.0,1693.0,0.22,159.0,2.33,1.0,0.0,4.0,0.0,0.5,22.5,236.0,62.0,491.0,0.35,40.1,7.4,51.5,20.0,20.0,109.0,0.12,0.12,520.0,0.34,2.5,1.47,1.0,6556.928298,0,80.0,8.788430023828505,0.0,50.0,80.0,0.7499999906250001,0.4999999937500001,50.099999375,75.09999906250002,0.40015974121477516,0.5998402507980043,-17.38,2.5,19.88,-9211.37978014491,1.8749995854587411,0.09428089304974734,0.03550160327788501,0.0007489234179059888,45.69795362056567,2.8267720185752845,167.08683576414904
0.8,8.485281374,4.5254834,100.0,47.3,100.0,1.6,144.0,2.62,700.0,148.0,1693.0,0.22,159.0,2.33,1.0,0.0,4.0,0.0,0.5,22.5,236.0,62.0,491.0,0.35,40.1,7.4,51.5,20.0,20.0,109.0,0.12,0.12,520.0,0.34,2.5,1.47,1.0,6260.265571,0,80.0,8.742137611552344,0.0,50.0,80.0,0.7499999906250001,0.591249992609375,59.22499926093751,75.09999906250002,0.44090824164704623,0.5590917509083233,-17.38,2.5,19.88,-9211.37978014491,1.8749995854587411,0.09428089304974734,0.03550160327788501,0.0007489234179059888,45.69795362056567,2.8267720185752845,167.08683576414904
0.8,8.485281374,4.5254834,100.0,70.0,100.0,1.6,144.0,2.62,700.0,148.0,1693.0,0.22,159.0,2.33,1.0,0.0,4.0,0.0,0.5,22.5,236.0,62.0,491.0,0.35,40.1,7.4,51.5,20.0,20.0,109.0,0.12,0.12,520.0,0.34,2.5,1.47,1.0,5617.891218,0,90.0,8.633889631252258,0.0,50.0,90.0,0.6666666592592594,0.7777777691358025,77.87777691358025,66.76666592592593,0.5384083539357478,0.46159163915074775,-17.38,2.5,19.88,-9211.37978014491,1.8749995854587411,0.09428089304974734,0.03550160327788501,0.0007489234179059888,45.69795362056567,2.8267720185752845,167.08683576414904
0.8,8.485281374,4.5254834,100.0,70.0,100.0,1.6,144.0,2.62,700.0,148.0,1693.0,0.22,159.0,2.33,1.0,0.0,4.0,0.0,0.5,22.5,236.0,62.0,491.0,0.35,40.1,7.4,51.5,20.0,20.0,109.0,0.12,0.12,520.0,0.34,2.5,1.47,1.0,5617.891218,0,100.0,8.633889631252258,0.0,50.0,100.0,0.599999994,0.699999993,70.09999930000001,60.0999994,0.5384024536215111,0.4615975386979974,-17.38,2.5,19.88,-9211.37978014491,1.8749995854587411,0.09428089304974734,0.03550160327788501,0.0007489234179059888,45.69795362056567,2.8267720185752845,167.08683576414904
0.8,8.485281374,4.5254834,100.0,60.0,100.0,1.6,144.0,2.62,700.0,148.0,1693.0,0.22,159.0,2.33,1.0,0.0,4.0,0.0,0.5,22.5,236.0,62.0,491.0,0.35,40.1,7.4,51.5,20.0,20.0,109.0,0.12,0.12,520.0,0.34,2.5,1.47,1.0,5862.245863,0,120.0,8.676458630760061,0.0,50.0,120.0,0.4999999958333334,0.4999999958333334,50.09999958333333,50.09999958333333,0.49999999500998005,0.49999999500998005,-17.38,2.5,19.88,-9211.37978014491,1.8749995854587411,0.09428089304974734,0.03550160327788501,0.0007489234179059888,45.69795362056567,2.8267720185752845,167.08683576414904
0.8,8.485281374,4.5254834,100.0,70.0,100.0,1.6,144.0,2.62,700.0,148.0,1693.0,0.22,159.0,2.33,1.0,0.0,4.0,0.0,0.5,22.5,236.0,62.0,491.0,0.35,40.1,7.4,51.5,20.0,20.0,109.0,0.12,0.12,520.0,0.34,2.5,1.47,1.0,5617.891218,0,140.0,8.633889631252258,0.0,50.0,140.0,0.4285714255102041,0.49999999642857146,50.09999964285714,42.95714255102041,0.5383788704804484,0.4616211187734663,-17.38,2.5,19.88,-9211.37978014491,1.8749995854587411,0.09428089304974734,0.03550160327788501,0.0007489234179059888,45.69795362056567,2.8267720185752845,167.08683576414904
0.8,8.485281374,4.5254834,100.0,120.0,100.0,1.6,144.0,2.62,700.0,148.0,1693.0,0.22,159.0,2.33,1.0,0.0,4.0,0.0,0.5,22.5,236.0,62.0,491.0,0.35,40.1,7.4,51.5,20.0,20.0,109.0,0.12,0.12,520.0,0.34,2.5,1.47,1.0,4840.826797,0,240.0,8.485047365895795,0.0,50.0,240.0,0.24999999895833333,0.49999999791666666,50.09999979166666,25.09999989583333,0.6662233953941235,0.33377659130800436,-17.38,2.5,19.88,-9211.37978014491,1.8749995854587411,0.09428089304974734,0.03550160327788501,0.0007489234179059888,45.69795362056567,2.8267720185752845,167.08683576414904
0.8,8.485281374,4.5254834,100.0,310.0,100.0,1.6,144.0,2.62,700.0,148.0,1693.0,0.22,159.0,2.33,1.0,0.0,4.0,0.0,0.5,22.5,236.0,62.0,491.0,0.35,40.1,7.4,51.5,20.0,20.0,109.0,0.12,0.12,520.0,0.34,2.5,1.47,1.0,3724.562826,0,720.0,8.222973213628265,0.0,50.0,720.0,0.08333333321759259,0.4305555549575617,43.15555549575617,8.433333321759259,0.8365280906103939,0.1634718900055876,-17.38,2.5,19.88,-9211.37978014491,1.8749995854587411,0.09428089304974734,0.03550160327788501,0.0007489234179059888,45.69795362056567,2.8267720185752845,167.08683576414904
0.8,8.485281374,4.5254834,100.0,11.0,100.0,1.6,144.0,2.62,700.0,148.0,1693.0,0.22,159.0,2.33,1.0,0.0,4.0,0.0,0.5,22.5,236.0,62.0,491.0,0.35,40.1,7.4,51.5,20.0,20.0,109.0,0.12,0.12,520.0,0.34,2.5,1.47,1.0,9366.055879,1,,9.144954118708577,0.0,50.0,,,,0.1,142.9571394557824,0.0006990213818156743,0.9993009716279706,-17.38,2.5,19.88,-9211.37978014491,1.8749995854587411,0.09428089304974734,0.03550160327788501,0.0007489234179059888,45.69795362056567,2.8267720185752845,167.08683576414904
0.8,8.485281374,4.5254834,100.0,31.0,100.0,1.6,144.0,2.62,700.0,148.0,1693.0,0.22,159.0,2.33,1.0,0.0,4.0,0.0,0.5,22.5,236.0,62.0,491.0,0.35,40.1,7.4,51.5,20.0,20.0,109.0,0.12,0.12,520.0,0.34,2.5,1.47,1.0,7035.181469,1,,8.858820897025707,0.0,50.0,,,,0.1,142.9571394557824,0.0006990213818156743,0.9993009716279706,-17.38,2.5,19.88,-9211.37978014491,1.8749995854587411,0.09428089304974734,0.03550160327788501,0.0007489234179059888,45.69795362056567,2.8267720185752845,167.08683576414904
0.8,8.485281374,4.5254834,100.0,61.0,100.0,1.6,144.0,2.62,700.0,148.0,1693.0,0.22,159.0,2.33,1.0,0.0,4.0,0.0,0.5,22.5,236.0,62.0,491.0,0.35,40.1,7.4,51.5,20.0,20.0,109.0,0.12,0.12,520.0,0.34,2.5,1.47,1.0,5835.543405,1,,8.671894017885077,0.0,50.0,,,,0.1,142.9571394557824,0.0006990213818156743,0.9993009716279706,-17.38,2.5,19.88,-9211.37978014491,1.8749995854587411,0.09428089304974734,0.03550160327788501,0.0007489234179059888,45.69795362056567,2.8267720185752845,167.08683576414904
0.8,8.485281374,4.5254834,125.0,44.8,100.0,1.6,144.0,2.62,700.0,148.0,1693.0,0.22,159.0,2.33,1.0,0.0,4.0,0.0,0.5,22.5,236.0,62.0,491.0,0.35,40.1,7.4,51.5,20.0,20.0,109.0,0.12,0.12,520.0,0.34,2.5,1.47,1.0,4622.262357,0,40.0,8.438855872756525,-25.0,37.5,40.0,1.4999999625000011,1.1199999720000007,112.09999720000006,187.62499531250012,0.3740095074698029,0.6259904891938053,-17.38,2.5,19.88,-11514.224725181137,1.8749995854587411,0.09428089304974734,0.03550160327788501,0.0007489234179059888,45.69795362056567,2.8267720185752845,167.08683576414904
0.8,8.485281374,4.5254834,75.0,44.8,75.0,1.6,144.0,2.62,700.0,148.0,1693.0,0.22,159.0,2.33,1.0,0.0,4.0,0.0,0.5,22.5,236.0,62.0,491.0,0.35,40.1,7.4,51.5,20.0,20.0,109.0,0.12,0.12,520.0,0.34,2.5,1.47,1.0,15874.3397,0,40.0,9.672522221957147,0.0,37.5,40.0,1.4999999625000011,1.1199999720000007,84.07499790000004,112.57499718750007,0.4275362297113425,0.5724637652034807,-17.38,2.5,19.88,-6908.534835108682,1.8749995854587411,0.09428089304974734,0.03550160327788501,0.0007489234179059888,45.69795362056567,2.8267720185752845,167.08683576414904
0.8,8.485281374,4.5254834,60.0,16.0,60.0,1.6,144.0,2.62,700.0,148.0,1693.0,0.22,159.0,2.33,1.0,0.0,4.0,0.0,0.5,22.5,236.0,62.0,491.0,0.35,40.1,7.4,51.5,20.0,20.0,109.0,0.12,0.12,520.0,0.34,2.5,1.47,1.0,40725.41733,0,40.0,10.614632235320148,0.0,30.0,40.0,1.4999999625000011,0.39999999000000025,24.059999400000017,90.05999775000006,0.2108307026817105,0.7891692885555835,-17.38,2.5,19.88,-5526.827868086944,1.8749995854587411,0.09428089304974734,0.03550160327788501,0.0007489234179059888,45.69795362056567,2.8267720185752845,167.08683576414904
0.8,8.485281374,4.5254834,140.0,16.0,100.0,1.6,144.0,2.62,700.0,148.0,1693.0,0.22,159.0,2.33,1.0,0.0,4.0,0.0,0.5,22.5,236.0,62.0,491.0,0.35,40.1,7.4,51.5,20.0,20.0,109.0,0.12,0.12,520.0,0.34,2.5,1.47,1.0,5225.708848,0,40.0,8.561537075611886,-40.0,30.0,40.0,1.4999999625000011,0.39999999000000025,40.099999000000025,210.13999475000014,0.16024616304864273,0.8397538329551936,-17.38,2.5,19.88,-12895.931692202872,1.8749995854587411,0.09428089304974734,0.03550160327788501,0.0007489234179059888,45.69795362056567,2.8267720185752845,167.08683576414904
0.8,8.485281374,4.5254834,150.0,25.0,125.0,1.6,144.0,2.62,700.0,148.0,1693.0,0.22,159.0,2.33,1.0,0.0,4.0,0.0,0.5,22.5,236.0,62.0,491.0,0.35,40.1,7.4,51.5,20.0,20.0,109.0,0.12,0.12,520.0,0.34,2.5,1.47,1.0,2691.914678,0,40.0,7.8983794094281405,-25.0,50.0,40.0,1.4999999625000011,0.6249999843750005,78.24999804687506,225.14999437500015,0.2579103485281527,0.7420896481758684,-17.38,2.5,19.88,-13817.069670217365,1.8749995854587411,0.09428089304974734,0.03550160327788501,0.0007489234179059888,45.69795362056567,2.8267720185752845,167.08683576414904
0.8,8.485281374,4.5254834,100.0,15.0,60.0,1.6,144.0,2.62,700.0,148.0,1693.0,0.22,159.0,2.33,1.0,0.0,4.0,0.0,0.5,22.5,236.0,62.0,491.0,0.35,40.1,7.4,51.5,20.0,20.0,109.0,0.12,0.12,520.0,0.34,2.5,1.47,1.0,20004.03707,0,30.0,9.903739374326358,-40.0,10.0,30.0,1.9999999333333356,0.4999999833333339,30.05999900000003,200.09999333333357,0.1306047961014018,0.8693951995537945,-17.38,2.5,19.88,-9211.37978014491,1.8749995854587411,0.09428089304974734,0.03550160327788501,0.0007489234179059888,45.69795362056567,2.8267720185752845,167.08683576414904
0.8,8.485281374,4.5254834,165.0,30.0,125.0,1.6,144.0,2.62,700.0,148.0,1693.0,0.22,159.0,2.33,1.0,0.0,3.4,0.0,0.7,21.3,234.0,64.4,491.15,0.35,45.1,7.4,53.0,20.0,20.0,109.0,0.12,0.12,520.0,0.34,2.5,1.47,1.0,2200.265862,0,60.0,7.6967878656901885,-40.0,42.5,60.0,0.9999999833333336,0.4999999916666668,62.62499895833334,165.16499725000006,0.27492427115251,0.7250757244574816,-17.38,1.3000000000000007,18.68,-15198.7766372391,1.8749995854587411,0.09428089304974734,0.03719103716955934,0.0007489234179059888,51.39595282512498,2.8267720185752845,167.08683576414904
0.8,8.485281374,4.5254834,165.0,21.0,125.0,1.6,144.0,2.62,700.0,148.0,1693.0,0.22,159.0,2.33,1.0,0.0,3.4,0.0,0.7,21.3,234.0,64.4,491.15,0.35,45.1,7.4,53.0,20.0,20.0,109.0,0.12,0.12,520.0,0.34,2.5,1.47,1.0,2428.058141,0,42.0,7.795258864903438,-40.0,42.5,42.0,1.428571394557824,0.49999998809523843,62.6249985119048,235.87928010204095,0.20979598213096787,0.7902040145189964,-17.38,1.3000000000000007,18.68,-15198.7766372391,1.8749995854587411,0.09428089304974734,0.03719103716955934,0.0007489234179059888,51.39595282512498,2.8267720185752845,167.08683576414904
0.8,8.485281374,4.5254834,165.0,120.0,125.0,1.6,144.0,2.62,700.0,148.0,1693.0,0.22,159.0,2.33,1.0,0.0,3.4,0.0,0.7,21.3,234.0,64.4,491.15,0.35,45.1,7.4,53.0,20.0,20.0,109.0,0.12,0.12,520.0,0.34,2.5,1.47,1.0,1500.327919,0,240.0,7.314105274795002,-40.0,42.5,240.0,0.24999999895833333,0.49999999791666666,62.62499973958332,41.414999828125,0.6019319434627216,0.3980680469255907,-17.38,1.3000000000000007,18.68,-15198.7766372391,1.8749995854587411,0.09428089304974734,0.03719103716955934,0.0007489234179059888,51.39595282512498,2.8267720185752845,167.08683576414904
0.8,8.485281374,4.5254834,180.0,15.0,125.0,1.6,144.0,2.62,700.0,148.0,1693.0,0.22,159.0,2.33,1.0,0.0,3.4,0.0,0.7,21.3,234.0,64.4,491.15,0.35,45.1,7.4,53.0,20.0,20.0,109.0,0.12,0.12,520.0,0.34,2.5,1.47,1.0,2353.47985,0,30.0,7.764075111566717,-55.0,35.0,30.0,1.9999999333333356,0.4999999833333339,62.62499791666673,360.17998800000044,0.1481179263597707,0.8518820712750726,-17.38,1.3000000000000007,18.68,-16580.483604260833,1.8749995854587411,0.09428089304974734,0.03719103716955934,0.0007489234179059888,51.39595282512498,2.8267720185752845,167.08683576414904
0.8,8.485281374,4.5254834,100.0,15.0,100.0,1.6,144.0,2.62,700.0,148.0,1693.0,0.22,159.0,2.33,1.0,0.0,3.4,0.0,0.7,21.3,234.0,64.4,491.15,0.35,45.1,7.4,53.0,20.0,20.0,109.0,0.12,0.12,520.0,0.34,2.5,1.47,1.0,8466.180691,0,30.0,9.04395287403108,0.0,50.0,30.0,1.9999999333333356,0.4999999833333339,50.09999833333338,200.09999333333357,0.20023980736114538,0.7997601886420519,-17.38,1.3000000000000007,18.68,-9211.37978014491,1.8749995854587411,0.09428089304974734,0.03719103716955934,0.0007489234179059888,51.39595282512498,2.8267720185752845,167.08683576414904
0.8,8.485281374,4.5254834,100.0,38.65,100.0,1.6,144.0,2.62,700.0,148.0,1693.0,0.22,159.0,2.33,1.0,0.0,3.4,0.0,0.7,21.3,234.0,64.4,491.15,0.35,45.1,7.4,53.0,20.0,20.0,109.0,0.12,0.12,520.0,0.34,2.5,1.47,1.0,6518.583719,0,30.0,8.782565806103264,0.0,50.0,30.0,1.9999999333333356,1.2883332903888902,128.933329038889,200.09999333333357,0.3918549273899281,0.608145069570866,-17.38,1.3000000000000007,18.68,-9211.37978014491,1.8749995854587411,0.09428089304974734,0.03719103716955934,0.0007489234179059888,51.39595282512498,2.8267720185752845,167.08683576414904
0.8,8.485281374,4.5254834,100.0,20.0,100.0,1.6,144.0,2.62,700.0,148.0,1693.0,0.22,159.0,2.33,1.0,0.0,3.4,0.0,0.7,21.3,234.0,64.4,491.15,0.35,45.1,7.4,53.0,20.0,20.0,109.0,0.12,0.12,520.0,0.34,2.5,1.47,1.0,7819.508466,0,40.0,8.964504852653189,0.0,50.0,40.0,1.4999999625000011,0.49999998750000035,50.09999875000003,150.0999962500001,0.250249749005989,0.749750245999006,-17.38,1.3000000000000007,18.68,-9211.37978014491,1.8749995854587411,0.09428089304974734,0.03719103716955934,0.0007489234179059888,51.39595282512498,2.8267720185752845,167.08683576414904
0.8,8.485281374,4.5254834,100.0,47.3,100.0,1.6,144.0,2.62,700.0,148.0,1693.0,0.22,159.0,2.33,1.0,0.0,3.4,0.0,0.7,21.3,234.0,64.4,491.15,0.35,45.1,7.4,53.0,20.0,20.0,109.0,0.12,0.12,520.0,0.34,2.5,1.47,1.0,6164.917823,0,40.0,8.726792280916479,0.0,50.0,40.0,1.4999999625000011,1.1824999704375008,118.34999704375007,150.0999962500001,0.44086421888408067,0.5591357773908309,-17.38,1.3000000000000007,18.68,-9211.37978014491,1.8749995854587411,0.09428089304974734,0.03719103716955934,0.0007489234179059888,51.39595282512498,2.8267720185752845,167.08683576414904
0.8,8.485281374,4.5254834,100.0,79.6,100.0,1.6,144.0,2.62,700.0,148.0,1693.0,0.22,159.0,2.33,1.0,0.0,3.4,0.0,0.7,21.3,234.0,64.4,491.15,0.35,45.1,7.4,53.0,20.0,20.0,109.0,0.12,0.12,520.0,0.34,2.5,1.47,1.0,5339.391302,0,50.0,8.583054206797662,0.0,50.0,50.0,1.1999999760000006,1.5919999681600006,159.29999681600003,120.09999760000005,0.5701503200771978,0.42984967634370413,-17.38,1.3000000000000007,18.68,-9211.37978014491,1.8749995854587411,0.09428089304974734,0.03719103716955934,0.0007489234179059888,51.39595282512498,2.8267720185752845,167.08683576414904
0.8,8.485281374,4.5254834,100.0,30.0,100.0,1.6,144.0,2.62,700.0,148.0,1693.0,0.22,159.0,2.33,1.0,0.0,3.4,0.0,0.7,21.3,234.0,64.4,491.15,0.35,45.1,7.4,53.0,20.0,20.0,109.0,0.12,0.12,520.0,0.34,2.5,1.47,1.0,6991.060306,0,60.0,8.852530542298176,0.0,50.0,60.0,0.9999999833333336,0.4999999916666668,50.09999916666668,100.09999833333336,0.33355525743674797,0.6664447359054623,-17.38,1.3000000000000007,18.68,-9211.37978014491,1.8749995854587411,0.09428089304974734,0.03719103716955934,0.0007489234179059888,51.39595282512498,2.8267720185752845,167.08683576414904
0.8,8.485281374,4.5254834,100.0,40.0,100.0,1.6,144.0,2.62,700.0,148.0,1693.0,0.22,159.0,2.33,1.0,0.0,3.4,0.0,0.7,21.3,234.0,64.4,491.15,0.35,45.1,7.4,53.0,20.0,20.0,109.0,0.12,0.12,520.0,0.34,2.5,1.47,1.0,6457.062192,0,80.0,8.773084581497926,0.0,50.0,80.0,0.7499999906250001,0.4999999937500001,50.099999375,75.09999906250002,0.40015974121477516,0.5998402507980043,-17.38,1.3000000000000007,18.68,-9211.37978014491,1.8749995854587411,0.09428089304974734,0.03719103716955934,0.0007489234179059888,51.39595282512498,2.8267720185752845,167.08683576414904
0.8,8.485281374,4.5254834,100.0,47.3,100.0,1.6,144.0,2.62,700.0,148.0,1693.0,0.22,159.0,2.33,1.0,0.0,3.4,0.0,0.7,21.3,234.0,64.4,491.15,0.35,45.1,7.4,53.0,20.0,20.0,109.0,0.12,0.12,520.0,0.34,2.5,1.47,1.0,6164.917823,0,80.0,8.726792280916479,0.0,50.0,80.0,0.7499999906250001,0.591249992609375,59.22499926093751,75.09999906250002,0.44090824164704623,0.5590917509083233,-17.38,1.3000000000000007,18.68,-9211.37978014491,1.8749995854587411,0.09428089304974734,0.03719103716955934,0.0007489234179059888,51.39595282512498,2.8267720185752845,167.08683576414904
0.8,8.485281374,4.5254834,100.0,70.0,100.0,1.6,144.0,2.62,700.0,148.0,1693.0,0.22,159.0,2.33,1.0,0.0,3.4,0.0,0.7,21.3,234.0,64.4,491.15,0.35,45.1,7.4,53.0,20.0,20.0,109.0,0.12,0.12,520.0,0.34,2.5,1.47,1.0,5532.327232,0,90.0,8.618544583025315,0.0,50.0,90.0,0.6666666592592594,0.7777777691358025,77.87777691358025,66.76666592592593,0.5384083539357478,0.46159163915074775,-17.38,1.3000000000000007,18.68,-9211.37978014491,1.8749995854587411,0.09428089304974734,0.03719103716955934,0.0007489234179059888,51.39595282512498,2.8267720185752845,167.08683576414904
0.8,8.485281374,4.5254834,100.0,70.0,100.0,1.6,144.0,2.62,700.0,148.0,1693.0,0.22,159.0,2.33,1.0,0.0,3.4,0.0,0.7,21.3,234.0,64.4,491.15,0.35,45.1,7.4,53.0,20.0,20.0,109.0,0.12,0.12,520.0,0.34,2.5,1.47,1.0,5532.327232,0,100.0,8.618544583025315,0.0,50.0,100.0,0.599999994,0.699999993,70.09999930000001,60.0999994,0.5384024536215111,0.4615975386979974,-17.38,1.3000000000000007,18.68,-9211.37978014491,1.8749995854587411,0.09428089304974734,0.03719103716955934,0.0007489234179059888,51.39595282512498,2.8267720185752845,167.08683576414904
0.8,8.485281374,4.5254834,100.0,60.0,100.0,1.6,144.0,2.62,700.0,148.0,1693.0,0.22,159.0,2.33,1.0,0.0,3.4,0.0,0.7,21.3,234.0,64.4,491.15,0.35,45.1,7.4,53.0,20.0,20.0,109.0,0.12,0.12,520.0,0.34,2.5,1.47,1.0,5772.960203,0,120.0,8.661113467750218,0.0,50.0,120.0,0.4999999958333334,0.4999999958333334,50.09999958333333,50.09999958333333,0.49999999500998005,0.49999999500998005,-17.38,1.3000000000000007,18.68,-9211.37978014491,1.8749995854587411,0.09428089304974734,0.03719103716955934,0.0007489234179059888,51.39595282512498,2.8267720185752845,167.08683576414904
0.8,8.485281374,4.5254834,100.0,70.0,100.0,1.6,144.0,2.62,700.0,148.0,1693.0,0.22,159.0,2.33,1.0,0.0,3.4,0.0,0.7,21.3,234.0,64.4,491.15,0.35,45.1,7.4,53.0,20.0,20.0,109.0,0.12,0.12,520.0,0.34,2.5,1.47,1.0,5532.327232,0,140.0,8.618544583025315,0.0,50.0,140.0,0.4285714255102041,0.49999999642857146,50.09999964285714,42.95714255102041,0.5383788704804484,0.4616211187734663,-17.38,1.3000000000000007,18.68,-9211.37978014491,1.8749995854587411,0.09428089304974734,0.03719103716955934,0.0007489234179059888,51.39595282512498,2.8267720185752845,167.08683576414904
0.8,8.485281374,4.5254834,100.0,120.0,100.0,1.6,144.0,2.62,700.0,148.0,1693.0,0.22,159.0,2.33,1.0,0.0,3.4,0.0,0.7,21.3,234.0,64.4,491.15,0.35,45.1,7.4,53.0,20.0,20.0,109.0,0.12,0.12,520.0,0.34,2.5,1.47,1.0,4767.097986,0,240.0,8.469702759289055,0.0,50.0,240.0,0.24999999895833333,0.49999999791666666,50.09999979166666,25.09999989583333,0.6662233953941235,0.33377659130800436,-17.38,1.3000000000000007,18.68,-9211.37978014491,1.8749995854587411,0.09428089304974734,0.03719103716955934,0.0007489234179059888,51.39595282512498,2.8267720185752845,167.08683576414904
0.8,8.485281374,4.5254834,100.0,310.0,100.0,1.6,144.0,2.62,700.0,148.0,1693.0,0.22,159.0,2.33,1.0,0.0,3.4,0.0,0.7,21.3,234.0,64.4,491.15,0.35,45.1,7.4,53.0,20.0,20.0,109.0,0.12,0.12,520.0,0.34,2.5,1.47,1.0,3667.835412,0,720.0,8.207629564259413,0.0,50.0,720.0,0.08333333321759259,0.4305555549575617,43.15555549575617,8.433333321759259,0.8365280906103939,0.1634718900055876,-17.38,1.3000000000000007,18.68,-9211.37978014491,1.8749995854587411,0.09428089304974734,0.03719103716955934,0.0007489234179059888,51.39595282512498,2.8267720185752845,167.08683576414904
0.8,8.485281374,4.5254834,100.0,11.0,100.0,1.6,144.0,2.62,700.0,148.0,1693.0,0.22,159.0,2.33,1.0,0.0,3.4,0.0,0.7,21.3,234.0,64.4,491.15,0.35,45.1,7.4,53.0,20.0,20.0,109.0,0.12,0.12,520.0,0.34,2.5,1.47,1.0,9223.405009,1,,9.129607969159286,0.0,50.0,,,,0.1,142.9571394557824,0.0006990213818156743,0.9993009716279706,-17.38,1.3000000000000007,18.68,-9211.37978014491,1.8749995854587411,0.09428089304974734,0.03719103716955934,0.0007489234179059888,51.39595282512498,2.8267720185752845,167.08683576414904
0.8,8.485281374,4.5254834,100.0,31.0,100.0,1.6,144.0,2.62,700.0,148.0,1693.0,0.22,159.0,2.33,1.0,0.0,3.4,0.0,0.7,21.3,234.0,64.4,491.15,0.35,45.1,7.4,53.0,20.0,20.0,109.0,0.12,0.12,520.0,0.34,2.5,1.47,1.0,6928.031269,1,,8.843475294389604,0.0,50.0,,,,0.1,142.9571394557824,0.0006990213818156743,0.9993009716279706,-17.38,1.3000000000000007,18.68,-9211.37978014491,1.8749995854587411,0.09428089304974734,0.03719103716955934,0.0007489234179059888,51.39595282512498,2.8267720185752845,167.08683576414904
0.8,8.485281374,4.5254834,100.0,61.0,100.0,1.6,144.0,2.62,700.0,148.0,1693.0,0.22,159.0,2.33,1.0,0.0,3.4,0.0,0.7,21.3,234.0,64.4,491.15,0.35,45.1,7.4,53.0,20.0,20.0,109.0,0.12,0.12,520.0,0.34,2.5,1.47,1.0,5746.664441,1,,8.656548867102346,0.0,50.0,,,,0.1,142.9571394557824,0.0006990213818156743,0.9993009716279706,-17.38,1.3000000000000007,18.68,-9211.37978014491,1.8749995854587411,0.09428089304974734,0.03719103716955934,0.0007489234179059888,51.39595282512498,2.8267720185752845,167.08683576414904
0.8,8.485281374,4.5254834,125.0,44.8,100.0,1.6,144.0,2.62,700.0,148.0,1693.0,0.22,159.0,2.33,1.0,0.0,3.4,0.0,0.7,21.3,234.0,64.4,491.15,0.35,45.1,7.4,53.0,20.0,20.0,109.0,0.12,0.12,520.0,0.34,2.5,1.47,1.0,4551.862419,0,40.0,8.423511417219533,-25.0,37.5,40.0,1.4999999625000011,1.1199999720000007,112.09999720000006,187.62499531250012,0.3740095074698029,0.6259904891938053,-17.38,1.3000000000000007,18.68,-11514.224725181137,1.8749995854587411,0.09428089304974734,0.03719103716955934,0.0007489234179059888,51.39595282512498,2.8267720185752845,167.08683576414904
0.8,8.485281374,4.5254834,75.0,44.8,75.0,1.6,144.0,2.62,700.0,148.0,1693.0,0.22,159.0,2.33,1.0,0.0,3.4,0.0,0.7,21.3,234.0,64.4,491.15,0.35,45.1,7.4,53.0,20.0,20.0,109.0,0.12,0.12,520.0,0.34,2.5,1.47,1.0,15632.56361,0,40.0,9.657175395508524,0.0,37.5,40.0,1.4999999625000011,1.1199999720000007,84.07499790000004,112.57499718750007,0.4275362297113425,0.5724637652034807,-17.38,1.3000000000000007,18.68,-6908.534835108682,1.8749995854587411,0.09428089304974734,0.03719103716955934,0.0007489234179059888,51.39595282512498,2.8267720185752845,167.08683576414904
0.8,8.485281374,4.5254834,60.0,16.0,60.0,1.6,144.0,2.62,700.0,148.0,1693.0,0.22,159.0,2.33,1.0,0.0,3.4,0.0,0.7,21.3,234.0,64.4,491.15,0.35,45.1,7.4,53.0,20.0,20.0,109.0,0.12,0.12,520.0,0.34,2.5,1.47,1.0,40105.14384,0,40.0,10.599284814526333,0.0,30.0,40.0,1.4999999625000011,0.39999999000000025,24.059999400000017,90.05999775000006,0.2108307026817105,0.7891692885555835,-17.38,1.3000000000000007,18.68,-5526.827868086944,1.8749995854587411,0.09428089304974734,0.03719103716955934,0.0007489234179059888,51.39595282512498,2.8267720185752845,167.08683576414904
0.8,8.485281374,4.5254834,140.0,16.0,100.0,1.6,144.0,2.62,700.0,148.0,1693.0,0.22,159.0,2.33,1.0,0.0,3.4,0.0,0.7,21.3,234.0,64.4,491.15,0.35,45.1,7.4,53.0,20.0,20.0,109.0,0.12,0.12,520.0,0.34,2.5,1.47,1.0,5146.118045,0,40.0,8.54619223410901,-40.0,30.0,40.0,1.4999999625000011,0.39999999000000025,40.099999000000025,210.13999475000014,0.16024616304864273,0.8397538329551936,-17.38,1.3000000000000007,18.68,-12895.931692202872,1.8749995854587411,0.09428089304974734,0.03719103716955934,0.0007489234179059888,51.39595282512498,2.8267720185752845,167.08683576414904
0.8,8.485281374,4.5254834,150.0,25.0,125.0,1.6,144.0,2.62,700.0,148.0,1693.0,0.22,159.0,2.33,1.0,0.0,3.4,0.0,0.7,21.3,234.0,64.4,491.15,0.35,45.1,7.4,53.0,20.0,20.0,109.0,0.12,0.12,520.0,0.34,2.5,1.47,1.0,2650.915139,0,40.0,7.883037351925,-25.0,50.0,40.0,1.4999999625000011,0.6249999843750005,78.24999804687506,225.14999437500015,0.2579103485281527,0.7420896481758684,-17.38,1.3000000000000007,18.68,-13817.069670217365,1.8749995854587411,0.09428089304974734,0.03719103716955934,0.0007489234179059888,51.39595282512498,2.8267720185752845,167.08683576414904
0.8,8.485281374,4.5254834,100.0,15.0,60.0,1.6,144.0,2.62,700.0,148.0,1693.0,0.22,159.0,2.33,1.0,0.0,3.4,0.0,0.7,21.3,234.0,64.4,491.15,0.35,45.1,7.4,53.0,20.0,20.0,109.0,0.12,0.12,520.0,0.34,2.5,1.47,1.0,19699.36311,0,30.0,9.888392346535909,-40.0,10.0,30.0,1.9999999333333356,0.4999999833333339,30.05999900000003,200.09999333333357,0.1306047961014018,0.8693951995537945,-17.38,1.3000000000000007,18.68,-9211.37978014491,1.8749995854587411,0.09428089304974734,0.03719103716955934,0.0007489234179059888,51.39595282512498,2.8267720185752845,167.08683576414904
0.8,8.485281374,4.5254834,165.0,30.0,125.0,1.6,144.0,2.62,700.0,148.0,1693.0,0.22,159.0,2.33,1.0,0.0,0.0,0.0,0.7,22.6,228.0,62.9,500.15,0.37,34.0,7.31,32.2,20.0,20.0,109.0,0.12,0.12,520.0,0.34,2.5,1.47,1.0,2782.250276,0,60.0,7.931374687773457,-40.0,42.5,60.0,0.9999999833333336,0.4999999916666668,62.62499895833334,165.16499725000006,0.27492427115251,0.7250757244574816,-17.38,2.6000000000000014,19.98,-15198.7766372391,1.8749995854587411,0.09428089304974734,0.037739698059771704,0.0007489234179059888,39.392840467106396,2.8267720185752845,167.08683576414904
0.8,8.485281374,4.5254834,165.0,21.0,125.0,1.6,144.0,2.62,700.0,148.0,1693.0,0.22,159.0,2.33,1.0,0.0,0.0,0.0,0.7,22.6,228.0,62.9,500.15,0.37,34.0,7.31,32.2,20.0,20.0,109.0,0.12,0.12,520.0,0.34,2.5,1.47,1.0,3070.295072,0,42.0,8.02985459918558,-40.0,42.5,42.0,1.428571394557824,0.49999998809523843,62.6249985119048,235.87928010204095,0.20979598213096787,0.7902040145189964,-17.38,2.6000000000000014,19.98,-15198.7766372391,1.8749995854587411,0.09428089304974734,0.037739698059771704,0.0007489234179059888,39.392840467106396,2.8267720185752845,167.08683576414904
0.8,8.485281374,4.5254834,165.0,120.0,125.0,1.6,144.0,2.62,700.0,148.0,1693.0,0.22,159.0,2.33,1.0,0.0,0.0,0.0,0.7,22.6,228.0,62.9,500.15,0.37,34.0,7.31,32.2,20.0,20.0,109.0,0.12,0.12,520.0,0.34,2.5,1.47,1.0,1897.174264,0,240.0,7.5486477894967985,-40.0,42.5,240.0,0.24999999895833333,0.49999999791666666,62.62499973958332,41.414999828125,0.6019319434627216,0.3980680469255907,-17.38,2.6000000000000014,19.98,-15198.7766372391,1.8749995854587411,0.09428089304974734,0.037739698059771704,0.0007489234179059888,39.392840467106396,2.8267720185752845,167.08683576414904
0.8,8.485281374,4.5254834,180.0,15.0,125.0,1.6,144.0,2.62,700.0,148.0,1693.0,0.22,159.0,2.33,1.0,0.0,0.0,0.0,0.7,22.6,228.0,62.9,500.15,0.37,34.0,7.31,32.2,20.0,20.0,109.0,0.12,0.12,520.0,0.34,2.5,1.47,1.0,2975.990346,0,30.0,7.998668118148577,-55.0,35.0,30.0,1.9999999333333356,0.4999999833333339,62.62499791666673,360.17998800000044,0.1481179263597707,0.8518820712750726,-17.38,2.6000000000000014,19.98,-16580.483604260833,1.8749995854587411,0.09428089304974734,0.037739698059771704,0.0007489234179059888,39.392840467106396,2.8267720185752845,167.08683576414904
0.8,8.485281374,4.5254834,100.0,15.0,100.0,1.6,144.0,2.62,700.0,148.0,1693.0,0.22,159.0,2.33,1.0,0.0,0.0,0.0,0.7,22.6,228.0,62.9,500.15,0.37,34.0,7.31,32.2,20.0,20.0,109.0,0.12,0.12,520.0,0.34,2.5,1.47,1.0,10705.53971,0,30.0,9.278610021601239,0.0,50.0,30.0,1.9999999333333356,0.4999999833333339,50.09999833333338,200.09999333333357,0.20023980736114538,0.7997601886420519,-17.38,2.6000000000000014,19.98,-9211.37978014491,1.8749995854587411,0.09428089304974734,0.037739698059771704,0.0007489234179059888,39.392840467106396,2.8267720185752845,167.08683576414904
0.8,8.485281374,4.5254834,100.0,38.65,100.0,1.6,144.0,2.62,700.0,148.0,1693.0,0.22,159.0,2.33,1.0,0.0,0.0,0.0,0.7,22.6,228.0,62.9,500.15,0.37,34.0,7.31,32.2,20.0,20.0,109.0,0.12,0.12,520.0,0.34,2.5,1.47,1.0,8242.790866,0,30.0,9.017215573663345,0.0,50.0,30.0,1.9999999333333356,1.2883332903888902,128.933329038889,200.09999333333357,0.3918549273899281,0.608145069570866,-17.38,2.6000000000000014,19.98,-9211.37978014491,1.8749995854587411,0.09428089304974734,0.037739698059771704,0.0007489234179059888,39.392840467106396,2.8267720185752845,167.08683576414904
0.8,8.485281374,4.5254834,100.0,20.0,100.0,1.6,144.0,2.62,700.0,148.0,1693.0,0.22,159.0,2.33,1.0,0.0,0.0,0.0,0.7,22.6,228.0,62.9,500.15,0.37,34.0,7.31,32.2,20.0,20.0,109.0,0.12,0.12,520.0,0.34,2.5,1.47,1.0,9887.818543,0,40.0,9.199159957723541,0.0,50.0,40.0,1.4999999625000011,0.49999998750000035,50.09999875000003,150.0999962500001,0.250249749005989,0.749750245999006,-17.38,2.6000000000000014,19.98,-9211.37978014491,1.8749995854587411,0.09428089304974734,0.037739698059771704,0.0007489234179059888,39.392840467106396,2.8267720185752845,167.08683576414904
0.8,8.485281374,4.5254834,100.0,47.3,100.0,1.6,144.0,2.62,700.0,148.0,1693.0,0.22,159.0,2.33,1.0,0.0,0.0,0.0,0.7,22.6,228.0,62.9,500.15,0.37,34.0,7.31,32.2,20.0,20.0,109.0,0.12,0.12,520.0,0.34,2.5,1.47,1.0,7795.578076,0,40.0,8.961440208211956,0.0,50.0,40.0,1.4999999625000011,1.1824999704375008,118.34999704375007,150.0999962500001,0.44086421888408067,0.5591357773908309,-17.38,2.6000000000000014,19.98,-9211.37978014491,1.8749995854587411,0.09428089304974734,0.037739698059771704,0.0007489234179059888,39.392840467106396,2.8267720185752845,167.08683576414904
0.8,8.485281374,4.5254834,100.0,79.6,100.0,1.6,144.0,2.62,700.0,148.0,1693.0,0.22,159.0,2.33,1.0,0.0,0.0,0.0,0.7,22.6,228.0,62.9,500.15,0.37,34.0,7.31,32.2,20.0,20.0,109.0,0.12,0.12,520.0,0.34,2.5,1.47,1.0,6751.694502,0,50.0,8.81769688969473,0.0,50.0,50.0,1.1999999760000006,1.5919999681600006,159.29999681600003,120.09999760000005,0.5701503200771978,0.42984967634370413,-17.38,2.6000000000000014,19.98,-9211.37978014491,1.8749995854587411,0.09428089304974734,0.037739698059771704,0.0007489234179059888,39.392840467106396,2.8267720185752845,167.08683576414904
0.8,8.485281374,4.5254834,100.0,30.0,100.0,1.6,144.0,2.62,700.0,148.0,1693.0,0.22,159.0,2.33,1.0,0.0,0.0,0.0,0.7,22.6,228.0,62.9,500.15,0.37,34.0,7.31,32.2,20.0,20.0,109.0,0.12,0.12,520.0,0.34,2.5,1.47,1.0,8840.240538,0,60.0,9.087182478138967,0.0,50.0,60.0,0.9999999833333336,0.4999999916666668,50.09999916666668,100.09999833333336,0.33355525743674797,0.6664447359054623,-17.38,2.6000000000000014,19.98,-9211.37978014491,1.8749995854587411,0.09428089304974734,0.037739698059771704,0.0007489234179059888,39.392840467106396,2.8267720185752845,167.08683576414904
0.8,8.485281374,4.5254834,100.0,40.0,100.0,1.6,144.0,2.62,700.0,148.0,1693.0,0.22,159.0,2.33,1.0,0.0,0.0,0.0,0.7,22.6,228.0,62.9,500.15,0.37,34.0,7.31,32.2,20.0,20.0,109.0,0.12,0.12,520.0,0.34,2.5,1.47,1.0,8164.996502,0,80.0,9.00773404351793,0.0,50.0,80.0,0.7499999906250001,0.4999999937500001,50.099999375,75.09999906250002,0.40015974121477516,0.5998402507980043,-17.38,2.6000000000000014,19.98,-9211.37978014491,1.8749995854587411,0.09428089304974734,0.037739698059771704,0.0007489234179059888,39.392840467106396,2.8267720185752845,167.08683576414904
0.8,8.485281374,4.5254834,100.0,47.3,100.0,1.6,144.0,2.62,700.0,148.0,1693.0,0.22,159.0,2.33,1.0,0.0,0.0,0.0,0.7,22.6,228.0,62.9,500.15,0.37,34.0,7.31,32.2,20.0,20.0,109.0,0.12,0.12,520.0,0.34,2.5,1.47,1.0,7795.578076,0,80.0,8.961440208211956,0.0,50.0,80.0,0.7499999906250001,0.591249992609375,59.22499926093751,75.09999906250002,0.44090824164704623,0.5590917509083233,-17.38,2.6000000000000014,19.98,-9211.37978014491,1.8749995854587411,0.09428089304974734,0.037739698059771704,0.0007489234179059888,39.392840467106396,2.8267720185752845,167.08683576414904
0.8,8.485281374,4.5254834,100.0,70.0,100.0,1.6,144.0,2.62,700.0,148.0,1693.0,0.22,159.0,2.33,1.0,0.0,0.0,0.0,0.7,22.6,228.0,62.9,500.15,0.37,34.0,7.31,32.2,20.0,20.0,109.0,0.12,0.12,520.0,0.34,2.5,1.47,1.0,6995.663222,0,90.0,8.853188631816767,0.0,50.0,90.0,0.6666666592592594,0.7777777691358025,77.87777691358025,66.76666592592593,0.5384083539357478,0.46159163915074775,-17.38,2.6000000000000014,19.98,-9211.37978014491,1.8749995854587411,0.09428089304974734,0.037739698059771704,0.0007489234179059888,39.392840467106396,2.8267720185752845,167.08683576414904
0.8,8.485281374,4.5254834,100.0,70.0,100.0,1.6,144.0,2.62,700.0,148.0,1693.0,0.22,159.0,2.33,1.0,0.0,0.0,0.0,0.7,22.6,228.0,62.9,500.15,0.37,34.0,7.31,32.2,20.0,20.0,109.0,0.12,0.12,520.0,0.34,2.5,1.47,1.0,6995.663222,0,100.0,8.853188631816767,0.0,50.0,100.0,0.599999994,0.699999993,70.09999930000001,60.0999994,0.5384024536215111,0.4615975386979974,-17.38,2.6000000000000014,19.98,-9211.37978014491,1.8749995854587411,0.09428089304974734,0.037739698059771704,0.0007489234179059888,39.392840467106396,2.8267720185752845,167.08683576414904
0.8,8.485281374,4.5254834,100.0,60.0,100.0,1.6,144.0,2.62,700.0,148.0,1693.0,0.22,159.0,2.33,1.0,0.0,0.0,0.0,0.7,22.6,228.0,62.9,500.15,0.37,34.0,7.31,32.2,20.0,20.0,109.0,0.12,0.12,520.0,0.34,2.5,1.47,1.0,7299.945155,0,120.0,8.89575909204321,0.0,50.0,120.0,0.4999999958333334,0.4999999958333334,50.09999958333333,50.09999958333333,0.49999999500998005,0.49999999500998005,-17.38,2.6000000000000014,19.98,-9211.37978014491,1.8749995854587411,0.09428089304974734,0.037739698059771704,0.0007489234179059888,39.392840467106396,2.8267720185752845,167.08683576414904
0.8,8.485281374,4.5254834,100.0,70.0,100.0,1.6,144.0,2.62,700.0,148.0,1693.0,0.22,159.0,2.33,1.0,0.0,0.0,0.0,0.7,22.6,228.0,62.9,500.15,0.37,34.0,7.31,32.2,20.0,20.0,109.0,0.12,0.12,520.0,0.34,2.5,1.47,1.0,6995.663222,0,140.0,8.853188631816767,0.0,50.0,140.0,0.4285714255102041,0.49999999642857146,50.09999964285714,42.95714255102041,0.5383788704804484,0.4616211187734663,-17.38,2.6000000000000014,19.98,-9211.37978014491,1.8749995854587411,0.09428089304974734,0.037739698059771704,0.0007489234179059888,39.392840467106396,2.8267720185752845,167.08683576414904
0.8,8.485281374,4.5254834,100.0,120.0,100.0,1.6,144.0,2.62,700.0,148.0,1693.0,0.22,159.0,2.33,1.0,0.0,0.0,0.0,0.7,22.6,228.0,62.9,500.15,0.37,34.0,7.31,32.2,20.0,20.0,109.0,0.12,0.12,520.0,0.34,2.5,1.47,1.0,6028.025939,0,240.0,8.70434074085202,0.0,50.0,240.0,0.24999999895833333,0.49999999791666666,50.09999979166666,25.09999989583333,0.6662233953941235,0.33377659130800436,-17.38,2.6000000000000014,19.98,-9211.37978014491,1.8749995854587411,0.09428089304974734,0.037739698059771704,0.0007489234179059888,39.392840467106396,2.8267720185752845,167.08683576414904
0.8,8.485281374,4.5254834,100.0,310.0,100.0,1.6,144.0,2.62,700.0,148.0,1693.0,0.22,159.0,2.33,1.0,0.0,0.0,0.0,0.7,22.6,228.0,62.9,500.15,0.37,34.0,7.31,32.2,20.0,20.0,109.0,0.12,0.12,520.0,0.34,2.5,1.47,1.0,4638.001372,0,720.0,8.442254400505094,0.0,50.0,720.0,0.08333333321759259,0.4305555549575617,43.15555549575617,8.433333321759259,0.8365280906103939,0.1634718900055876,-17.38,2.6000000000000014,19.98,-9211.37978014491,1.8749995854587411,0.09428089304974734,0.037739698059771704,0.0007489234179059888,39.392840467106396,2.8267720185752845,167.08683576414904
0.8,8.485281374,4.5254834,100.0,11.0,100.0,1.6,144.0,2.62,700.0,148.0,1693.0,0.22,159.0,2.33,1.0,0.0,0.0,0.0,0.7,22.6,228.0,62.9,500.15,0.37,34.0,7.31,32.2,20.0,20.0,109.0,0.12,0.12,520.0,0.34,2.5,1.47,1.0,11663.05471,1,,9.364267144738125,0.0,50.0,,,,0.1,142.9571394557824,0.0006990213818156743,0.9993009716279706,-17.38,2.6000000000000014,19.98,-9211.37978014491,1.8749995854587411,0.09428089304974734,0.037739698059771704,0.0007489234179059888,39.392840467106396,2.8267720185752845,167.08683576414904
0.8,8.485281374,4.5254834,100.0,31.0,100.0,1.6,144.0,2.62,700.0,148.0,1693.0,0.22,159.0,2.33,1.0,0.0,0.0,0.0,0.7,22.6,228.0,62.9,500.15,0.37,34.0,7.31,32.2,20.0,20.0,109.0,0.12,0.12,520.0,0.34,2.5,1.47,1.0,8760.539916,1,,9.07812695797899,0.0,50.0,,,,0.1,142.9571394557824,0.0006990213818156743,0.9993009716279706,-17.38,2.6000000000000014,19.98,-9211.37978014491,1.8749995854587411,0.09428089304974734,0.037739698059771704,0.0007489234179059888,39.392840467106396,2.8267720185752845,167.08683576414904
0.8,8.485281374,4.5254834,100.0,61.0,100.0,1.6,144.0,2.62,700.0,148.0,1693.0,0.22,159.0,2.33,1.0,0.0,0.0,0.0,0.7,22.6,228.0,62.9,500.15,0.37,34.0,7.31,32.2,20.0,20.0,109.0,0.12,0.12,520.0,0.34,2.5,1.47,1.0,7266.693995,1,,8.891194325575217,0.0,50.0,,,,0.1,142.9571394557824,0.0006990213818156743,0.9993009716279706,-17.38,2.6000000000000014,19.98,-9211.37978014491,1.8749995854587411,0.09428089304974734,0.037739698059771704,0.0007489234179059888,39.392840467106396,2.8267720185752845,167.08683576414904
0.8,8.485281374,4.5254834,125.0,44.8,100.0,1.6,144.0,2.62,700.0,148.0,1693.0,0.22,159.0,2.33,1.0,0.0,0.0,0.0,0.7,22.6,228.0,62.9,500.15,0.37,34.0,7.31,32.2,20.0,20.0,109.0,0.12,0.12,520.0,0.34,2.5,1.47,1.0,5755.859186,0,40.0,8.658147324762286,-25.0,37.5,40.0,1.4999999625000011,1.1199999720000007,112.09999720000006,187.62499531250012,0.3740095074698029,0.6259904891938053,-17.38,2.6000000000000014,19.98,-11514.224725181137,1.8749995854587411,0.09428089304974734,0.037739698059771704,0.0007489234179059888,39.392840467106396,2.8267720185752845,167.08683576414904
0.8,8.485281374,4.5254834,75.0,44.8,75.0,1.6,144.0,2.62,700.0,148.0,1693.0,0.22,159.0,2.33,1.0,0.0,0.0,0.0,0.7,22.6,228.0,62.9,500.15,0.37,34.0,7.31,32.2,20.0,20.0,109.0,0.12,0.12,520.0,0.34,2.5,1.47,1.0,19767.47682,0,40.0,9.891843868178839,0.0,37.5,40.0,1.4999999625000011,1.1199999720000007,84.07499790000004,112.57499718750007,0.4275362297113425,0.5724637652034807,-17.38,2.6000000000000014,19.98,-6908.534835108682,1.8749995854587411,0.09428089304974734,0.037739698059771704,0.0007489234179059888,39.392840467106396,2.8267720185752845,167.08683576414904
0.8,8.485281374,4.5254834,60.0,16.0,60.0,1.6,144.0,2.62,700.0,148.0,1693.0,0.22,159.0,2.33,1.0,0.0,0.0,0.0,0.7,22.6,228.0,62.9,500.15,0.37,34.0,7.31,32.2,20.0,20.0,109.0,0.12,0.12,520.0,0.34,2.5,1.47,1.0,50713.21127,0,40.0,10.833961451485669,0.0,30.0,40.0,1.4999999625000011,0.39999999000000025,24.059999400000017,90.05999775000006,0.2108307026817105,0.7891692885555835,-17.38,2.6000000000000014,19.98,-5526.827868086944,1.8749995854587411,0.09428089304974734,0.037739698059771704,0.0007489234179059888,39.392840467106396,2.8267720185752845,167.08683576414904
0.8,8.485281374,4.5254834,140.0,16.0,100.0,1.6,144.0,2.62,700.0,148.0,1693.0,0.22,159.0,2.33,1.0,0.0,0.0,0.0,0.7,22.6,228.0,62.9,500.15,0.37,34.0,7.31,32.2,20.0,20.0,109.0,0.12,0.12,520.0,0.34,2.5,1.47,1.0,6507.29923,0,40.0,8.780833446077265,-40.0,30.0,40.0,1.4999999625000011,0.39999999000000025,40.099999000000025,210.13999475000014,0.16024616304864273,0.8397538329551936,-17.38,2.6000000000000014,19.98,-12895.931692202872,1.8749995854587411,0.09428089304974734,0.037739698059771704,0.0007489234179059888,39.392840467106396,2.8267720185752845,167.08683576414904
0.8,8.485281374,4.5254834,150.0,25.0,125.0,1.6,144.0,2.62,700.0,148.0,1693.0,0.22,159.0,2.33,1.0,0.0,0.0,0.0,0.7,22.6,228.0,62.9,500.15,0.37,34.0,7.31,32.2,20.0,20.0,109.0,0.12,0.12,520.0,0.34,2.5,1.47,1.0,3352.099174,0,40.0,8.117640323720437,-25.0,50.0,40.0,1.4999999625000011,0.6249999843750005,78.24999804687506,225.14999437500015,0.2579103485281527,0.7420896481758684,-17.38,2.6000000000000014,19.98,-13817.069670217365,1.8749995854587411,0.09428089304974734,0.037739698059771704,0.0007489234179059888,39.392840467106396,2.8267720185752845,167.08683576414904
0.8,8.485281374,4.5254834,100.0,15.0,60.0,1.6,144.0,2.62,700.0,148.0,1693.0,0.22,159.0,2.33,1.0,0.0,0.0,0.0,0.7,22.6,228.0,62.9,500.15,0.37,34.0,7.31,32.2,20.0,20.0,109.0,0.12,0.12,520.0,0.34,2.5,1.47,1.0,24909.97084,0,30.0,10.123063581402825,-40.0,10.0,30.0,1.9999999333333356,0.4999999833333339,30.05999900000003,200.09999333333357,0.1306047961014018,0.8693951995537945,-17.38,2.6000000000000014,19.98,-9211.37978014491,1.8749995854587411,0.09428089304974734,0.037739698059771704,0.0007489234179059888,39.392840467106396,2.8267720185752845,167.08683576414904
0.8,8.485281374,4.5254834,165.0,30.0,125.0,1.6,144.0,2.62,700.0,148.0,1693.0,0.22,159.0,2.33,1.0,0.0,3.4,0.0,0.7,21.3,234.0,64.4,491.15,0.35,45.1,7.4,53.0,20.0,20.0,109.0,0.12,0.12,520.0,0.34,2.5,1.47,1.0,2236.841672,0,60.0,7.713267141060992,-40.0,42.5,60.0,0.9999999833333336,0.4999999916666668,62.62499895833334,165.16499725000006,0.27492427115251,0.7250757244574816,-17.38,1.3000000000000007,18.68,-15198.7766372391,1.8749995854587411,0.09428089304974734,0.03719103716955934,0.0007489234179059888,51.39595282512498,2.8267720185752845,167.08683576414904
0.8,8.485281374,4.5254834,165.0,21.0,125.0,1.6,144.0,2.62,700.0,148.0,1693.0,0.22,159.0,2.33,1.0,0.0,3.4,0.0,0.7,21.3,234.0,64.4,491.15,0.35,45.1,7.4,53.0,20.0,20.0,109.0,0.12,0.12,520.0,0.34,2.5,1.47,1.0,2468.420624,0,42.0,7.811738836925121,-40.0,42.5,42.0,1.428571394557824,0.49999998809523843,62.6249985119048,235.87928010204095,0.20979598213096787,0.7902040145189964,-17.38,1.3000000000000007,18.68,-15198.7766372391,1.8749995854587411,0.09428089304974734,0.03719103716955934,0.0007489234179059888,51.39595282512498,2.8267720185752845,167.08683576414904
0.8,8.485281374,4.5254834,165.0,120.0,125.0,1.6,144.0,2.62,700.0,148.0,1693.0,0.22,159.0,2.33,1.0,0.0,3.4,0.0,0.7,21.3,234.0,64.4,491.15,0.35,45.1,7.4,53.0,20.0,20.0,109.0,0.12,0.12,520.0,0.34,2.5,1.47,1.0,1525.268409,0,240.0,7.330581086941035,-40.0,42.5,240.0,0.24999999895833333,0.49999999791666666,62.62499973958332,41.414999828125,0.6019319434627216,0.3980680469255907,-17.38,1.3000000000000007,18.68,-15198.7766372391,1.8749995854587411,0.09428089304974734,0.03719103716955934,0.0007489234179059888,51.39595282512498,2.8267720185752845,167.08683576414904
0.8,8.485281374,4.5254834,180.0,15.0,125.0,1.6,144.0,2.62,700.0,148.0,1693.0,0.22,159.0,2.33,1.0,0.0,3.4,0.0,0.7,21.3,234.0,64.4,491.15,0.35,45.1,7.4,53.0,20.0,20.0,109.0,0.12,0.12,520.0,0.34,2.5,1.47,1.0,2392.602591,0,30.0,7.7805548702494916,-55.0,35.0,30.0,1.9999999333333356,0.4999999833333339,62.62499791666673,360.17998800000044,0.1481179263597707,0.8518820712750726,-17.38,1.3000000000000007,18.68,-16580.483604260833,1.8749995854587411,0.09428089304974734,0.03719103716955934,0.0007489234179059888,51.39595282512498,2.8267720185752845,167.08683576414904
0.8,8.485281374,4.5254834,100.0,15.0,100.0,1.6,144.0,2.62,700.0,148.0,1693.0,0.22,159.0,2.33,1.0,0.0,3.4,0.0,0.7,21.3,234.0,64.4,491.15,0.35,45.1,7.4,53.0,20.0,20.0,109.0,0.12,0.12,520.0,0.34,2.5,1.47,1.0,8606.917054,0,30.0,9.060437646435066,0.0,50.0,30.0,1.9999999333333356,0.4999999833333339,50.09999833333338,200.09999333333357,0.20023980736114538,0.7997601886420519,-17.38,1.3000000000000007,18.68,-9211.37978014491,1.8749995854587411,0.09428089304974734,0.03719103716955934,0.0007489234179059888,51.39595282512498,2.8267720185752845,167.08683576414904
0.8,8.485281374,4.5254834,100.0,38.65,100.0,1.6,144.0,2.62,700.0,148.0,1693.0,0.22,159.0,2.33,1.0,0.0,3.4,0.0,0.7,21.3,234.0,64.4,491.15,0.35,45.1,7.4,53.0,20.0,20.0,109.0,0.12,0.12,520.0,0.34,2.5,1.47,1.0,6626.944478,0,30.0,8.799050001625428,0.0,50.0,30.0,1.9999999333333356,1.2883332903888902,128.933329038889,200.09999333333357,0.3918549273899281,0.608145069570866,-17.38,1.3000000000000007,18.68,-9211.37978014491,1.8749995854587411,0.09428089304974734,0.03719103716955934,0.0007489234179059888,51.39595282512498,2.8267720185752845,167.08683576414904
0.8,8.485281374,4.5254834,100.0,20.0,100.0,1.6,144.0,2.62,700.0,148.0,1693.0,0.22,159.0,2.33,1.0,0.0,3.4,0.0,0.7,21.3,234.0,64.4,491.15,0.35,45.1,7.4,53.0,20.0,20.0,109.0,0.12,0.12,520.0,0.34,2.5,1.47,1.0,7949.494964,0,40.0,8.98098946533297,0.0,50.0,40.0,1.4999999625000011,0.49999998750000035,50.09999875000003,150.0999962500001,0.250249749005989,0.749750245999006,-17.38,1.3000000000000007,18.68,-9211.37978014491,1.8749995854587411,0.09428089304974734,0.03719103716955934,0.0007489234179059888,51.39595282512498,2.8267720185752845,167.08683576414904
0.8,8.485281374,4.5254834,100.0,47.3,100.0,1.6,144.0,2.62,700.0,148.0,1693.0,0.22,159.0,2.33,1.0,0.0,3.4,0.0,0.7,21.3,234.0,64.4,491.15,0.35,45.1,7.4,53.0,20.0,20.0,109.0,0.12,0.12,520.0,0.34,2.5,1.47,1.0,6267.399467,0,40.0,8.743276332619384,0.0,50.0,40.0,1.4999999625000011,1.1824999704375008,118.34999704375007,150.0999962500001,0.44086421888408067,0.5591357773908309,-17.38,1.3000000000000007,18.68,-9211.37978014491,1.8749995854587411,0.09428089304974734,0.03719103716955934,0.0007489234179059888,51.39595282512498,2.8267720185752845,167.08683576414904
0.8,8.485281374,4.5254834,100.0,79.6,100.0,1.6,144.0,2.62,700.0,148.0,1693.0,0.22,159.0,2.33,1.0,0.0,3.4,0.0,0.7,21.3,234.0,64.4,491.15,0.35,45.1,7.4,53.0,20.0,20.0,109.0,0.12,0.12,520.0,0.34,2.5,1.47,1.0,5428.149922,0,50.0,8.599537848554554,0.0,50.0,50.0,1.1999999760000006,1.5919999681600006,159.29999681600003,120.09999760000005,0.5701503200771978,0.42984967634370413,-17.38,1.3000000000000007,18.68,-9211.37978014491,1.8749995854587411,0.09428089304974734,0.03719103716955934,0.0007489234179059888,51.39595282512498,2.8267720185752845,167.08683576414904
0.8,8.485281374,4.5254834,100.0,30.0,100.0,1.6,144.0,2.62,700.0,148.0,1693.0,0.22,159.0,2.33,1.0,0.0,3.4,0.0,0.7,21.3,234.0,64.4,491.15,0.35,45.1,7.4,53.0,20.0,20.0,109.0,0.12,0.12,520.0,0.34,2.5,1.47,1.0,7107.275213,0,60.0,8.869014907292575,0.0,50.0,60.0,0.9999999833333336,0.4999999916666668,50.09999916666668,100.09999833333336,0.33355525743674797,0.6664447359054623,-17.38,1.3000000000000007,18.68,-9211.37978014491,1.8749995854587411,0.09428089304974734,0.03719103716955934,0.0007489234179059888,51.39595282512498,2.8267720185752845,167.08683576414904
0.8,8.485281374,4.5254834,100.0,40.0,100.0,1.6,144.0,2.62,700.0,148.0,1693.0,0.22,159.0,2.33,1.0,0.0,3.4,0.0,0.7,21.3,234.0,64.4,491.15,0.35,45.1,7.4,53.0,20.0,20.0,109.0,0.12,0.12,520.0,0.34,2.5,1.47,1.0,6564.400256,0,80.0,8.789568753042921,0.0,50.0,80.0,0.7499999906250001,0.4999999937500001,50.099999375,75.09999906250002,0.40015974121477516,0.5998402507980043,-17.38,1.3000000000000007,18.68,-9211.37978014491,1.8749995854587411,0.09428089304974734,0.03719103716955934,0.0007489234179059888,51.39595282512498,2.8267720185752845,167.08683576414904
0.8,8.485281374,4.5254834,100.0,47.3,100.0,1.6,144.0,2.62,700.0,148.0,1693.0,0.22,159.0,2.33,1.0,0.0,3.4,0.0,0.7,21.3,234.0,64.4,491.15,0.35,45.1,7.4,53.0,20.0,20.0,109.0,0.12,0.12,520.0,0.34,2.5,1.47,1.0,6267.399467,0,80.0,8.743276332619384,0.0,50.0,80.0,0.7499999906250001,0.591249992609375,59.22499926093751,75.09999906250002,0.44090824164704623,0.5590917509083233,-17.38,1.3000000000000007,18.68,-9211.37978014491,1.8749995854587411,0.09428089304974734,0.03719103716955934,0.0007489234179059888,51.39595282512498,2.8267720185752845,167.08683576414904
0.8,8.485281374,4.5254834,100.0,70.0,100.0,1.6,144.0,2.62,700.0,148.0,1693.0,0.22,159.0,2.33,1.0,0.0,3.4,0.0,0.7,21.3,234.0,64.4,491.15,0.35,45.1,7.4,53.0,20.0,20.0,109.0,0.12,0.12,520.0,0.34,2.5,1.47,1.0,5624.293095,0,90.0,8.63502833149294,0.0,50.0,90.0,0.6666666592592594,0.7777777691358025,77.87777691358025,66.76666592592593,0.5384083539357478,0.46159163915074775,-17.38,1.3000000000000007,18.68,-9211.37978014491,1.8749995854587411,0.09428089304974734,0.03719103716955934,0.0007489234179059888,51.39595282512498,2.8267720185752845,167.08683576414904
0.8,8.485281374,4.5254834,100.0,70.0,100.0,1.6,144.0,2.62,700.0,148.0,1693.0,0.22,159.0,2.33,1.0,0.0,3.4,0.0,0.7,21.3,234.0,64.4,491.15,0.35,45.1,7.4,53.0,20.0,20.0,109.0,0.12,0.12,520.0,0.34,2.5,1.47,1.0,5624.293095,0,100.0,8.63502833149294,0.0,50.0,100.0,0.599999994,0.699999993,70.09999930000001,60.0999994,0.5384024536215111,0.4615975386979974,-17.38,1.3000000000000007,18.68,-9211.37978014491,1.8749995854587411,0.09428089304974734,0.03719103716955934,0.0007489234179059888,51.39595282512498,2.8267720185752845,167.08683576414904
0.8,8.485281374,4.5254834,100.0,60.0,100.0,1.6,144.0,2.62,700.0,148.0,1693.0,0.22,159.0,2.33,1.0,0.0,3.4,0.0,0.7,21.3,234.0,64.4,491.15,0.35,45.1,7.4,53.0,20.0,20.0,109.0,0.12,0.12,520.0,0.34,2.5,1.47,1.0,5868.926195,0,120.0,8.677597339489266,0.0,50.0,120.0,0.4999999958333334,0.4999999958333334,50.09999958333333,50.09999958333333,0.49999999500998005,0.49999999500998005,-17.38,1.3000000000000007,18.68,-9211.37978014491,1.8749995854587411,0.09428089304974734,0.03719103716955934,0.0007489234179059888,51.39595282512498,2.8267720185752845,167.08683576414904
0.8,8.485281374,4.5254834,100.0,70.0,100.0,1.6,144.0,2.62,700.0,148.0,1693.0,0.22,159.0,2.33,1.0,0.0,3.4,0.0,0.7,21.3,234.0,64.4,491.15,0.35,45.1,7.4,53.0,20.0,20.0,109.0,0.12,0.12,520.0,0.34,2.5,1.47,1.0,5624.293095,0,140.0,8.63502833149294,0.0,50.0,140.0,0.4285714255102041,0.49999999642857146,50.09999964285714,42.95714255102041,0.5383788704804484,0.4616211187734663,-17.38,1.3000000000000007,18.68,-9211.37978014491,1.8749995854587411,0.09428089304974734,0.03719103716955934,0.0007489234179059888,51.39595282512498,2.8267720185752845,167.08683576414904
0.8,8.485281374,4.5254834,100.0,120.0,100.0,1.6,144.0,2.62,700.0,148.0,1693.0,0.22,159.0,2.33,1.0,0.0,3.4,0.0,0.7,21.3,234.0,64.4,491.15,0.35,45.1,7.4,53.0,20.0,20.0,109.0,0.12,0.12,520.0,0.34,2.5,1.47,1.0,4846.343169,0,240.0,8.486186033627991,0.0,50.0,240.0,0.24999999895833333,0.49999999791666666,50.09999979166666,25.09999989583333,0.6662233953941235,0.33377659130800436,-17.38,1.3000000000000007,18.68,-9211.37978014491,1.8749995854587411,0.09428089304974734,0.03719103716955934,0.0007489234179059888,51.39595282512498,2.8267720185752845,167.08683576414904
0.8,8.485281374,4.5254834,100.0,310.0,100.0,1.6,144.0,2.62,700.0,148.0,1693.0,0.22,159.0,2.33,1.0,0.0,3.4,0.0,0.7,21.3,234.0,64.4,491.15,0.35,45.1,7.4,53.0,20.0,20.0,109.0,0.12,0.12,520.0,0.34,2.5,1.47,1.0,3728.807157,0,720.0,8.22411181076515,0.0,50.0,720.0,0.08333333321759259,0.4305555549575617,43.15555549575617,8.433333321759259,0.8365280906103939,0.1634718900055876,-17.38,1.3000000000000007,18.68,-9211.37978014491,1.8749995854587411,0.09428089304974734,0.03719103716955934,0.0007489234179059888,51.39595282512498,2.8267720185752845,167.08683576414904
0.8,8.485281374,4.5254834,100.0,11.0,100.0,1.6,144.0,2.62,700.0,148.0,1693.0,0.22,159.0,2.33,1.0,0.0,3.4,0.0,0.7,21.3,234.0,64.4,491.15,0.35,45.1,7.4,53.0,20.0,20.0,109.0,0.12,0.12,520.0,0.34,2.5,1.47,1.0,9376.728984,1,,9.14609290010633,0.0,50.0,,,,0.1,142.9571394557824,0.0006990213818156743,0.9993009716279706,-17.38,1.3000000000000007,18.68,-9211.37978014491,1.8749995854587411,0.09428089304974734,0.03719103716955934,0.0007489234179059888,51.39595282512498,2.8267720185752845,167.08683576414904
0.8,8.485281374,4.5254834,100.0,31.0,100.0,1.6,144.0,2.62,700.0,148.0,1693.0,0.22,159.0,2.33,1.0,0.0,3.4,0.0,0.7,21.3,234.0,64.4,491.15,0.35,45.1,7.4,53.0,20.0,20.0,109.0,0.12,0.12,520.0,0.34,2.5,1.47,1.0,7043.198422,1,,8.859959638157463,0.0,50.0,,,,0.1,142.9571394557824,0.0006990213818156743,0.9993009716279706,-17.38,1.3000000000000007,18.68,-9211.37978014491,1.8749995854587411,0.09428089304974734,0.03719103716955934,0.0007489234179059888,51.39595282512498,2.8267720185752845,167.08683576414904
0.8,8.485281374,4.5254834,100.0,61.0,100.0,1.6,144.0,2.62,700.0,148.0,1693.0,0.22,159.0,2.33,1.0,0.0,3.4,0.0,0.7,21.3,234.0,64.4,491.15,0.35,45.1,7.4,53.0,20.0,20.0,109.0,0.12,0.12,520.0,0.34,2.5,1.47,1.0,5842.193308,1,,8.67303272569707,0.0,50.0,,,,0.1,142.9571394557824,0.0006990213818156743,0.9993009716279706,-17.38,1.3000000000000007,18.68,-9211.37978014491,1.8749995854587411,0.09428089304974734,0.03719103716955934,0.0007489234179059888,51.39595282512498,2.8267720185752845,167.08683576414904
0.8,8.485281374,4.5254834,125.0,44.8,100.0,1.6,144.0,2.62,700.0,148.0,1693.0,0.22,159.0,2.33,1.0,0.0,3.4,0.0,0.7,21.3,234.0,64.4,491.15,0.35,45.1,7.4,53.0,20.0,20.0,109.0,0.12,0.12,520.0,0.34,2.5,1.47,1.0,4627.529663,0,40.0,8.43999452925847,-25.0,37.5,40.0,1.4999999625000011,1.1199999720000007,112.09999720000006,187.62499531250012,0.3740095074698029,0.6259904891938053,-17.38,1.3000000000000007,18.68,-11514.224725181137,1.8749995854587411,0.09428089304974734,0.03719103716955934,0.0007489234179059888,51.39595282512498,2.8267720185752845,167.08683576414904
0.8,8.485281374,4.5254834,75.0,44.8,75.0,1.6,144.0,2.62,700.0,148.0,1693.0,0.22,159.0,2.33,1.0,0.0,3.4,0.0,0.7,21.3,234.0,64.4,491.15,0.35,45.1,7.4,53.0,20.0,20.0,109.0,0.12,0.12,520.0,0.34,2.5,1.47,1.0,15892.42933,0,40.0,9.673661053111605,0.0,37.5,40.0,1.4999999625000011,1.1199999720000007,84.07499790000004,112.57499718750007,0.4275362297113425,0.5724637652034807,-17.38,1.3000000000000007,18.68,-6908.534835108682,1.8749995854587411,0.09428089304974734,0.03719103716955934,0.0007489234179059888,51.39595282512498,2.8267720185752845,167.08683576414904
0.8,8.485281374,4.5254834,60.0,16.0,60.0,1.6,144.0,2.62,700.0,148.0,1693.0,0.22,159.0,2.33,1.0,0.0,3.4,0.0,0.7,21.3,234.0,64.4,491.15,0.35,45.1,7.4,53.0,20.0,20.0,109.0,0.12,0.12,520.0,0.34,2.5,1.47,1.0,40771.82605,0,40.0,10.615771110310675,0.0,30.0,40.0,1.4999999625000011,0.39999999000000025,24.059999400000017,90.05999775000006,0.2108307026817105,0.7891692885555835,-17.38,1.3000000000000007,18.68,-5526.827868086944,1.8749995854587411,0.09428089304974734,0.03719103716955934,0.0007489234179059888,51.39595282512498,2.8267720185752845,167.08683576414904
0.8,8.485281374,4.5254834,140.0,16.0,100.0,1.6,144.0,2.62,700.0,148.0,1693.0,0.22,159.0,2.33,1.0,0.0,3.4,0.0,0.7,21.3,234.0,64.4,491.15,0.35,45.1,7.4,53.0,20.0,20.0,109.0,0.12,0.12,520.0,0.34,2.5,1.47,1.0,5231.663814,0,40.0,8.56267576085351,-40.0,30.0,40.0,1.4999999625000011,0.39999999000000025,40.099999000000025,210.13999475000014,0.16024616304864273,0.8397538329551936,-17.38,1.3000000000000007,18.68,-12895.931692202872,1.8749995854587411,0.09428089304974734,0.03719103716955934,0.0007489234179059888,51.39595282512498,2.8267720185752845,167.08683576414904
0.8,8.485281374,4.5254834,150.0,25.0,125.0,1.6,144.0,2.62,700.0,148.0,1693.0,0.22,159.0,2.33,1.0,0.0,3.4,0.0,0.7,21.3,234.0,64.4,491.15,0.35,45.1,7.4,53.0,20.0,20.0,109.0,0.12,0.12,520.0,0.34,2.5,1.47,1.0,2694.982254,0,40.0,7.89951788966632,-25.0,50.0,40.0,1.4999999625000011,0.6249999843750005,78.24999804687506,225.14999437500015,0.2579103485281527,0.7420896481758684,-17.38,1.3000000000000007,18.68,-13817.069670217365,1.8749995854587411,0.09428089304974734,0.03719103716955934,0.0007489234179059888,51.39595282512498,2.8267720185752845,167.08683576414904
0.8,8.485281374,4.5254834,100.0,15.0,60.0,1.6,144.0,2.62,700.0,148.0,1693.0,0.22,159.0,2.33,1.0,0.0,3.4,0.0,0.7,21.3,234.0,64.4,491.15,0.35,45.1,7.4,53.0,20.0,20.0,109.0,0.12,0.12,520.0,0.34,2.5,1.47,1.0,20026.8327,0,30.0,9.904878220109573,-40.0,10.0,30.0,1.9999999333333356,0.4999999833333339,30.05999900000003,200.09999333333357,0.1306047961014018,0.8693951995537945,-17.38,1.3000000000000007,18.68,-9211.37978014491,1.8749995854587411,0.09428089304974734,0.03719103716955934,0.0007489234179059888,51.39595282512498,2.8267720185752845,167.08683576414904
0.8,8.485281374,4.5254834,165.0,30.0,125.0,1.6,144.0,2.62,700.0,148.0,1693.0,0.22,159.0,2.33,1.0,0.0,0.0,0.0,0.7,22.6,228.0,62.9,500.15,0.37,34.0,7.31,32.2,20.0,20.0,109.0,0.12,0.12,520.0,0.34,2.5,1.47,1.0,323.6491101,0,60.0,5.7827449378449325,-40.0,42.5,60.0,0.9999999833333336,0.4999999916666668,62.62499895833334,165.16499725000006,0.27492427115251,0.7250757244574816,-17.38,2.6000000000000014,19.98,-15198.7766372391,1.8749995854587411,0.09428089304974734,0.037739698059771704,0.0007489234179059888,39.392840467106396,2.8267720185752845,167.08683576414904
0.8,8.485281374,4.5254834,165.0,21.0,125.0,1.6,144.0,2.62,700.0,148.0,1693.0,0.22,159.0,2.33,1.0,0.0,0.0,0.0,0.7,22.6,228.0,62.9,500.15,0.37,34.0,7.31,32.2,20.0,20.0,109.0,0.12,0.12,520.0,0.34,2.5,1.47,1.0,2564.215187,0,42.0,7.8497976476532525,-40.0,42.5,42.0,1.428571394557824,0.49999998809523843,62.6249985119048,235.87928010204095,0.20979598213096787,0.7902040145189964,-17.38,2.6000000000000014,19.98,-15198.7766372391,1.8749995854587411,0.09428089304974734,0.037739698059771704,0.0007489234179059888,39.392840467106396,2.8267720185752845,167.08683576414904
0.8,8.485281374,4.5254834,165.0,120.0,125.0,1.6,144.0,2.62,700.0,148.0,1693.0,0.22,159.0,2.33,1.0,0.0,0.0,0.0,0.7,22.6,228.0,62.9,500.15,0.37,34.0,7.31,32.2,20.0,20.0,109.0,0.12,0.12,520.0,0.34,2.5,1.47,1.0,1584.461085,0,240.0,7.368630549369396,-40.0,42.5,240.0,0.24999999895833333,0.49999999791666666,62.62499973958332,41.414999828125,0.6019319434627216,0.3980680469255907,-17.38,2.6000000000000014,19.98,-15198.7766372391,1.8749995854587411,0.09428089304974734,0.037739698059771704,0.0007489234179059888,39.392840467106396,2.8267720185752845,167.08683576414904
0.8,8.485281374,4.5254834,180.0,15.0,125.0,1.6,144.0,2.62,700.0,148.0,1693.0,0.22,159.0,2.33,1.0,0.0,0.0,0.0,0.7,22.6,228.0,62.9,500.15,0.37,34.0,7.31,32.2,20.0,20.0,109.0,0.12,0.12,520.0,0.34,2.5,1.47,1.0,2485.454806,0,30.0,7.818613202240567,-55.0,35.0,30.0,1.9999999333333356,0.4999999833333339,62.62499791666673,360.17998800000044,0.1481179263597707,0.8518820712750726,-17.38,2.6000000000000014,19.98,-16580.483604260833,1.8749995854587411,0.09428089304974734,0.037739698059771704,0.0007489234179059888,39.392840467106396,2.8267720185752845,167.08683576414904
0.8,8.485281374,4.5254834,100.0,15.0,100.0,1.6,144.0,2.62,700.0,148.0,1693.0,0.22,159.0,2.33,1.0,0.0,0.0,0.0,0.7,22.6,228.0,62.9,500.15,0.37,34.0,7.31,32.2,20.0,20.0,109.0,0.12,0.12,520.0,0.34,2.5,1.47,1.0,8940.934625,0,30.0,9.098507245762951,0.0,50.0,30.0,1.9999999333333356,0.4999999833333339,50.09999833333338,200.09999333333357,0.20023980736114538,0.7997601886420519,-17.38,2.6000000000000014,19.98,-9211.37978014491,1.8749995854587411,0.09428089304974734,0.037739698059771704,0.0007489234179059888,39.392840467106396,2.8267720185752845,167.08683576414904
0.8,8.485281374,4.5254834,100.0,38.65,100.0,1.6,144.0,2.62,700.0,148.0,1693.0,0.22,159.0,2.33,1.0,0.0,0.0,0.0,0.7,22.6,228.0,62.9,500.15,0.37,34.0,7.31,32.2,20.0,20.0,109.0,0.12,0.12,520.0,0.34,2.5,1.47,1.0,6884.123196,0,30.0,8.837118304394101,0.0,50.0,30.0,1.9999999333333356,1.2883332903888902,128.933329038889,200.09999333333357,0.3918549273899281,0.608145069570866,-17.38,2.6000000000000014,19.98,-9211.37978014491,1.8749995854587411,0.09428089304974734,0.037739698059771704,0.0007489234179059888,39.392840467106396,2.8267720185752845,167.08683576414904
0.8,8.485281374,4.5254834,100.0,20.0,100.0,1.6,144.0,2.62,700.0,148.0,1693.0,0.22,159.0,2.33,1.0,0.0,0.0,0.0,0.7,22.6,228.0,62.9,500.15,0.37,34.0,7.31,32.2,20.0,20.0,109.0,0.12,0.12,520.0,0.34,2.5,1.47,1.0,8257.999274,0,40.0,9.019058705906609,0.0,50.0,40.0,1.4999999625000011,0.49999998750000035,50.09999875000003,150.0999962500001,0.250249749005989,0.749750245999006,-17.38,2.6000000000000014,19.98,-9211.37978014491,1.8749995854587411,0.09428089304974734,0.037739698059771704,0.0007489234179059888,39.392840467106396,2.8267720185752845,167.08683576414904
0.8,8.485281374,4.5254834,100.0,47.3,100.0,1.6,144.0,2.62,700.0,148.0,1693.0,0.22,159.0,2.33,1.0,0.0,0.0,0.0,0.7,22.6,228.0,62.9,500.15,0.37,34.0,7.31,32.2,20.0,20.0,109.0,0.12,0.12,520.0,0.34,2.5,1.47,1.0,6510.624948,0,40.0,8.781344312043435,0.0,50.0,40.0,1.4999999625000011,1.1824999704375008,118.34999704375007,150.0999962500001,0.44086421888408067,0.5591357773908309,-17.38,2.6000000000000014,19.98,-9211.37978014491,1.8749995854587411,0.09428089304974734,0.037739698059771704,0.0007489234179059888,39.392840467106396,2.8267720185752845,167.08683576414904
0.8,8.485281374,4.5254834,100.0,79.6,100.0,1.6,144.0,2.62,700.0,148.0,1693.0,0.22,159.0,2.33,1.0,0.0,0.0,0.0,0.7,22.6,228.0,62.9,500.15,0.37,34.0,7.31,32.2,20.0,20.0,109.0,0.12,0.12,520.0,0.34,2.5,1.47,1.0,5638.805775,0,50.0,8.637604906842398,0.0,50.0,50.0,1.1999999760000006,1.5919999681600006,159.29999681600003,120.09999760000005,0.5701503200771978,0.42984967634370413,-17.38,2.6000000000000014,19.98,-9211.37978014491,1.8749995854587411,0.09428089304974734,0.037739698059771704,0.0007489234179059888,39.392840467106396,2.8267720185752845,167.08683576414904
0.8,8.485281374,4.5254834,100.0,30.0,100.0,1.6,144.0,2.62,700.0,148.0,1693.0,0.22,159.0,2.33,1.0,0.0,0.0,0.0,0.7,22.6,228.0,62.9,500.15,0.37,34.0,7.31,32.2,20.0,20.0,109.0,0.12,0.12,520.0,0.34,2.5,1.47,1.0,7383.094625,0,60.0,8.907083590970567,0.0,50.0,60.0,0.9999999833333336,0.4999999916666668,50.09999916666668,100.09999833333336,0.33355525743674797,0.6664447359054623,-17.38,2.6000000000000014,19.98,-9211.37978014491,1.8749995854587411,0.09428089304974734,0.037739698059771704,0.0007489234179059888,39.392840467106396,2.8267720185752845,167.08683576414904
0.8,8.485281374,4.5254834,100.0,40.0,100.0,1.6,144.0,2.62,700.0,148.0,1693.0,0.22,159.0,2.33,1.0,0.0,0.0,0.0,0.7,22.6,228.0,62.9,500.15,0.37,34.0,7.31,32.2,20.0,20.0,109.0,0.12,0.12,520.0,0.34,2.5,1.47,1.0,6819.151756,0,80.0,8.827637002202847,0.0,50.0,80.0,0.7499999906250001,0.4999999937500001,50.099999375,75.09999906250002,0.40015974121477516,0.5998402507980043,-17.38,2.6000000000000014,19.98,-9211.37978014491,1.8749995854587411,0.09428089304974734,0.037739698059771704,0.0007489234179059888,39.392840467106396,2.8267720185752845,167.08683576414904
0.8,8.485281374,4.5254834,100.0,47.3,100.0,1.6,144.0,2.62,700.0,148.0,1693.0,0.22,159.0,2.33,1.0,0.0,0.0,0.0,0.7,22.6,228.0,62.9,500.15,0.37,34.0,7.31,32.2,20.0,20.0,109.0,0.12,0.12,520.0,0.34,2.5,1.47,1.0,6510.624948,0,80.0,8.781344312043435,0.0,50.0,80.0,0.7499999906250001,0.591249992609375,59.22499926093751,75.09999906250002,0.44090824164704623,0.5590917509083233,-17.38,2.6000000000000014,19.98,-9211.37978014491,1.8749995854587411,0.09428089304974734,0.037739698059771704,0.0007489234179059888,39.392840467106396,2.8267720185752845,167.08683576414904
0.8,8.485281374,4.5254834,100.0,70.0,100.0,1.6,144.0,2.62,700.0,148.0,1693.0,0.22,159.0,2.33,1.0,0.0,0.0,0.0,0.7,22.6,228.0,62.9,500.15,0.37,34.0,7.31,32.2,20.0,20.0,109.0,0.12,0.12,520.0,0.34,2.5,1.47,1.0,5842.56088,0,90.0,8.673095629732561,0.0,50.0,90.0,0.6666666592592594,0.7777777691358025,77.87777691358025,66.76666592592593,0.5384083539357478,0.46159163915074775,-17.38,2.6000000000000014,19.98,-9211.37978014491,1.8749995854587411,0.09428089304974734,0.037739698059771704,0.0007489234179059888,39.392840467106396,2.8267720185752845,167.08683576414904
0.8,8.485281374,4.5254834,100.0,70.0,100.0,1.6,144.0,2.62,700.0,148.0,1693.0,0.22,159.0,2.33,1.0,0.0,0.0,0.0,0.7,22.6,228.0,62.9,500.15,0.37,34.0,7.31,32.2,20.0,20.0,109.0,0.12,0.12,520.0,0.34,2.5,1.47,1.0,5842.56088,0,100.0,8.673095629732561,0.0,50.0,100.0,0.599999994,0.699999993,70.09999930000001,60.0999994,0.5384024536215111,0.4615975386979974,-17.38,2.6000000000000014,19.98,-9211.37978014491,1.8749995854587411,0.09428089304974734,0.037739698059771704,0.0007489234179059888,39.392840467106396,2.8267720185752845,167.08683576414904
0.8,8.485281374,4.5254834,100.0,60.0,100.0,1.6,144.0,2.62,700.0,148.0,1693.0,0.22,159.0,2.33,1.0,0.0,0.0,0.0,0.7,22.6,228.0,62.9,500.15,0.37,34.0,7.31,32.2,20.0,20.0,109.0,0.12,0.12,520.0,0.34,2.5,1.47,1.0,6096.68771,0,120.0,8.715664914364082,0.0,50.0,120.0,0.4999999958333334,0.4999999958333334,50.09999958333333,50.09999958333333,0.49999999500998005,0.49999999500998005,-17.38,2.6000000000000014,19.98,-9211.37978014491,1.8749995854587411,0.09428089304974734,0.037739698059771704,0.0007489234179059888,39.392840467106396,2.8267720185752845,167.08683576414904
0.8,8.485281374,4.5254834,100.0,70.0,100.0,1.6,144.0,2.62,700.0,148.0,1693.0,0.22,159.0,2.33,1.0,0.0,0.0,0.0,0.7,22.6,228.0,62.9,500.15,0.37,34.0,7.31,32.2,20.0,20.0,109.0,0.12,0.12,520.0,0.34,2.5,1.47,1.0,5842.56088,0,140.0,8.673095629732561,0.0,50.0,140.0,0.4285714255102041,0.49999999642857146,50.09999964285714,42.95714255102041,0.5383788704804484,0.4616211187734663,-17.38,2.6000000000000014,19.98,-9211.37978014491,1.8749995854587411,0.09428089304974734,0.037739698059771704,0.0007489234179059888,39.392840467106396,2.8267720185752845,167.08683576414904
0.8,8.485281374,4.5254834,100.0,120.0,100.0,1.6,144.0,2.62,700.0,148.0,1693.0,0.22,159.0,2.33,1.0,0.0,0.0,0.0,0.7,22.6,228.0,62.9,500.15,0.37,34.0,7.31,32.2,20.0,20.0,109.0,0.12,0.12,520.0,0.34,2.5,1.47,1.0,5034.420243,0,240.0,8.52425226601926,0.0,50.0,240.0,0.24999999895833333,0.49999999791666666,50.09999979166666,25.09999989583333,0.6662233953941235,0.33377659130800436,-17.38,2.6000000000000014,19.98,-9211.37978014491,1.8749995854587411,0.09428089304974734,0.037739698059771704,0.0007489234179059888,39.392840467106396,2.8267720185752845,167.08683576414904
0.8,8.485281374,4.5254834,100.0,310.0,100.0,1.6,144.0,2.62,700.0,148.0,1693.0,0.22,159.0,2.33,1.0,0.0,0.0,0.0,0.7,22.6,228.0,62.9,500.15,0.37,34.0,7.31,32.2,20.0,20.0,109.0,0.12,0.12,520.0,0.34,2.5,1.47,1.0,3873.51485,0,720.0,8.262175733949272,0.0,50.0,720.0,0.08333333321759259,0.4305555549575617,43.15555549575617,8.433333321759259,0.8365280906103939,0.1634718900055876,-17.38,2.6000000000000014,19.98,-9211.37978014491,1.8749995854587411,0.09428089304974734,0.037739698059771704,0.0007489234179059888,39.392840467106396,2.8267720185752845,167.08683576414904
0.8,8.485281374,4.5254834,100.0,11.0,100.0,1.6,144.0,2.62,700.0,148.0,1693.0,0.22,159.0,2.33,1.0,0.0,0.0,0.0,0.7,22.6,228.0,62.9,500.15,0.37,34.0,7.31,32.2,20.0,20.0,109.0,0.12,0.12,520.0,0.34,2.5,1.47,1.0,9740.621446,1,,9.184162855676783,0.0,50.0,,,,0.1,142.9571394557824,0.0006990213818156743,0.9993009716279706,-17.38,2.6000000000000014,19.98,-9211.37978014491,1.8749995854587411,0.09428089304974734,0.037739698059771704,0.0007489234179059888,39.392840467106396,2.8267720185752845,167.08683576414904
0.8,8.485281374,4.5254834,100.0,31.0,100.0,1.6,144.0,2.62,700.0,148.0,1693.0,0.22,159.0,2.33,1.0,0.0,0.0,0.0,0.7,22.6,228.0,62.9,500.15,0.37,34.0,7.31,32.2,20.0,20.0,109.0,0.12,0.12,520.0,0.34,2.5,1.47,1.0,7316.531139,1,,8.898028273972088,0.0,50.0,,,,0.1,142.9571394557824,0.0006990213818156743,0.9993009716279706,-17.38,2.6000000000000014,19.98,-9211.37978014491,1.8749995854587411,0.09428089304974734,0.037739698059771704,0.0007489234179059888,39.392840467106396,2.8267720185752845,167.08683576414904
0.8,8.485281374,4.5254834,100.0,61.0,100.0,1.6,144.0,2.62,700.0,148.0,1693.0,0.22,159.0,2.33,1.0,0.0,0.0,0.0,0.7,22.6,228.0,62.9,500.15,0.37,34.0,7.31,32.2,20.0,20.0,109.0,0.12,0.12,520.0,0.34,2.5,1.47,1.0,6068.917373,1,,8.711100271605046,0.0,50.0,,,,0.1,142.9571394557824,0.0006990213818156743,0.9993009716279706,-17.38,2.6000000000000014,19.98,-9211.37978014491,1.8749995854587411,0.09428089304974734,0.037739698059771704,0.0007489234179059888,39.392840467106396,2.8267720185752845,167.08683576414904
0.8,8.485281374,4.5254834,125.0,44.8,100.0,1.6,144.0,2.62,700.0,148.0,1693.0,0.22,159.0,2.33,1.0,0.0,0.0,0.0,0.7,22.6,228.0,62.9,500.15,0.37,34.0,7.31,32.2,20.0,20.0,109.0,0.12,0.12,520.0,0.34,2.5,1.47,1.0,4807.115014,0,40.0,8.478060397309964,-25.0,37.5,40.0,1.4999999625000011,1.1199999720000007,112.09999720000006,187.62499531250012,0.3740095074698029,0.6259904891938053,-17.38,2.6000000000000014,19.98,-11514.224725181137,1.8749995854587411,0.09428089304974734,0.037739698059771704,0.0007489234179059888,39.392840467106396,2.8267720185752845,167.08683576414904
0.8,8.485281374,4.5254834,75.0,44.8,75.0,1.6,144.0,2.62,700.0,148.0,1693.0,0.22,159.0,2.33,1.0,0.0,0.0,0.0,0.7,22.6,228.0,62.9,500.15,0.37,34.0,7.31,32.2,20.0,20.0,109.0,0.12,0.12,520.0,0.34,2.5,1.47,1.0,16509.18335,0,40.0,9.711732642243181,0.0,37.5,40.0,1.4999999625000011,1.1199999720000007,84.07499790000004,112.57499718750007,0.4275362297113425,0.5724637652034807,-17.38,2.6000000000000014,19.98,-6908.534835108682,1.8749995854587411,0.09428089304974734,0.037739698059771704,0.0007489234179059888,39.392840467106396,2.8267720185752845,167.08683576414904
0.8,8.485281374,4.5254834,60.0,16.0,60.0,1.6,144.0,2.62,700.0,148.0,1693.0,0.22,159.0,2.33,1.0,0.0,0.0,0.0,0.7,22.6,228.0,62.9,500.15,0.37,34.0,7.31,32.2,20.0,20.0,109.0,0.12,0.12,520.0,0.34,2.5,1.47,1.0,42354.10066,0,40.0,10.653844133441742,0.0,30.0,40.0,1.4999999625000011,0.39999999000000025,24.059999400000017,90.05999775000006,0.2108307026817105,0.7891692885555835,-17.38,2.6000000000000014,19.98,-5526.827868086944,1.8749995854587411,0.09428089304974734,0.037739698059771704,0.0007489234179059888,39.392840467106396,2.8267720185752845,167.08683576414904
0.8,8.485281374,4.5254834,140.0,16.0,100.0,1.6,144.0,2.62,700.0,148.0,1693.0,0.22,159.0,2.33,1.0,0.0,0.0,0.0,0.7,22.6,228.0,62.9,500.15,0.37,34.0,7.31,32.2,20.0,20.0,109.0,0.12,0.12,520.0,0.34,2.5,1.47,1.0,5434.694426,0,40.0,8.60074256066674,-40.0,30.0,40.0,1.4999999625000011,0.39999999000000025,40.099999000000025,210.13999475000014,0.16024616304864273,0.8397538329551936,-17.38,2.6000000000000014,19.98,-12895.931692202872,1.8749995854587411,0.09428089304974734,0.037739698059771704,0.0007489234179059888,39.392840467106396,2.8267720185752845,167.08683576414904
0.8,8.485281374,4.5254834,150.0,25.0,125.0,1.6,144.0,2.62,700.0,148.0,1693.0,0.22,159.0,2.33,1.0,0.0,0.0,0.0,0.7,22.6,228.0,62.9,500.15,0.37,34.0,7.31,32.2,20.0,20.0,109.0,0.12,0.12,520.0,0.34,2.5,1.47,1.0,2799.56923,0,40.0,7.937577971929948,-25.0,50.0,40.0,1.4999999625000011,0.6249999843750005,78.24999804687506,225.14999437500015,0.2579103485281527,0.7420896481758684,-17.38,2.6000000000000014,19.98,-13817.069670217365,1.8749995854587411,0.09428089304974734,0.037739698059771704,0.0007489234179059888,39.392840467106396,2.8267720185752845,167.08683576414904
0.8,8.485281374,4.5254834,100.0,15.0,60.0,1.6,144.0,2.62,700.0,148.0,1693.0,0.22,159.0,2.33,1.0,0.0,0.0,0.0,0.7,22.6,228.0,62.9,500.15,0.37,34.0,7.31,32.2,20.0,20.0,109.0,0.12,0.12,520.0,0.34,2.5,1.47,1.0,20804.0348,0,30.0,9.94295029409048,-40.0,10.0,30.0,1.9999999333333356,0.4999999833333339,30.05999900000003,200.09999333333357,0.1306047961014018,0.8693951995537945,-17.38,2.6000000000000014,19.98,-9211.37978014491,1.8749995854587411,0.09428089304974734,0.037739698059771704,0.0007489234179059888,39.392840467106396,2.8267720185752845,167.08683576414904
0.8,7.810249676,6.403124237,165.0,30.0,125.0,2.3,60.0,7.7,779.0,36.0,2345.15,0.23,360.0,3.89,2.0,3.0,3.9,0.5,0.6,20.7,232.0,58.0,490.15,0.307,41.6,7.37,50.0,14.0,45.0,872.5,0.8,0.4,393.15,0.16,28.5,1.585,2.0,3248.014341,0,60.0,8.086106949632889,-40.0,42.5,60.0,0.9999999833333336,0.4999999916666668,62.62499895833334,165.16499725000006,0.27492427115251,0.7250757244574816,-6.3,6.699999999999999,13.0,-3528.359208258149,1.219755882778777,0.10242949083034016,0.03392130255818012,0.0005784892387779493,45.92868688117719,29.248738455728184,380.1072958427876
0.8,7.810249676,6.403124237,165.0,21.0,125.0,2.3,60.0,7.7,779.0,36.0,2345.15,0.23,360.0,3.89,2.0,3.0,3.9,0.5,0.6,20.7,232.0,58.0,490.15,0.307,41.6,7.37,50.0,14.0,45.0,872.5,0.8,0.4,393.15,0.16,28.5,1.585,2.0,3584.279427,0,42.0,8.184591693371468,-40.0,42.5,42.0,1.428571394557824,0.49999998809523843,62.6249985119048,235.87928010204095,0.20979598213096787,0.7902040145189964,-6.3,6.699999999999999,13.0,-3528.359208258149,1.219755882778777,0.10242949083034016,0.03392130255818012,0.0005784892387779493,45.92868688117719,29.248738455728184,380.1072958427876
0.8,7.810249676,6.403124237,165.0,120.0,125.0,2.3,60.0,7.7,779.0,36.0,2345.15,0.23,360.0,3.89,2.0,3.0,3.9,0.5,0.6,20.7,232.0,58.0,490.15,0.307,41.6,7.37,50.0,14.0,45.0,872.5,0.8,0.4,393.15,0.16,28.5,1.585,2.0,2214.771715,0,240.0,7.7033560258638385,-40.0,42.5,240.0,0.24999999895833333,0.49999999791666666,62.62499973958332,41.414999828125,0.6019319434627216,0.3980680469255907,-6.3,6.699999999999999,13.0,-3528.359208258149,1.219755882778777,0.10242949083034016,0.03392130255818012,0.0005784892387779493,45.92868688117719,29.248738455728184,380.1072958427876
0.8,7.810249676,6.403124237,180.0,15.0,125.0,2.3,60.0,7.7,779.0,36.0,2345.15,0.23,360.0,3.89,2.0,3.0,3.9,0.5,0.6,20.7,232.0,58.0,490.15,0.307,41.6,7.37,50.0,14.0,45.0,872.5,0.8,0.4,393.15,0.16,28.5,1.585,2.0,3474.187569,0,30.0,8.153403733232851,-55.0,35.0,30.0,1.9999999333333356,0.4999999833333339,62.62499791666673,360.17998800000044,0.1481179263597707,0.8518820712750726,-6.3,6.699999999999999,13.0,-3849.1191362816166,1.219755882778777,0.10242949083034016,0.03392130255818012,0.0005784892387779493,45.92868688117719,29.248738455728184,380.1072958427876
0.8,7.810249676,6.403124237,100.0,15.0,100.0,2.3,60.0,7.7,779.0,36.0,2345.15,0.23,360.0,3.89,2.0,3.0,3.9,0.5,0.6,20.7,232.0,58.0,490.15,0.307,41.6,7.37,50.0,14.0,45.0,872.5,0.8,0.4,393.15,0.16,28.5,1.585,2.0,12497.7062,0,30.0,9.433380413933483,0.0,50.0,30.0,1.9999999333333356,0.4999999833333339,50.09999833333338,200.09999333333357,0.20023980736114538,0.7997601886420519,-6.3,6.699999999999999,13.0,-2138.399520156454,1.219755882778777,0.10242949083034016,0.03392130255818012,0.0005784892387779493,45.92868688117719,29.248738455728184,380.1072958427876
0.8,7.810249676,6.403124237,100.0,38.65,100.0,2.3,60.0,7.7,779.0,36.0,2345.15,0.23,360.0,3.89,2.0,3.0,3.9,0.5,0.6,20.7,232.0,58.0,490.15,0.307,41.6,7.37,50.0,14.0,45.0,872.5,0.8,0.4,393.15,0.16,28.5,1.585,2.0,9622.67959,0,30.0,9.171981964290653,0.0,50.0,30.0,1.9999999333333356,1.2883332903888902,128.933329038889,200.09999333333357,0.3918549273899281,0.608145069570866,-6.3,6.699999999999999,13.0,-2138.399520156454,1.219755882778777,0.10242949083034016,0.03392130255818012,0.0005784892387779493,45.92868688117719,29.248738455728184,380.1072958427876
0.8,7.810249676,6.403124237,100.0,20.0,100.0,2.3,60.0,7.7,779.0,36.0,2345.15,0.23,360.0,3.89,2.0,3.0,3.9,0.5,0.6,20.7,232.0,58.0,490.15,0.307,41.6,7.37,50.0,14.0,45.0,872.5,0.8,0.4,393.15,0.16,28.5,1.585,2.0,11543.09399,0,40.0,9.353929242312454,0.0,50.0,40.0,1.4999999625000011,0.49999998750000035,50.09999875000003,150.0999962500001,0.250249749005989,0.749750245999006,-6.3,6.699999999999999,13.0,-2138.399520156454,1.219755882778777,0.10242949083034016,0.03392130255818012,0.0005784892387779493,45.92868688117719,29.248738455728184,380.1072958427876
0.8,7.810249676,6.403124237,100.0,47.3,100.0,2.3,60.0,7.7,779.0,36.0,2345.15,0.23,360.0,3.89,2.0,3.0,3.9,0.5,0.6,20.7,232.0,58.0,490.15,0.307,41.6,7.37,50.0,14.0,45.0,872.5,0.8,0.4,393.15,0.16,28.5,1.585,2.0,9100.600908,0,40.0,9.116205600988181,0.0,50.0,40.0,1.4999999625000011,1.1824999704375008,118.34999704375007,150.0999962500001,0.44086421888408067,0.5591357773908309,-6.3,6.699999999999999,13.0,-2138.399520156454,1.219755882778777,0.10242949083034016,0.03392130255818012,0.0005784892387779493,45.92868688117719,29.248738455728184,380.1072958427876
0.8,7.810249676,6.403124237,100.0,79.6,100.0,2.3,60.0,7.7,779.0,36.0,2345.15,0.23,360.0,3.89,2.0,3.0,3.9,0.5,0.6,20.7,232.0,58.0,490.15,0.307,41.6,7.37,50.0,14.0,45.0,872.5,0.8,0.4,393.15,0.16,28.5,1.585,2.0,7881.965458,0,50.0,8.97245943921598,0.0,50.0,50.0,1.1999999760000006,1.5919999681600006,159.29999681600003,120.09999760000005,0.5701503200771978,0.42984967634370413,-6.3,6.699999999999999,13.0,-2138.399520156454,1.219755882778777,0.10242949083034016,0.03392130255818012,0.0005784892387779493,45.92868688117719,29.248738455728184,380.1072958427876
0.8,7.810249676,6.403124237,100.0,30.0,100.0,2.3,60.0,7.7,779.0,36.0,2345.15,0.23,360.0,3.89,2.0,3.0,3.9,0.5,0.6,20.7,232.0,58.0,490.15,0.307,41.6,7.37,50.0,14.0,45.0,872.5,0.8,0.4,393.15,0.16,28.5,1.585,2.0,10320.14564,0,60.0,9.241950044502126,0.0,50.0,60.0,0.9999999833333336,0.4999999916666668,50.09999916666668,100.09999833333336,0.33355525743674797,0.6664447359054623,-6.3,6.699999999999999,13.0,-2138.399520156454,1.219755882778777,0.10242949083034016,0.03392130255818012,0.0005784892387779493,45.92868688117719,29.248738455728184,380.1072958427876
0.8,7.810249676,6.403124237,100.0,40.0,100.0,2.3,60.0,7.7,779.0,36.0,2345.15,0.23,360.0,3.89,2.0,3.0,3.9,0.5,0.6,20.7,232.0,58.0,490.15,0.307,41.6,7.37,50.0,14.0,45.0,872.5,0.8,0.4,393.15,0.16,28.5,1.585,2.0,9531.862019,0,80.0,9.162500268351275,0.0,50.0,80.0,0.7499999906250001,0.4999999937500001,50.099999375,75.09999906250002,0.40015974121477516,0.5998402507980043,-6.3,6.699999999999999,13.0,-2138.399520156454,1.219755882778777,0.10242949083034016,0.03392130255818012,0.0005784892387779493,45.92868688117719,29.248738455728184,380.1072958427876
0.8,7.810249676,6.403124237,100.0,47.3,100.0,2.3,60.0,7.7,779.0,36.0,2345.15,0.23,360.0,3.89,2.0,3.0,3.9,0.5,0.6,20.7,232.0,58.0,490.15,0.307,41.6,7.37,50.0,14.0,45.0,872.5,0.8,0.4,393.15,0.16,28.5,1.585,2.0,9100.600908,0,80.0,9.116205600988181,0.0,50.0,80.0,0.7499999906250001,0.591249992609375,59.22499926093751,75.09999906250002,0.44090824164704623,0.5590917509083233,-6.3,6.699999999999999,13.0,-2138.399520156454,1.219755882778777,0.10242949083034016,0.03392130255818012,0.0005784892387779493,45.92868688117719,29.248738455728184,380.1072958427876
0.8,7.810249676,6.403124237,100.0,70.0,100.0,2.3,60.0,7.7,779.0,36.0,2345.15,0.23,360.0,3.89,2.0,3.0,3.9,0.5,0.6,20.7,232.0,58.0,490.15,0.307,41.6,7.37,50.0,14.0,45.0,872.5,0.8,0.4,393.15,0.16,28.5,1.585,2.0,8166.775889,0,90.0,9.007951921784437,0.0,50.0,90.0,0.6666666592592594,0.7777777691358025,77.87777691358025,66.76666592592593,0.5384083539357478,0.46159163915074775,-6.3,6.699999999999999,13.0,-2138.399520156454,1.219755882778777,0.10242949083034016,0.03392130255818012,0.0005784892387779493,45.92868688117719,29.248738455728184,380.1072958427876
0.8,7.810249676,6.403124237,100.0,70.0,100.0,2.3,60.0,7.7,779.0,36.0,2345.15,0.23,360.0,3.89,2.0,3.0,3.9,0.5,0.6,20.7,232.0,58.0,490.15,0.307,41.6,7.37,50.0,14.0,45.0,872.5,0.8,0.4,393.15,0.16,28.5,1.585,2.0,8166.775889,0,100.0,9.007951921784437,0.0,50.0,100.0,0.599999994,0.699999993,70.09999930000001,60.0999994,0.5384024536215111,0.4615975386979974,-6.3,6.699999999999999,13.0,-2138.399520156454,1.219755882778777,0.10242949083034016,0.03392130255818012,0.0005784892387779493,45.92868688117719,29.248738455728184,380.1072958427876
0.8,7.810249676,6.403124237,100.0,60.0,100.0,2.3,60.0,7.7,779.0,36.0,2345.15,0.23,360.0,3.89,2.0,3.0,3.9,0.5,0.6,20.7,232.0,58.0,490.15,0.307,41.6,7.37,50.0,14.0,45.0,872.5,0.8,0.4,393.15,0.16,28.5,1.585,2.0,8521.996298,0,120.0,9.050523236168102,0.0,50.0,120.0,0.4999999958333334,0.4999999958333334,50.09999958333333,50.09999958333333,0.49999999500998005,0.49999999500998005,-6.3,6.699999999999999,13.0,-2138.399520156454,1.219755882778777,0.10242949083034016,0.03392130255818012,0.0005784892387779493,45.92868688117719,29.248738455728184,380.1072958427876
0.8,7.810249676,6.403124237,100.0,70.0,100.0,2.3,60.0,7.7,779.0,36.0,2345.15,0.23,360.0,3.89,2.0,3.0,3.9,0.5,0.6,20.7,232.0,58.0,490.15,0.307,41.6,7.37,50.0,14.0,45.0,872.5,0.8,0.4,393.15,0.16,28.5,1.585,2.0,8166.775889,0,140.0,9.007951921784437,0.0,50.0,140.0,0.4285714255102041,0.49999999642857146,50.09999964285714,42.95714255102041,0.5383788704804484,0.4616211187734663,-6.3,6.699999999999999,13.0,-2138.399520156454,1.219755882778777,0.10242949083034016,0.03392130255818012,0.0005784892387779493,45.92868688117719,29.248738455728184,380.1072958427876
0.8,7.810249676,6.403124237,100.0,120.0,100.0,2.3,60.0,7.7,779.0,36.0,2345.15,0.23,360.0,3.89,2.0,3.0,3.9,0.5,0.6,20.7,232.0,58.0,490.15,0.307,41.6,7.37,50.0,14.0,45.0,872.5,0.8,0.4,393.15,0.16,28.5,1.585,2.0,7037.150779,0,240.0,8.859100741209877,0.0,50.0,240.0,0.24999999895833333,0.49999999791666666,50.09999979166666,25.09999989583333,0.6662233953941235,0.33377659130800436,-6.3,6.699999999999999,13.0,-2138.399520156454,1.219755882778777,0.10242949083034016,0.03392130255818012,0.0005784892387779493,45.92868688117719,29.248738455728184,380.1072958427876
0.8,7.810249676,6.403124237,100.0,310.0,100.0,2.3,60.0,7.7,779.0,36.0,2345.15,0.23,360.0,3.89,2.0,3.0,3.9,0.5,0.6,20.7,232.0,58.0,490.15,0.307,41.6,7.37,50.0,14.0,45.0,872.5,0.8,0.4,393.15,0.16,28.5,1.585,2.0,5414.428421,0,720.0,8.597007273756994,0.0,50.0,720.0,0.08333333321759259,0.4305555549575617,43.15555549575617,8.433333321759259,0.8365280906103939,0.1634718900055876,-6.3,6.699999999999999,13.0,-2138.399520156454,1.219755882778777,0.10242949083034016,0.03392130255818012,0.0005784892387779493,45.92868688117719,29.248738455728184,380.1072958427876
0.8,7.810249676,6.403124237,100.0,11.0,100.0,2.3,60.0,7.7,779.0,36.0,2345.15,0.23,360.0,3.89,2.0,3.0,3.9,0.5,0.6,20.7,232.0,58.0,490.15,0.307,41.6,7.37,50.0,14.0,45.0,872.5,0.8,0.4,393.15,0.16,28.5,1.585,2.0,13615.5145,1,,9.519038636526998,0.0,50.0,,,,0.1,142.9571394557824,0.0006990213818156743,0.9993009716279706,-6.3,6.699999999999999,13.0,-2138.399520156454,1.219755882778777,0.10242949083034016,0.03392130255818012,0.0005784892387779493,45.92868688117719,29.248738455728184,380.1072958427876
0.8,7.810249676,6.403124237,100.0,31.0,100.0,2.3,60.0,7.7,779.0,36.0,2345.15,0.23,360.0,3.89,2.0,3.0,3.9,0.5,0.6,20.7,232.0,58.0,490.15,0.307,41.6,7.37,50.0,14.0,45.0,872.5,0.8,0.4,393.15,0.16,28.5,1.585,2.0,10227.10269,1,,9.232894376446714,0.0,50.0,,,,0.1,142.9571394557824,0.0006990213818156743,0.9993009716279706,-6.3,6.699999999999999,13.0,-2138.399520156454,1.219755882778777,0.10242949083034016,0.03392130255818012,0.0005784892387779493,45.92868688117719,29.248738455728184,380.1072958427876
0.8,7.810249676,6.403124237,100.0,61.0,100.0,2.3,60.0,7.7,779.0,36.0,2345.15,0.23,360.0,3.89,2.0,3.0,3.9,0.5,0.6,20.7,232.0,58.0,490.15,0.307,41.6,7.37,50.0,14.0,45.0,872.5,0.8,0.4,393.15,0.16,28.5,1.585,2.0,8483.17871,1,,9.045958379819158,0.0,50.0,,,,0.1,142.9571394557824,0.0006990213818156743,0.9993009716279706,-6.3,6.699999999999999,13.0,-2138.399520156454,1.219755882778777,0.10242949083034016,0.03392130255818012,0.0005784892387779493,45.92868688117719,29.248738455728184,380.1072958427876
0.8,7.810249676,6.403124237,125.0,44.8,100.0,2.3,60.0,7.7,779.0,36.0,2345.15,0.23,360.0,3.89,2.0,3.0,3.9,0.5,0.6,20.7,232.0,58.0,490.15,0.307,41.6,7.37,50.0,14.0,45.0,872.5,0.8,0.4,393.15,0.16,28.5,1.585,2.0,6719.421808,0,40.0,8.81290620059492,-25.0,37.5,40.0,1.4999999625000011,1.1199999720000007,112.09999720000006,187.62499531250012,0.3740095074698029,0.6259904891938053,-6.3,6.699999999999999,13.0,-2672.9994001955674,1.219755882778777,0.10242949083034016,0.03392130255818012,0.0005784892387779493,45.92868688117719,29.248738455728184,380.1072958427876
0.8,7.810249676,6.403124237,75.0,44.8,75.0,2.3,60.0,7.7,779.0,36.0,2345.15,0.23,360.0,3.89,2.0,3.0,3.9,0.5,0.6,20.7,232.0,58.0,490.15,0.307,41.6,7.37,50.0,14.0,45.0,872.5,0.8,0.4,393.15,0.16,28.5,1.585,2.0,23076.66163,0,40.0,10.046620399631351,0.0,37.5,40.0,1.4999999625000011,1.1199999720000007,84.07499790000004,112.57499718750007,0.4275362297113425,0.5724637652034807,-6.3,6.699999999999999,13.0,-1603.7996401173405,1.219755882778777,0.10242949083034016,0.03392130255818012,0.0005784892387779493,45.92868688117719,29.248738455728184,380.1072958427876
0.8,7.810249676,6.403124237,60.0,16.0,60.0,2.3,60.0,7.7,779.0,36.0,2345.15,0.23,360.0,3.89,2.0,3.0,3.9,0.5,0.6,20.7,232.0,58.0,490.15,0.307,41.6,7.37,50.0,14.0,45.0,872.5,0.8,0.4,393.15,0.16,28.5,1.585,2.0,59202.88297,0,40.0,10.98874240943058,0.0,30.0,40.0,1.4999999625000011,0.39999999000000025,24.059999400000017,90.05999775000006,0.2108307026817105,0.7891692885555835,-6.3,6.699999999999999,13.0,-1283.0397120938724,1.219755882778777,0.10242949083034016,0.03392130255818012,0.0005784892387779493,45.92868688117719,29.248738455728184,380.1072958427876
0.8,7.810249676,6.403124237,140.0,16.0,100.0,2.3,60.0,7.7,779.0,36.0,2345.15,0.23,360.0,3.89,2.0,3.0,3.9,0.5,0.6,20.7,232.0,58.0,490.15,0.307,41.6,7.37,50.0,14.0,45.0,872.5,0.8,0.4,393.15,0.16,28.5,1.585,2.0,7596.657067,0,40.0,8.935595198088278,-40.0,30.0,40.0,1.4999999625000011,0.39999999000000025,40.099999000000025,210.13999475000014,0.16024616304864273,0.8397538329551936,-6.3,6.699999999999999,13.0,-2993.7593282190355,1.219755882778777,0.10242949083034016,0.03392130255818012,0.0005784892387779493,45.92868688117719,29.248738455728184,380.1072958427876
0.8,7.810249676,6.403124237,150.0,25.0,125.0,2.3,60.0,7.7,779.0,36.0,2345.15,0.23,360.0,3.89,2.0,3.0,3.9,0.5,0.6,20.7,232.0,58.0,490.15,0.307,41.6,7.37,50.0,14.0,45.0,872.5,0.8,0.4,393.15,0.16,28.5,1.585,2.0,3913.259092,0,40.0,8.27238134198385,-25.0,50.0,40.0,1.4999999625000011,0.6249999843750005,78.24999804687506,225.14999437500015,0.2579103485281527,0.7420896481758684,-6.3,6.699999999999999,13.0,-3207.599280234681,1.219755882778777,0.10242949083034016,0.03392130255818012,0.0005784892387779493,45.92868688117719,29.248738455728184,380.1072958427876
0.8,7.810249676,6.403124237,100.0,15.0,60.0,2.3,60.0,7.7,779.0,36.0,2345.15,0.23,360.0,3.89,2.0,3.0,3.9,0.5,0.6,20.7,232.0,58.0,490.15,0.307,41.6,7.37,50.0,14.0,45.0,872.5,0.8,0.4,393.15,0.16,28.5,1.585,2.0,29080.03756,0,30.0,10.277841610515772,-40.0,10.0,30.0,1.9999999333333356,0.4999999833333339,30.05999900000003,200.09999333333357,0.1306047961014018,0.8693951995537945,-6.3,6.699999999999999,13.0,-2138.399520156454,1.219755882778777,0.10242949083034016,0.03392130255818012,0.0005784892387779493,45.92868688117719,29.248738455728184,380.1072958427876
0.8,7.810249676,6.403124237,165.0,30.0,125.0,3.1,60.0,7.7,779.0,36.0,2345.15,0.23,360.0,3.89,2.0,3.0,3.9,0.5,0.6,20.7,232.0,58.0,490.15,0.307,41.6,7.37,50.0,14.0,45.0,872.5,0.8,0.4,393.15,0.16,28.5,1.585,2.0,3736.0,0,60.0,8.226038429485484,-40.0,42.5,60.0,0.9999999833333336,0.4999999916666668,62.62499895833334,165.16499725000006,0.27492427115251,0.7250757244574816,-6.3,6.699999999999999,13.0,-2618.108525702032,1.219755882778777,0.10242949083034016,0.03392130255818012,0.0005784892387779493,45.92868688117719,29.248738455728184,380.1072958427876
0.8,7.810249676,6.403124237,165.0,30.0,125.0,3.1,60.0,7.7,779.0,36.0,2345.15,0.23,360.0,3.89,2.0,3.0,3.9,0.5,0.6,20.7,232.0,58.0,490.15,0.307,41.6,7.37,50.0,14.0,45.0,872.5,0.8,0.4,393.15,0.16,28.5,1.585,2.0,2940.319573,0,60.0,7.98661359399046,-40.0,42.5,60.0,0.9999999833333336,0.4999999916666668,62.62499895833334,165.16499725000006,0.27492427115251,0.7250757244574816,-6.3,6.699999999999999,13.0,-2618.108525702032,1.219755882778777,0.10242949083034016,0.03392130255818012,0.0005784892387779493,45.92868688117719,29.248738455728184,380.1072958427876
0.8,7.810249676,6.403124237,165.0,21.0,125.0,3.1,60.0,7.7,779.0,36.0,2345.15,0.23,360.0,3.89,2.0,3.0,3.9,0.5,0.6,20.7,232.0,58.0,490.15,0.307,41.6,7.37,50.0,14.0,45.0,872.5,0.8,0.4,393.15,0.16,28.5,1.585,2.0,3244.729193,0,42.0,8.08509531668296,-40.0,42.5,42.0,1.428571394557824,0.49999998809523843,62.6249985119048,235.87928010204095,0.20979598213096787,0.7902040145189964,-6.3,6.699999999999999,13.0,-2618.108525702032,1.219755882778777,0.10242949083034016,0.03392130255818012,0.0005784892387779493,45.92868688117719,29.248738455728184,380.1072958427876
0.8,7.810249676,6.403124237,165.0,120.0,125.0,3.1,60.0,7.7,779.0,36.0,2345.15,0.23,360.0,3.89,2.0,3.0,3.9,0.5,0.6,20.7,232.0,58.0,490.15,0.307,41.6,7.37,50.0,14.0,45.0,872.5,0.8,0.4,393.15,0.16,28.5,1.585,2.0,2004.95932,0,240.0,7.603877689153743,-40.0,42.5,240.0,0.24999999895833333,0.49999999791666666,62.62499973958332,41.414999828125,0.6019319434627216,0.3980680469255907,-6.3,6.699999999999999,13.0,-2618.108525702032,1.219755882778777,0.10242949083034016,0.03392130255818012,0.0005784892387779493,45.92868688117719,29.248738455728184,380.1072958427876
0.8,7.810249676,6.403124237,180.0,15.0,125.0,3.1,60.0,7.7,779.0,36.0,2345.15,0.23,360.0,3.89,2.0,3.0,3.9,0.5,0.6,20.7,232.0,58.0,490.15,0.307,41.6,7.37,50.0,14.0,45.0,872.5,0.8,0.4,393.15,0.16,28.5,1.585,2.0,3145.066688,0,30.0,8.053908281104935,-55.0,35.0,30.0,1.9999999333333356,0.4999999833333339,62.62499791666673,360.17998800000044,0.1481179263597707,0.8518820712750726,-6.3,6.699999999999999,13.0,-2856.1183916749433,1.219755882778777,0.10242949083034016,0.03392130255818012,0.0005784892387779493,45.92868688117719,29.248738455728184,380.1072958427876
0.8,7.810249676,6.403124237,100.0,15.0,100.0,3.1,60.0,7.7,779.0,36.0,2345.15,0.23,360.0,3.89,2.0,3.0,3.9,0.5,0.6,20.7,232.0,58.0,490.15,0.307,41.6,7.37,50.0,14.0,45.0,872.5,0.8,0.4,393.15,0.16,28.5,1.585,2.0,11313.75859,0,30.0,9.333863222444542,0.0,50.0,30.0,1.9999999333333356,0.4999999833333339,50.09999833333338,200.09999333333357,0.20023980736114538,0.7997601886420519,-6.3,6.699999999999999,13.0,-1586.732439819413,1.219755882778777,0.10242949083034016,0.03392130255818012,0.0005784892387779493,45.92868688117719,29.248738455728184,380.1072958427876
0.8,7.810249676,6.403124237,100.0,38.65,100.0,3.1,60.0,7.7,779.0,36.0,2345.15,0.23,360.0,3.89,2.0,3.0,3.9,0.5,0.6,20.7,232.0,58.0,490.15,0.307,41.6,7.37,50.0,14.0,45.0,872.5,0.8,0.4,393.15,0.16,28.5,1.585,2.0,8711.09243,0,30.0,9.072467274060648,0.0,50.0,30.0,1.9999999333333356,1.2883332903888902,128.933329038889,200.09999333333357,0.3918549273899281,0.608145069570866,-6.3,6.699999999999999,13.0,-1586.732439819413,1.219755882778777,0.10242949083034016,0.03392130255818012,0.0005784892387779493,45.92868688117719,29.248738455728184,380.1072958427876
0.8,7.810249676,6.403124237,100.0,20.0,100.0,3.1,60.0,7.7,779.0,36.0,2345.15,0.23,360.0,3.89,2.0,3.0,3.9,0.5,0.6,20.7,232.0,58.0,490.15,0.307,41.6,7.37,50.0,14.0,45.0,872.5,0.8,0.4,393.15,0.16,28.5,1.585,2.0,10449.57984,0,40.0,9.254412742934946,0.0,50.0,40.0,1.4999999625000011,0.49999998750000035,50.09999875000003,150.0999962500001,0.250249749005989,0.749750245999006,-6.3,6.699999999999999,13.0,-1586.732439819413,1.219755882778777,0.10242949083034016,0.03392130255818012,0.0005784892387779493,45.92868688117719,29.248738455728184,380.1072958427876
0.8,7.810249676,6.403124237,100.0,47.3,100.0,3.1,60.0,7.7,779.0,36.0,2345.15,0.23,360.0,3.89,2.0,3.0,3.9,0.5,0.6,20.7,232.0,58.0,490.15,0.307,41.6,7.37,50.0,14.0,45.0,872.5,0.8,0.4,393.15,0.16,28.5,1.585,2.0,8238.471928,0,40.0,9.01669153444213,0.0,50.0,40.0,1.4999999625000011,1.1824999704375008,118.34999704375007,150.0999962500001,0.44086421888408067,0.5591357773908309,-6.3,6.699999999999999,13.0,-1586.732439819413,1.219755882778777,0.10242949083034016,0.03392130255818012,0.0005784892387779493,45.92868688117719,29.248738455728184,380.1072958427876
0.8,7.810249676,6.403124237,100.0,79.6,100.0,3.1,60.0,7.7,779.0,36.0,2345.15,0.23,360.0,3.89,2.0,3.0,3.9,0.5,0.6,20.7,232.0,58.0,490.15,0.307,41.6,7.37,50.0,14.0,45.0,872.5,0.8,0.4,393.15,0.16,28.5,1.585,2.0,7135.281705,0,50.0,8.872947150078199,0.0,50.0,50.0,1.1999999760000006,1.5919999681600006,159.29999681600003,120.09999760000005,0.5701503200771978,0.42984967634370413,-6.3,6.699999999999999,13.0,-1586.732439819413,1.219755882778777,0.10242949083034016,0.03392130255818012,0.0005784892387779493,45.92868688117719,29.248738455728184,380.1072958427876
0.8,7.810249676,6.403124237,100.0,30.0,100.0,3.1,60.0,7.7,779.0,36.0,2345.15,0.23,360.0,3.89,2.0,3.0,3.9,0.5,0.6,20.7,232.0,58.0,490.15,0.307,41.6,7.37,50.0,14.0,45.0,872.5,0.8,0.4,393.15,0.16,28.5,1.585,2.0,9342.485291,0,60.0,9.142434619111592,0.0,50.0,60.0,0.9999999833333336,0.4999999916666668,50.09999916666668,100.09999833333336,0.33355525743674797,0.6664447359054623,-6.3,6.699999999999999,13.0,-1586.732439819413,1.219755882778777,0.10242949083034016,0.03392130255818012,0.0005784892387779493,45.92868688117719,29.248738455728184,380.1072958427876
0.8,7.810249676,6.403124237,100.0,40.0,100.0,3.1,60.0,7.7,779.0,36.0,2345.15,0.23,360.0,3.89,2.0,3.0,3.9,0.5,0.6,20.7,232.0,58.0,490.15,0.307,41.6,7.37,50.0,14.0,45.0,872.5,0.8,0.4,393.15,0.16,28.5,1.585,2.0,8628.878297,0,80.0,9.062985681660537,0.0,50.0,80.0,0.7499999906250001,0.4999999937500001,50.099999375,75.09999906250002,0.40015974121477516,0.5998402507980043,-6.3,6.699999999999999,13.0,-1586.732439819413,1.219755882778777,0.10242949083034016,0.03392130255818012,0.0005784892387779493,45.92868688117719,29.248738455728184,380.1072958427876
0.8,7.810249676,6.403124237,100.0,47.3,100.0,3.1,60.0,7.7,779.0,36.0,2345.15,0.23,360.0,3.89,2.0,3.0,3.9,0.5,0.6,20.7,232.0,58.0,490.15,0.307,41.6,7.37,50.0,14.0,45.0,872.5,0.8,0.4,393.15,0.16,28.5,1.585,2.0,8238.471928,0,80.0,9.01669153444213,0.0,50.0,80.0,0.7499999906250001,0.591249992609375,59.22499926093751,75.09999906250002,0.44090824164704623,0.5590917509083233,-6.3,6.699999999999999,13.0,-1586.732439819413,1.219755882778777,0.10242949083034016,0.03392130255818012,0.0005784892387779493,45.92868688117719,29.248738455728184,380.1072958427876
0.8,7.810249676,6.403124237,100.0,70.0,100.0,3.1,60.0,7.7,779.0,36.0,2345.15,0.23,360.0,3.89,2.0,3.0,3.9,0.5,0.6,20.7,232.0,58.0,490.15,0.307,41.6,7.37,50.0,14.0,45.0,872.5,0.8,0.4,393.15,0.16,28.5,1.585,2.0,7393.111135,0,90.0,8.9084391698137,0.0,50.0,90.0,0.6666666592592594,0.7777777691358025,77.87777691358025,66.76666592592593,0.5384083539357478,0.46159163915074775,-6.3,6.699999999999999,13.0,-1586.732439819413,1.219755882778777,0.10242949083034016,0.03392130255818012,0.0005784892387779493,45.92868688117719,29.248738455728184,380.1072958427876
0.8,7.810249676,6.403124237,100.0,70.0,100.0,3.1,60.0,7.7,779.0,36.0,2345.15,0.23,360.0,3.89,2.0,3.0,3.9,0.5,0.6,20.7,232.0,58.0,490.15,0.307,41.6,7.37,50.0,14.0,45.0,872.5,0.8,0.4,393.15,0.16,28.5,1.585,2.0,7393.111135,0,100.0,8.9084391698137,0.0,50.0,100.0,0.599999994,0.699999993,70.09999930000001,60.0999994,0.5384024536215111,0.4615975386979974,-6.3,6.699999999999999,13.0,-1586.732439819413,1.219755882778777,0.10242949083034016,0.03392130255818012,0.0005784892387779493,45.92868688117719,29.248738455728184,380.1072958427876
0.8,7.810249676,6.403124237,100.0,60.0,100.0,3.1,60.0,7.7,779.0,36.0,2345.15,0.23,360.0,3.89,2.0,3.0,3.9,0.5,0.6,20.7,232.0,58.0,490.15,0.307,41.6,7.37,50.0,14.0,45.0,872.5,0.8,0.4,393.15,0.16,28.5,1.585,2.0,7714.680381,0,120.0,8.951009950280161,0.0,50.0,120.0,0.4999999958333334,0.4999999958333334,50.09999958333333,50.09999958333333,0.49999999500998005,0.49999999500998005,-6.3,6.699999999999999,13.0,-1586.732439819413,1.219755882778777,0.10242949083034016,0.03392130255818012,0.0005784892387779493,45.92868688117719,29.248738455728184,380.1072958427876
0.8,7.810249676,6.403124237,100.0,70.0,100.0,3.1,60.0,7.7,779.0,36.0,2345.15,0.23,360.0,3.89,2.0,3.0,3.9,0.5,0.6,20.7,232.0,58.0,490.15,0.307,41.6,7.37,50.0,14.0,45.0,872.5,0.8,0.4,393.15,0.16,28.5,1.585,2.0,7393.111135,0,140.0,8.9084391698137,0.0,50.0,140.0,0.4285714255102041,0.49999999642857146,50.09999964285714,42.95714255102041,0.5383788704804484,0.4616211187734663,-6.3,6.699999999999999,13.0,-1586.732439819413,1.219755882778777,0.10242949083034016,0.03392130255818012,0.0005784892387779493,45.92868688117719,29.248738455728184,380.1072958427876
0.8,7.810249676,6.403124237,100.0,120.0,100.0,3.1,60.0,7.7,779.0,36.0,2345.15,0.23,360.0,3.89,2.0,3.0,3.9,0.5,0.6,20.7,232.0,58.0,490.15,0.307,41.6,7.37,50.0,14.0,45.0,872.5,0.8,0.4,393.15,0.16,28.5,1.585,2.0,6370.499019,0,240.0,8.759590045685439,0.0,50.0,240.0,0.24999999895833333,0.49999999791666666,50.09999979166666,25.09999989583333,0.6662233953941235,0.33377659130800436,-6.3,6.699999999999999,13.0,-1586.732439819413,1.219755882778777,0.10242949083034016,0.03392130255818012,0.0005784892387779493,45.92868688117719,29.248738455728184,380.1072958427876
0.8,7.810249676,6.403124237,100.0,310.0,100.0,3.1,60.0,7.7,779.0,36.0,2345.15,0.23,360.0,3.89,2.0,3.0,3.9,0.5,0.6,20.7,232.0,58.0,490.15,0.307,41.6,7.37,50.0,14.0,45.0,872.5,0.8,0.4,393.15,0.16,28.5,1.585,2.0,4901.502331,0,720.0,8.497501033542086,0.0,50.0,720.0,0.08333333321759259,0.4305555549575617,43.15555549575617,8.433333321759259,0.8365280906103939,0.1634718900055876,-6.3,6.699999999999999,13.0,-1586.732439819413,1.219755882778777,0.10242949083034016,0.03392130255818012,0.0005784892387779493,45.92868688117719,29.248738455728184,380.1072958427876
0.8,7.810249676,6.403124237,100.0,11.0,100.0,3.1,60.0,7.7,779.0,36.0,2345.15,0.23,360.0,3.89,2.0,3.0,3.9,0.5,0.6,20.7,232.0,58.0,490.15,0.307,41.6,7.37,50.0,14.0,45.0,872.5,0.8,0.4,393.15,0.16,28.5,1.585,2.0,12325.67334,1,,9.419520757646575,0.0,50.0,,,,0.1,142.9571394557824,0.0006990213818156743,0.9993009716279706,-6.3,6.699999999999999,13.0,-1586.732439819413,1.219755882778777,0.10242949083034016,0.03392130255818012,0.0005784892387779493,45.92868688117719,29.248738455728184,380.1072958427876
0.8,7.810249676,6.403124237,100.0,31.0,100.0,3.1,60.0,7.7,779.0,36.0,2345.15,0.23,360.0,3.89,2.0,3.0,3.9,0.5,0.6,20.7,232.0,58.0,490.15,0.307,41.6,7.37,50.0,14.0,45.0,872.5,0.8,0.4,393.15,0.16,28.5,1.585,2.0,9258.256601,1,,9.133379043748013,0.0,50.0,,,,0.1,142.9571394557824,0.0006990213818156743,0.9993009716279706,-6.3,6.699999999999999,13.0,-1586.732439819413,1.219755882778777,0.10242949083034016,0.03392130255818012,0.0005784892387779493,45.92868688117719,29.248738455728184,380.1072958427876
0.8,7.810249676,6.403124237,100.0,61.0,100.0,3.1,60.0,7.7,779.0,36.0,2345.15,0.23,360.0,3.89,2.0,3.0,3.9,0.5,0.6,20.7,232.0,58.0,490.15,0.307,41.6,7.37,50.0,14.0,45.0,872.5,0.8,0.4,393.15,0.16,28.5,1.585,2.0,7679.540107,1,,8.946445150101221,0.0,50.0,,,,0.1,142.9571394557824,0.0006990213818156743,0.9993009716279706,-6.3,6.699999999999999,13.0,-1586.732439819413,1.219755882778777,0.10242949083034016,0.03392130255818012,0.0005784892387779493,45.92868688117719,29.248738455728184,380.1072958427876
0.8,7.810249676,6.403124237,125.0,44.8,100.0,3.1,60.0,7.7,779.0,36.0,2345.15,0.23,360.0,3.89,2.0,3.0,3.9,0.5,0.6,20.7,232.0,58.0,490.15,0.307,41.6,7.37,50.0,14.0,45.0,872.5,0.8,0.4,393.15,0.16,28.5,1.585,2.0,6082.869527,0,40.0,8.713396207882958,-25.0,37.5,40.0,1.4999999625000011,1.1199999720000007,112.09999720000006,187.62499531250012,0.3740095074698029,0.6259904891938053,-6.3,6.699999999999999,13.0,-1983.4155497742663,1.219755882778777,0.10242949083034016,0.03392130255818012,0.0005784892387779493,45.92868688117719,29.248738455728184,380.1072958427876
0.8,7.810249676,6.403124237,75.0,44.8,75.0,3.1,60.0,7.7,779.0,36.0,2345.15,0.23,360.0,3.89,2.0,3.0,3.9,0.5,0.6,20.7,232.0,58.0,490.15,0.307,41.6,7.37,50.0,14.0,45.0,872.5,0.8,0.4,393.15,0.16,28.5,1.585,2.0,20890.5358,0,40.0,9.947099370278135,0.0,37.5,40.0,1.4999999625000011,1.1199999720000007,84.07499790000004,112.57499718750007,0.4275362297113425,0.5724637652034807,-6.3,6.699999999999999,13.0,-1190.04932986456,1.219755882778777,0.10242949083034016,0.03392130255818012,0.0005784892387779493,45.92868688117719,29.248738455728184,380.1072958427876
0.8,7.810249676,6.403124237,60.0,16.0,60.0,3.1,60.0,7.7,779.0,36.0,2345.15,0.23,360.0,3.89,2.0,3.0,3.9,0.5,0.6,20.7,232.0,58.0,490.15,0.307,41.6,7.37,50.0,14.0,45.0,872.5,0.8,0.4,393.15,0.16,28.5,1.585,2.0,53594.40485,0,40.0,10.889218612973384,0.0,30.0,40.0,1.4999999625000011,0.39999999000000025,24.059999400000017,90.05999775000006,0.2108307026817105,0.7891692885555835,-6.3,6.699999999999999,13.0,-952.0394638916479,1.219755882778777,0.10242949083034016,0.03392130255818012,0.0005784892387779493,45.92868688117719,29.248738455728184,380.1072958427876
0.8,7.810249676,6.403124237,140.0,16.0,100.0,3.1,60.0,7.7,779.0,36.0,2345.15,0.23,360.0,3.89,2.0,3.0,3.9,0.5,0.6,20.7,232.0,58.0,490.15,0.307,41.6,7.37,50.0,14.0,45.0,872.5,0.8,0.4,393.15,0.16,28.5,1.585,2.0,6877.001489,0,40.0,8.836083407479538,-40.0,30.0,40.0,1.4999999625000011,0.39999999000000025,40.099999000000025,210.13999475000014,0.16024616304864273,0.8397538329551936,-6.3,6.699999999999999,13.0,-2221.4254157471782,1.219755882778777,0.10242949083034016,0.03392130255818012,0.0005784892387779493,45.92868688117719,29.248738455728184,380.1072958427876
0.8,7.810249676,6.403124237,150.0,25.0,125.0,3.1,60.0,7.7,779.0,36.0,2345.15,0.23,360.0,3.89,2.0,3.0,3.9,0.5,0.6,20.7,232.0,58.0,490.15,0.307,41.6,7.37,50.0,14.0,45.0,872.5,0.8,0.4,393.15,0.16,28.5,1.585,2.0,3542.543564,0,40.0,8.172882512234285,-25.0,50.0,40.0,1.4999999625000011,0.6249999843750005,78.24999804687506,225.14999437500015,0.2579103485281527,0.7420896481758684,-6.3,6.699999999999999,13.0,-2380.09865972912,1.219755882778777,0.10242949083034016,0.03392130255818012,0.0005784892387779493,45.92868688117719,29.248738455728184,380.1072958427876
0.8,7.810249676,6.403124237,100.0,15.0,60.0,3.1,60.0,7.7,779.0,36.0,2345.15,0.23,360.0,3.89,2.0,3.0,3.9,0.5,0.6,20.7,232.0,58.0,490.15,0.307,41.6,7.37,50.0,14.0,45.0,872.5,0.8,0.4,393.15,0.16,28.5,1.585,2.0,26325.19276,0,30.0,10.178319644997595,-40.0,10.0,30.0,1.9999999333333356,0.4999999833333339,30.05999900000003,200.09999333333357,0.1306047961014018,0.8693951995537945,-6.3,6.699999999999999,13.0,-1586.732439819413,1.219755882778777,0.10242949083034016,0.03392130255818012,0.0005784892387779493,45.92868688117719,29.248738455728184,380.1072958427876
1.27,20.50609665,14.8492424,165.0,30.0,125.0,2.36,484.0,7.7,779.0,36.0,2345.15,0.23,360.0,3.89,1.0,3.8,3.8,0.7,0.7,22.0,236.0,57.0,492.15,0.34,42.6,7.4,48.0,14.0,45.0,872.5,0.8,0.4,393.15,0.16,28.5,1.585,0.0,312.9135977,0,60.0,5.74911778148248,-40.0,42.5,60.0,0.9999999833333336,0.4999999916666668,62.62499895833334,165.16499725000006,0.27492427115251,0.7250757244574816,-6.3,8.0,14.3,-9028.414852890724,1.3809522881145582,0.061932797828064566,0.03263857075547493,0.0005784892387779493,48.168195196522845,29.248738455728184,380.1072958427876
1.27,20.50609665,14.8492424,165.0,21.0,125.0,2.36,484.0,7.7,779.0,36.0,2345.15,0.23,360.0,3.89,1.0,3.8,3.8,0.7,0.7,22.0,236.0,57.0,492.15,0.34,42.6,7.4,48.0,14.0,45.0,872.5,0.8,0.4,393.15,0.16,28.5,1.585,0.0,345.3093653,0,42.0,5.847332494935276,-40.0,42.5,42.0,1.428571394557824,0.49999998809523843,62.6249985119048,235.87928010204095,0.20979598213096787,0.7902040145189964,-6.3,8.0,14.3,-9028.414852890724,1.3809522881145582,0.061932797828064566,0.03263857075547493,0.0005784892387779493,48.168195196522845,29.248738455728184,380.1072958427876
1.27,20.50609665,14.8492424,165.0,120.0,125.0,2.36,484.0,7.7,779.0,36.0,2345.15,0.23,360.0,3.89,1.0,3.8,3.8,0.7,0.7,22.0,236.0,57.0,492.15,0.34,42.6,7.4,48.0,14.0,45.0,872.5,0.8,0.4,393.15,0.16,28.5,1.585,0.0,213.3710362,0,240.0,5.3677083277201065,-40.0,42.5,240.0,0.24999999895833333,0.49999999791666666,62.62499973958332,41.414999828125,0.6019319434627216,0.3980680469255907,-6.3,8.0,14.3,-9028.414852890724,1.3809522881145582,0.061932797828064566,0.03263857075547493,0.0005784892387779493,48.168195196522845,29.248738455728184,380.1072958427876
1.27,20.50609665,14.8492424,180.0,15.0,125.0,2.36,484.0,7.7,779.0,36.0,2345.15,0.23,360.0,3.89,1.0,3.8,3.8,0.7,0.7,22.0,236.0,57.0,492.15,0.34,42.6,7.4,48.0,14.0,45.0,872.5,0.8,0.4,393.15,0.16,28.5,1.585,0.0,334.7031192,0,30.0,5.816227195572253,-55.0,35.0,30.0,1.9999999333333356,0.4999999833333339,62.62499791666673,360.17998800000044,0.1481179263597707,0.8518820712750726,-6.3,8.0,14.3,-9849.179839517155,1.3809522881145582,0.061932797828064566,0.03263857075547493,0.0005784892387779493,48.168195196522845,29.248738455728184,380.1072958427876
1.27,20.50609665,14.8492424,100.0,15.0,100.0,2.36,484.0,7.7,779.0,36.0,2345.15,0.23,360.0,3.89,1.0,3.8,3.8,0.7,0.7,22.0,236.0,57.0,492.15,0.34,42.6,7.4,48.0,14.0,45.0,872.5,0.8,0.4,393.15,0.16,28.5,1.585,0.0,1204.028615,0,30.0,7.094258592530769,0.0,50.0,30.0,1.9999999333333356,0.4999999833333339,50.09999833333338,200.09999333333357,0.20023980736114538,0.7997601886420519,-6.3,8.0,14.3,-5471.76657750953,1.3809522881145582,0.061932797828064566,0.03263857075547493,0.0005784892387779493,48.168195196522845,29.248738455728184,380.1072958427876
1.27,20.50609665,14.8492424,100.0,38.65,100.0,2.36,484.0,7.7,779.0,36.0,2345.15,0.23,360.0,3.89,1.0,3.8,3.8,0.7,0.7,22.0,236.0,57.0,492.15,0.34,42.6,7.4,48.0,14.0,45.0,872.5,0.8,0.4,393.15,0.16,28.5,1.585,0.0,927.0486438,0,30.0,6.833084149300362,0.0,50.0,30.0,1.9999999333333356,1.2883332903888902,128.933329038889,200.09999333333357,0.3918549273899281,0.608145069570866,-6.3,8.0,14.3,-5471.76657750953,1.3809522881145582,0.061932797828064566,0.03263857075547493,0.0005784892387779493,48.168195196522845,29.248738455728184,380.1072958427876
1.27,20.50609665,14.8492424,100.0,20.0,100.0,2.36,484.0,7.7,779.0,36.0,2345.15,0.23,360.0,3.89,1.0,3.8,3.8,0.7,0.7,22.0,236.0,57.0,492.15,0.34,42.6,7.4,48.0,14.0,45.0,872.5,0.8,0.4,393.15,0.16,28.5,1.585,0.0,1112.061305,0,40.0,7.014869430621183,0.0,50.0,40.0,1.4999999625000011,0.49999998750000035,50.09999875000003,150.0999962500001,0.250249749005989,0.749750245999006,-6.3,8.0,14.3,-5471.76657750953,1.3809522881145582,0.061932797828064566,0.03263857075547493,0.0005784892387779493,48.168195196522845,29.248738455728184,380.1072958427876
1.27,20.50609665,14.8492424,100.0,47.3,100.0,2.36,484.0,7.7,779.0,36.0,2345.15,0.23,360.0,3.89,1.0,3.8,3.8,0.7,0.7,22.0,236.0,57.0,492.15,0.34,42.6,7.4,48.0,14.0,45.0,872.5,0.8,0.4,393.15,0.16,28.5,1.585,0.0,876.7516003,0,40.0,6.777363638231157,0.0,50.0,40.0,1.4999999625000011,1.1824999704375008,118.34999704375007,150.0999962500001,0.44086421888408067,0.5591357773908309,-6.3,8.0,14.3,-5471.76657750953,1.3809522881145582,0.061932797828064566,0.03263857075547493,0.0005784892387779493,48.168195196522845,29.248738455728184,380.1072958427876
1.27,20.50609665,14.8492424,100.0,79.6,100.0,2.36,484.0,7.7,779.0,36.0,2345.15,0.23,360.0,3.89,1.0,3.8,3.8,0.7,0.7,22.0,236.0,57.0,492.15,0.34,42.6,7.4,48.0,14.0,45.0,872.5,0.8,0.4,393.15,0.16,28.5,1.585,0.0,759.3483,0,50.0,6.633776617771513,0.0,50.0,50.0,1.1999999760000006,1.5919999681600006,159.29999681600003,120.09999760000005,0.5701503200771978,0.42984967634370413,-6.3,8.0,14.3,-5471.76657750953,1.3809522881145582,0.061932797828064566,0.03263857075547493,0.0005784892387779493,48.168195196522845,29.248738455728184,380.1072958427876
1.27,20.50609665,14.8492424,100.0,30.0,100.0,2.36,484.0,7.7,779.0,36.0,2345.15,0.23,360.0,3.89,1.0,3.8,3.8,0.7,0.7,22.0,236.0,57.0,492.15,0.34,42.6,7.4,48.0,14.0,45.0,872.5,0.8,0.4,393.15,0.16,28.5,1.585,0.0,994.2425004,0,60.0,6.902986426458918,0.0,50.0,60.0,0.9999999833333336,0.4999999916666668,50.09999916666668,100.09999833333336,0.33355525743674797,0.6664447359054623,-6.3,8.0,14.3,-5471.76657750953,1.3809522881145582,0.061932797828064566,0.03263857075547493,0.0005784892387779493,48.168195196522845,29.248738455728184,380.1072958427876
1.27,20.50609665,14.8492424,100.0,40.0,100.0,2.36,484.0,7.7,779.0,36.0,2345.15,0.23,360.0,3.89,1.0,3.8,3.8,0.7,0.7,22.0,236.0,57.0,492.15,0.34,42.6,7.4,48.0,14.0,45.0,872.5,0.8,0.4,393.15,0.16,28.5,1.585,0.0,918.299282,0,80.0,6.82361172984036,0.0,50.0,80.0,0.7499999906250001,0.4999999937500001,50.099999375,75.09999906250002,0.40015974121477516,0.5998402507980043,-6.3,8.0,14.3,-5471.76657750953,1.3809522881145582,0.061932797828064566,0.03263857075547493,0.0005784892387779493,48.168195196522845,29.248738455728184,380.1072958427876
1.27,20.50609665,14.8492424,100.0,47.3,100.0,2.36,484.0,7.7,779.0,36.0,2345.15,0.23,360.0,3.89,1.0,3.8,3.8,0.7,0.7,22.0,236.0,57.0,492.15,0.34,42.6,7.4,48.0,14.0,45.0,872.5,0.8,0.4,393.15,0.16,28.5,1.585,0.0,876.7516003,0,80.0,6.777363638231157,0.0,50.0,80.0,0.7499999906250001,0.591249992609375,59.22499926093751,75.09999906250002,0.44090824164704623,0.5590917509083233,-6.3,8.0,14.3,-5471.76657750953,1.3809522881145582,0.061932797828064566,0.03263857075547493,0.0005784892387779493,48.168195196522845,29.248738455728184,380.1072958427876
1.27,20.50609665,14.8492424,100.0,70.0,100.0,2.36,484.0,7.7,779.0,36.0,2345.15,0.23,360.0,3.89,1.0,3.8,3.8,0.7,0.7,22.0,236.0,57.0,492.15,0.34,42.6,7.4,48.0,14.0,45.0,872.5,0.8,0.4,393.15,0.16,28.5,1.585,0.0,786.7869279,0,90.0,6.669227657228282,0.0,50.0,90.0,0.6666666592592594,0.7777777691358025,77.87777691358025,66.76666592592593,0.5384083539357478,0.46159163915074775,-6.3,8.0,14.3,-5471.76657750953,1.3809522881145582,0.061932797828064566,0.03263857075547493,0.0005784892387779493,48.168195196522845,29.248738455728184,380.1072958427876
1.27,20.50609665,14.8492424,100.0,70.0,100.0,2.36,484.0,7.7,779.0,36.0,2345.15,0.23,360.0,3.89,1.0,3.8,3.8,0.7,0.7,22.0,236.0,57.0,492.15,0.34,42.6,7.4,48.0,14.0,45.0,872.5,0.8,0.4,393.15,0.16,28.5,1.585,0.0,786.7869279,0,100.0,6.669227657228282,0.0,50.0,100.0,0.599999994,0.699999993,70.09999930000001,60.0999994,0.5384024536215111,0.4615975386979974,-6.3,8.0,14.3,-5471.76657750953,1.3809522881145582,0.061932797828064566,0.03263857075547493,0.0005784892387779493,48.168195196522845,29.248738455728184,380.1072958427876
1.27,20.50609665,14.8492424,100.0,60.0,100.0,2.36,484.0,7.7,779.0,36.0,2345.15,0.23,360.0,3.89,1.0,3.8,3.8,0.7,0.7,22.0,236.0,57.0,492.15,0.34,42.6,7.4,48.0,14.0,45.0,872.5,0.8,0.4,393.15,0.16,28.5,1.585,0.0,821.0088507,0,120.0,6.711751162273152,0.0,50.0,120.0,0.4999999958333334,0.4999999958333334,50.09999958333333,50.09999958333333,0.49999999500998005,0.49999999500998005,-6.3,8.0,14.3,-5471.76657750953,1.3809522881145582,0.061932797828064566,0.03263857075547493,0.0005784892387779493,48.168195196522845,29.248738455728184,380.1072958427876
1.27,20.50609665,14.8492424,100.0,70.0,100.0,2.36,484.0,7.7,779.0,36.0,2345.15,0.23,360.0,3.89,1.0,3.8,3.8,0.7,0.7,22.0,236.0,57.0,492.15,0.34,42.6,7.4,48.0,14.0,45.0,872.5,0.8,0.4,393.15,0.16,28.5,1.585,0.0,786.7869279,0,140.0,6.669227657228282,0.0,50.0,140.0,0.4285714255102041,0.49999999642857146,50.09999964285714,42.95714255102041,0.5383788704804484,0.4616211187734663,-6.3,8.0,14.3,-5471.76657750953,1.3809522881145582,0.061932797828064566,0.03263857075547493,0.0005784892387779493,48.168195196522845,29.248738455728184,380.1072958427876
1.27,20.50609665,14.8492424,100.0,120.0,100.0,2.36,484.0,7.7,779.0,36.0,2345.15,0.23,360.0,3.89,1.0,3.8,3.8,0.7,0.7,22.0,236.0,57.0,492.15,0.34,42.6,7.4,48.0,14.0,45.0,872.5,0.8,0.4,393.15,0.16,28.5,1.585,0.0,677.958881,0,240.0,6.520560567551191,0.0,50.0,240.0,0.24999999895833333,0.49999999791666666,50.09999979166666,25.09999989583333,0.6662233953941235,0.33377659130800436,-6.3,8.0,14.3,-5471.76657750953,1.3809522881145582,0.061932797828064566,0.03263857075547493,0.0005784892387779493,48.168195196522845,29.248738455728184,380.1072958427876
1.27,20.50609665,14.8492424,100.0,310.0,100.0,2.36,484.0,7.7,779.0,36.0,2345.15,0.23,360.0,3.89,1.0,3.8,3.8,0.7,0.7,22.0,236.0,57.0,492.15,0.34,42.6,7.4,48.0,14.0,45.0,872.5,0.8,0.4,393.15,0.16,28.5,1.585,0.0,521.6258609,0,720.0,6.258865836936793,0.0,50.0,720.0,0.08333333321759259,0.4305555549575617,43.15555549575617,8.433333321759259,0.8365280906103939,0.1634718900055876,-6.3,8.0,14.3,-5471.76657750953,1.3809522881145582,0.061932797828064566,0.03263857075547493,0.0005784892387779493,48.168195196522845,29.248738455728184,380.1072958427876
1.27,20.50609665,14.8492424,100.0,11.0,100.0,2.36,484.0,7.7,779.0,36.0,2345.15,0.23,360.0,3.89,1.0,3.8,3.8,0.7,0.7,22.0,236.0,57.0,492.15,0.34,42.6,7.4,48.0,14.0,45.0,872.5,0.8,0.4,393.15,0.16,28.5,1.585,0.0,1311.718231,1,,7.179855251882343,0.0,50.0,,,,0.1,142.9571394557824,0.0006990213818156743,0.9993009716279706,-6.3,8.0,14.3,-5471.76657750953,1.3809522881145582,0.061932797828064566,0.03263857075547493,0.0005784892387779493,48.168195196522845,29.248738455728184,380.1072958427876
1.27,20.50609665,14.8492424,100.0,31.0,100.0,2.36,484.0,7.7,779.0,36.0,2345.15,0.23,360.0,3.89,1.0,3.8,3.8,0.7,0.7,22.0,236.0,57.0,492.15,0.34,42.6,7.4,48.0,14.0,45.0,872.5,0.8,0.4,393.15,0.16,28.5,1.585,0.0,985.278746,1,,6.893939018503386,0.0,50.0,,,,0.1,142.9571394557824,0.0006990213818156743,0.9993009716279706,-6.3,8.0,14.3,-5471.76657750953,1.3809522881145582,0.061932797828064566,0.03263857075547493,0.0005784892387779493,48.168195196522845,29.248738455728184,380.1072958427876
1.27,20.50609665,14.8492424,100.0,61.0,100.0,2.36,484.0,7.7,779.0,36.0,2345.15,0.23,360.0,3.89,1.0,3.8,3.8,0.7,0.7,22.0,236.0,57.0,492.15,0.34,42.6,7.4,48.0,14.0,45.0,872.5,0.8,0.4,393.15,0.16,28.5,1.585,0.0,817.2691656,1,,6.707191335777316,0.0,50.0,,,,0.1,142.9571394557824,0.0006990213818156743,0.9993009716279706,-6.3,8.0,14.3,-5471.76657750953,1.3809522881145582,0.061932797828064566,0.03263857075547493,0.0005784892387779493,48.168195196522845,29.248738455728184,380.1072958427876
1.27,20.50609665,14.8492424,125.0,44.8,100.0,2.36,484.0,7.7,779.0,36.0,2345.15,0.23,360.0,3.89,1.0,3.8,3.8,0.7,0.7,22.0,236.0,57.0,492.15,0.34,42.6,7.4,48.0,14.0,45.0,872.5,0.8,0.4,393.15,0.16,28.5,1.585,0.0,647.348882,0,40.0,6.474428949616141,-25.0,37.5,40.0,1.4999999625000011,1.1199999720000007,112.09999720000006,187.62499531250012,0.3740095074698029,0.6259904891938053,-6.3,8.0,14.3,-6839.708221886913,1.3809522881145582,0.061932797828064566,0.03263857075547493,0.0005784892387779493,48.168195196522845,29.248738455728184,380.1072958427876
1.27,20.50609665,14.8492424,75.0,44.8,75.0,2.36,484.0,7.7,779.0,36.0,2345.15,0.23,360.0,3.89,1.0,3.8,3.8,0.7,0.7,22.0,236.0,57.0,492.15,0.34,42.6,7.4,48.0,14.0,45.0,872.5,0.8,0.4,393.15,0.16,28.5,1.585,0.0,2223.204844,0,40.0,7.707154757244073,0.0,37.5,40.0,1.4999999625000011,1.1199999720000007,84.07499790000004,112.57499718750007,0.4275362297113425,0.5724637652034807,-6.3,8.0,14.3,-4103.824933132148,1.3809522881145582,0.061932797828064566,0.03263857075547493,0.0005784892387779493,48.168195196522845,29.248738455728184,380.1072958427876
1.27,20.50609665,14.8492424,60.0,16.0,60.0,2.36,484.0,7.7,779.0,36.0,2345.15,0.23,360.0,3.89,1.0,3.8,3.8,0.7,0.7,22.0,236.0,57.0,492.15,0.34,42.6,7.4,48.0,14.0,45.0,872.5,0.8,0.4,393.15,0.16,28.5,1.585,0.0,5703.603851,0,40.0,8.64902882097195,0.0,30.0,40.0,1.4999999625000011,0.39999999000000025,24.059999400000017,90.05999775000006,0.2108307026817105,0.7891692885555835,-6.3,8.0,14.3,-3283.0599465057185,1.3809522881145582,0.061932797828064566,0.03263857075547493,0.0005784892387779493,48.168195196522845,29.248738455728184,380.1072958427876
1.27,20.50609665,14.8492424,140.0,16.0,100.0,2.36,484.0,7.7,779.0,36.0,2345.15,0.23,360.0,3.89,1.0,3.8,3.8,0.7,0.7,22.0,236.0,57.0,492.15,0.34,42.6,7.4,48.0,14.0,45.0,872.5,0.8,0.4,393.15,0.16,28.5,1.585,0.0,731.8616988,0,40.0,6.596957005776338,-40.0,30.0,40.0,1.4999999625000011,0.39999999000000025,40.099999000000025,210.13999475000014,0.16024616304864273,0.8397538329551936,-6.3,8.0,14.3,-7660.473208513342,1.3809522881145582,0.061932797828064566,0.03263857075547493,0.0005784892387779493,48.168195196522845,29.248738455728184,380.1072958427876
1.27,20.50609665,14.8492424,150.0,25.0,125.0,2.36,484.0,7.7,779.0,36.0,2345.15,0.23,360.0,3.89,1.0,3.8,3.8,0.7,0.7,22.0,236.0,57.0,492.15,0.34,42.6,7.4,48.0,14.0,45.0,872.5,0.8,0.4,393.15,0.16,28.5,1.585,0.0,377.0032557,0,40.0,5.934902808545459,-25.0,50.0,40.0,1.4999999625000011,0.6249999843750005,78.24999804687506,225.14999437500015,0.2579103485281527,0.7420896481758684,-6.3,8.0,14.3,-8207.649866264295,1.3809522881145582,0.061932797828064566,0.03263857075547493,0.0005784892387779493,48.168195196522845,29.248738455728184,380.1072958427876
1.27,20.50609665,14.8492424,100.0,15.0,60.0,2.36,484.0,7.7,779.0,36.0,2345.15,0.23,360.0,3.89,1.0,3.8,3.8,0.7,0.7,22.0,236.0,57.0,492.15,0.34,42.6,7.4,48.0,14.0,45.0,872.5,0.8,0.4,393.15,0.16,28.5,1.585,0.0,2801.569888,0,30.0,7.93829209236954,-40.0,10.0,30.0,1.9999999333333356,0.4999999833333339,30.05999900000003,200.09999333333357,0.1306047961014018,0.8693951995537945,-6.3,8.0,14.3,-5471.76657750953,1.3809522881145582,0.061932797828064566,0.03263857075547493,0.0005784892387779493,48.168195196522845,29.248738455728184,380.1072958427876
1.27,20.50609665,14.8492424,165.0,30.0,125.0,2.36,484.0,7.7,779.0,36.0,2345.15,0.23,360.0,3.89,1.0,3.8,3.8,0.7,0.7,22.0,236.0,57.0,492.15,0.34,42.6,7.4,48.0,14.0,45.0,872.5,0.8,0.4,393.15,0.16,28.5,1.585,0.0,300.1692953,0,60.0,5.707672549494317,-40.0,42.5,60.0,0.9999999833333336,0.4999999916666668,62.62499895833334,165.16499725000006,0.27492427115251,0.7250757244574816,-6.3,8.0,14.3,-9028.414852890724,1.3809522881145582,0.061932797828064566,0.03263857075547493,0.0005784892387779493,48.168195196522845,29.248738455728184,380.1072958427876
1.27,20.50609665,14.8492424,165.0,21.0,125.0,2.36,484.0,7.7,779.0,36.0,2345.15,0.23,360.0,3.89,1.0,3.8,3.8,0.7,0.7,22.0,236.0,57.0,492.15,0.34,42.6,7.4,48.0,14.0,45.0,872.5,0.8,0.4,393.15,0.16,28.5,1.585,0.0,331.2456525,0,42.0,5.805874612481409,-40.0,42.5,42.0,1.428571394557824,0.49999998809523843,62.6249985119048,235.87928010204095,0.20979598213096787,0.7902040145189964,-6.3,8.0,14.3,-9028.414852890724,1.3809522881145582,0.061932797828064566,0.03263857075547493,0.0005784892387779493,48.168195196522845,29.248738455728184,380.1072958427876
1.27,20.50609665,14.8492424,165.0,120.0,125.0,2.36,484.0,7.7,779.0,36.0,2345.15,0.23,360.0,3.89,1.0,3.8,3.8,0.7,0.7,22.0,236.0,57.0,492.15,0.34,42.6,7.4,48.0,14.0,45.0,872.5,0.8,0.4,393.15,0.16,28.5,1.585,0.0,204.6808897,0,240.0,5.326325888599776,-40.0,42.5,240.0,0.24999999895833333,0.49999999791666666,62.62499973958332,41.414999828125,0.6019319434627216,0.3980680469255907,-6.3,8.0,14.3,-9028.414852890724,1.3809522881145582,0.061932797828064566,0.03263857075547493,0.0005784892387779493,48.168195196522845,29.248738455728184,380.1072958427876
1.27,20.50609665,14.8492424,180.0,15.0,125.0,2.36,484.0,7.7,779.0,36.0,2345.15,0.23,360.0,3.89,1.0,3.8,3.8,0.7,0.7,22.0,236.0,57.0,492.15,0.34,42.6,7.4,48.0,14.0,45.0,872.5,0.8,0.4,393.15,0.16,28.5,1.585,0.0,321.0713762,0,30.0,5.774773186197695,-55.0,35.0,30.0,1.9999999333333356,0.4999999833333339,62.62499791666673,360.17998800000044,0.1481179263597707,0.8518820712750726,-6.3,8.0,14.3,-9849.179839517155,1.3809522881145582,0.061932797828064566,0.03263857075547493,0.0005784892387779493,48.168195196522845,29.248738455728184,380.1072958427876
1.27,20.50609665,14.8492424,100.0,15.0,100.0,2.36,484.0,7.7,779.0,36.0,2345.15,0.23,360.0,3.89,1.0,3.8,3.8,0.7,0.7,22.0,236.0,57.0,492.15,0.34,42.6,7.4,48.0,14.0,45.0,872.5,0.8,0.4,393.15,0.16,28.5,1.585,0.0,1154.991102,0,30.0,7.052713351970865,0.0,50.0,30.0,1.9999999333333356,0.4999999833333339,50.09999833333338,200.09999333333357,0.20023980736114538,0.7997601886420519,-6.3,8.0,14.3,-5471.76657750953,1.3809522881145582,0.061932797828064566,0.03263857075547493,0.0005784892387779493,48.168195196522845,29.248738455728184,380.1072958427876
1.27,20.50609665,14.8492424,100.0,38.65,100.0,2.36,484.0,7.7,779.0,36.0,2345.15,0.23,360.0,3.89,1.0,3.8,3.8,0.7,0.7,22.0,236.0,57.0,492.15,0.34,42.6,7.4,48.0,14.0,45.0,872.5,0.8,0.4,393.15,0.16,28.5,1.585,0.0,889.291933,0,30.0,6.791549423547897,0.0,50.0,30.0,1.9999999333333356,1.2883332903888902,128.933329038889,200.09999333333357,0.3918549273899281,0.608145069570866,-6.3,8.0,14.3,-5471.76657750953,1.3809522881145582,0.061932797828064566,0.03263857075547493,0.0005784892387779493,48.168195196522845,29.248738455728184,380.1072958427876
1.27,20.50609665,14.8492424,100.0,20.0,100.0,2.36,484.0,7.7,779.0,36.0,2345.15,0.23,360.0,3.89,1.0,3.8,3.8,0.7,0.7,22.0,236.0,57.0,492.15,0.34,42.6,7.4,48.0,14.0,45.0,872.5,0.8,0.4,393.15,0.16,28.5,1.585,0.0,1066.769424,0,40.0,6.973327101080345,0.0,50.0,40.0,1.4999999625000011,0.49999998750000035,50.09999875000003,150.0999962500001,0.250249749005989,0.749750245999006,-6.3,8.0,14.3,-5471.76657750953,1.3809522881145582,0.061932797828064566,0.03263857075547493,0.0005784892387779493,48.168195196522845,29.248738455728184,380.1072958427876
1.27,20.50609665,14.8492424,100.0,47.3,100.0,2.36,484.0,7.7,779.0,36.0,2345.15,0.23,360.0,3.89,1.0,3.8,3.8,0.7,0.7,22.0,236.0,57.0,492.15,0.34,42.6,7.4,48.0,14.0,45.0,872.5,0.8,0.4,393.15,0.16,28.5,1.585,0.0,841.0433806,0,40.0,6.735831533817783,0.0,50.0,40.0,1.4999999625000011,1.1824999704375008,118.34999704375007,150.0999962500001,0.44086421888408067,0.5591357773908309,-6.3,8.0,14.3,-5471.76657750953,1.3809522881145582,0.061932797828064566,0.03263857075547493,0.0005784892387779493,48.168195196522845,29.248738455728184,380.1072958427876
1.27,20.50609665,14.8492424,100.0,79.6,100.0,2.36,484.0,7.7,779.0,36.0,2345.15,0.23,360.0,3.89,1.0,3.8,3.8,0.7,0.7,22.0,236.0,57.0,492.15,0.34,42.6,7.4,48.0,14.0,45.0,872.5,0.8,0.4,393.15,0.16,28.5,1.585,0.0,728.4216659,0,50.0,6.592251981662525,0.0,50.0,50.0,1.1999999760000006,1.5919999681600006,159.29999681600003,120.09999760000005,0.5701503200771978,0.42984967634370413,-6.3,8.0,14.3,-5471.76657750953,1.3809522881145582,0.061932797828064566,0.03263857075547493,0.0005784892387779493,48.168195196522845,29.248738455728184,380.1072958427876
1.27,20.50609665,14.8492424,100.0,30.0,100.0,2.36,484.0,7.7,779.0,36.0,2345.15,0.23,360.0,3.89,1.0,3.8,3.8,0.7,0.7,22.0,236.0,57.0,492.15,0.34,42.6,7.4,48.0,14.0,45.0,872.5,0.8,0.4,393.15,0.16,28.5,1.585,0.0,953.7491273,0,60.0,6.861448612043935,0.0,50.0,60.0,0.9999999833333336,0.4999999916666668,50.09999916666668,100.09999833333336,0.33355525743674797,0.6664447359054623,-6.3,8.0,14.3,-5471.76657750953,1.3809522881145582,0.061932797828064566,0.03263857075547493,0.0005784892387779493,48.168195196522845,29.248738455728184,380.1072958427876
1.27,20.50609665,14.8492424,100.0,40.0,100.0,2.36,484.0,7.7,779.0,36.0,2345.15,0.23,360.0,3.89,1.0,3.8,3.8,0.7,0.7,22.0,236.0,57.0,492.15,0.34,42.6,7.4,48.0,14.0,45.0,872.5,0.8,0.4,393.15,0.16,28.5,1.585,0.0,880.8989139,0,80.0,6.78207743934785,0.0,50.0,80.0,0.7499999906250001,0.4999999937500001,50.099999375,75.09999906250002,0.40015974121477516,0.5998402507980043,-6.3,8.0,14.3,-5471.76657750953,1.3809522881145582,0.061932797828064566,0.03263857075547493,0.0005784892387779493,48.168195196522845,29.248738455728184,380.1072958427876
1.27,20.50609665,14.8492424,100.0,47.3,100.0,2.36,484.0,7.7,779.0,36.0,2345.15,0.23,360.0,3.89,1.0,3.8,3.8,0.7,0.7,22.0,236.0,57.0,492.15,0.34,42.6,7.4,48.0,14.0,45.0,872.5,0.8,0.4,393.15,0.16,28.5,1.585,0.0,841.0433806,0,80.0,6.735831533817783,0.0,50.0,80.0,0.7499999906250001,0.591249992609375,59.22499926093751,75.09999906250002,0.44090824164704623,0.5590917509083233,-6.3,8.0,14.3,-5471.76657750953,1.3809522881145582,0.061932797828064566,0.03263857075547493,0.0005784892387779493,48.168195196522845,29.248738455728184,380.1072958427876
1.27,20.50609665,14.8492424,100.0,70.0,100.0,2.36,484.0,7.7,779.0,36.0,2345.15,0.23,360.0,3.89,1.0,3.8,3.8,0.7,0.7,22.0,236.0,57.0,492.15,0.34,42.6,7.4,48.0,14.0,45.0,872.5,0.8,0.4,393.15,0.16,28.5,1.585,0.0,754.742777,0,90.0,6.6277010762205775,0.0,50.0,90.0,0.6666666592592594,0.7777777691358025,77.87777691358025,66.76666592592593,0.5384083539357478,0.46159163915074775,-6.3,8.0,14.3,-5471.76657750953,1.3809522881145582,0.061932797828064566,0.03263857075547493,0.0005784892387779493,48.168195196522845,29.248738455728184,380.1072958427876
1.27,20.50609665,14.8492424,100.0,70.0,100.0,2.36,484.0,7.7,779.0,36.0,2345.15,0.23,360.0,3.89,1.0,3.8,3.8,0.7,0.7,22.0,236.0,57.0,492.15,0.34,42.6,7.4,48.0,14.0,45.0,872.5,0.8,0.4,393.15,0.16,28.5,1.585,0.0,754.742777,0,100.0,6.6277010762205775,0.0,50.0,100.0,0.599999994,0.699999993,70.09999930000001,60.0999994,0.5384024536215111,0.4615975386979974,-6.3,8.0,14.3,-5471.76657750953,1.3809522881145582,0.061932797828064566,0.03263857075547493,0.0005784892387779493,48.168195196522845,29.248738455728184,380.1072958427876
1.27,20.50609665,14.8492424,100.0,60.0,100.0,2.36,484.0,7.7,779.0,36.0,2345.15,0.23,360.0,3.89,1.0,3.8,3.8,0.7,0.7,22.0,236.0,57.0,492.15,0.34,42.6,7.4,48.0,14.0,45.0,872.5,0.8,0.4,393.15,0.16,28.5,1.585,0.0,787.5709141,0,120.0,6.6702223378061944,0.0,50.0,120.0,0.4999999958333334,0.4999999958333334,50.09999958333333,50.09999958333333,0.49999999500998005,0.49999999500998005,-6.3,8.0,14.3,-5471.76657750953,1.3809522881145582,0.061932797828064566,0.03263857075547493,0.0005784892387779493,48.168195196522845,29.248738455728184,380.1072958427876
1.27,20.50609665,14.8492424,100.0,70.0,100.0,2.36,484.0,7.7,779.0,36.0,2345.15,0.23,360.0,3.89,1.0,3.8,3.8,0.7,0.7,22.0,236.0,57.0,492.15,0.34,42.6,7.4,48.0,14.0,45.0,872.5,0.8,0.4,393.15,0.16,28.5,1.585,0.0,754.742777,0,140.0,6.6277010762205775,0.0,50.0,140.0,0.4285714255102041,0.49999999642857146,50.09999964285714,42.95714255102041,0.5383788704804484,0.4616211187734663,-6.3,8.0,14.3,-5471.76657750953,1.3809522881145582,0.061932797828064566,0.03263857075547493,0.0005784892387779493,48.168195196522845,29.248738455728184,380.1072958427876
1.27,20.50609665,14.8492424,100.0,120.0,100.0,2.36,484.0,7.7,779.0,36.0,2345.15,0.23,360.0,3.89,1.0,3.8,3.8,0.7,0.7,22.0,236.0,57.0,492.15,0.34,42.6,7.4,48.0,14.0,45.0,872.5,0.8,0.4,393.15,0.16,28.5,1.585,0.0,650.347064,0,240.0,6.479042624572195,0.0,50.0,240.0,0.24999999895833333,0.49999999791666666,50.09999979166666,25.09999989583333,0.6662233953941235,0.33377659130800436,-6.3,8.0,14.3,-5471.76657750953,1.3809522881145582,0.061932797828064566,0.03263857075547493,0.0005784892387779493,48.168195196522845,29.248738455728184,380.1072958427876
1.27,20.50609665,14.8492424,100.0,310.0,100.0,2.36,484.0,7.7,779.0,36.0,2345.15,0.23,360.0,3.89,1.0,3.8,3.8,0.7,0.7,22.0,236.0,57.0,492.15,0.34,42.6,7.4,48.0,14.0,45.0,872.5,0.8,0.4,393.15,0.16,28.5,1.585,0.0,500.3811539,0,720.0,6.217366598061264,0.0,50.0,720.0,0.08333333321759259,0.4305555549575617,43.15555549575617,8.433333321759259,0.8365280906103939,0.1634718900055876,-6.3,8.0,14.3,-5471.76657750953,1.3809522881145582,0.061932797828064566,0.03263857075547493,0.0005784892387779493,48.168195196522845,29.248738455728184,380.1072958427876
1.27,20.50609665,14.8492424,100.0,11.0,100.0,2.36,484.0,7.7,779.0,36.0,2345.15,0.23,360.0,3.89,1.0,3.8,3.8,0.7,0.7,22.0,236.0,57.0,492.15,0.34,42.6,7.4,48.0,14.0,45.0,872.5,0.8,0.4,393.15,0.16,28.5,1.585,0.0,1258.29475,1,,7.138307121020342,0.0,50.0,,,,0.1,142.9571394557824,0.0006990213818156743,0.9993009716279706,-6.3,8.0,14.3,-5471.76657750953,1.3809522881145582,0.061932797828064566,0.03263857075547493,0.0005784892387779493,48.168195196522845,29.248738455728184,380.1072958427876
1.27,20.50609665,14.8492424,100.0,31.0,100.0,2.36,484.0,7.7,779.0,36.0,2345.15,0.23,360.0,3.89,1.0,3.8,3.8,0.7,0.7,22.0,236.0,57.0,492.15,0.34,42.6,7.4,48.0,14.0,45.0,872.5,0.8,0.4,393.15,0.16,28.5,1.585,0.0,945.1504475,1,,6.8524015918193495,0.0,50.0,,,,0.1,142.9571394557824,0.0006990213818156743,0.9993009716279706,-6.3,8.0,14.3,-5471.76657750953,1.3809522881145582,0.061932797828064566,0.03263857075547493,0.0005784892387779493,48.168195196522845,29.248738455728184,380.1072958427876
1.27,20.50609665,14.8492424,100.0,61.0,100.0,2.36,484.0,7.7,779.0,36.0,2345.15,0.23,360.0,3.89,1.0,3.8,3.8,0.7,0.7,22.0,236.0,57.0,492.15,0.34,42.6,7.4,48.0,14.0,45.0,872.5,0.8,0.4,393.15,0.16,28.5,1.585,0.0,783.9835383,1,,6.665662747244056,0.0,50.0,,,,0.1,142.9571394557824,0.0006990213818156743,0.9993009716279706,-6.3,8.0,14.3,-5471.76657750953,1.3809522881145582,0.061932797828064566,0.03263857075547493,0.0005784892387779493,48.168195196522845,29.248738455728184,380.1072958427876
1.27,20.50609665,14.8492424,125.0,44.8,100.0,2.36,484.0,7.7,779.0,36.0,2345.15,0.23,360.0,3.89,1.0,3.8,3.8,0.7,0.7,22.0,236.0,57.0,492.15,0.34,42.6,7.4,48.0,14.0,45.0,872.5,0.8,0.4,393.15,0.16,28.5,1.585,0.0,620.9837449,0,40.0,6.432913958796405,-25.0,37.5,40.0,1.4999999625000011,1.1199999720000007,112.09999720000006,187.62499531250012,0.3740095074698029,0.6259904891938053,-6.3,8.0,14.3,-6839.708221886913,1.3809522881145582,0.061932797828064566,0.03263857075547493,0.0005784892387779493,48.168195196522845,29.248738455728184,380.1072958427876
1.27,20.50609665,14.8492424,75.0,44.8,75.0,2.36,484.0,7.7,779.0,36.0,2345.15,0.23,360.0,3.89,1.0,3.8,3.8,0.7,0.7,22.0,236.0,57.0,492.15,0.34,42.6,7.4,48.0,14.0,45.0,872.5,0.8,0.4,393.15,0.16,28.5,1.585,0.0,2132.65846,0,40.0,7.665593372192477,0.0,37.5,40.0,1.4999999625000011,1.1199999720000007,84.07499790000004,112.57499718750007,0.4275362297113425,0.5724637652034807,-6.3,8.0,14.3,-4103.824933132148,1.3809522881145582,0.061932797828064566,0.03263857075547493,0.0005784892387779493,48.168195196522845,29.248738455728184,380.1072958427876
1.27,20.50609665,14.8492424,60.0,16.0,60.0,2.36,484.0,7.7,779.0,36.0,2345.15,0.23,360.0,3.89,1.0,3.8,3.8,0.7,0.7,22.0,236.0,57.0,492.15,0.34,42.6,7.4,48.0,14.0,45.0,872.5,0.8,0.4,393.15,0.16,28.5,1.585,0.0,5471.308251,0,40.0,8.607455790135365,0.0,30.0,40.0,1.4999999625000011,0.39999999000000025,24.059999400000017,90.05999775000006,0.2108307026817105,0.7891692885555835,-6.3,8.0,14.3,-3283.0599465057185,1.3809522881145582,0.061932797828064566,0.03263857075547493,0.0005784892387779493,48.168195196522845,29.248738455728184,380.1072958427876
1.27,20.50609665,14.8492424,140.0,16.0,100.0,2.36,484.0,7.7,779.0,36.0,2345.15,0.23,360.0,3.89,1.0,3.8,3.8,0.7,0.7,22.0,236.0,57.0,492.15,0.34,42.6,7.4,48.0,14.0,45.0,872.5,0.8,0.4,393.15,0.16,28.5,1.585,0.0,702.0545352,0,40.0,6.555434463766321,-40.0,30.0,40.0,1.4999999625000011,0.39999999000000025,40.099999000000025,210.13999475000014,0.16024616304864273,0.8397538329551936,-6.3,8.0,14.3,-7660.473208513342,1.3809522881145582,0.061932797828064566,0.03263857075547493,0.0005784892387779493,48.168195196522845,29.248738455728184,380.1072958427876
1.27,20.50609665,14.8492424,150.0,25.0,125.0,2.36,484.0,7.7,779.0,36.0,2345.15,0.23,360.0,3.89,1.0,3.8,3.8,0.7,0.7,22.0,236.0,57.0,492.15,0.34,42.6,7.4,48.0,14.0,45.0,872.5,0.8,0.4,393.15,0.16,28.5,1.585,0.0,361.6487185,0,40.0,5.893434648092988,-25.0,50.0,40.0,1.4999999625000011,0.6249999843750005,78.24999804687506,225.14999437500015,0.2579103485281527,0.7420896481758684,-6.3,8.0,14.3,-8207.649866264295,1.3809522881145582,0.061932797828064566,0.03263857075547493,0.0005784892387779493,48.168195196522845,29.248738455728184,380.1072958427876
1.27,20.50609665,14.8492424,100.0,15.0,60.0,2.36,484.0,7.7,779.0,36.0,2345.15,0.23,360.0,3.89,1.0,3.8,3.8,0.7,0.7,22.0,236.0,57.0,492.15,0.34,42.6,7.4,48.0,14.0,45.0,872.5,0.8,0.4,393.15,0.16,28.5,1.585,0.0,2687.467931,0,30.0,7.896726767965832,-40.0,10.0,30.0,1.9999999333333356,0.4999999833333339,30.05999900000003,200.09999333333357,0.1306047961014018,0.8693951995537945,-6.3,8.0,14.3,-5471.76657750953,1.3809522881145582,0.061932797828064566,0.03263857075547493,0.0005784892387779493,48.168195196522845,29.248738455728184,380.1072958427876
1.27,20.50609665,14.8492424,165.0,30.0,125.0,2.36,484.0,7.7,779.0,36.0,2345.15,0.23,360.0,3.89,1.0,3.8,3.8,0.7,0.7,22.0,236.0,57.0,492.15,0.34,42.6,7.4,48.0,14.0,45.0,872.5,0.8,0.4,393.15,0.16,28.5,1.585,0.0,335.3236282,0,60.0,5.8180738755704535,-40.0,42.5,60.0,0.9999999833333336,0.4999999916666668,62.62499895833334,165.16499725000006,0.27492427115251,0.7250757244574816,-6.3,8.0,14.3,-9028.414852890724,1.3809522881145582,0.061932797828064566,0.03263857075547493,0.0005784892387779493,48.168195196522845,29.248738455728184,380.1072958427876
1.27,20.50609665,14.8492424,165.0,21.0,125.0,2.36,484.0,7.7,779.0,36.0,2345.15,0.23,360.0,3.89,1.0,3.8,3.8,0.7,0.7,22.0,236.0,57.0,492.15,0.34,42.6,7.4,48.0,14.0,45.0,872.5,0.8,0.4,393.15,0.16,28.5,1.585,0.0,370.0394936,0,42.0,5.916308508693871,-40.0,42.5,42.0,1.428571394557824,0.49999998809523843,62.6249985119048,235.87928010204095,0.20979598213096787,0.7902040145189964,-6.3,8.0,14.3,-9028.414852890724,1.3809522881145582,0.061932797828064566,0.03263857075547493,0.0005784892387779493,48.168195196522845,29.248738455728184,380.1072958427876
1.27,20.50609665,14.8492424,165.0,120.0,125.0,2.36,484.0,7.7,779.0,36.0,2345.15,0.23,360.0,3.89,1.0,3.8,3.8,0.7,0.7,22.0,236.0,57.0,492.15,0.34,42.6,7.4,48.0,14.0,45.0,872.5,0.8,0.4,393.15,0.16,28.5,1.585,0.0,228.6520961,0,240.0,5.436565538097882,-40.0,42.5,240.0,0.24999999895833333,0.49999999791666666,62.62499973958332,41.414999828125,0.6019319434627216,0.3980680469255907,-6.3,8.0,14.3,-9028.414852890724,1.3809522881145582,0.061932797828064566,0.03263857075547493,0.0005784892387779493,48.168195196522845,29.248738455728184,380.1072958427876
1.27,20.50609665,14.8492424,180.0,15.0,125.0,2.36,484.0,7.7,779.0,36.0,2345.15,0.23,360.0,3.89,1.0,3.8,3.8,0.7,0.7,22.0,236.0,57.0,492.15,0.34,42.6,7.4,48.0,14.0,45.0,872.5,0.8,0.4,393.15,0.16,28.5,1.585,0.0,358.6736567,0,30.0,5.885197111155574,-55.0,35.0,30.0,1.9999999333333356,0.4999999833333339,62.62499791666673,360.17998800000044,0.1481179263597707,0.8518820712750726,-6.3,8.0,14.3,-9849.179839517155,1.3809522881145582,0.061932797828064566,0.03263857075547493,0.0005784892387779493,48.168195196522845,29.248738455728184,380.1072958427876
1.27,20.50609665,14.8492424,100.0,15.0,100.0,2.36,484.0,7.7,779.0,36.0,2345.15,0.23,360.0,3.89,1.0,3.8,3.8,0.7,0.7,22.0,236.0,57.0,492.15,0.34,42.6,7.4,48.0,14.0,45.0,872.5,0.8,0.4,393.15,0.16,28.5,1.585,0.0,1290.257907,0,30.0,7.163372143938816,0.0,50.0,30.0,1.9999999333333356,0.4999999833333339,50.09999833333338,200.09999333333357,0.20023980736114538,0.7997601886420519,-6.3,8.0,14.3,-5471.76657750953,1.3809522881145582,0.061932797828064566,0.03263857075547493,0.0005784892387779493,48.168195196522845,29.248738455728184,380.1072958427876
1.27,20.50609665,14.8492424,100.0,38.65,100.0,2.36,484.0,7.7,779.0,36.0,2345.15,0.23,360.0,3.89,1.0,3.8,3.8,0.7,0.7,22.0,236.0,57.0,492.15,0.34,42.6,7.4,48.0,14.0,45.0,872.5,0.8,0.4,393.15,0.16,28.5,1.585,0.0,993.441375,0,30.0,6.902181147335739,0.0,50.0,30.0,1.9999999333333356,1.2883332903888902,128.933329038889,200.09999333333357,0.3918549273899281,0.608145069570866,-6.3,8.0,14.3,-5471.76657750953,1.3809522881145582,0.061932797828064566,0.03263857075547493,0.0005784892387779493,48.168195196522845,29.248738455728184,380.1072958427876
1.27,20.50609665,14.8492424,100.0,20.0,100.0,2.36,484.0,7.7,779.0,36.0,2345.15,0.23,360.0,3.89,1.0,3.8,3.8,0.7,0.7,22.0,236.0,57.0,492.15,0.34,42.6,7.4,48.0,14.0,45.0,872.5,0.8,0.4,393.15,0.16,28.5,1.585,0.0,1191.704146,0,40.0,7.083978399725139,0.0,50.0,40.0,1.4999999625000011,0.49999998750000035,50.09999875000003,150.0999962500001,0.250249749005989,0.749750245999006,-6.3,8.0,14.3,-5471.76657750953,1.3809522881145582,0.061932797828064566,0.03263857075547493,0.0005784892387779493,48.168195196522845,29.248738455728184,380.1072958427876
1.27,20.50609665,14.8492424,100.0,47.3,100.0,2.36,484.0,7.7,779.0,36.0,2345.15,0.23,360.0,3.89,1.0,3.8,3.8,0.7,0.7,22.0,236.0,57.0,492.15,0.34,42.6,7.4,48.0,14.0,45.0,872.5,0.8,0.4,393.15,0.16,28.5,1.585,0.0,939.5421925,0,40.0,6.846456509510476,0.0,50.0,40.0,1.4999999625000011,1.1824999704375008,118.34999704375007,150.0999962500001,0.44086421888408067,0.5591357773908309,-6.3,8.0,14.3,-5471.76657750953,1.3809522881145582,0.061932797828064566,0.03263857075547493,0.0005784892387779493,48.168195196522845,29.248738455728184,380.1072958427876
1.27,20.50609665,14.8492424,100.0,79.6,100.0,2.36,484.0,7.7,779.0,36.0,2345.15,0.23,360.0,3.89,1.0,3.8,3.8,0.7,0.7,22.0,236.0,57.0,492.15,0.34,42.6,7.4,48.0,14.0,45.0,872.5,0.8,0.4,393.15,0.16,28.5,1.585,0.0,813.7307835,0,50.0,6.702857731677018,0.0,50.0,50.0,1.1999999760000006,1.5919999681600006,159.29999681600003,120.09999760000005,0.5701503200771978,0.42984967634370413,-6.3,8.0,14.3,-5471.76657750953,1.3809522881145582,0.061932797828064566,0.03263857075547493,0.0005784892387779493,48.168195196522845,29.248738455728184,380.1072958427876
1.27,20.50609665,14.8492424,100.0,30.0,100.0,2.36,484.0,7.7,779.0,36.0,2345.15,0.23,360.0,3.89,1.0,3.8,3.8,0.7,0.7,22.0,236.0,57.0,492.15,0.34,42.6,7.4,48.0,14.0,45.0,872.5,0.8,0.4,393.15,0.16,28.5,1.585,0.0,1065.447475,0,60.0,6.972088286815795,0.0,50.0,60.0,0.9999999833333336,0.4999999916666668,50.09999916666668,100.09999833333336,0.33355525743674797,0.6664447359054623,-6.3,8.0,14.3,-5471.76657750953,1.3809522881145582,0.061932797828064566,0.03263857075547493,0.0005784892387779493,48.168195196522845,29.248738455728184,380.1072958427876
1.27,20.50609665,14.8492424,100.0,40.0,100.0,2.36,484.0,7.7,779.0,36.0,2345.15,0.23,360.0,3.89,1.0,3.8,3.8,0.7,0.7,22.0,236.0,57.0,492.15,0.34,42.6,7.4,48.0,14.0,45.0,872.5,0.8,0.4,393.15,0.16,28.5,1.585,0.0,984.0654074,0,80.0,6.892708042419254,0.0,50.0,80.0,0.7499999906250001,0.4999999937500001,50.099999375,75.09999906250002,0.40015974121477516,0.5998402507980043,-6.3,8.0,14.3,-5471.76657750953,1.3809522881145582,0.061932797828064566,0.03263857075547493,0.0005784892387779493,48.168195196522845,29.248738455728184,380.1072958427876
1.27,20.50609665,14.8492424,100.0,47.3,100.0,2.36,484.0,7.7,779.0,36.0,2345.15,0.23,360.0,3.89,1.0,3.8,3.8,0.7,0.7,22.0,236.0,57.0,492.15,0.34,42.6,7.4,48.0,14.0,45.0,872.5,0.8,0.4,393.15,0.16,28.5,1.585,0.0,939.5421925,0,80.0,6.846456509510476,0.0,50.0,80.0,0.7499999906250001,0.591249992609375,59.22499926093751,75.09999906250002,0.44090824164704623,0.5590917509083233,-6.3,8.0,14.3,-5471.76657750953,1.3809522881145582,0.061932797828064566,0.03263857075547493,0.0005784892387779493,48.168195196522845,29.248738455728184,380.1072958427876
1.27,20.50609665,14.8492424,100.0,70.0,100.0,2.36,484.0,7.7,779.0,36.0,2345.15,0.23,360.0,3.89,1.0,3.8,3.8,0.7,0.7,22.0,236.0,57.0,492.15,0.34,42.6,7.4,48.0,14.0,45.0,872.5,0.8,0.4,393.15,0.16,28.5,1.585,0.0,843.1344921,0,90.0,6.738311832730346,0.0,50.0,90.0,0.6666666592592594,0.7777777691358025,77.87777691358025,66.76666592592593,0.5384083539357478,0.46159163915074775,-6.3,8.0,14.3,-5471.76657750953,1.3809522881145582,0.061932797828064566,0.03263857075547493,0.0005784892387779493,48.168195196522845,29.248738455728184,380.1072958427876
1.27,20.50609665,14.8492424,100.0,70.0,100.0,2.36,484.0,7.7,779.0,36.0,2345.15,0.23,360.0,3.89,1.0,3.8,3.8,0.7,0.7,22.0,236.0,57.0,492.15,0.34,42.6,7.4,48.0,14.0,45.0,872.5,0.8,0.4,393.15,0.16,28.5,1.585,0.0,843.1344921,0,100.0,6.738311832730346,0.0,50.0,100.0,0.599999994,0.699999993,70.09999930000001,60.0999994,0.5384024536215111,0.4615975386979974,-6.3,8.0,14.3,-5471.76657750953,1.3809522881145582,0.061932797828064566,0.03263857075547493,0.0005784892387779493,48.168195196522845,29.248738455728184,380.1072958427876
1.27,20.50609665,14.8492424,100.0,60.0,100.0,2.36,484.0,7.7,779.0,36.0,2345.15,0.23,360.0,3.89,1.0,3.8,3.8,0.7,0.7,22.0,236.0,57.0,492.15,0.34,42.6,7.4,48.0,14.0,45.0,872.5,0.8,0.4,393.15,0.16,28.5,1.585,0.0,879.8072971,0,120.0,6.780838870001764,0.0,50.0,120.0,0.4999999958333334,0.4999999958333334,50.09999958333333,50.09999958333333,0.49999999500998005,0.49999999500998005,-6.3,8.0,14.3,-5471.76657750953,1.3809522881145582,0.061932797828064566,0.03263857075547493,0.0005784892387779493,48.168195196522845,29.248738455728184,380.1072958427876
1.27,20.50609665,14.8492424,100.0,70.0,100.0,2.36,484.0,7.7,779.0,36.0,2345.15,0.23,360.0,3.89,1.0,3.8,3.8,0.7,0.7,22.0,236.0,57.0,492.15,0.34,42.6,7.4,48.0,14.0,45.0,872.5,0.8,0.4,393.15,0.16,28.5,1.585,0.0,843.1344921,0,140.0,6.738311832730346,0.0,50.0,140.0,0.4285714255102041,0.49999999642857146,50.09999964285714,42.95714255102041,0.5383788704804484,0.4616211187734663,-6.3,8.0,14.3,-5471.76657750953,1.3809522881145582,0.061932797828064566,0.03263857075547493,0.0005784892387779493,48.168195196522845,29.248738455728184,380.1072958427876
1.27,20.50609665,14.8492424,100.0,120.0,100.0,2.36,484.0,7.7,779.0,36.0,2345.15,0.23,360.0,3.89,1.0,3.8,3.8,0.7,0.7,22.0,236.0,57.0,492.15,0.34,42.6,7.4,48.0,14.0,45.0,872.5,0.8,0.4,393.15,0.16,28.5,1.585,0.0,726.5124731,0,240.0,6.58963114405331,0.0,50.0,240.0,0.24999999895833333,0.49999999791666666,50.09999979166666,25.09999989583333,0.6662233953941235,0.33377659130800436,-6.3,8.0,14.3,-5471.76657750953,1.3809522881145582,0.061932797828064566,0.03263857075547493,0.0005784892387779493,48.168195196522845,29.248738455728184,380.1072958427876
1.27,20.50609665,14.8492424,100.0,310.0,100.0,2.36,484.0,7.7,779.0,36.0,2345.15,0.23,360.0,3.89,1.0,3.8,3.8,0.7,0.7,22.0,236.0,57.0,492.15,0.34,42.6,7.4,48.0,14.0,45.0,872.5,0.8,0.4,393.15,0.16,28.5,1.585,0.0,558.9833025,0,720.0,6.327906966320374,0.0,50.0,720.0,0.08333333321759259,0.4305555549575617,43.15555549575617,8.433333321759259,0.8365280906103939,0.1634718900055876,-6.3,8.0,14.3,-5471.76657750953,1.3809522881145582,0.061932797828064566,0.03263857075547493,0.0005784892387779493,48.168195196522845,29.248738455728184,380.1072958427876
1.27,20.50609665,14.8492424,100.0,11.0,100.0,2.36,484.0,7.7,779.0,36.0,2345.15,0.23,360.0,3.89,1.0,3.8,3.8,0.7,0.7,22.0,236.0,57.0,492.15,0.34,42.6,7.4,48.0,14.0,45.0,872.5,0.8,0.4,393.15,0.16,28.5,1.585,0.0,1405.659964,1,,7.248973353421685,0.0,50.0,,,,0.1,142.9571394557824,0.0006990213818156743,0.9993009716279706,-6.3,8.0,14.3,-5471.76657750953,1.3809522881145582,0.061932797828064566,0.03263857075547493,0.0005784892387779493,48.168195196522845,29.248738455728184,380.1072958427876
1.27,20.50609665,14.8492424,100.0,31.0,100.0,2.36,484.0,7.7,779.0,36.0,2345.15,0.23,360.0,3.89,1.0,3.8,3.8,0.7,0.7,22.0,236.0,57.0,492.15,0.34,42.6,7.4,48.0,14.0,45.0,872.5,0.8,0.4,393.15,0.16,28.5,1.585,0.0,1055.841761,1,,6.9630402688921595,0.0,50.0,,,,0.1,142.9571394557824,0.0006990213818156743,0.9993009716279706,-6.3,8.0,14.3,-5471.76657750953,1.3809522881145582,0.061932797828064566,0.03263857075547493,0.0005784892387779493,48.168195196522845,29.248738455728184,380.1072958427876
1.27,20.50609665,14.8492424,100.0,61.0,100.0,2.36,484.0,7.7,779.0,36.0,2345.15,0.23,360.0,3.89,1.0,3.8,3.8,0.7,0.7,22.0,236.0,57.0,492.15,0.34,42.6,7.4,48.0,14.0,45.0,872.5,0.8,0.4,393.15,0.16,28.5,1.585,0.0,875.7997857,1,,6.776278671782225,0.0,50.0,,,,0.1,142.9571394557824,0.0006990213818156743,0.9993009716279706,-6.3,8.0,14.3,-5471.76657750953,1.3809522881145582,0.061932797828064566,0.03263857075547493,0.0005784892387779493,48.168195196522845,29.248738455728184,380.1072958427876
1.27,20.50609665,14.8492424,125.0,44.8,100.0,2.36,484.0,7.7,779.0,36.0,2345.15,0.23,360.0,3.89,1.0,3.8,3.8,0.7,0.7,22.0,236.0,57.0,492.15,0.34,42.6,7.4,48.0,14.0,45.0,872.5,0.8,0.4,393.15,0.16,28.5,1.585,0.0,693.7102684,0,40.0,6.543494878646167,-25.0,37.5,40.0,1.4999999625000011,1.1199999720000007,112.09999720000006,187.62499531250012,0.3740095074698029,0.6259904891938053,-6.3,8.0,14.3,-6839.708221886913,1.3809522881145582,0.061932797828064566,0.03263857075547493,0.0005784892387779493,48.168195196522845,29.248738455728184,380.1072958427876
1.27,20.50609665,14.8492424,75.0,44.8,75.0,2.36,484.0,7.7,779.0,36.0,2345.15,0.23,360.0,3.89,1.0,3.8,3.8,0.7,0.7,22.0,236.0,57.0,492.15,0.34,42.6,7.4,48.0,14.0,45.0,872.5,0.8,0.4,393.15,0.16,28.5,1.585,0.0,2382.424797,0,40.0,7.776293722647226,0.0,37.5,40.0,1.4999999625000011,1.1199999720000007,84.07499790000004,112.57499718750007,0.4275362297113425,0.5724637652034807,-6.3,8.0,14.3,-4103.824933132148,1.3809522881145582,0.061932797828064566,0.03263857075547493,0.0005784892387779493,48.168195196522845,29.248738455728184,380.1072958427876
1.27,20.50609665,14.8492424,60.0,16.0,60.0,2.36,484.0,7.7,779.0,36.0,2345.15,0.23,360.0,3.89,1.0,3.8,3.8,0.7,0.7,22.0,236.0,57.0,492.15,0.34,42.6,7.4,48.0,14.0,45.0,872.5,0.8,0.4,393.15,0.16,28.5,1.585,0.0,6112.080623,0,40.0,8.718186118719768,0.0,30.0,40.0,1.4999999625000011,0.39999999000000025,24.059999400000017,90.05999775000006,0.2108307026817105,0.7891692885555835,-6.3,8.0,14.3,-3283.0599465057185,1.3809522881145582,0.061932797828064566,0.03263857075547493,0.0005784892387779493,48.168195196522845,29.248738455728184,380.1072958427876
1.27,20.50609665,14.8492424,140.0,16.0,100.0,2.36,484.0,7.7,779.0,36.0,2345.15,0.23,360.0,3.89,1.0,3.8,3.8,0.7,0.7,22.0,236.0,57.0,492.15,0.34,42.6,7.4,48.0,14.0,45.0,872.5,0.8,0.4,393.15,0.16,28.5,1.585,0.0,784.2756658,0,40.0,6.666034822762044,-40.0,30.0,40.0,1.4999999625000011,0.39999999000000025,40.099999000000025,210.13999475000014,0.16024616304864273,0.8397538329551936,-6.3,8.0,14.3,-7660.473208513342,1.3809522881145582,0.061932797828064566,0.03263857075547493,0.0005784892387779493,48.168195196522845,29.248738455728184,380.1072958427876
1.27,20.50609665,14.8492424,150.0,25.0,125.0,2.36,484.0,7.7,779.0,36.0,2345.15,0.23,360.0,3.89,1.0,3.8,3.8,0.7,0.7,22.0,236.0,57.0,492.15,0.34,42.6,7.4,48.0,14.0,45.0,872.5,0.8,0.4,393.15,0.16,28.5,1.585,0.0,404.0032152,0,40.0,6.003895005840459,-25.0,50.0,40.0,1.4999999625000011,0.6249999843750005,78.24999804687506,225.14999437500015,0.2579103485281527,0.7420896481758684,-6.3,8.0,14.3,-8207.649866264295,1.3809522881145582,0.061932797828064566,0.03263857075547493,0.0005784892387779493,48.168195196522845,29.248738455728184,380.1072958427876
1.27,20.50609665,14.8492424,100.0,15.0,60.0,2.36,484.0,7.7,779.0,36.0,2345.15,0.23,360.0,3.89,1.0,3.8,3.8,0.7,0.7,22.0,236.0,57.0,492.15,0.34,42.6,7.4,48.0,14.0,45.0,872.5,0.8,0.4,393.15,0.16,28.5,1.585,0.0,3002.210791,0,30.0,8.007437258993077,-40.0,10.0,30.0,1.9999999333333356,0.4999999833333339,30.05999900000003,200.09999333333357,0.1306047961014018,0.8693951995537945,-6.3,8.0,14.3,-5471.76657750953,1.3809522881145582,0.061932797828064566,0.03263857075547493,0.0005784892387779493,48.168195196522845,29.248738455728184,380.1072958427876
1.27,20.50609665,14.8492424,165.0,30.0,125.0,2.36,484.0,7.7,779.0,36.0,2345.15,0.23,360.0,3.89,1.0,3.0,3.0,0.5,0.5,20.7,232.0,58.0,490.15,0.36,41.6,7.37,50.0,14.0,45.0,872.5,0.8,0.4,393.15,0.16,28.5,1.585,0.0,263.0459473,0,60.0,5.576123130805655,-40.0,42.5,60.0,0.9999999833333336,0.4999999916666668,62.62499895833334,165.16499725000006,0.27492427115251,0.7250757244574816,-6.3,6.699999999999999,13.0,-9028.414852890724,1.3809522881145582,0.061932797828064566,0.03392130255818012,0.0005784892387779493,47.794062736600715,29.248738455728184,380.1072958427876
1.27,20.50609665,14.8492424,165.0,21.0,125.0,2.36,484.0,7.7,779.0,36.0,2345.15,0.23,360.0,3.89,1.0,3.0,3.0,0.5,0.5,20.7,232.0,58.0,490.15,0.36,41.6,7.37,50.0,14.0,45.0,872.5,0.8,0.4,393.15,0.16,28.5,1.585,0.0,290.2789453,0,42.0,5.674281382946038,-40.0,42.5,42.0,1.428571394557824,0.49999998809523843,62.6249985119048,235.87928010204095,0.20979598213096787,0.7902040145189964,-6.3,6.699999999999999,13.0,-9028.414852890724,1.3809522881145582,0.061932797828064566,0.03392130255818012,0.0005784892387779493,47.794062736600715,29.248738455728184,380.1072958427876
1.27,20.50609665,14.8492424,165.0,120.0,125.0,2.36,484.0,7.7,779.0,36.0,2345.15,0.23,360.0,3.89,1.0,3.0,3.0,0.5,0.5,20.7,232.0,58.0,490.15,0.36,41.6,7.37,50.0,14.0,45.0,872.5,0.8,0.4,393.15,0.16,28.5,1.585,0.0,179.3670418,0,240.0,5.194993895815785,-40.0,42.5,240.0,0.24999999895833333,0.49999999791666666,62.62499973958332,41.414999828125,0.6019319434627216,0.3980680469255907,-6.3,6.699999999999999,13.0,-9028.414852890724,1.3809522881145582,0.061932797828064566,0.03392130255818012,0.0005784892387779493,47.794062736600715,29.248738455728184,380.1072958427876
1.27,20.50609665,14.8492424,180.0,15.0,125.0,2.36,484.0,7.7,779.0,36.0,2345.15,0.23,360.0,3.89,1.0,3.0,3.0,0.5,0.5,20.7,232.0,58.0,490.15,0.36,41.6,7.37,50.0,14.0,45.0,872.5,0.8,0.4,393.15,0.16,28.5,1.585,0.0,281.3629696,0,30.0,5.643193369542374,-55.0,35.0,30.0,1.9999999333333356,0.4999999833333339,62.62499791666673,360.17998800000044,0.1481179263597707,0.8518820712750726,-6.3,6.699999999999999,13.0,-9849.179839517155,1.3809522881145582,0.061932797828064566,0.03392130255818012,0.0005784892387779493,47.794062736600715,29.248738455728184,380.1072958427876
1.27,20.50609665,14.8492424,100.0,15.0,100.0,2.36,484.0,7.7,779.0,36.0,2345.15,0.23,360.0,3.89,1.0,3.0,3.0,0.5,0.5,20.7,232.0,58.0,490.15,0.36,41.6,7.37,50.0,14.0,45.0,872.5,0.8,0.4,393.15,0.16,28.5,1.585,0.0,1012.147922,0,30.0,6.920817517280265,0.0,50.0,30.0,1.9999999333333356,0.4999999833333339,50.09999833333338,200.09999333333357,0.20023980736114538,0.7997601886420519,-6.3,6.699999999999999,13.0,-5471.76657750953,1.3809522881145582,0.061932797828064566,0.03392130255818012,0.0005784892387779493,47.794062736600715,29.248738455728184,380.1072958427876
1.27,20.50609665,14.8492424,100.0,38.65,100.0,2.36,484.0,7.7,779.0,36.0,2345.15,0.23,360.0,3.89,1.0,3.0,3.0,0.5,0.5,20.7,232.0,58.0,490.15,0.36,41.6,7.37,50.0,14.0,45.0,872.5,0.8,0.4,393.15,0.16,28.5,1.585,0.0,779.3090186,0,30.0,6.659690018918284,0.0,50.0,30.0,1.9999999333333356,1.2883332903888902,128.933329038889,200.09999333333357,0.3918549273899281,0.608145069570866,-6.3,6.699999999999999,13.0,-5471.76657750953,1.3809522881145582,0.061932797828064566,0.03392130255818012,0.0005784892387779493,47.794062736600715,29.248738455728184,380.1072958427876
1.27,20.50609665,14.8492424,100.0,20.0,100.0,2.36,484.0,7.7,779.0,36.0,2345.15,0.23,360.0,3.89,1.0,3.0,3.0,0.5,0.5,20.7,232.0,58.0,490.15,0.36,41.6,7.37,50.0,14.0,45.0,872.5,0.8,0.4,393.15,0.16,28.5,1.585,0.0,934.8370338,0,40.0,6.8414413521307935,0.0,50.0,40.0,1.4999999625000011,0.49999998750000035,50.09999875000003,150.0999962500001,0.250249749005989,0.749750245999006,-6.3,6.699999999999999,13.0,-5471.76657750953,1.3809522881145582,0.061932797828064566,0.03392130255818012,0.0005784892387779493,47.794062736600715,29.248738455728184,380.1072958427876
1.27,20.50609665,14.8492424,100.0,47.3,100.0,2.36,484.0,7.7,779.0,36.0,2345.15,0.23,360.0,3.89,1.0,3.0,3.0,0.5,0.5,20.7,232.0,58.0,490.15,0.36,41.6,7.37,50.0,14.0,45.0,872.5,0.8,0.4,393.15,0.16,28.5,1.585,0.0,737.0275915,0,40.0,6.603981210757969,0.0,50.0,40.0,1.4999999625000011,1.1824999704375008,118.34999704375007,150.0999962500001,0.44086421888408067,0.5591357773908309,-6.3,6.699999999999999,13.0,-5471.76657750953,1.3809522881145582,0.061932797828064566,0.03392130255818012,0.0005784892387779493,47.794062736600715,29.248738455728184,380.1072958427876
1.27,20.50609665,14.8492424,100.0,79.6,100.0,2.36,484.0,7.7,779.0,36.0,2345.15,0.23,360.0,3.89,1.0,3.0,3.0,0.5,0.5,20.7,232.0,58.0,490.15,0.36,41.6,7.37,50.0,14.0,45.0,872.5,0.8,0.4,393.15,0.16,28.5,1.585,0.0,638.3343338,0,50.0,6.460427531633277,0.0,50.0,50.0,1.1999999760000006,1.5919999681600006,159.29999681600003,120.09999760000005,0.5701503200771978,0.42984967634370413,-6.3,6.699999999999999,13.0,-5471.76657750953,1.3809522881145582,0.061932797828064566,0.03392130255818012,0.0005784892387779493,47.794062736600715,29.248738455728184,380.1072958427876
1.27,20.50609665,14.8492424,100.0,30.0,100.0,2.36,484.0,7.7,779.0,36.0,2345.15,0.23,360.0,3.89,1.0,3.0,3.0,0.5,0.5,20.7,232.0,58.0,490.15,0.36,41.6,7.37,50.0,14.0,45.0,872.5,0.8,0.4,393.15,0.16,28.5,1.585,0.0,835.7944886,0,60.0,6.729578507007898,0.0,50.0,60.0,0.9999999833333336,0.4999999916666668,50.09999916666668,100.09999833333336,0.33355525743674797,0.6664447359054623,-6.3,6.699999999999999,13.0,-5471.76657750953,1.3809522881145582,0.061932797828064566,0.03392130255818012,0.0005784892387779493,47.794062736600715,29.248738455728184,380.1072958427876
1.27,20.50609665,14.8492424,100.0,40.0,100.0,2.36,484.0,7.7,779.0,36.0,2345.15,0.23,360.0,3.89,1.0,3.0,3.0,0.5,0.5,20.7,232.0,58.0,490.15,0.36,41.6,7.37,50.0,14.0,45.0,872.5,0.8,0.4,393.15,0.16,28.5,1.585,0.0,771.9540036,0,80.0,6.650219543065386,0.0,50.0,80.0,0.7499999906250001,0.4999999937500001,50.099999375,75.09999906250002,0.40015974121477516,0.5998402507980043,-6.3,6.699999999999999,13.0,-5471.76657750953,1.3809522881145582,0.061932797828064566,0.03392130255818012,0.0005784892387779493,47.794062736600715,29.248738455728184,380.1072958427876
1.27,20.50609665,14.8492424,100.0,47.3,100.0,2.36,484.0,7.7,779.0,36.0,2345.15,0.23,360.0,3.89,1.0,3.0,3.0,0.5,0.5,20.7,232.0,58.0,490.15,0.36,41.6,7.37,50.0,14.0,45.0,872.5,0.8,0.4,393.15,0.16,28.5,1.585,0.0,737.0275915,0,80.0,6.603981210757969,0.0,50.0,80.0,0.7499999906250001,0.591249992609375,59.22499926093751,75.09999906250002,0.44090824164704623,0.5590917509083233,-6.3,6.699999999999999,13.0,-5471.76657750953,1.3809522881145582,0.061932797828064566,0.03392130255818012,0.0005784892387779493,47.794062736600715,29.248738455728184,380.1072958427876
1.27,20.50609665,14.8492424,100.0,70.0,100.0,2.36,484.0,7.7,779.0,36.0,2345.15,0.23,360.0,3.89,1.0,3.0,3.0,0.5,0.5,20.7,232.0,58.0,490.15,0.36,41.6,7.37,50.0,14.0,45.0,872.5,0.8,0.4,393.15,0.16,28.5,1.585,0.0,661.4001894,0,90.0,6.495869889000961,0.0,50.0,90.0,0.6666666592592594,0.7777777691358025,77.87777691358025,66.76666592592593,0.5384083539357478,0.46159163915074775,-6.3,6.699999999999999,13.0,-5471.76657750953,1.3809522881145582,0.061932797828064566,0.03392130255818012,0.0005784892387779493,47.794062736600715,29.248738455728184,380.1072958427876
1.27,20.50609665,14.8492424,100.0,70.0,100.0,2.36,484.0,7.7,779.0,36.0,2345.15,0.23,360.0,3.89,1.0,3.0,3.0,0.5,0.5,20.7,232.0,58.0,490.15,0.36,41.6,7.37,50.0,14.0,45.0,872.5,0.8,0.4,393.15,0.16,28.5,1.585,0.0,661.4001894,0,100.0,6.495869889000961,0.0,50.0,100.0,0.599999994,0.699999993,70.09999930000001,60.0999994,0.5384024536215111,0.4615975386979974,-6.3,6.699999999999999,13.0,-5471.76657750953,1.3809522881145582,0.061932797828064566,0.03392130255818012,0.0005784892387779493,47.794062736600715,29.248738455728184,380.1072958427876
1.27,20.50609665,14.8492424,100.0,60.0,100.0,2.36,484.0,7.7,779.0,36.0,2345.15,0.23,360.0,3.89,1.0,3.0,3.0,0.5,0.5,20.7,232.0,58.0,490.15,0.36,41.6,7.37,50.0,14.0,45.0,872.5,0.8,0.4,393.15,0.16,28.5,1.585,0.0,690.1683164,0,120.0,6.538383377897561,0.0,50.0,120.0,0.4999999958333334,0.4999999958333334,50.09999958333333,50.09999958333333,0.49999999500998005,0.49999999500998005,-6.3,6.699999999999999,13.0,-5471.76657750953,1.3809522881145582,0.061932797828064566,0.03392130255818012,0.0005784892387779493,47.794062736600715,29.248738455728184,380.1072958427876
1.27,20.50609665,14.8492424,100.0,70.0,100.0,2.36,484.0,7.7,779.0,36.0,2345.15,0.23,360.0,3.89,1.0,3.0,3.0,0.5,0.5,20.7,232.0,58.0,490.15,0.36,41.6,7.37,50.0,14.0,45.0,872.5,0.8,0.4,393.15,0.16,28.5,1.585,0.0,661.4001894,0,140.0,6.495869889000961,0.0,50.0,140.0,0.4285714255102041,0.49999999642857146,50.09999964285714,42.95714255102041,0.5383788704804484,0.4616211187734663,-6.3,6.699999999999999,13.0,-5471.76657750953,1.3809522881145582,0.061932797828064566,0.03392130255818012,0.0005784892387779493,47.794062736600715,29.248738455728184,380.1072958427876
1.27,20.50609665,14.8492424,100.0,120.0,100.0,2.36,484.0,7.7,779.0,36.0,2345.15,0.23,360.0,3.89,1.0,3.0,3.0,0.5,0.5,20.7,232.0,58.0,490.15,0.36,41.6,7.37,50.0,14.0,45.0,872.5,0.8,0.4,393.15,0.16,28.5,1.585,0.0,569.915585,0,240.0,6.3472413615991785,0.0,50.0,240.0,0.24999999895833333,0.49999999791666666,50.09999979166666,25.09999989583333,0.6662233953941235,0.33377659130800436,-6.3,6.699999999999999,13.0,-5471.76657750953,1.3809522881145582,0.061932797828064566,0.03392130255818012,0.0005784892387779493,47.794062736600715,29.248738455728184,380.1072958427876
1.27,20.50609665,14.8492424,100.0,310.0,100.0,2.36,484.0,7.7,779.0,36.0,2345.15,0.23,360.0,3.89,1.0,3.0,3.0,0.5,0.5,20.7,232.0,58.0,490.15,0.36,41.6,7.37,50.0,14.0,45.0,872.5,0.8,0.4,393.15,0.16,28.5,1.585,0.0,438.496664,0,720.0,6.085630126652738,0.0,50.0,720.0,0.08333333321759259,0.4305555549575617,43.15555549575617,8.433333321759259,0.8365280906103939,0.1634718900055876,-6.3,6.699999999999999,13.0,-5471.76657750953,1.3809522881145582,0.061932797828064566,0.03392130255818012,0.0005784892387779493,47.794062736600715,29.248738455728184,380.1072958427876
1.27,20.50609665,14.8492424,100.0,11.0,100.0,2.36,484.0,7.7,779.0,36.0,2345.15,0.23,360.0,3.89,1.0,3.0,3.0,0.5,0.5,20.7,232.0,58.0,490.15,0.36,41.6,7.37,50.0,14.0,45.0,872.5,0.8,0.4,393.15,0.16,28.5,1.585,0.0,1102.675522,1,,7.006401272404785,0.0,50.0,,,,0.1,142.9571394557824,0.0006990213818156743,0.9993009716279706,-6.3,6.699999999999999,13.0,-5471.76657750953,1.3809522881145582,0.061932797828064566,0.03392130255818012,0.0005784892387779493,47.794062736600715,29.248738455728184,380.1072958427876
1.27,20.50609665,14.8492424,100.0,31.0,100.0,2.36,484.0,7.7,779.0,36.0,2345.15,0.23,360.0,3.89,1.0,3.0,3.0,0.5,0.5,20.7,232.0,58.0,490.15,0.36,41.6,7.37,50.0,14.0,45.0,872.5,0.8,0.4,393.15,0.16,28.5,1.585,0.0,828.259248,1,,6.720532830010981,0.0,50.0,,,,0.1,142.9571394557824,0.0006990213818156743,0.9993009716279706,-6.3,6.699999999999999,13.0,-5471.76657750953,1.3809522881145582,0.061932797828064566,0.03392130255818012,0.0005784892387779493,47.794062736600715,29.248738455728184,380.1072958427876
1.27,20.50609665,14.8492424,100.0,61.0,100.0,2.36,484.0,7.7,779.0,36.0,2345.15,0.23,360.0,3.89,1.0,3.0,3.0,0.5,0.5,20.7,232.0,58.0,490.15,0.36,41.6,7.37,50.0,14.0,45.0,872.5,0.8,0.4,393.15,0.16,28.5,1.585,0.0,687.0246082,1,,6.533824605026251,0.0,50.0,,,,0.1,142.9571394557824,0.0006990213818156743,0.9993009716279706,-6.3,6.699999999999999,13.0,-5471.76657750953,1.3809522881145582,0.061932797828064566,0.03392130255818012,0.0005784892387779493,47.794062736600715,29.248738455728184,380.1072958427876
1.27,20.50609665,14.8492424,125.0,44.8,100.0,2.36,484.0,7.7,779.0,36.0,2345.15,0.23,360.0,3.89,1.0,3.0,3.0,0.5,0.5,20.7,232.0,58.0,490.15,0.36,41.6,7.37,50.0,14.0,45.0,872.5,0.8,0.4,393.15,0.16,28.5,1.585,0.0,544.1837656,0,40.0,6.301122922416452,-25.0,37.5,40.0,1.4999999625000011,1.1199999720000007,112.09999720000006,187.62499531250012,0.3740095074698029,0.6259904891938053,-6.3,6.699999999999999,13.0,-6839.708221886913,1.3809522881145582,0.061932797828064566,0.03392130255818012,0.0005784892387779493,47.794062736600715,29.248738455728184,380.1072958427876
1.27,20.50609665,14.8492424,75.0,44.8,75.0,2.36,484.0,7.7,779.0,36.0,2345.15,0.23,360.0,3.89,1.0,3.0,3.0,0.5,0.5,20.7,232.0,58.0,490.15,0.36,41.6,7.37,50.0,14.0,45.0,872.5,0.8,0.4,393.15,0.16,28.5,1.585,0.0,1868.902561,0,40.0,7.533641602073933,0.0,37.5,40.0,1.4999999625000011,1.1199999720000007,84.07499790000004,112.57499718750007,0.4275362297113425,0.5724637652034807,-6.3,6.699999999999999,13.0,-4103.824933132148,1.3809522881145582,0.061932797828064566,0.03392130255818012,0.0005784892387779493,47.794062736600715,29.248738455728184,380.1072958427876
1.27,20.50609665,14.8492424,60.0,16.0,60.0,2.36,484.0,7.7,779.0,36.0,2345.15,0.23,360.0,3.89,1.0,3.0,3.0,0.5,0.5,20.7,232.0,58.0,490.15,0.36,41.6,7.37,50.0,14.0,45.0,872.5,0.8,0.4,393.15,0.16,28.5,1.585,0.0,4794.645836,0,40.0,8.475463667715923,0.0,30.0,40.0,1.4999999625000011,0.39999999000000025,24.059999400000017,90.05999775000006,0.2108307026817105,0.7891692885555835,-6.3,6.699999999999999,13.0,-3283.0599465057185,1.3809522881145582,0.061932797828064566,0.03392130255818012,0.0005784892387779493,47.794062736600715,29.248738455728184,380.1072958427876
1.27,20.50609665,14.8492424,140.0,16.0,100.0,2.36,484.0,7.7,779.0,36.0,2345.15,0.23,360.0,3.89,1.0,3.0,3.0,0.5,0.5,20.7,232.0,58.0,490.15,0.36,41.6,7.37,50.0,14.0,45.0,872.5,0.8,0.4,393.15,0.16,28.5,1.585,0.0,615.2281501,0,40.0,6.423617268501133,-40.0,30.0,40.0,1.4999999625000011,0.39999999000000025,40.099999000000025,210.13999475000014,0.16024616304864273,0.8397538329551936,-6.3,6.699999999999999,13.0,-7660.473208513342,1.3809522881145582,0.061932797828064566,0.03392130255818012,0.0005784892387779493,47.794062736600715,29.248738455728184,380.1072958427876
1.27,20.50609665,14.8492424,150.0,25.0,125.0,2.36,484.0,7.7,779.0,36.0,2345.15,0.23,360.0,3.89,1.0,3.0,3.0,0.5,0.5,20.7,232.0,58.0,490.15,0.36,41.6,7.37,50.0,14.0,45.0,872.5,0.8,0.4,393.15,0.16,28.5,1.585,0.0,316.9219212,0,40.0,5.76180582181494,-25.0,50.0,40.0,1.4999999625000011,0.6249999843750005,78.24999804687506,225.14999437500015,0.2579103485281527,0.7420896481758684,-6.3,6.699999999999999,13.0,-8207.649866264295,1.3809522881145582,0.061932797828064566,0.03392130255818012,0.0005784892387779493,47.794062736600715,29.248738455728184,380.1072958427876
1.27,20.50609665,14.8492424,100.0,15.0,60.0,2.36,484.0,7.7,779.0,36.0,2345.15,0.23,360.0,3.89,1.0,3.0,3.0,0.5,0.5,20.7,232.0,58.0,490.15,0.36,41.6,7.37,50.0,14.0,45.0,872.5,0.8,0.4,393.15,0.16,28.5,1.585,0.0,2355.096137,0,30.0,7.7647613491172365,-40.0,10.0,30.0,1.9999999333333356,0.4999999833333339,30.05999900000003,200.09999333333357,0.1306047961014018,0.8693951995537945,-6.3,6.699999999999999,13.0,-5471.76657750953,1.3809522881145582,0.061932797828064566,0.03392130255818012,0.0005784892387779493,47.794062736600715,29.248738455728184,380.1072958427876
1.27,20.50609665,14.8492424,165.0,30.0,125.0,2.36,484.0,7.7,779.0,36.0,2345.15,0.23,360.0,3.89,1.0,3.0,3.0,0.5,0.5,20.7,232.0,58.0,490.15,0.36,41.6,7.37,50.0,14.0,45.0,872.5,0.8,0.4,393.15,0.16,28.5,1.585,0.0,229.6892931,0,60.0,5.441071753612894,-40.0,42.5,60.0,0.9999999833333336,0.4999999916666668,62.62499895833334,165.16499725000006,0.27492427115251,0.7250757244574816,-6.3,6.699999999999999,13.0,-9028.414852890724,1.3809522881145582,0.061932797828064566,0.03392130255818012,0.0005784892387779493,47.794062736600715,29.248738455728184,380.1072958427876
1.27,20.50609665,14.8492424,165.0,21.0,125.0,2.36,484.0,7.7,779.0,36.0,2345.15,0.23,360.0,3.89,1.0,3.0,3.0,0.5,0.5,20.7,232.0,58.0,490.15,0.36,41.6,7.37,50.0,14.0,45.0,872.5,0.8,0.4,393.15,0.16,28.5,1.585,0.0,253.4688955,0,42.0,5.539178610446684,-40.0,42.5,42.0,1.428571394557824,0.49999998809523843,62.6249985119048,235.87928010204095,0.20979598213096787,0.7902040145189964,-6.3,6.699999999999999,13.0,-9028.414852890724,1.3809522881145582,0.061932797828064566,0.03392130255818012,0.0005784892387779493,47.794062736600715,29.248738455728184,380.1072958427876
1.27,20.50609665,14.8492424,165.0,120.0,125.0,2.36,484.0,7.7,779.0,36.0,2345.15,0.23,360.0,3.89,1.0,3.0,3.0,0.5,0.5,20.7,232.0,58.0,490.15,0.36,41.6,7.37,50.0,14.0,45.0,872.5,0.8,0.4,393.15,0.16,28.5,1.585,0.0,156.6216452,0,240.0,5.060197510632736,-40.0,42.5,240.0,0.24999999895833333,0.49999999791666666,62.62499973958332,41.414999828125,0.6019319434627216,0.3980680469255907,-6.3,6.699999999999999,13.0,-9028.414852890724,1.3809522881145582,0.061932797828064566,0.03392130255818012,0.0005784892387779493,47.794062736600715,29.248738455728184,380.1072958427876
1.27,20.50609665,14.8492424,180.0,15.0,125.0,2.36,484.0,7.7,779.0,36.0,2345.15,0.23,360.0,3.89,1.0,3.0,3.0,0.5,0.5,20.7,232.0,58.0,490.15,0.36,41.6,7.37,50.0,14.0,45.0,872.5,0.8,0.4,393.15,0.16,28.5,1.585,0.0,245.6835478,0,30.0,5.5081063322154264,-55.0,35.0,30.0,1.9999999333333356,0.4999999833333339,62.62499791666673,360.17998800000044,0.1481179263597707,0.8518820712750726,-6.3,6.699999999999999,13.0,-9849.179839517155,1.3809522881145582,0.061932797828064566,0.03392130255818012,0.0005784892387779493,47.794062736600715,29.248738455728184,380.1072958427876
1.27,20.50609665,14.8492424,100.0,15.0,100.0,2.36,484.0,7.7,779.0,36.0,2345.15,0.23,360.0,3.89,1.0,3.0,3.0,0.5,0.5,20.7,232.0,58.0,490.15,0.36,41.6,7.37,50.0,14.0,45.0,872.5,0.8,0.4,393.15,0.16,28.5,1.585,0.0,883.7982225,0,30.0,6.785359621837481,0.0,50.0,30.0,1.9999999333333356,0.4999999833333339,50.09999833333338,200.09999333333357,0.20023980736114538,0.7997601886420519,-6.3,6.699999999999999,13.0,-5471.76657750953,1.3809522881145582,0.061932797828064566,0.03392130255818012,0.0005784892387779493,47.794062736600715,29.248738455728184,380.1072958427876
1.27,20.50609665,14.8492424,100.0,38.65,100.0,2.36,484.0,7.7,779.0,36.0,2345.15,0.23,360.0,3.89,1.0,3.0,3.0,0.5,0.5,20.7,232.0,58.0,490.15,0.36,41.6,7.37,50.0,14.0,45.0,872.5,0.8,0.4,393.15,0.16,28.5,1.585,0.0,680.4854414,0,30.0,6.524274888325865,0.0,50.0,30.0,1.9999999333333356,1.2883332903888902,128.933329038889,200.09999333333357,0.3918549273899281,0.608145069570866,-6.3,6.699999999999999,13.0,-5471.76657750953,1.3809522881145582,0.061932797828064566,0.03392130255818012,0.0005784892387779493,47.794062736600715,29.248738455728184,380.1072958427876
1.27,20.50609665,14.8492424,100.0,20.0,100.0,2.36,484.0,7.7,779.0,36.0,2345.15,0.23,360.0,3.89,1.0,3.0,3.0,0.5,0.5,20.7,232.0,58.0,490.15,0.36,41.6,7.37,50.0,14.0,45.0,872.5,0.8,0.4,393.15,0.16,28.5,1.585,0.0,816.2910686,0,40.0,6.7059952965289344,0.0,50.0,40.0,1.4999999625000011,0.49999998750000035,50.09999875000003,150.0999962500001,0.250249749005989,0.749750245999006,-6.3,6.699999999999999,13.0,-5471.76657750953,1.3809522881145582,0.061932797828064566,0.03392130255818012,0.0005784892387779493,47.794062736600715,29.248738455728184,380.1072958427876
1.27,20.50609665,14.8492424,100.0,47.3,100.0,2.36,484.0,7.7,779.0,36.0,2345.15,0.23,360.0,3.89,1.0,3.0,3.0,0.5,0.5,20.7,232.0,58.0,490.15,0.36,41.6,7.37,50.0,14.0,45.0,872.5,0.8,0.4,393.15,0.16,28.5,1.585,0.0,643.5656895,0,40.0,6.468576740381702,0.0,50.0,40.0,1.4999999625000011,1.1824999704375008,118.34999704375007,150.0999962500001,0.44086421888408067,0.5591357773908309,-6.3,6.699999999999999,13.0,-5471.76657750953,1.3809522881145582,0.061932797828064566,0.03392130255818012,0.0005784892387779493,47.794062736600715,29.248738455728184,380.1072958427876
1.27,20.50609665,14.8492424,100.0,79.6,100.0,2.36,484.0,7.7,779.0,36.0,2345.15,0.23,360.0,3.89,1.0,3.0,3.0,0.5,0.5,20.7,232.0,58.0,490.15,0.36,41.6,7.37,50.0,14.0,45.0,872.5,0.8,0.4,393.15,0.16,28.5,1.585,0.0,557.3876479,0,50.0,6.325053430680578,0.0,50.0,50.0,1.1999999760000006,1.5919999681600006,159.29999681600003,120.09999760000005,0.5701503200771978,0.42984967634370413,-6.3,6.699999999999999,13.0,-5471.76657750953,1.3809522881145582,0.061932797828064566,0.03392130255818012,0.0005784892387779493,47.794062736600715,29.248738455728184,380.1072958427876
1.27,20.50609665,14.8492424,100.0,30.0,100.0,2.36,484.0,7.7,779.0,36.0,2345.15,0.23,360.0,3.89,1.0,3.0,3.0,0.5,0.5,20.7,232.0,58.0,490.15,0.36,41.6,7.37,50.0,14.0,45.0,872.5,0.8,0.4,393.15,0.16,28.5,1.585,0.0,729.8080324,0,60.0,6.594150815685922,0.0,50.0,60.0,0.9999999833333336,0.4999999916666668,50.09999916666668,100.09999833333336,0.33355525743674797,0.6664447359054623,-6.3,6.699999999999999,13.0,-5471.76657750953,1.3809522881145582,0.061932797828064566,0.03392130255818012,0.0005784892387779493,47.794062736600715,29.248738455728184,380.1072958427876
1.27,20.50609665,14.8492424,100.0,40.0,100.0,2.36,484.0,7.7,779.0,36.0,2345.15,0.23,360.0,3.89,1.0,3.0,3.0,0.5,0.5,20.7,232.0,58.0,490.15,0.36,41.6,7.37,50.0,14.0,45.0,872.5,0.8,0.4,393.15,0.16,28.5,1.585,0.0,674.0631102,0,80.0,6.5148061830945885,0.0,50.0,80.0,0.7499999906250001,0.4999999937500001,50.099999375,75.09999906250002,0.40015974121477516,0.5998402507980043,-6.3,6.699999999999999,13.0,-5471.76657750953,1.3809522881145582,0.061932797828064566,0.03392130255818012,0.0005784892387779493,47.794062736600715,29.248738455728184,380.1072958427876
1.27,20.50609665,14.8492424,100.0,47.3,100.0,2.36,484.0,7.7,779.0,36.0,2345.15,0.23,360.0,3.89,1.0,3.0,3.0,0.5,0.5,20.7,232.0,58.0,490.15,0.36,41.6,7.37,50.0,14.0,45.0,872.5,0.8,0.4,393.15,0.16,28.5,1.585,0.0,643.5656895,0,80.0,6.468576740381702,0.0,50.0,80.0,0.7499999906250001,0.591249992609375,59.22499926093751,75.09999906250002,0.44090824164704623,0.5590917509083233,-6.3,6.699999999999999,13.0,-5471.76657750953,1.3809522881145582,0.061932797828064566,0.03392130255818012,0.0005784892387779493,47.794062736600715,29.248738455728184,380.1072958427876
1.27,20.50609665,14.8492424,100.0,70.0,100.0,2.36,484.0,7.7,779.0,36.0,2345.15,0.23,360.0,3.89,1.0,3.0,3.0,0.5,0.5,20.7,232.0,58.0,490.15,0.36,41.6,7.37,50.0,14.0,45.0,872.5,0.8,0.4,393.15,0.16,28.5,1.585,0.0,577.5285401,0,90.0,6.360487880075417,0.0,50.0,90.0,0.6666666592592594,0.7777777691358025,77.87777691358025,66.76666592592593,0.5384083539357478,0.46159163915074775,-6.3,6.699999999999999,13.0,-5471.76657750953,1.3809522881145582,0.061932797828064566,0.03392130255818012,0.0005784892387779493,47.794062736600715,29.248738455728184,380.1072958427876
1.27,20.50609665,14.8492424,100.0,70.0,100.0,2.36,484.0,7.7,779.0,36.0,2345.15,0.23,360.0,3.89,1.0,3.0,3.0,0.5,0.5,20.7,232.0,58.0,490.15,0.36,41.6,7.37,50.0,14.0,45.0,872.5,0.8,0.4,393.15,0.16,28.5,1.585,0.0,577.5285401,0,100.0,6.360487880075417,0.0,50.0,100.0,0.599999994,0.699999993,70.09999930000001,60.0999994,0.5384024536215111,0.4615975386979974,-6.3,6.699999999999999,13.0,-5471.76657750953,1.3809522881145582,0.061932797828064566,0.03392130255818012,0.0005784892387779493,47.794062736600715,29.248738455728184,380.1072958427876
1.27,20.50609665,14.8492424,100.0,60.0,100.0,2.36,484.0,7.7,779.0,36.0,2345.15,0.23,360.0,3.89,1.0,3.0,3.0,0.5,0.5,20.7,232.0,58.0,490.15,0.36,41.6,7.37,50.0,14.0,45.0,872.5,0.8,0.4,393.15,0.16,28.5,1.585,0.0,602.648603,0,120.0,6.402992245520769,0.0,50.0,120.0,0.4999999958333334,0.4999999958333334,50.09999958333333,50.09999958333333,0.49999999500998005,0.49999999500998005,-6.3,6.699999999999999,13.0,-5471.76657750953,1.3809522881145582,0.061932797828064566,0.03392130255818012,0.0005784892387779493,47.794062736600715,29.248738455728184,380.1072958427876
1.27,20.50609665,14.8492424,100.0,70.0,100.0,2.36,484.0,7.7,779.0,36.0,2345.15,0.23,360.0,3.89,1.0,3.0,3.0,0.5,0.5,20.7,232.0,58.0,490.15,0.36,41.6,7.37,50.0,14.0,45.0,872.5,0.8,0.4,393.15,0.16,28.5,1.585,0.0,577.5285401,0,140.0,6.360487880075417,0.0,50.0,140.0,0.4285714255102041,0.49999999642857146,50.09999964285714,42.95714255102041,0.5383788704804484,0.4616211187734663,-6.3,6.699999999999999,13.0,-5471.76657750953,1.3809522881145582,0.061932797828064566,0.03392130255818012,0.0005784892387779493,47.794062736600715,29.248738455728184,380.1072958427876
1.27,20.50609665,14.8492424,100.0,120.0,100.0,2.36,484.0,7.7,779.0,36.0,2345.15,0.23,360.0,3.89,1.0,3.0,3.0,0.5,0.5,20.7,232.0,58.0,490.15,0.36,41.6,7.37,50.0,14.0,45.0,872.5,0.8,0.4,393.15,0.16,28.5,1.585,0.0,497.645028,0,240.0,6.2118944758766785,0.0,50.0,240.0,0.24999999895833333,0.49999999791666666,50.09999979166666,25.09999989583333,0.6662233953941235,0.33377659130800436,-6.3,6.699999999999999,13.0,-5471.76657750953,1.3809522881145582,0.061932797828064566,0.03392130255818012,0.0005784892387779493,47.794062736600715,29.248738455728184,380.1072958427876
1.27,20.50609665,14.8492424,100.0,310.0,100.0,2.36,484.0,7.7,779.0,36.0,2345.15,0.23,360.0,3.89,1.0,3.0,3.0,0.5,0.5,20.7,232.0,58.0,490.15,0.36,41.6,7.37,50.0,14.0,45.0,872.5,0.8,0.4,393.15,0.16,28.5,1.585,0.0,382.8912394,0,720.0,5.950359281741162,0.0,50.0,720.0,0.08333333321759259,0.4305555549575617,43.15555549575617,8.433333321759259,0.8365280906103939,0.1634718900055876,-6.3,6.699999999999999,13.0,-5471.76657750953,1.3809522881145582,0.061932797828064566,0.03392130255818012,0.0005784892387779493,47.794062736600715,29.248738455728184,380.1072958427876
1.27,20.50609665,14.8492424,100.0,11.0,100.0,2.36,484.0,7.7,779.0,36.0,2345.15,0.23,360.0,3.89,1.0,3.0,3.0,0.5,0.5,20.7,232.0,58.0,490.15,0.36,41.6,7.37,50.0,14.0,45.0,872.5,0.8,0.4,393.15,0.16,28.5,1.585,0.0,962.8460873,1,,6.870931621386276,0.0,50.0,,,,0.1,142.9571394557824,0.0006990213818156743,0.9993009716279706,-6.3,6.699999999999999,13.0,-5471.76657750953,1.3809522881145582,0.061932797828064566,0.03392130255818012,0.0005784892387779493,47.794062736600715,29.248738455728184,380.1072958427876
1.27,20.50609665,14.8492424,100.0,31.0,100.0,2.36,484.0,7.7,779.0,36.0,2345.15,0.23,360.0,3.89,1.0,3.0,3.0,0.5,0.5,20.7,232.0,58.0,490.15,0.36,41.6,7.37,50.0,14.0,45.0,872.5,0.8,0.4,393.15,0.16,28.5,1.585,0.0,723.2283298,1,,6.585106715318148,0.0,50.0,,,,0.1,142.9571394557824,0.0006990213818156743,0.9993009716279706,-6.3,6.699999999999999,13.0,-5471.76657750953,1.3809522881145582,0.061932797828064566,0.03392130255818012,0.0005784892387779493,47.794062736600715,29.248738455728184,380.1072958427876
1.27,20.50609665,14.8492424,100.0,61.0,100.0,2.36,484.0,7.7,779.0,36.0,2345.15,0.23,360.0,3.89,1.0,3.0,3.0,0.5,0.5,20.7,232.0,58.0,490.15,0.36,41.6,7.37,50.0,14.0,45.0,872.5,0.8,0.4,393.15,0.16,28.5,1.585,0.0,599.9035461,1,,6.398434432637164,0.0,50.0,,,,0.1,142.9571394557824,0.0006990213818156743,0.9993009716279706,-6.3,6.699999999999999,13.0,-5471.76657750953,1.3809522881145582,0.061932797828064566,0.03392130255818012,0.0005784892387779493,47.794062736600715,29.248738455728184,380.1072958427876
1.27,20.50609665,14.8492424,125.0,44.8,100.0,2.36,484.0,7.7,779.0,36.0,2345.15,0.23,360.0,3.89,1.0,3.0,3.0,0.5,0.5,20.7,232.0,58.0,490.15,0.36,41.6,7.37,50.0,14.0,45.0,872.5,0.8,0.4,393.15,0.16,28.5,1.585,0.0,475.1762409,0,40.0,6.165788039695921,-25.0,37.5,40.0,1.4999999625000011,1.1199999720000007,112.09999720000006,187.62499531250012,0.3740095074698029,0.6259904891938053,-6.3,6.699999999999999,13.0,-6839.708221886913,1.3809522881145582,0.061932797828064566,0.03392130255818012,0.0005784892387779493,47.794062736600715,29.248738455728184,380.1072958427876
1.27,20.50609665,14.8492424,75.0,44.8,75.0,2.36,484.0,7.7,779.0,36.0,2345.15,0.23,360.0,3.89,1.0,3.0,3.0,0.5,0.5,20.7,232.0,58.0,490.15,0.36,41.6,7.37,50.0,14.0,45.0,872.5,0.8,0.4,393.15,0.16,28.5,1.585,0.0,1631.908465,0,40.0,7.3981180381232425,0.0,37.5,40.0,1.4999999625000011,1.1199999720000007,84.07499790000004,112.57499718750007,0.4275362297113425,0.5724637652034807,-6.3,6.699999999999999,13.0,-4103.824933132148,1.3809522881145582,0.061932797828064566,0.03392130255818012,0.0005784892387779493,47.794062736600715,29.248738455728184,380.1072958427876
1.27,20.50609665,14.8492424,60.0,16.0,60.0,2.36,484.0,7.7,779.0,36.0,2345.15,0.23,360.0,3.89,1.0,3.0,3.0,0.5,0.5,20.7,232.0,58.0,490.15,0.36,41.6,7.37,50.0,14.0,45.0,872.5,0.8,0.4,393.15,0.16,28.5,1.585,0.0,4186.640485,0,40.0,8.339892724227294,0.0,30.0,40.0,1.4999999625000011,0.39999999000000025,24.059999400000017,90.05999775000006,0.2108307026817105,0.7891692885555835,-6.3,6.699999999999999,13.0,-3283.0599465057185,1.3809522881145582,0.061932797828064566,0.03392130255818012,0.0005784892387779493,47.794062736600715,29.248738455728184,380.1072958427876
1.27,20.50609665,14.8492424,140.0,16.0,100.0,2.36,484.0,7.7,779.0,36.0,2345.15,0.23,360.0,3.89,1.0,3.0,3.0,0.5,0.5,20.7,232.0,58.0,490.15,0.36,41.6,7.37,50.0,14.0,45.0,872.5,0.8,0.4,393.15,0.16,28.5,1.585,0.0,537.2115416,0,40.0,6.288251682878922,-40.0,30.0,40.0,1.4999999625000011,0.39999999000000025,40.099999000000025,210.13999475000014,0.16024616304864273,0.8397538329551936,-6.3,6.699999999999999,13.0,-7660.473208513342,1.3809522881145582,0.061932797828064566,0.03392130255818012,0.0005784892387779493,47.794062736600715,29.248738455728184,380.1072958427876
1.27,20.50609665,14.8492424,150.0,25.0,125.0,2.36,484.0,7.7,779.0,36.0,2345.15,0.23,360.0,3.89,1.0,3.0,3.0,0.5,0.5,20.7,232.0,58.0,490.15,0.36,41.6,7.37,50.0,14.0,45.0,872.5,0.8,0.4,393.15,0.16,28.5,1.585,0.0,276.7332961,0,40.0,5.6266612866572485,-25.0,50.0,40.0,1.4999999625000011,0.6249999843750005,78.24999804687506,225.14999437500015,0.2579103485281527,0.7420896481758684,-6.3,6.699999999999999,13.0,-8207.649866264295,1.3809522881145582,0.061932797828064566,0.03392130255818012,0.0005784892387779493,47.794062736600715,29.248738455728184,380.1072958427876
1.27,20.50609665,14.8492424,100.0,15.0,60.0,2.36,484.0,7.7,779.0,36.0,2345.15,0.23,360.0,3.89,1.0,3.0,3.0,0.5,0.5,20.7,232.0,58.0,490.15,0.36,41.6,7.37,50.0,14.0,45.0,872.5,0.8,0.4,393.15,0.16,28.5,1.585,0.0,2056.448207,0,30.0,7.629221759451882,-40.0,10.0,30.0,1.9999999333333356,0.4999999833333339,30.05999900000003,200.09999333333357,0.1306047961014018,0.8693951995537945,-6.3,6.699999999999999,13.0,-5471.76657750953,1.3809522881145582,0.061932797828064566,0.03392130255818012,0.0005784892387779493,47.794062736600715,29.248738455728184,380.1072958427876
1.27,20.50609665,14.8492424,165.0,30.0,125.0,2.36,484.0,7.7,779.0,36.0,2345.15,0.23,360.0,3.89,1.0,3.0,3.0,0.5,0.5,20.7,232.0,58.0,490.15,0.36,41.6,7.37,50.0,14.0,45.0,872.5,0.8,0.4,393.15,0.16,28.5,1.585,0.0,294.3564881,0,60.0,5.688183061008153,-40.0,42.5,60.0,0.9999999833333336,0.4999999916666668,62.62499895833334,165.16499725000006,0.27492427115251,0.7250757244574816,-6.3,6.699999999999999,13.0,-9028.414852890724,1.3809522881145582,0.061932797828064566,0.03392130255818012,0.0005784892387779493,47.794062736600715,29.248738455728184,380.1072958427876
1.27,20.50609665,14.8492424,165.0,21.0,125.0,2.36,484.0,7.7,779.0,36.0,2345.15,0.23,360.0,3.89,1.0,3.0,3.0,0.5,0.5,20.7,232.0,58.0,490.15,0.36,41.6,7.37,50.0,14.0,45.0,872.5,0.8,0.4,393.15,0.16,28.5,1.585,0.0,324.8310487,0,42.0,5.786378991504425,-40.0,42.5,42.0,1.428571394557824,0.49999998809523843,62.6249985119048,235.87928010204095,0.20979598213096787,0.7902040145189964,-6.3,6.699999999999999,13.0,-9028.414852890724,1.3809522881145582,0.061932797828064566,0.03392130255818012,0.0005784892387779493,47.794062736600715,29.248738455728184,380.1072958427876
1.27,20.50609665,14.8492424,165.0,120.0,125.0,2.36,484.0,7.7,779.0,36.0,2345.15,0.23,360.0,3.89,1.0,3.0,3.0,0.5,0.5,20.7,232.0,58.0,490.15,0.36,41.6,7.37,50.0,14.0,45.0,872.5,0.8,0.4,393.15,0.16,28.5,1.585,0.0,200.7172246,0,240.0,5.306866838438482,-40.0,42.5,240.0,0.24999999895833333,0.49999999791666666,62.62499973958332,41.414999828125,0.6019319434627216,0.3980680469255907,-6.3,6.699999999999999,13.0,-9028.414852890724,1.3809522881145582,0.061932797828064566,0.03392130255818012,0.0005784892387779493,47.794062736600715,29.248738455728184,380.1072958427876
1.27,20.50609665,14.8492424,180.0,15.0,125.0,2.36,484.0,7.7,779.0,36.0,2345.15,0.23,360.0,3.89,1.0,3.0,3.0,0.5,0.5,20.7,232.0,58.0,490.15,0.36,41.6,7.37,50.0,14.0,45.0,872.5,0.8,0.4,393.15,0.16,28.5,1.585,0.0,314.8537982,0,30.0,5.755279442600885,-55.0,35.0,30.0,1.9999999333333356,0.4999999833333339,62.62499791666673,360.17998800000044,0.1481179263597707,0.8518820712750726,-6.3,6.699999999999999,13.0,-9849.179839517155,1.3809522881145582,0.061932797828064566,0.03392130255818012,0.0005784892387779493,47.794062736600715,29.248738455728184,380.1072958427876
1.27,20.50609665,14.8492424,100.0,15.0,100.0,2.36,484.0,7.7,779.0,36.0,2345.15,0.23,360.0,3.89,1.0,3.0,3.0,0.5,0.5,20.7,232.0,58.0,490.15,0.36,41.6,7.37,50.0,14.0,45.0,872.5,0.8,0.4,393.15,0.16,28.5,1.585,0.0,1132.624588,0,30.0,7.033175378331785,0.0,50.0,30.0,1.9999999333333356,0.4999999833333339,50.09999833333338,200.09999333333357,0.20023980736114538,0.7997601886420519,-6.3,6.699999999999999,13.0,-5471.76657750953,1.3809522881145582,0.061932797828064566,0.03392130255818012,0.0005784892387779493,47.794062736600715,29.248738455728184,380.1072958427876
1.27,20.50609665,14.8492424,100.0,38.65,100.0,2.36,484.0,7.7,779.0,36.0,2345.15,0.23,360.0,3.89,1.0,3.0,3.0,0.5,0.5,20.7,232.0,58.0,490.15,0.36,41.6,7.37,50.0,14.0,45.0,872.5,0.8,0.4,393.15,0.16,28.5,1.585,0.0,872.0707093,0,30.0,6.772016548321363,0.0,50.0,30.0,1.9999999333333356,1.2883332903888902,128.933329038889,200.09999333333357,0.3918549273899281,0.608145069570866,-6.3,6.699999999999999,13.0,-5471.76657750953,1.3809522881145582,0.061932797828064566,0.03392130255818012,0.0005784892387779493,47.794062736600715,29.248738455728184,380.1072958427876
1.27,20.50609665,14.8492424,100.0,20.0,100.0,2.36,484.0,7.7,779.0,36.0,2345.15,0.23,360.0,3.89,1.0,3.0,3.0,0.5,0.5,20.7,232.0,58.0,490.15,0.36,41.6,7.37,50.0,14.0,45.0,872.5,0.8,0.4,393.15,0.16,28.5,1.585,0.0,1046.111332,0,40.0,6.95379053950589,0.0,50.0,40.0,1.4999999625000011,0.49999998750000035,50.09999875000003,150.0999962500001,0.250249749005989,0.749750245999006,-6.3,6.699999999999999,13.0,-5471.76657750953,1.3809522881145582,0.061932797828064566,0.03392130255818012,0.0005784892387779493,47.794062736600715,29.248738455728184,380.1072958427876
1.27,20.50609665,14.8492424,100.0,47.3,100.0,2.36,484.0,7.7,779.0,36.0,2345.15,0.23,360.0,3.89,1.0,3.0,3.0,0.5,0.5,20.7,232.0,58.0,490.15,0.36,41.6,7.37,50.0,14.0,45.0,872.5,0.8,0.4,393.15,0.16,28.5,1.585,0.0,824.7564948,0,40.0,6.716299929574512,0.0,50.0,40.0,1.4999999625000011,1.1824999704375008,118.34999704375007,150.0999962500001,0.44086421888408067,0.5591357773908309,-6.3,6.699999999999999,13.0,-5471.76657750953,1.3809522881145582,0.061932797828064566,0.03392130255818012,0.0005784892387779493,47.794062736600715,29.248738455728184,380.1072958427876
1.27,20.50609665,14.8492424,100.0,79.6,100.0,2.36,484.0,7.7,779.0,36.0,2345.15,0.23,360.0,3.89,1.0,3.0,3.0,0.5,0.5,20.7,232.0,58.0,490.15,0.36,41.6,7.37,50.0,14.0,45.0,872.5,0.8,0.4,393.15,0.16,28.5,1.585,0.0,714.3157104,0,50.0,6.572723998245158,0.0,50.0,50.0,1.1999999760000006,1.5919999681600006,159.29999681600003,120.09999760000005,0.5701503200771978,0.42984967634370413,-6.3,6.699999999999999,13.0,-5471.76657750953,1.3809522881145582,0.061932797828064566,0.03392130255818012,0.0005784892387779493,47.794062736600715,29.248738455728184,380.1072958427876
1.27,20.50609665,14.8492424,100.0,30.0,100.0,2.36,484.0,7.7,779.0,36.0,2345.15,0.23,360.0,3.89,1.0,3.0,3.0,0.5,0.5,20.7,232.0,58.0,490.15,0.36,41.6,7.37,50.0,14.0,45.0,872.5,0.8,0.4,393.15,0.16,28.5,1.585,0.0,935.2796839,0,60.0,6.8419142394289665,0.0,50.0,60.0,0.9999999833333336,0.4999999916666668,50.09999916666668,100.09999833333336,0.33355525743674797,0.6664447359054623,-6.3,6.699999999999999,13.0,-5471.76657750953,1.3809522881145582,0.061932797828064566,0.03392130255818012,0.0005784892387779493,47.794062736600715,29.248738455728184,380.1072958427876
1.27,20.50609665,14.8492424,100.0,40.0,100.0,2.36,484.0,7.7,779.0,36.0,2345.15,0.23,360.0,3.89,1.0,3.0,3.0,0.5,0.5,20.7,232.0,58.0,490.15,0.36,41.6,7.37,50.0,14.0,45.0,872.5,0.8,0.4,393.15,0.16,28.5,1.585,0.0,863.8402219,0,80.0,6.762544775303568,0.0,50.0,80.0,0.7499999906250001,0.4999999937500001,50.099999375,75.09999906250002,0.40015974121477516,0.5998402507980043,-6.3,6.699999999999999,13.0,-5471.76657750953,1.3809522881145582,0.061932797828064566,0.03392130255818012,0.0005784892387779493,47.794062736600715,29.248738455728184,380.1072958427876
1.27,20.50609665,14.8492424,100.0,47.3,100.0,2.36,484.0,7.7,779.0,36.0,2345.15,0.23,360.0,3.89,1.0,3.0,3.0,0.5,0.5,20.7,232.0,58.0,490.15,0.36,41.6,7.37,50.0,14.0,45.0,872.5,0.8,0.4,393.15,0.16,28.5,1.585,0.0,824.7564948,0,80.0,6.716299929574512,0.0,50.0,80.0,0.7499999906250001,0.591249992609375,59.22499926093751,75.09999906250002,0.44090824164704623,0.5590917509083233,-6.3,6.699999999999999,13.0,-5471.76657750953,1.3809522881145582,0.061932797828064566,0.03392130255818012,0.0005784892387779493,47.794062736600715,29.248738455728184,380.1072958427876
1.27,20.50609665,14.8492424,100.0,70.0,100.0,2.36,484.0,7.7,779.0,36.0,2345.15,0.23,360.0,3.89,1.0,3.0,3.0,0.5,0.5,20.7,232.0,58.0,490.15,0.36,41.6,7.37,50.0,14.0,45.0,872.5,0.8,0.4,393.15,0.16,28.5,1.585,0.0,740.1271107,0,90.0,6.608172149991093,0.0,50.0,90.0,0.6666666592592594,0.7777777691358025,77.87777691358025,66.76666592592593,0.5384083539357478,0.46159163915074775,-6.3,6.699999999999999,13.0,-5471.76657750953,1.3809522881145582,0.061932797828064566,0.03392130255818012,0.0005784892387779493,47.794062736600715,29.248738455728184,380.1072958427876
1.27,20.50609665,14.8492424,100.0,70.0,100.0,2.36,484.0,7.7,779.0,36.0,2345.15,0.23,360.0,3.89,1.0,3.0,3.0,0.5,0.5,20.7,232.0,58.0,490.15,0.36,41.6,7.37,50.0,14.0,45.0,872.5,0.8,0.4,393.15,0.16,28.5,1.585,0.0,740.1271107,0,100.0,6.608172149991093,0.0,50.0,100.0,0.599999994,0.699999993,70.09999930000001,60.0999994,0.5384024536215111,0.4615975386979974,-6.3,6.699999999999999,13.0,-5471.76657750953,1.3809522881145582,0.061932797828064566,0.03392130255818012,0.0005784892387779493,47.794062736600715,29.248738455728184,380.1072958427876
1.27,20.50609665,14.8492424,100.0,60.0,100.0,2.36,484.0,7.7,779.0,36.0,2345.15,0.23,360.0,3.89,1.0,3.0,3.0,0.5,0.5,20.7,232.0,58.0,490.15,0.36,41.6,7.37,50.0,14.0,45.0,872.5,0.8,0.4,393.15,0.16,28.5,1.585,0.0,772.3195278,0,120.0,6.650692323850138,0.0,50.0,120.0,0.4999999958333334,0.4999999958333334,50.09999958333333,50.09999958333333,0.49999999500998005,0.49999999500998005,-6.3,6.699999999999999,13.0,-5471.76657750953,1.3809522881145582,0.061932797828064566,0.03392130255818012,0.0005784892387779493,47.794062736600715,29.248738455728184,380.1072958427876
1.27,20.50609665,14.8492424,100.0,70.0,100.0,2.36,484.0,7.7,779.0,36.0,2345.15,0.23,360.0,3.89,1.0,3.0,3.0,0.5,0.5,20.7,232.0,58.0,490.15,0.36,41.6,7.37,50.0,14.0,45.0,872.5,0.8,0.4,393.15,0.16,28.5,1.585,0.0,740.1271107,0,140.0,6.608172149991093,0.0,50.0,140.0,0.4285714255102041,0.49999999642857146,50.09999964285714,42.95714255102041,0.5383788704804484,0.4616211187734663,-6.3,6.699999999999999,13.0,-5471.76657750953,1.3809522881145582,0.061932797828064566,0.03392130255818012,0.0005784892387779493,47.794062736600715,29.248738455728184,380.1072958427876
1.27,20.50609665,14.8492424,100.0,120.0,100.0,2.36,484.0,7.7,779.0,36.0,2345.15,0.23,360.0,3.89,1.0,3.0,3.0,0.5,0.5,20.7,232.0,58.0,490.15,0.36,41.6,7.37,50.0,14.0,45.0,872.5,0.8,0.4,393.15,0.16,28.5,1.585,0.0,637.7530307,0,240.0,6.45951788624247,0.0,50.0,240.0,0.24999999895833333,0.49999999791666666,50.09999979166666,25.09999989583333,0.6662233953941235,0.33377659130800436,-6.3,6.699999999999999,13.0,-5471.76657750953,1.3809522881145582,0.061932797828064566,0.03392130255818012,0.0005784892387779493,47.794062736600715,29.248738455728184,380.1072958427876
1.27,20.50609665,14.8492424,100.0,310.0,100.0,2.36,484.0,7.7,779.0,36.0,2345.15,0.23,360.0,3.89,1.0,3.0,3.0,0.5,0.5,20.7,232.0,58.0,490.15,0.36,41.6,7.37,50.0,14.0,45.0,872.5,0.8,0.4,393.15,0.16,28.5,1.585,0.0,490.6912248,0,720.0,6.1978509276041756,0.0,50.0,720.0,0.08333333321759259,0.4305555549575617,43.15555549575617,8.433333321759259,0.8365280906103939,0.1634718900055876,-6.3,6.699999999999999,13.0,-5471.76657750953,1.3809522881145582,0.061932797828064566,0.03392130255818012,0.0005784892387779493,47.794062736600715,29.248738455728184,380.1072958427876
1.27,20.50609665,14.8492424,100.0,11.0,100.0,2.36,484.0,7.7,779.0,36.0,2345.15,0.23,360.0,3.89,1.0,3.0,3.0,0.5,0.5,20.7,232.0,58.0,490.15,0.36,41.6,7.37,50.0,14.0,45.0,872.5,0.8,0.4,393.15,0.16,28.5,1.585,0.0,1233.927751,1,,7.11876774613624,0.0,50.0,,,,0.1,142.9571394557824,0.0006990213818156743,0.9993009716279706,-6.3,6.699999999999999,13.0,-5471.76657750953,1.3809522881145582,0.061932797828064566,0.03392130255818012,0.0005784892387779493,47.794062736600715,29.248738455728184,380.1072958427876
1.27,20.50609665,14.8492424,100.0,31.0,100.0,2.36,484.0,7.7,779.0,36.0,2345.15,0.23,360.0,3.89,1.0,3.0,3.0,0.5,0.5,20.7,232.0,58.0,490.15,0.36,41.6,7.37,50.0,14.0,45.0,872.5,0.8,0.4,393.15,0.16,28.5,1.585,0.0,926.8475183,1,,6.832867407108751,0.0,50.0,,,,0.1,142.9571394557824,0.0006990213818156743,0.9993009716279706,-6.3,6.699999999999999,13.0,-5471.76657750953,1.3809522881145582,0.061932797828064566,0.03392130255818012,0.0005784892387779493,47.794062736600715,29.248738455728184,380.1072958427876
1.27,20.50609665,14.8492424,100.0,61.0,100.0,2.36,484.0,7.7,779.0,36.0,2345.15,0.23,360.0,3.89,1.0,3.0,3.0,0.5,0.5,20.7,232.0,58.0,490.15,0.36,41.6,7.37,50.0,14.0,45.0,872.5,0.8,0.4,393.15,0.16,28.5,1.585,0.0,768.8016219,1,,6.646132847758312,0.0,50.0,,,,0.1,142.9571394557824,0.0006990213818156743,0.9993009716279706,-6.3,6.699999999999999,13.0,-5471.76657750953,1.3809522881145582,0.061932797828064566,0.03392130255818012,0.0005784892387779493,47.794062736600715,29.248738455728184,380.1072958427876
1.27,20.50609665,14.8492424,125.0,44.8,100.0,2.36,484.0,7.7,779.0,36.0,2345.15,0.23,360.0,3.89,1.0,3.0,3.0,0.5,0.5,20.7,232.0,58.0,490.15,0.36,41.6,7.37,50.0,14.0,45.0,872.5,0.8,0.4,393.15,0.16,28.5,1.585,0.0,608.9583351,0,40.0,6.413390651719839,-25.0,37.5,40.0,1.4999999625000011,1.1199999720000007,112.09999720000006,187.62499531250012,0.3740095074698029,0.6259904891938053,-6.3,6.699999999999999,13.0,-6839.708221886913,1.3809522881145582,0.061932797828064566,0.03392130255818012,0.0005784892387779493,47.794062736600715,29.248738455728184,380.1072958427876
1.27,20.50609665,14.8492424,75.0,44.8,75.0,2.36,484.0,7.7,779.0,36.0,2345.15,0.23,360.0,3.89,1.0,3.0,3.0,0.5,0.5,20.7,232.0,58.0,490.15,0.36,41.6,7.37,50.0,14.0,45.0,872.5,0.8,0.4,393.15,0.16,28.5,1.585,0.0,2091.359324,0,40.0,7.646047571429847,0.0,37.5,40.0,1.4999999625000011,1.1199999720000007,84.07499790000004,112.57499718750007,0.4275362297113425,0.5724637652034807,-6.3,6.699999999999999,13.0,-4103.824933132148,1.3809522881145582,0.061932797828064566,0.03392130255818012,0.0005784892387779493,47.794062736600715,29.248738455728184,380.1072958427876
1.27,20.50609665,14.8492424,60.0,16.0,60.0,2.36,484.0,7.7,779.0,36.0,2345.15,0.23,360.0,3.89,1.0,3.0,3.0,0.5,0.5,20.7,232.0,58.0,490.15,0.36,41.6,7.37,50.0,14.0,45.0,872.5,0.8,0.4,393.15,0.16,28.5,1.585,0.0,5365.355841,0,40.0,8.587904342801055,0.0,30.0,40.0,1.4999999625000011,0.39999999000000025,24.059999400000017,90.05999775000006,0.2108307026817105,0.7891692885555835,-6.3,6.699999999999999,13.0,-3283.0599465057185,1.3809522881145582,0.061932797828064566,0.03392130255818012,0.0005784892387779493,47.794062736600715,29.248738455728184,380.1072958427876
1.27,20.50609665,14.8492424,140.0,16.0,100.0,2.36,484.0,7.7,779.0,36.0,2345.15,0.23,360.0,3.89,1.0,3.0,3.0,0.5,0.5,20.7,232.0,58.0,490.15,0.36,41.6,7.37,50.0,14.0,45.0,872.5,0.8,0.4,393.15,0.16,28.5,1.585,0.0,688.4591818,0,40.0,6.53590749577105,-40.0,30.0,40.0,1.4999999625000011,0.39999999000000025,40.099999000000025,210.13999475000014,0.16024616304864273,0.8397538329551936,-6.3,6.699999999999999,13.0,-7660.473208513342,1.3809522881145582,0.061932797828064566,0.03392130255818012,0.0005784892387779493,47.794062736600715,29.248738455728184,380.1072958427876
1.27,20.50609665,14.8492424,150.0,25.0,125.0,2.36,484.0,7.7,779.0,36.0,2345.15,0.23,360.0,3.89,1.0,3.0,3.0,0.5,0.5,20.7,232.0,58.0,490.15,0.36,41.6,7.37,50.0,14.0,45.0,872.5,0.8,0.4,393.15,0.16,28.5,1.585,0.0,354.6453563,0,40.0,5.873934044156281,-25.0,50.0,40.0,1.4999999625000011,0.6249999843750005,78.24999804687506,225.14999437500015,0.2579103485281527,0.7420896481758684,-6.3,6.699999999999999,13.0,-8207.649866264295,1.3809522881145582,0.061932797828064566,0.03392130255818012,0.0005784892387779493,47.794062736600715,29.248738455728184,380.1072958427876
1.27,20.50609665,14.8492424,100.0,15.0,60.0,2.36,484.0,7.7,779.0,36.0,2345.15,0.23,360.0,3.89,1.0,3.0,3.0,0.5,0.5,20.7,232.0,58.0,490.15,0.36,41.6,7.37,50.0,14.0,45.0,872.5,0.8,0.4,393.15,0.16,28.5,1.585,0.0,2635.424857,0,30.0,7.877179057521312,-40.0,10.0,30.0,1.9999999333333356,0.4999999833333339,30.05999900000003,200.09999333333357,0.1306047961014018,0.8693951995537945,-6.3,6.699999999999999,13.0,-5471.76657750953,1.3809522881145582,0.061932797828064566,0.03392130255818012,0.0005784892387779493,47.794062736600715,29.248738455728184,380.1072958427876
1.27,22.627417,,100.0,15.0,100.0,2.36,625.0,7.7,779.0,36.0,2345.15,0.23,360.0,3.89,1.0,3.8,0.0,0.7,0.0,22.0,236.0,57.0,492.15,0.35,42.6,7.4,48.0,14.0,45.0,872.5,0.8,0.4,393.15,0.16,28.5,1.585,0.0,1286.0,0,30.0,7.160069207596126,0.0,50.0,30.0,1.9999999333333356,0.4999999833333339,50.09999833333338,200.09999333333357,0.20023980736114538,0.7997601886420519,-6.3,8.0,14.3,-6037.811397712835,,0.056126598271177025,0.03263857075547493,0.0005784892387779493,48.546953222845325,29.248738455728184,380.1072958427876
1.27,22.627417,,165.0,30.0,125.0,2.36,625.0,7.7,779.0,36.0,2345.15,0.23,360.0,3.89,1.0,3.8,0.0,0.7,0.0,22.0,236.0,57.0,492.15,0.35,42.6,7.4,48.0,14.0,45.0,872.5,0.8,0.4,393.15,0.16,28.5,1.585,0.0,129.3018164,0,60.0,4.8698534241717795,-40.0,42.5,60.0,0.9999999833333336,0.4999999916666668,62.62499895833334,165.16499725000006,0.27492427115251,0.7250757244574816,-6.3,8.0,14.3,-9962.388806226178,,0.056126598271177025,0.03263857075547493,0.0005784892387779493,48.546953222845325,29.248738455728184,380.1072958427876
1.27,22.627417,,165.0,21.0,125.0,2.36,625.0,7.7,779.0,36.0,2345.15,0.23,360.0,3.89,1.0,3.8,0.0,0.7,0.0,22.0,236.0,57.0,492.15,0.35,42.6,7.4,48.0,14.0,45.0,872.5,0.8,0.4,393.15,0.16,28.5,1.585,0.0,142.6883603,0,42.0,4.967646789804302,-40.0,42.5,42.0,1.428571394557824,0.49999998809523843,62.6249985119048,235.87928010204095,0.20979598213096787,0.7902040145189964,-6.3,8.0,14.3,-9962.388806226178,,0.056126598271177025,0.03263857075547493,0.0005784892387779493,48.546953222845325,29.248738455728184,380.1072958427876
1.27,22.627417,,165.0,120.0,125.0,2.36,625.0,7.7,779.0,36.0,2345.15,0.23,360.0,3.89,1.0,3.8,0.0,0.7,0.0,22.0,236.0,57.0,492.15,0.35,42.6,7.4,48.0,14.0,45.0,872.5,0.8,0.4,393.15,0.16,28.5,1.585,0.0,88.16894745,0,240.0,4.490532856219322,-40.0,42.5,240.0,0.24999999895833333,0.49999999791666666,62.62499973958332,41.414999828125,0.6019319434627216,0.3980680469255907,-6.3,8.0,14.3,-9962.388806226178,,0.056126598271177025,0.03263857075547493,0.0005784892387779493,48.546953222845325,29.248738455728184,380.1072958427876
1.27,22.627417,,180.0,15.0,125.0,2.36,625.0,7.7,779.0,36.0,2345.15,0.23,360.0,3.89,1.0,3.8,0.0,0.7,0.0,22.0,236.0,57.0,492.15,0.35,42.6,7.4,48.0,14.0,45.0,872.5,0.8,0.4,393.15,0.16,28.5,1.585,0.0,138.3056588,0,30.0,4.9366705030762414,-55.0,35.0,30.0,1.9999999333333356,0.4999999833333339,62.62499791666673,360.17998800000044,0.1481179263597707,0.8518820712750726,-6.3,8.0,14.3,-10868.060515883102,,0.056126598271177025,0.03263857075547493,0.0005784892387779493,48.546953222845325,29.248738455728184,380.1072958427876
1.27,22.627417,,100.0,15.0,100.0,2.36,625.0,7.7,779.0,36.0,2345.15,0.23,360.0,3.89,1.0,3.8,0.0,0.7,0.0,22.0,236.0,57.0,492.15,0.35,42.6,7.4,48.0,14.0,45.0,872.5,0.8,0.4,393.15,0.16,28.5,1.585,0.0,497.5273945,0,30.0,6.211658541753569,0.0,50.0,30.0,1.9999999333333356,0.4999999833333339,50.09999833333338,200.09999333333357,0.20023980736114538,0.7997601886420519,-6.3,8.0,14.3,-6037.811397712835,,0.056126598271177025,0.03263857075547493,0.0005784892387779493,48.546953222845325,29.248738455728184,380.1072958427876
1.27,22.627417,,100.0,38.65,100.0,2.36,625.0,7.7,779.0,36.0,2345.15,0.23,360.0,3.89,1.0,3.8,0.0,0.7,0.0,22.0,236.0,57.0,492.15,0.35,42.6,7.4,48.0,14.0,45.0,872.5,0.8,0.4,393.15,0.16,28.5,1.585,0.0,383.0740321,0,30.0,5.950835325932835,0.0,50.0,30.0,1.9999999333333356,1.2883332903888902,128.933329038889,200.09999333333357,0.3918549273899281,0.608145069570866,-6.3,8.0,14.3,-6037.811397712835,,0.056126598271177025,0.03263857075547493,0.0005784892387779493,48.546953222845325,29.248738455728184,380.1072958427876
1.27,22.627417,,100.0,20.0,100.0,2.36,625.0,7.7,779.0,36.0,2345.15,0.23,360.0,3.89,1.0,3.8,0.0,0.7,0.0,22.0,236.0,57.0,492.15,0.35,42.6,7.4,48.0,14.0,45.0,872.5,0.8,0.4,393.15,0.16,28.5,1.585,0.0,459.5247628,0,40.0,6.132366627973819,0.0,50.0,40.0,1.4999999625000011,0.49999998750000035,50.09999875000003,150.0999962500001,0.250249749005989,0.749750245999006,-6.3,8.0,14.3,-6037.811397712835,,0.056126598271177025,0.03263857075547493,0.0005784892387779493,48.546953222845325,29.248738455728184,380.1072958427876
1.27,22.627417,,100.0,47.3,100.0,2.36,625.0,7.7,779.0,36.0,2345.15,0.23,360.0,3.89,1.0,3.8,0.0,0.7,0.0,22.0,236.0,57.0,492.15,0.35,42.6,7.4,48.0,14.0,45.0,872.5,0.8,0.4,393.15,0.16,28.5,1.585,0.0,362.2903425,0,40.0,5.895202356159819,0.0,50.0,40.0,1.4999999625000011,1.1824999704375008,118.34999704375007,150.0999962500001,0.44086421888408067,0.5591357773908309,-6.3,8.0,14.3,-6037.811397712835,,0.056126598271177025,0.03263857075547493,0.0005784892387779493,48.546953222845325,29.248738455728184,380.1072958427876
1.27,22.627417,,100.0,79.6,100.0,2.36,625.0,7.7,779.0,36.0,2345.15,0.23,360.0,3.89,1.0,3.8,0.0,0.7,0.0,22.0,236.0,57.0,492.15,0.35,42.6,7.4,48.0,14.0,45.0,872.5,0.8,0.4,393.15,0.16,28.5,1.585,0.0,313.7770784,0,50.0,5.751864700677498,0.0,50.0,50.0,1.1999999760000006,1.5919999681600006,159.29999681600003,120.09999760000005,0.5701503200771978,0.42984967634370413,-6.3,8.0,14.3,-6037.811397712835,,0.056126598271177025,0.03263857075547493,0.0005784892387779493,48.546953222845325,29.248738455728184,380.1072958427876
1.27,22.627417,,100.0,30.0,100.0,2.36,625.0,7.7,779.0,36.0,2345.15,0.23,360.0,3.89,1.0,3.8,0.0,0.7,0.0,22.0,236.0,57.0,492.15,0.35,42.6,7.4,48.0,14.0,45.0,872.5,0.8,0.4,393.15,0.16,28.5,1.585,0.0,410.8398044,0,60.0,6.020634449465924,0.0,50.0,60.0,0.9999999833333336,0.4999999916666668,50.09999916666668,100.09999833333336,0.33355525743674797,0.6664447359054623,-6.3,8.0,14.3,-6037.811397712835,,0.056126598271177025,0.03263857075547493,0.0005784892387779493,48.546953222845325,29.248738455728184,380.1072958427876
1.27,22.627417,,100.0,40.0,100.0,2.36,625.0,7.7,779.0,36.0,2345.15,0.23,360.0,3.89,1.0,3.8,0.0,0.7,0.0,22.0,236.0,57.0,492.15,0.35,42.6,7.4,48.0,14.0,45.0,872.5,0.8,0.4,393.15,0.16,28.5,1.585,0.0,379.4586303,0,80.0,5.9413774468178655,0.0,50.0,80.0,0.7499999906250001,0.4999999937500001,50.099999375,75.09999906250002,0.40015974121477516,0.5998402507980043,-6.3,8.0,14.3,-6037.811397712835,,0.056126598271177025,0.03263857075547493,0.0005784892387779493,48.546953222845325,29.248738455728184,380.1072958427876
1.27,22.627417,,100.0,47.3,100.0,2.36,625.0,7.7,779.0,36.0,2345.15,0.23,360.0,3.89,1.0,3.8,0.0,0.7,0.0,22.0,236.0,57.0,492.15,0.35,42.6,7.4,48.0,14.0,45.0,872.5,0.8,0.4,393.15,0.16,28.5,1.585,0.0,362.2903425,0,80.0,5.895202356159819,0.0,50.0,80.0,0.7499999906250001,0.591249992609375,59.22499926093751,75.09999906250002,0.44090824164704623,0.5590917509083233,-6.3,8.0,14.3,-6037.811397712835,,0.056126598271177025,0.03263857075547493,0.0005784892387779493,48.546953222845325,29.248738455728184,380.1072958427876
1.27,22.627417,,100.0,70.0,100.0,2.36,625.0,7.7,779.0,36.0,2345.15,0.23,360.0,3.89,1.0,3.8,0.0,0.7,0.0,22.0,236.0,57.0,492.15,0.35,42.6,7.4,48.0,14.0,45.0,872.5,0.8,0.4,393.15,0.16,28.5,1.585,0.0,325.1152384,0,90.0,5.787250810927661,0.0,50.0,90.0,0.6666666592592594,0.7777777691358025,77.87777691358025,66.76666592592593,0.5384083539357478,0.46159163915074775,-6.3,8.0,14.3,-6037.811397712835,,0.056126598271177025,0.03263857075547493,0.0005784892387779493,48.546953222845325,29.248738455728184,380.1072958427876
1.27,22.627417,,100.0,70.0,100.0,2.36,625.0,7.7,779.0,36.0,2345.15,0.23,360.0,3.89,1.0,3.8,0.0,0.7,0.0,22.0,236.0,57.0,492.15,0.35,42.6,7.4,48.0,14.0,45.0,872.5,0.8,0.4,393.15,0.16,28.5,1.585,0.0,325.1152384,0,100.0,5.787250810927661,0.0,50.0,100.0,0.599999994,0.699999993,70.09999930000001,60.0999994,0.5384024536215111,0.4615975386979974,-6.3,8.0,14.3,-6037.811397712835,,0.056126598271177025,0.03263857075547493,0.0005784892387779493,48.546953222845325,29.248738455728184,380.1072958427876
1.27,22.627417,,100.0,60.0,100.0,2.36,625.0,7.7,779.0,36.0,2345.15,0.23,360.0,3.89,1.0,3.8,0.0,0.7,0.0,22.0,236.0,57.0,492.15,0.35,42.6,7.4,48.0,14.0,45.0,872.5,0.8,0.4,393.15,0.16,28.5,1.585,0.0,339.2563841,0,120.0,5.829699404323959,0.0,50.0,120.0,0.4999999958333334,0.4999999958333334,50.09999958333333,50.09999958333333,0.49999999500998005,0.49999999500998005,-6.3,8.0,14.3,-6037.811397712835,,0.056126598271177025,0.03263857075547493,0.0005784892387779493,48.546953222845325,29.248738455728184,380.1072958427876
1.27,22.627417,,100.0,70.0,100.0,2.36,625.0,7.7,779.0,36.0,2345.15,0.23,360.0,3.89,1.0,3.8,0.0,0.7,0.0,22.0,236.0,57.0,492.15,0.35,42.6,7.4,48.0,14.0,45.0,872.5,0.8,0.4,393.15,0.16,28.5,1.585,0.0,325.1152384,0,140.0,5.787250810927661,0.0,50.0,140.0,0.4285714255102041,0.49999999642857146,50.09999964285714,42.95714255102041,0.5383788704804484,0.4616211187734663,-6.3,8.0,14.3,-6037.811397712835,,0.056126598271177025,0.03263857075547493,0.0005784892387779493,48.546953222845325,29.248738455728184,380.1072958427876
1.27,22.627417,,100.0,120.0,100.0,2.36,625.0,7.7,779.0,36.0,2345.15,0.23,360.0,3.89,1.0,3.8,0.0,0.7,0.0,22.0,236.0,57.0,492.15,0.35,42.6,7.4,48.0,14.0,45.0,872.5,0.8,0.4,393.15,0.16,28.5,1.585,0.0,280.1454312,0,240.0,5.638872084206029,0.0,50.0,240.0,0.24999999895833333,0.49999999791666666,50.09999979166666,25.09999989583333,0.6662233953941235,0.33377659130800436,-6.3,8.0,14.3,-6037.811397712835,,0.056126598271177025,0.03263857075547493,0.0005784892387779493,48.546953222845325,29.248738455728184,380.1072958427876
1.27,22.627417,,100.0,310.0,100.0,2.36,625.0,7.7,779.0,36.0,2345.15,0.23,360.0,3.89,1.0,3.8,0.0,0.7,0.0,22.0,236.0,57.0,492.15,0.35,42.6,7.4,48.0,14.0,45.0,872.5,0.8,0.4,393.15,0.16,28.5,1.585,0.0,215.5456708,0,720.0,5.3778014757729675,0.0,50.0,720.0,0.08333333321759259,0.4305555549575617,43.15555549575617,8.433333321759259,0.8365280906103939,0.1634718900055876,-6.3,8.0,14.3,-6037.811397712835,,0.056126598271177025,0.03263857075547493,0.0005784892387779493,48.546953222845325,29.248738455728184,380.1072958427876
1.27,22.627417,,100.0,11.0,100.0,2.36,625.0,7.7,779.0,36.0,2345.15,0.23,360.0,3.89,1.0,3.8,0.0,0.7,0.0,22.0,236.0,57.0,492.15,0.35,42.6,7.4,48.0,14.0,45.0,872.5,0.8,0.4,393.15,0.16,28.5,1.585,0.0,542.0267804,1,,6.2971586380547935,0.0,50.0,,,,0.1,142.9571394557824,0.0006990213818156743,0.9993009716279706,-6.3,8.0,14.3,-6037.811397712835,,0.056126598271177025,0.03263857075547493,0.0005784892387779493,48.546953222845325,29.248738455728184,380.1072958427876
1.27,22.627417,,100.0,31.0,100.0,2.36,625.0,7.7,779.0,36.0,2345.15,0.23,360.0,3.89,1.0,3.8,0.0,0.7,0.0,22.0,236.0,57.0,492.15,0.35,42.6,7.4,48.0,14.0,45.0,872.5,0.8,0.4,393.15,0.16,28.5,1.585,0.0,407.1358116,1,,6.01159999058334,0.0,50.0,,,,0.1,142.9571394557824,0.0006990213818156743,0.9993009716279706,-6.3,8.0,14.3,-6037.811397712835,,0.056126598271177025,0.03263857075547493,0.0005784892387779493,48.546953222845325,29.248738455728184,380.1072958427876
1.27,22.627417,,100.0,61.0,100.0,2.36,625.0,7.7,779.0,36.0,2345.15,0.23,360.0,3.89,1.0,3.8,0.0,0.7,0.0,22.0,236.0,57.0,492.15,0.35,42.6,7.4,48.0,14.0,45.0,872.5,0.8,0.4,393.15,0.16,28.5,1.585,0.0,337.7110755,1,,5.825147459318616,0.0,50.0,,,,0.1,142.9571394557824,0.0006990213818156743,0.9993009716279706,-6.3,8.0,14.3,-6037.811397712835,,0.056126598271177025,0.03263857075547493,0.0005784892387779493,48.546953222845325,29.248738455728184,380.1072958427876
1.27,22.627417,,125.0,44.8,100.0,2.36,625.0,7.7,779.0,36.0,2345.15,0.23,360.0,3.89,1.0,3.8,0.0,0.7,0.0,22.0,236.0,57.0,492.15,0.35,42.6,7.4,48.0,14.0,45.0,872.5,0.8,0.4,393.15,0.16,28.5,1.585,0.0,267.4968008,0,40.0,5.592838998794135,-25.0,37.5,40.0,1.4999999625000011,1.1199999720000007,112.09999720000006,187.62499531250012,0.3740095074698029,0.6259904891938053,-6.3,8.0,14.3,-7547.264247141044,,0.056126598271177025,0.03263857075547493,0.0005784892387779493,48.546953222845325,29.248738455728184,380.1072958427876
1.27,22.627417,,75.0,44.8,75.0,2.36,625.0,7.7,779.0,36.0,2345.15,0.23,360.0,3.89,1.0,3.8,0.0,0.7,0.0,22.0,236.0,57.0,492.15,0.35,42.6,7.4,48.0,14.0,45.0,872.5,0.8,0.4,393.15,0.16,28.5,1.585,0.0,918.6702868,0,40.0,6.82401522189518,0.0,37.5,40.0,1.4999999625000011,1.1199999720000007,84.07499790000004,112.57499718750007,0.4275362297113425,0.5724637652034807,-6.3,8.0,14.3,-4528.358548284626,,0.056126598271177025,0.03263857075547493,0.0005784892387779493,48.546953222845325,29.248738455728184,380.1072958427876
1.27,22.627417,,60.0,16.0,60.0,2.36,625.0,7.7,779.0,36.0,2345.15,0.23,360.0,3.89,1.0,3.8,0.0,0.7,0.0,22.0,236.0,57.0,492.15,0.35,42.6,7.4,48.0,14.0,45.0,872.5,0.8,0.4,393.15,0.16,28.5,1.585,0.0,2356.836979,0,40.0,7.765499943423223,0.0,30.0,40.0,1.4999999625000011,0.39999999000000025,24.059999400000017,90.05999775000006,0.2108307026817105,0.7891692885555835,-6.3,8.0,14.3,-3622.6868386277,,0.056126598271177025,0.03263857075547493,0.0005784892387779493,48.546953222845325,29.248738455728184,380.1072958427876
1.27,22.627417,,140.0,16.0,100.0,2.36,625.0,7.7,779.0,36.0,2345.15,0.23,360.0,3.89,1.0,3.8,0.0,0.7,0.0,22.0,236.0,57.0,492.15,0.35,42.6,7.4,48.0,14.0,45.0,872.5,0.8,0.4,393.15,0.16,28.5,1.585,0.0,302.419095,0,40.0,5.7151150016512045,-40.0,30.0,40.0,1.4999999625000011,0.39999999000000025,40.099999000000025,210.13999475000014,0.16024616304864273,0.8397538329551936,-6.3,8.0,14.3,-8452.935956797968,,0.056126598271177025,0.03263857075547493,0.0005784892387779493,48.546953222845325,29.248738455728184,380.1072958427876
1.27,22.627417,,150.0,25.0,125.0,2.36,625.0,7.7,779.0,36.0,2345.15,0.23,360.0,3.89,1.0,3.8,0.0,0.7,0.0,22.0,236.0,57.0,492.15,0.35,42.6,7.4,48.0,14.0,45.0,872.5,0.8,0.4,393.15,0.16,28.5,1.585,0.0,155.7848752,0,40.0,5.054874644080147,-25.0,50.0,40.0,1.4999999625000011,0.6249999843750005,78.24999804687506,225.14999437500015,0.2579103485281527,0.7420896481758684,-6.3,8.0,14.3,-9056.717096569251,,0.056126598271177025,0.03263857075547493,0.0005784892387779493,48.546953222845325,29.248738455728184,380.1072958427876
1.27,22.627417,,100.0,15.0,60.0,2.36,625.0,7.7,779.0,36.0,2345.15,0.23,360.0,3.89,1.0,3.8,0.0,0.7,0.0,22.0,236.0,57.0,492.15,0.35,42.6,7.4,48.0,14.0,45.0,872.5,0.8,0.4,393.15,0.16,28.5,1.585,0.0,1157.661661,0,30.0,7.055020877512214,-40.0,10.0,30.0,1.9999999333333356,0.4999999833333339,30.05999900000003,200.09999333333357,0.1306047961014018,0.8693951995537945,-6.3,8.0,14.3,-6037.811397712835,,0.056126598271177025,0.03263857075547493,0.0005784892387779493,48.546953222845325,29.248738455728184,380.1072958427876
1.27,22.627417,,100.0,60.0,100.0,2.36,625.0,7.7,779.0,36.0,2345.15,0.23,360.0,3.89,1.0,3.8,0.0,0.7,0.0,22.0,236.0,57.0,492.15,0.35,42.6,7.4,48.0,14.0,45.0,872.5,0.8,0.4,393.15,0.16,28.5,1.585,0.0,997.0,0,120.0,6.905753276311464,0.0,50.0,120.0,0.4999999958333334,0.4999999958333334,50.09999958333333,50.09999958333333,0.49999999500998005,0.49999999500998005,-6.3,8.0,14.3,-6037.811397712835,,0.056126598271177025,0.03263857075547493,0.0005784892387779493,48.546953222845325,29.248738455728184,380.1072958427876
1.27,22.627417,,165.0,30.0,125.0,2.36,625.0,7.7,779.0,36.0,2345.15,0.23,360.0,3.89,1.0,3.8,0.0,0.7,0.0,22.0,236.0,57.0,492.15,0.35,42.6,7.4,48.0,14.0,45.0,872.5,0.8,0.4,393.15,0.16,28.5,1.585,0.0,147.0103072,0,60.0,4.99728191458238,-40.0,42.5,60.0,0.9999999833333336,0.4999999916666668,62.62499895833334,165.16499725000006,0.27492427115251,0.7250757244574816,-6.3,8.0,14.3,-9962.388806226178,,0.056126598271177025,0.03263857075547493,0.0005784892387779493,48.546953222845325,29.248738455728184,380.1072958427876
1.27,22.627417,,165.0,21.0,125.0,2.36,625.0,7.7,779.0,36.0,2345.15,0.23,360.0,3.89,1.0,3.8,0.0,0.7,0.0,22.0,236.0,57.0,492.15,0.35,42.6,7.4,48.0,14.0,45.0,872.5,0.8,0.4,393.15,0.16,28.5,1.585,0.0,162.2302011,0,42.0,5.0951614811691055,-40.0,42.5,42.0,1.428571394557824,0.49999998809523843,62.6249985119048,235.87928010204095,0.20979598213096787,0.7902040145189964,-6.3,8.0,14.3,-9962.388806226178,,0.056126598271177025,0.03263857075547493,0.0005784892387779493,48.546953222845325,29.248738455728184,380.1072958427876
1.27,22.627417,,165.0,120.0,125.0,2.36,625.0,7.7,779.0,36.0,2345.15,0.23,360.0,3.89,1.0,3.8,0.0,0.7,0.0,22.0,236.0,57.0,492.15,0.35,42.6,7.4,48.0,14.0,45.0,872.5,0.8,0.4,393.15,0.16,28.5,1.585,0.0,100.2440987,0,240.0,4.6175344198436,-40.0,42.5,240.0,0.24999999895833333,0.49999999791666666,62.62499973958332,41.414999828125,0.6019319434627216,0.3980680469255907,-6.3,8.0,14.3,-9962.388806226178,,0.056126598271177025,0.03263857075547493,0.0005784892387779493,48.546953222845325,29.248738455728184,380.1072958427876
1.27,22.627417,,180.0,15.0,125.0,2.36,625.0,7.7,779.0,36.0,2345.15,0.23,360.0,3.89,1.0,3.8,0.0,0.7,0.0,22.0,236.0,57.0,492.15,0.35,42.6,7.4,48.0,14.0,45.0,872.5,0.8,0.4,393.15,0.16,28.5,1.585,0.0,157.2472681,0,30.0,5.064158797684121,-55.0,35.0,30.0,1.9999999333333356,0.4999999833333339,62.62499791666673,360.17998800000044,0.1481179263597707,0.8518820712750726,-6.3,8.0,14.3,-10868.060515883102,,0.056126598271177025,0.03263857075547493,0.0005784892387779493,48.546953222845325,29.248738455728184,380.1072958427876
1.27,22.627417,,100.0,15.0,100.0,2.36,625.0,7.7,779.0,36.0,2345.15,0.23,360.0,3.89,1.0,3.8,0.0,0.7,0.0,22.0,236.0,57.0,492.15,0.35,42.6,7.4,48.0,14.0,45.0,872.5,0.8,0.4,393.15,0.16,28.5,1.585,0.0,565.666107,0,30.0,6.339770253728651,0.0,50.0,30.0,1.9999999333333356,0.4999999833333339,50.09999833333338,200.09999333333357,0.20023980736114538,0.7997601886420519,-6.3,8.0,14.3,-6037.811397712835,,0.056126598271177025,0.03263857075547493,0.0005784892387779493,48.546953222845325,29.248738455728184,380.1072958427876
1.27,22.627417,,100.0,38.65,100.0,2.36,625.0,7.7,779.0,36.0,2345.15,0.23,360.0,3.89,1.0,3.8,0.0,0.7,0.0,22.0,236.0,57.0,492.15,0.35,42.6,7.4,48.0,14.0,45.0,872.5,0.8,0.4,393.15,0.16,28.5,1.585,0.0,435.5378192,0,30.0,6.078875013450861,0.0,50.0,30.0,1.9999999333333356,1.2883332903888902,128.933329038889,200.09999333333357,0.3918549273899281,0.608145069570866,-6.3,8.0,14.3,-6037.811397712835,,0.056126598271177025,0.03263857075547493,0.0005784892387779493,48.546953222845325,29.248738455728184,380.1072958427876
1.27,22.627417,,100.0,20.0,100.0,2.36,625.0,7.7,779.0,36.0,2345.15,0.23,360.0,3.89,1.0,3.8,0.0,0.7,0.0,22.0,236.0,57.0,492.15,0.35,42.6,7.4,48.0,14.0,45.0,872.5,0.8,0.4,393.15,0.16,28.5,1.585,0.0,522.4588364,0,40.0,6.260458395700347,0.0,50.0,40.0,1.4999999625000011,0.49999998750000035,50.09999875000003,150.0999962500001,0.250249749005989,0.749750245999006,-6.3,8.0,14.3,-6037.811397712835,,0.056126598271177025,0.03263857075547493,0.0005784892387779493,48.546953222845325,29.248738455728184,380.1072958427876
1.27,22.627417,,100.0,47.3,100.0,2.36,625.0,7.7,779.0,36.0,2345.15,0.23,360.0,3.89,1.0,3.8,0.0,0.7,0.0,22.0,236.0,57.0,492.15,0.35,42.6,7.4,48.0,14.0,45.0,872.5,0.8,0.4,393.15,0.16,28.5,1.585,0.0,411.9077057,0,40.0,6.023224095105892,0.0,50.0,40.0,1.4999999625000011,1.1824999704375008,118.34999704375007,150.0999962500001,0.44086421888408067,0.5591357773908309,-6.3,8.0,14.3,-6037.811397712835,,0.056126598271177025,0.03263857075547493,0.0005784892387779493,48.546953222845325,29.248738455728184,380.1072958427876
1.27,22.627417,,100.0,79.6,100.0,2.36,625.0,7.7,779.0,36.0,2345.15,0.23,360.0,3.89,1.0,3.8,0.0,0.7,0.0,22.0,236.0,57.0,492.15,0.35,42.6,7.4,48.0,14.0,45.0,872.5,0.8,0.4,393.15,0.16,28.5,1.585,0.0,356.7503225,0,50.0,5.879835319903659,0.0,50.0,50.0,1.1999999760000006,1.5919999681600006,159.29999681600003,120.09999760000005,0.5701503200771978,0.42984967634370413,-6.3,8.0,14.3,-6037.811397712835,,0.056126598271177025,0.03263857075547493,0.0005784892387779493,48.546953222845325,29.248738455728184,380.1072958427876
1.27,22.627417,,100.0,30.0,100.0,2.36,625.0,7.7,779.0,36.0,2345.15,0.23,360.0,3.89,1.0,3.8,0.0,0.7,0.0,22.0,236.0,57.0,492.15,0.35,42.6,7.4,48.0,14.0,45.0,872.5,0.8,0.4,393.15,0.16,28.5,1.585,0.0,467.1062444,0,60.0,6.148695288101689,0.0,50.0,60.0,0.9999999833333336,0.4999999916666668,50.09999916666668,100.09999833333336,0.33355525743674797,0.6664447359054623,-6.3,8.0,14.3,-6037.811397712835,,0.056126598271177025,0.03263857075547493,0.0005784892387779493,48.546953222845325,29.248738455728184,380.1072958427876
1.27,22.627417,,100.0,40.0,100.0,2.36,625.0,7.7,779.0,36.0,2345.15,0.23,360.0,3.89,1.0,3.8,0.0,0.7,0.0,22.0,236.0,57.0,492.15,0.35,42.6,7.4,48.0,14.0,45.0,872.5,0.8,0.4,393.15,0.16,28.5,1.585,0.0,431.4272712,0,80.0,6.069414153156467,0.0,50.0,80.0,0.7499999906250001,0.4999999937500001,50.099999375,75.09999906250002,0.40015974121477516,0.5998402507980043,-6.3,8.0,14.3,-6037.811397712835,,0.056126598271177025,0.03263857075547493,0.0005784892387779493,48.546953222845325,29.248738455728184,380.1072958427876
1.27,22.627417,,100.0,47.3,100.0,2.36,625.0,7.7,779.0,36.0,2345.15,0.23,360.0,3.89,1.0,3.8,0.0,0.7,0.0,22.0,236.0,57.0,492.15,0.35,42.6,7.4,48.0,14.0,45.0,872.5,0.8,0.4,393.15,0.16,28.5,1.585,0.0,411.9077057,0,80.0,6.023224095105892,0.0,50.0,80.0,0.7499999906250001,0.591249992609375,59.22499926093751,75.09999906250002,0.44090824164704623,0.5590917509083233,-6.3,8.0,14.3,-6037.811397712835,,0.056126598271177025,0.03263857075547493,0.0005784892387779493,48.546953222845325,29.248738455728184,380.1072958427876
1.27,22.627417,,100.0,70.0,100.0,2.36,625.0,7.7,779.0,36.0,2345.15,0.23,360.0,3.89,1.0,3.8,0.0,0.7,0.0,22.0,236.0,57.0,492.15,0.35,42.6,7.4,48.0,14.0,45.0,872.5,0.8,0.4,393.15,0.16,28.5,1.585,0.0,369.6412966,0,90.0,5.9152347393755305,0.0,50.0,90.0,0.6666666592592594,0.7777777691358025,77.87777691358025,66.76666592592593,0.5384083539357478,0.46159163915074775,-6.3,8.0,14.3,-6037.811397712835,,0.056126598271177025,0.03263857075547493,0.0005784892387779493,48.546953222845325,29.248738455728184,380.1072958427876
1.27,22.627417,,100.0,70.0,100.0,2.36,625.0,7.7,779.0,36.0,2345.15,0.23,360.0,3.89,1.0,3.8,0.0,0.7,0.0,22.0,236.0,57.0,492.15,0.35,42.6,7.4,48.0,14.0,45.0,872.5,0.8,0.4,393.15,0.16,28.5,1.585,0.0,369.6412966,0,100.0,5.9152347393755305,0.0,50.0,100.0,0.599999994,0.699999993,70.09999930000001,60.0999994,0.5384024536215111,0.4615975386979974,-6.3,8.0,14.3,-6037.811397712835,,0.056126598271177025,0.03263857075547493,0.0005784892387779493,48.546953222845325,29.248738455728184,380.1072958427876
1.27,22.627417,,100.0,60.0,100.0,2.36,625.0,7.7,779.0,36.0,2345.15,0.23,360.0,3.89,1.0,3.8,0.0,0.7,0.0,22.0,236.0,57.0,492.15,0.35,42.6,7.4,48.0,14.0,45.0,872.5,0.8,0.4,393.15,0.16,28.5,1.585,0.0,385.7191387,0,120.0,5.957698689759892,0.0,50.0,120.0,0.4999999958333334,0.4999999958333334,50.09999958333333,50.09999958333333,0.49999999500998005,0.49999999500998005,-6.3,8.0,14.3,-6037.811397712835,,0.056126598271177025,0.03263857075547493,0.0005784892387779493,48.546953222845325,29.248738455728184,380.1072958427876
1.27,22.627417,,100.0,70.0,100.0,2.36,625.0,7.7,779.0,36.0,2345.15,0.23,360.0,3.89,1.0,3.8,0.0,0.7,0.0,22.0,236.0,57.0,492.15,0.35,42.6,7.4,48.0,14.0,45.0,872.5,0.8,0.4,393.15,0.16,28.5,1.585,0.0,369.6412966,0,140.0,5.9152347393755305,0.0,50.0,140.0,0.4285714255102041,0.49999999642857146,50.09999964285714,42.95714255102041,0.5383788704804484,0.4616211187734663,-6.3,8.0,14.3,-6037.811397712835,,0.056126598271177025,0.03263857075547493,0.0005784892387779493,48.546953222845325,29.248738455728184,380.1072958427876
1.27,22.627417,,100.0,120.0,100.0,2.36,625.0,7.7,779.0,36.0,2345.15,0.23,360.0,3.89,1.0,3.8,0.0,0.7,0.0,22.0,236.0,57.0,492.15,0.35,42.6,7.4,48.0,14.0,45.0,872.5,0.8,0.4,393.15,0.16,28.5,1.585,0.0,318.5126633,0,240.0,5.766796907773938,0.0,50.0,240.0,0.24999999895833333,0.49999999791666666,50.09999979166666,25.09999989583333,0.6662233953941235,0.33377659130800436,-6.3,8.0,14.3,-6037.811397712835,,0.056126598271177025,0.03263857075547493,0.0005784892387779493,48.546953222845325,29.248738455728184,380.1072958427876
1.27,22.627417,,100.0,310.0,100.0,2.36,625.0,7.7,779.0,36.0,2345.15,0.23,360.0,3.89,1.0,3.8,0.0,0.7,0.0,22.0,236.0,57.0,492.15,0.35,42.6,7.4,48.0,14.0,45.0,872.5,0.8,0.4,393.15,0.16,28.5,1.585,0.0,245.0656623,0,720.0,5.5055984202342785,0.0,50.0,720.0,0.08333333321759259,0.4305555549575617,43.15555549575617,8.433333321759259,0.8365280906103939,0.1634718900055876,-6.3,8.0,14.3,-6037.811397712835,,0.056126598271177025,0.03263857075547493,0.0005784892387779493,48.546953222845325,29.248738455728184,380.1072958427876
1.27,22.627417,,100.0,11.0,100.0,2.36,625.0,7.7,779.0,36.0,2345.15,0.23,360.0,3.89,1.0,3.8,0.0,0.7,0.0,22.0,236.0,57.0,492.15,0.35,42.6,7.4,48.0,14.0,45.0,872.5,0.8,0.4,393.15,0.16,28.5,1.585,0.0,616.2598927,1,,6.425290155152345,0.0,50.0,,,,0.1,142.9571394557824,0.0006990213818156743,0.9993009716279706,-6.3,8.0,14.3,-6037.811397712835,,0.056126598271177025,0.03263857075547493,0.0005784892387779493,48.546953222845325,29.248738455728184,380.1072958427876
1.27,22.627417,,100.0,31.0,100.0,2.36,625.0,7.7,779.0,36.0,2345.15,0.23,360.0,3.89,1.0,3.8,0.0,0.7,0.0,22.0,236.0,57.0,492.15,0.35,42.6,7.4,48.0,14.0,45.0,872.5,0.8,0.4,393.15,0.16,28.5,1.585,0.0,462.8949724,1,,6.139658174018435,0.0,50.0,,,,0.1,142.9571394557824,0.0006990213818156743,0.9993009716279706,-6.3,8.0,14.3,-6037.811397712835,,0.056126598271177025,0.03263857075547493,0.0005784892387779493,48.546953222845325,29.248738455728184,380.1072958427876
1.27,22.627417,,100.0,61.0,100.0,2.36,625.0,7.7,779.0,36.0,2345.15,0.23,360.0,3.89,1.0,3.8,0.0,0.7,0.0,22.0,236.0,57.0,492.15,0.35,42.6,7.4,48.0,14.0,45.0,872.5,0.8,0.4,393.15,0.16,28.5,1.585,0.0,383.9621928,1,,5.953145128946317,0.0,50.0,,,,0.1,142.9571394557824,0.0006990213818156743,0.9993009716279706,-6.3,8.0,14.3,-6037.811397712835,,0.056126598271177025,0.03263857075547493,0.0005784892387779493,48.546953222845325,29.248738455728184,380.1072958427876
1.27,22.627417,,125.0,44.8,100.0,2.36,625.0,7.7,779.0,36.0,2345.15,0.23,360.0,3.89,1.0,3.8,0.0,0.7,0.0,22.0,236.0,57.0,492.15,0.35,42.6,7.4,48.0,14.0,45.0,872.5,0.8,0.4,393.15,0.16,28.5,1.585,0.0,304.1317435,0,40.0,5.720743629247275,-25.0,37.5,40.0,1.4999999625000011,1.1199999720000007,112.09999720000006,187.62499531250012,0.3740095074698029,0.6259904891938053,-6.3,8.0,14.3,-7547.264247141044,,0.056126598271177025,0.03263857075547493,0.0005784892387779493,48.546953222845325,29.248738455728184,380.1072958427876
1.27,22.627417,,75.0,44.8,75.0,2.36,625.0,7.7,779.0,36.0,2345.15,0.23,360.0,3.89,1.0,3.8,0.0,0.7,0.0,22.0,236.0,57.0,492.15,0.35,42.6,7.4,48.0,14.0,45.0,872.5,0.8,0.4,393.15,0.16,28.5,1.585,0.0,1044.486496,0,40.0,6.952237602477285,0.0,37.5,40.0,1.4999999625000011,1.1199999720000007,84.07499790000004,112.57499718750007,0.4275362297113425,0.5724637652034807,-6.3,8.0,14.3,-4528.358548284626,,0.056126598271177025,0.03263857075547493,0.0005784892387779493,48.546953222845325,29.248738455728184,380.1072958427876
1.27,22.627417,,60.0,16.0,60.0,2.36,625.0,7.7,779.0,36.0,2345.15,0.23,360.0,3.89,1.0,3.8,0.0,0.7,0.0,22.0,236.0,57.0,492.15,0.35,42.6,7.4,48.0,14.0,45.0,872.5,0.8,0.4,393.15,0.16,28.5,1.585,0.0,2679.616868,0,40.0,7.893802221645653,0.0,30.0,40.0,1.4999999625000011,0.39999999000000025,24.059999400000017,90.05999775000006,0.2108307026817105,0.7891692885555835,-6.3,8.0,14.3,-3622.6868386277,,0.056126598271177025,0.03263857075547493,0.0005784892387779493,48.546953222845325,29.248738455728184,380.1072958427876
1.27,22.627417,,140.0,16.0,100.0,2.36,625.0,7.7,779.0,36.0,2345.15,0.23,360.0,3.89,1.0,3.8,0.0,0.7,0.0,22.0,236.0,57.0,492.15,0.35,42.6,7.4,48.0,14.0,45.0,872.5,0.8,0.4,393.15,0.16,28.5,1.585,0.0,343.8368098,0,40.0,5.843071290051976,-40.0,30.0,40.0,1.4999999625000011,0.39999999000000025,40.099999000000025,210.13999475000014,0.16024616304864273,0.8397538329551936,-6.3,8.0,14.3,-8452.935956797968,,0.056126598271177025,0.03263857075547493,0.0005784892387779493,48.546953222845325,29.248738455728184,380.1072958427876
1.27,22.627417,,150.0,25.0,125.0,2.36,625.0,7.7,779.0,36.0,2345.15,0.23,360.0,3.89,1.0,3.8,0.0,0.7,0.0,22.0,236.0,57.0,492.15,0.35,42.6,7.4,48.0,14.0,45.0,872.5,0.8,0.4,393.15,0.16,28.5,1.585,0.0,177.1203452,0,40.0,5.182459418470937,-25.0,50.0,40.0,1.4999999625000011,0.6249999843750005,78.24999804687506,225.14999437500015,0.2579103485281527,0.7420896481758684,-6.3,8.0,14.3,-9056.717096569251,,0.056126598271177025,0.03263857075547493,0.0005784892387779493,48.546953222845325,29.248738455728184,380.1072958427876
1.27,22.627417,,100.0,15.0,60.0,2.36,625.0,7.7,779.0,36.0,2345.15,0.23,360.0,3.89,1.0,3.8,0.0,0.7,0.0,22.0,236.0,57.0,492.15,0.35,42.6,7.4,48.0,14.0,45.0,872.5,0.8,0.4,393.15,0.16,28.5,1.585,0.0,1316.208861,0,30.0,7.183270277628079,-40.0,10.0,30.0,1.9999999333333356,0.4999999833333339,30.05999900000003,200.09999333333357,0.1306047961014018,0.8693951995537945,-6.3,8.0,14.3,-6037.811397712835,,0.056126598271177025,0.03263857075547493,0.0005784892387779493,48.546953222845325,29.248738455728184,380.1072958427876
1.27,22.627417,,165.0,21.0,125.0,2.36,625.0,7.7,779.0,36.0,2345.15,0.23,360.0,3.89,1.0,3.8,0.0,0.7,0.0,22.0,236.0,57.0,492.15,0.35,42.6,7.4,48.0,14.0,45.0,872.5,0.8,0.4,393.15,0.16,28.5,1.585,0.0,423.5,0,42.0,6.050912005751401,-40.0,42.5,42.0,1.428571394557824,0.49999998809523843,62.6249985119048,235.87928010204095,0.20979598213096787,0.7902040145189964,-6.3,8.0,14.3,-9962.388806226178,,0.056126598271177025,0.03263857075547493,0.0005784892387779493,48.546953222845325,29.248738455728184,380.1072958427876
1.27,22.627417,,165.0,30.0,125.0,2.36,625.0,7.7,779.0,36.0,2345.15,0.23,360.0,3.89,1.0,3.8,0.0,0.7,0.0,22.0,236.0,57.0,492.15,0.35,42.6,7.4,48.0,14.0,45.0,872.5,0.8,0.4,393.15,0.16,28.5,1.585,0.0,148.4723297,0,60.0,5.007111290081555,-40.0,42.5,60.0,0.9999999833333336,0.4999999916666668,62.62499895833334,165.16499725000006,0.27492427115251,0.7250757244574816,-6.3,8.0,14.3,-9962.388806226178,,0.056126598271177025,0.03263857075547493,0.0005784892387779493,48.546953222845325,29.248738455728184,380.1072958427876
1.27,22.627417,,165.0,21.0,125.0,2.36,625.0,7.7,779.0,36.0,2345.15,0.23,360.0,3.89,1.0,3.8,0.0,0.7,0.0,22.0,236.0,57.0,492.15,0.35,42.6,7.4,48.0,14.0,45.0,872.5,0.8,0.4,393.15,0.16,28.5,1.585,0.0,163.843586,0,42.0,5.104997060662529,-40.0,42.5,42.0,1.428571394557824,0.49999998809523843,62.6249985119048,235.87928010204095,0.20979598213096787,0.7902040145189964,-6.3,8.0,14.3,-9962.388806226178,,0.056126598271177025,0.03263857075547493,0.0005784892387779493,48.546953222845325,29.248738455728184,380.1072958427876
1.27,22.627417,,165.0,120.0,125.0,2.36,625.0,7.7,779.0,36.0,2345.15,0.23,360.0,3.89,1.0,3.8,0.0,0.7,0.0,22.0,236.0,57.0,492.15,0.35,42.6,7.4,48.0,14.0,45.0,872.5,0.8,0.4,393.15,0.16,28.5,1.585,0.0,101.2410297,0,240.0,4.627333061979134,-40.0,42.5,240.0,0.24999999895833333,0.49999999791666666,62.62499973958332,41.414999828125,0.6019319434627216,0.3980680469255907,-6.3,8.0,14.3,-9962.388806226178,,0.056126598271177025,0.03263857075547493,0.0005784892387779493,48.546953222845325,29.248738455728184,380.1072958427876
1.27,22.627417,,180.0,15.0,125.0,2.36,625.0,7.7,779.0,36.0,2345.15,0.23,360.0,3.89,1.0,3.8,0.0,0.7,0.0,22.0,236.0,57.0,492.15,0.35,42.6,7.4,48.0,14.0,45.0,872.5,0.8,0.4,393.15,0.16,28.5,1.585,0.0,158.8110975,0,30.0,5.073992477103628,-55.0,35.0,30.0,1.9999999333333356,0.4999999833333339,62.62499791666673,360.17998800000044,0.1481179263597707,0.8518820712750726,-6.3,8.0,14.3,-10868.060515883102,,0.056126598271177025,0.03263857075547493,0.0005784892387779493,48.546953222845325,29.248738455728184,380.1072958427876
1.27,22.627417,,100.0,15.0,100.0,2.36,625.0,7.7,779.0,36.0,2345.15,0.23,360.0,3.89,1.0,3.8,0.0,0.7,0.0,22.0,236.0,57.0,492.15,0.35,42.6,7.4,48.0,14.0,45.0,872.5,0.8,0.4,393.15,0.16,28.5,1.585,0.0,571.2916757,0,30.0,6.349648783965921,0.0,50.0,30.0,1.9999999333333356,0.4999999833333339,50.09999833333338,200.09999333333357,0.20023980736114538,0.7997601886420519,-6.3,8.0,14.3,-6037.811397712835,,0.056126598271177025,0.03263857075547493,0.0005784892387779493,48.546953222845325,29.248738455728184,380.1072958427876
1.27,22.627417,,100.0,38.65,100.0,2.36,625.0,7.7,779.0,36.0,2345.15,0.23,360.0,3.89,1.0,3.8,0.0,0.7,0.0,22.0,236.0,57.0,492.15,0.35,42.6,7.4,48.0,14.0,45.0,872.5,0.8,0.4,393.15,0.16,28.5,1.585,0.0,439.8692577,0,30.0,6.088748363691126,0.0,50.0,30.0,1.9999999333333356,1.2883332903888902,128.933329038889,200.09999333333357,0.3918549273899281,0.608145069570866,-6.3,8.0,14.3,-6037.811397712835,,0.056126598271177025,0.03263857075547493,0.0005784892387779493,48.546953222845325,29.248738455728184,380.1072958427876
1.27,22.627417,,100.0,20.0,100.0,2.36,625.0,7.7,779.0,36.0,2345.15,0.23,360.0,3.89,1.0,3.8,0.0,0.7,0.0,22.0,236.0,57.0,492.15,0.35,42.6,7.4,48.0,14.0,45.0,872.5,0.8,0.4,393.15,0.16,28.5,1.585,0.0,527.6547073,0,40.0,6.2703354915179705,0.0,50.0,40.0,1.4999999625000011,0.49999998750000035,50.09999875000003,150.0999962500001,0.250249749005989,0.749750245999006,-6.3,8.0,14.3,-6037.811397712835,,0.056126598271177025,0.03263857075547493,0.0005784892387779493,48.546953222845325,29.248738455728184,380.1072958427876
1.27,22.627417,,100.0,47.3,100.0,2.36,625.0,7.7,779.0,36.0,2345.15,0.23,360.0,3.89,1.0,3.8,0.0,0.7,0.0,22.0,236.0,57.0,492.15,0.35,42.6,7.4,48.0,14.0,45.0,872.5,0.8,0.4,393.15,0.16,28.5,1.585,0.0,416.0041419,0,40.0,6.033096154363382,0.0,50.0,40.0,1.4999999625000011,1.1824999704375008,118.34999704375007,150.0999962500001,0.44086421888408067,0.5591357773908309,-6.3,8.0,14.3,-6037.811397712835,,0.056126598271177025,0.03263857075547493,0.0005784892387779493,48.546953222845325,29.248738455728184,380.1072958427876
1.27,22.627417,,100.0,79.6,100.0,2.36,625.0,7.7,779.0,36.0,2345.15,0.23,360.0,3.89,1.0,3.8,0.0,0.7,0.0,22.0,236.0,57.0,492.15,0.35,42.6,7.4,48.0,14.0,45.0,872.5,0.8,0.4,393.15,0.16,28.5,1.585,0.0,360.2982166,0,50.0,5.889703702077199,0.0,50.0,50.0,1.1999999760000006,1.5919999681600006,159.29999681600003,120.09999760000005,0.5701503200771978,0.42984967634370413,-6.3,8.0,14.3,-6037.811397712835,,0.056126598271177025,0.03263857075547493,0.0005784892387779493,48.546953222845325,29.248738455728184,380.1072958427876
1.27,22.627417,,100.0,30.0,100.0,2.36,625.0,7.7,779.0,36.0,2345.15,0.23,360.0,3.89,1.0,3.8,0.0,0.7,0.0,22.0,236.0,57.0,492.15,0.35,42.6,7.4,48.0,14.0,45.0,872.5,0.8,0.4,393.15,0.16,28.5,1.585,0.0,471.7516319,0,60.0,6.158570159462805,0.0,50.0,60.0,0.9999999833333336,0.4999999916666668,50.09999916666668,100.09999833333336,0.33355525743674797,0.6664447359054623,-6.3,8.0,14.3,-6037.811397712835,,0.056126598271177025,0.03263857075547493,0.0005784892387779493,48.546953222845325,29.248738455728184,380.1072958427876
1.27,22.627417,,100.0,40.0,100.0,2.36,625.0,7.7,779.0,36.0,2345.15,0.23,360.0,3.89,1.0,3.8,0.0,0.7,0.0,22.0,236.0,57.0,492.15,0.35,42.6,7.4,48.0,14.0,45.0,872.5,0.8,0.4,393.15,0.16,28.5,1.585,0.0,435.7178301,0,80.0,6.079287288831373,0.0,50.0,80.0,0.7499999906250001,0.4999999937500001,50.099999375,75.09999906250002,0.40015974121477516,0.5998402507980043,-6.3,8.0,14.3,-6037.811397712835,,0.056126598271177025,0.03263857075547493,0.0005784892387779493,48.546953222845325,29.248738455728184,380.1072958427876
1.27,22.627417,,100.0,47.3,100.0,2.36,625.0,7.7,779.0,36.0,2345.15,0.23,360.0,3.89,1.0,3.8,0.0,0.7,0.0,22.0,236.0,57.0,492.15,0.35,42.6,7.4,48.0,14.0,45.0,872.5,0.8,0.4,393.15,0.16,28.5,1.585,0.0,416.0041419,0,80.0,6.033096154363382,0.0,50.0,80.0,0.7499999906250001,0.591249992609375,59.22499926093751,75.09999906250002,0.44090824164704623,0.5590917509083233,-6.3,8.0,14.3,-6037.811397712835,,0.056126598271177025,0.03263857075547493,0.0005784892387779493,48.546953222845325,29.248738455728184,380.1072958427876
1.27,22.627417,,100.0,70.0,100.0,2.36,625.0,7.7,779.0,36.0,2345.15,0.23,360.0,3.89,1.0,3.8,0.0,0.7,0.0,22.0,236.0,57.0,492.15,0.35,42.6,7.4,48.0,14.0,45.0,872.5,0.8,0.4,393.15,0.16,28.5,1.585,0.0,373.3173919,0,90.0,5.9251040789658305,0.0,50.0,90.0,0.6666666592592594,0.7777777691358025,77.87777691358025,66.76666592592593,0.5384083539357478,0.46159163915074775,-6.3,8.0,14.3,-6037.811397712835,,0.056126598271177025,0.03263857075547493,0.0005784892387779493,48.546953222845325,29.248738455728184,380.1072958427876
1.27,22.627417,,100.0,70.0,100.0,2.36,625.0,7.7,779.0,36.0,2345.15,0.23,360.0,3.89,1.0,3.8,0.0,0.7,0.0,22.0,236.0,57.0,492.15,0.35,42.6,7.4,48.0,14.0,45.0,872.5,0.8,0.4,393.15,0.16,28.5,1.585,0.0,373.3173919,0,100.0,5.9251040789658305,0.0,50.0,100.0,0.599999994,0.699999993,70.09999930000001,60.0999994,0.5384024536215111,0.4615975386979974,-6.3,8.0,14.3,-6037.811397712835,,0.056126598271177025,0.03263857075547493,0.0005784892387779493,48.546953222845325,29.248738455728184,380.1072958427876
1.27,22.627417,,100.0,60.0,100.0,2.36,625.0,7.7,779.0,36.0,2345.15,0.23,360.0,3.89,1.0,3.8,0.0,0.7,0.0,22.0,236.0,57.0,492.15,0.35,42.6,7.4,48.0,14.0,45.0,872.5,0.8,0.4,393.15,0.16,28.5,1.585,0.0,389.5551287,0,120.0,5.967569133963425,0.0,50.0,120.0,0.4999999958333334,0.4999999958333334,50.09999958333333,50.09999958333333,0.49999999500998005,0.49999999500998005,-6.3,8.0,14.3,-6037.811397712835,,0.056126598271177025,0.03263857075547493,0.0005784892387779493,48.546953222845325,29.248738455728184,380.1072958427876
1.27,22.627417,,100.0,70.0,100.0,2.36,625.0,7.7,779.0,36.0,2345.15,0.23,360.0,3.89,1.0,3.8,0.0,0.7,0.0,22.0,236.0,57.0,492.15,0.35,42.6,7.4,48.0,14.0,45.0,872.5,0.8,0.4,393.15,0.16,28.5,1.585,0.0,373.3173919,0,140.0,5.9251040789658305,0.0,50.0,140.0,0.4285714255102041,0.49999999642857146,50.09999964285714,42.95714255102041,0.5383788704804484,0.4616211187734663,-6.3,8.0,14.3,-6037.811397712835,,0.056126598271177025,0.03263857075547493,0.0005784892387779493,48.546953222845325,29.248738455728184,380.1072958427876
1.27,22.627417,,100.0,120.0,100.0,2.36,625.0,7.7,779.0,36.0,2345.15,0.23,360.0,3.89,1.0,3.8,0.0,0.7,0.0,22.0,236.0,57.0,492.15,0.35,42.6,7.4,48.0,14.0,45.0,872.5,0.8,0.4,393.15,0.16,28.5,1.585,0.0,321.6802826,0,240.0,5.776661995858647,0.0,50.0,240.0,0.24999999895833333,0.49999999791666666,50.09999979166666,25.09999989583333,0.6662233953941235,0.33377659130800436,-6.3,8.0,14.3,-6037.811397712835,,0.056126598271177025,0.03263857075547493,0.0005784892387779493,48.546953222845325,29.248738455728184,380.1072958427876
1.27,22.627417,,100.0,310.0,100.0,2.36,625.0,7.7,779.0,36.0,2345.15,0.23,360.0,3.89,1.0,3.8,0.0,0.7,0.0,22.0,236.0,57.0,492.15,0.35,42.6,7.4,48.0,14.0,45.0,872.5,0.8,0.4,393.15,0.16,28.5,1.585,0.0,247.5028487,0,720.0,5.5154543090524655,0.0,50.0,720.0,0.08333333321759259,0.4305555549575617,43.15555549575617,8.433333321759259,0.8365280906103939,0.1634718900055876,-6.3,8.0,14.3,-6037.811397712835,,0.056126598271177025,0.03263857075547493,0.0005784892387779493,48.546953222845325,29.248738455728184,380.1072958427876
1.27,22.627417,,100.0,11.0,100.0,2.36,625.0,7.7,779.0,36.0,2345.15,0.23,360.0,3.89,1.0,3.8,0.0,0.7,0.0,22.0,236.0,57.0,492.15,0.35,42.6,7.4,48.0,14.0,45.0,872.5,0.8,0.4,393.15,0.16,28.5,1.585,0.0,622.3886184,1,,6.435170109867886,0.0,50.0,,,,0.1,142.9571394557824,0.0006990213818156743,0.9993009716279706,-6.3,8.0,14.3,-6037.811397712835,,0.056126598271177025,0.03263857075547493,0.0005784892387779493,48.546953222845325,29.248738455728184,380.1072958427876
1.27,22.627417,,100.0,31.0,100.0,2.36,625.0,7.7,779.0,36.0,2345.15,0.23,360.0,3.89,1.0,3.8,0.0,0.7,0.0,22.0,236.0,57.0,492.15,0.35,42.6,7.4,48.0,14.0,45.0,872.5,0.8,0.4,393.15,0.16,28.5,1.585,0.0,467.4984787,1,,6.14953285450138,0.0,50.0,,,,0.1,142.9571394557824,0.0006990213818156743,0.9993009716279706,-6.3,8.0,14.3,-6037.811397712835,,0.056126598271177025,0.03263857075547493,0.0005784892387779493,48.546953222845325,29.248738455728184,380.1072958427876
1.27,22.627417,,100.0,61.0,100.0,2.36,625.0,7.7,779.0,36.0,2345.15,0.23,360.0,3.89,1.0,3.8,0.0,0.7,0.0,22.0,236.0,57.0,492.15,0.35,42.6,7.4,48.0,14.0,45.0,872.5,0.8,0.4,393.15,0.16,28.5,1.585,0.0,387.7807099,1,,5.963015456900713,0.0,50.0,,,,0.1,142.9571394557824,0.0006990213818156743,0.9993009716279706,-6.3,8.0,14.3,-6037.811397712835,,0.056126598271177025,0.03263857075547493,0.0005784892387779493,48.546953222845325,29.248738455728184,380.1072958427876
1.27,22.627417,,125.0,44.8,100.0,2.36,625.0,7.7,779.0,36.0,2345.15,0.23,360.0,3.89,1.0,3.8,0.0,0.7,0.0,22.0,236.0,57.0,492.15,0.35,42.6,7.4,48.0,14.0,45.0,872.5,0.8,0.4,393.15,0.16,28.5,1.585,0.0,307.1563441,0,40.0,5.730607264897123,-25.0,37.5,40.0,1.4999999625000011,1.1199999720000007,112.09999720000006,187.62499531250012,0.3740095074698029,0.6259904891938053,-6.3,8.0,14.3,-7547.264247141044,,0.056126598271177025,0.03263857075547493,0.0005784892387779493,48.546953222845325,29.248738455728184,380.1072958427876
1.27,22.627417,,75.0,44.8,75.0,2.36,625.0,7.7,779.0,36.0,2345.15,0.23,360.0,3.89,1.0,3.8,0.0,0.7,0.0,22.0,236.0,57.0,492.15,0.35,42.6,7.4,48.0,14.0,45.0,872.5,0.8,0.4,393.15,0.16,28.5,1.585,0.0,1054.873949,0,40.0,6.962124090664189,0.0,37.5,40.0,1.4999999625000011,1.1199999720000007,84.07499790000004,112.57499718750007,0.4275362297113425,0.5724637652034807,-6.3,8.0,14.3,-4528.358548284626,,0.056126598271177025,0.03263857075547493,0.0005784892387779493,48.546953222845325,29.248738455728184,380.1072958427876
1.27,22.627417,,60.0,16.0,60.0,2.36,625.0,7.7,779.0,36.0,2345.15,0.23,360.0,3.89,1.0,3.8,0.0,0.7,0.0,22.0,236.0,57.0,492.15,0.35,42.6,7.4,48.0,14.0,45.0,872.5,0.8,0.4,393.15,0.16,28.5,1.585,0.0,2706.265749,0,40.0,7.9036944558338895,0.0,30.0,40.0,1.4999999625000011,0.39999999000000025,24.059999400000017,90.05999775000006,0.2108307026817105,0.7891692885555835,-6.3,8.0,14.3,-3622.6868386277,,0.056126598271177025,0.03263857075547493,0.0005784892387779493,48.546953222845325,29.248738455728184,380.1072958427876
1.27,22.627417,,140.0,16.0,100.0,2.36,625.0,7.7,779.0,36.0,2345.15,0.23,360.0,3.89,1.0,3.8,0.0,0.7,0.0,22.0,236.0,57.0,492.15,0.35,42.6,7.4,48.0,14.0,45.0,872.5,0.8,0.4,393.15,0.16,28.5,1.585,0.0,347.2562786,0,40.0,5.852938641499548,-40.0,30.0,40.0,1.4999999625000011,0.39999999000000025,40.099999000000025,210.13999475000014,0.16024616304864273,0.8397538329551936,-6.3,8.0,14.3,-8452.935956797968,,0.056126598271177025,0.03263857075547493,0.0005784892387779493,48.546953222845325,29.248738455728184,380.1072958427876
1.27,22.627417,,150.0,25.0,125.0,2.36,625.0,7.7,779.0,36.0,2345.15,0.23,360.0,3.89,1.0,3.8,0.0,0.7,0.0,22.0,236.0,57.0,492.15,0.35,42.6,7.4,48.0,14.0,45.0,872.5,0.8,0.4,393.15,0.16,28.5,1.585,0.0,178.8818131,0,40.0,5.192300041349151,-25.0,50.0,40.0,1.4999999625000011,0.6249999843750005,78.24999804687506,225.14999437500015,0.2579103485281527,0.7420896481758684,-6.3,8.0,14.3,-9056.717096569251,,0.056126598271177025,0.03263857075547493,0.0005784892387779493,48.546953222845325,29.248738455728184,380.1072958427876
1.27,22.627417,,100.0,15.0,60.0,2.36,625.0,7.7,779.0,36.0,2345.15,0.23,360.0,3.89,1.0,3.8,0.0,0.7,0.0,22.0,236.0,57.0,492.15,0.35,42.6,7.4,48.0,14.0,45.0,872.5,0.8,0.4,393.15,0.16,28.5,1.585,0.0,1329.298603,0,30.0,7.193158709550242,-40.0,10.0,30.0,1.9999999333333356,0.4999999833333339,30.05999900000003,200.09999333333357,0.1306047961014018,0.8693951995537945,-6.3,8.0,14.3,-6037.811397712835,,0.056126598271177025,0.03263857075547493,0.0005784892387779493,48.546953222845325,29.248738455728184,380.1072958427876
1.0,24.74873734,9.192388155,165.0,30.0,125.0,0.61,680.0,2.62,700.0,148.0,1693.15,0.22,159.0,2.33,0.0,4.0,0.0,0.5,0.0,22.5,236.0,62.0,491.15,0.35,40.1,7.4,52.4,14.0,14.0,1000.0,0.8,0.8,200.0,0.19,28.0,2.1,0.0,1270.869266,0,60.0,7.148242960316129,-40.0,42.5,60.0,0.9999999833333336,0.4999999916666668,62.62499895833334,165.16499725000006,0.27492427115251,0.7250757244574816,-11.379999999999999,8.5,19.88,-76056.7988597676,2.6923073993814186,0.04040610015193202,0.03550160327788501,0.0003809523807709751,45.69795362056567,29.048626363080857,167.08683576414904
1.0,24.74873734,9.192388155,165.0,21.0,125.0,0.61,680.0,2.62,700.0,148.0,1693.15,0.22,159.0,2.33,0.0,4.0,0.0,0.5,0.0,22.5,236.0,62.0,491.15,0.35,40.1,7.4,52.4,14.0,14.0,1000.0,0.8,0.8,200.0,0.19,28.0,2.1,0.0,1402.441642,0,42.0,7.246682814602574,-40.0,42.5,42.0,1.428571394557824,0.49999998809523843,62.6249985119048,235.87928010204095,0.20979598213096787,0.7902040145189964,-11.379999999999999,8.5,19.88,-76056.7988597676,2.6923073993814186,0.04040610015193202,0.03550160327788501,0.0003809523807709751,45.69795362056567,29.048626363080857,167.08683576414904
1.0,24.74873734,9.192388155,165.0,120.0,125.0,0.61,680.0,2.62,700.0,148.0,1693.15,0.22,159.0,2.33,0.0,4.0,0.0,0.5,0.0,22.5,236.0,62.0,491.15,0.35,40.1,7.4,52.4,14.0,14.0,1000.0,0.8,0.8,200.0,0.19,28.0,2.1,0.0,866.586477,0,240.0,6.765715192155358,-40.0,42.5,240.0,0.24999999895833333,0.49999999791666666,62.62499973958332,41.414999828125,0.6019319434627216,0.3980680469255907,-11.379999999999999,8.5,19.88,-76056.7988597676,2.6923073993814186,0.04040610015193202,0.03550160327788501,0.0003809523807709751,45.69795362056567,29.048626363080857,167.08683576414904
1.0,24.74873734,9.192388155,180.0,15.0,125.0,0.61,680.0,2.62,700.0,148.0,1693.15,0.22,159.0,2.33,0.0,4.0,0.0,0.5,0.0,22.5,236.0,62.0,491.15,0.35,40.1,7.4,52.4,14.0,14.0,1000.0,0.8,0.8,200.0,0.19,28.0,2.1,0.0,1359.365367,0,30.0,7.215508594855438,-55.0,35.0,30.0,1.9999999333333356,0.4999999833333339,62.62499791666673,360.17998800000044,0.1481179263597707,0.8518820712750726,-11.379999999999999,8.5,19.88,-82971.05330156464,2.6923073993814186,0.04040610015193202,0.03550160327788501,0.0003809523807709751,45.69795362056567,29.048626363080857,167.08683576414904
1.0,24.74873734,9.192388155,100.0,15.0,100.0,0.61,680.0,2.62,700.0,148.0,1693.15,0.22,159.0,2.33,0.0,4.0,0.0,0.5,0.0,22.5,236.0,62.0,491.15,0.35,40.1,7.4,52.4,14.0,14.0,1000.0,0.8,0.8,200.0,0.19,28.0,2.1,0.0,4890.049439,0,30.0,8.495162168646111,0.0,50.0,30.0,1.9999999333333356,0.4999999833333339,50.09999833333338,200.09999333333357,0.20023980736114538,0.7997601886420519,-11.379999999999999,8.5,19.88,-46095.02961198036,2.6923073993814186,0.04040610015193202,0.03550160327788501,0.0003809523807709751,45.69795362056567,29.048626363080857,167.08683576414904
1.0,24.74873734,9.192388155,100.0,38.65,100.0,0.61,680.0,2.62,700.0,148.0,1693.15,0.22,159.0,2.33,0.0,4.0,0.0,0.5,0.0,22.5,236.0,62.0,491.15,0.35,40.1,7.4,52.4,14.0,14.0,1000.0,0.8,0.8,200.0,0.19,28.0,2.1,0.0,3765.12123,0,30.0,8.233800899352202,0.0,50.0,30.0,1.9999999333333356,1.2883332903888902,128.933329038889,200.09999333333357,0.3918549273899281,0.608145069570866,-11.379999999999999,8.5,19.88,-46095.02961198036,2.6923073993814186,0.04040610015193202,0.03550160327788501,0.0003809523807709751,45.69795362056567,29.048626363080857,167.08683576414904
1.0,24.74873734,9.192388155,100.0,20.0,100.0,0.61,680.0,2.62,700.0,148.0,1693.15,0.22,159.0,2.33,0.0,4.0,0.0,0.5,0.0,22.5,236.0,62.0,491.15,0.35,40.1,7.4,52.4,14.0,14.0,1000.0,0.8,0.8,200.0,0.19,28.0,2.1,0.0,4516.532825,0,40.0,8.415721288627035,0.0,50.0,40.0,1.4999999625000011,0.49999998750000035,50.09999875000003,150.0999962500001,0.250249749005989,0.749750245999006,-11.379999999999999,8.5,19.88,-46095.02961198036,2.6923073993814186,0.04040610015193202,0.03550160327788501,0.0003809523807709751,45.69795362056567,29.048626363080857,167.08683576414904
1.0,24.74873734,9.192388155,100.0,47.3,100.0,0.61,680.0,2.62,700.0,148.0,1693.15,0.22,159.0,2.33,0.0,4.0,0.0,0.5,0.0,22.5,236.0,62.0,491.15,0.35,40.1,7.4,52.4,14.0,14.0,1000.0,0.8,0.8,200.0,0.19,28.0,2.1,0.0,3560.844499,0,40.0,8.178033807366075,0.0,50.0,40.0,1.4999999625000011,1.1824999704375008,118.34999704375007,150.0999962500001,0.44086421888408067,0.5591357773908309,-11.379999999999999,8.5,19.88,-46095.02961198036,2.6923073993814186,0.04040610015193202,0.03550160327788501,0.0003809523807709751,45.69795362056567,29.048626363080857,167.08683576414904
1.0,24.74873734,9.192388155,100.0,79.6,100.0,0.61,680.0,2.62,700.0,148.0,1693.15,0.22,159.0,2.33,0.0,4.0,0.0,0.5,0.0,22.5,236.0,62.0,491.15,0.35,40.1,7.4,52.4,14.0,14.0,1000.0,0.8,0.8,200.0,0.19,28.0,2.1,0.0,3084.021992,0,50.0,8.034314065001276,0.0,50.0,50.0,1.1999999760000006,1.5919999681600006,159.29999681600003,120.09999760000005,0.5701503200771978,0.42984967634370413,-11.379999999999999,8.5,19.88,-46095.02961198036,2.6923073993814186,0.04040610015193202,0.03550160327788501,0.0003809523807709751,45.69795362056567,29.048626363080857,167.08683576414904
1.0,24.74873734,9.192388155,100.0,30.0,100.0,0.61,680.0,2.62,700.0,148.0,1693.15,0.22,159.0,2.33,0.0,4.0,0.0,0.5,0.0,22.5,236.0,62.0,491.15,0.35,40.1,7.4,52.4,14.0,14.0,1000.0,0.8,0.8,200.0,0.19,28.0,2.1,0.0,4038.022785,0,60.0,8.303758056795335,0.0,50.0,60.0,0.9999999833333336,0.4999999916666668,50.09999916666668,100.09999833333336,0.33355525743674797,0.6664447359054623,-11.379999999999999,8.5,19.88,-46095.02961198036,2.6923073993814186,0.04040610015193202,0.03550160327788501,0.0003809523807709751,45.69795362056567,29.048626363080857,167.08683576414904
1.0,24.74873734,9.192388155,100.0,40.0,100.0,0.61,680.0,2.62,700.0,148.0,1693.15,0.22,159.0,2.33,0.0,4.0,0.0,0.5,0.0,22.5,236.0,62.0,491.15,0.35,40.1,7.4,52.4,14.0,14.0,1000.0,0.8,0.8,200.0,0.19,28.0,2.1,0.0,3729.586517,0,80.0,8.22432074343999,0.0,50.0,80.0,0.7499999906250001,0.4999999937500001,50.099999375,75.09999906250002,0.40015974121477516,0.5998402507980043,-11.379999999999999,8.5,19.88,-46095.02961198036,2.6923073993814186,0.04040610015193202,0.03550160327788501,0.0003809523807709751,45.69795362056567,29.048626363080857,167.08683576414904
1.0,24.74873734,9.192388155,100.0,47.3,100.0,0.61,680.0,2.62,700.0,148.0,1693.15,0.22,159.0,2.33,0.0,4.0,0.0,0.5,0.0,22.5,236.0,62.0,491.15,0.35,40.1,7.4,52.4,14.0,14.0,1000.0,0.8,0.8,200.0,0.19,28.0,2.1,0.0,3560.844499,0,80.0,8.178033807366075,0.0,50.0,80.0,0.7499999906250001,0.591249992609375,59.22499926093751,75.09999906250002,0.44090824164704623,0.5590917509083233,-11.379999999999999,8.5,19.88,-46095.02961198036,2.6923073993814186,0.04040610015193202,0.03550160327788501,0.0003809523807709751,45.69795362056567,29.048626363080857,167.08683576414904
1.0,24.74873734,9.192388155,100.0,70.0,100.0,0.61,680.0,2.62,700.0,148.0,1693.15,0.22,159.0,2.33,0.0,4.0,0.0,0.5,0.0,22.5,236.0,62.0,491.15,0.35,40.1,7.4,52.4,14.0,14.0,1000.0,0.8,0.8,200.0,0.19,28.0,2.1,0.0,3195.461409,0,90.0,8.069799667241677,0.0,50.0,90.0,0.6666666592592594,0.7777777691358025,77.87777691358025,66.76666592592593,0.5384083539357478,0.46159163915074775,-11.379999999999999,8.5,19.88,-46095.02961198036,2.6923073993814186,0.04040610015193202,0.03550160327788501,0.0003809523807709751,45.69795362056567,29.048626363080857,167.08683576414904
1.0,24.74873734,9.192388155,100.0,70.0,100.0,0.61,680.0,2.62,700.0,148.0,1693.15,0.22,159.0,2.33,0.0,4.0,0.0,0.5,0.0,22.5,236.0,62.0,491.15,0.35,40.1,7.4,52.4,14.0,14.0,1000.0,0.8,0.8,200.0,0.19,28.0,2.1,0.0,3195.461409,0,100.0,8.069799667241677,0.0,50.0,100.0,0.599999994,0.699999993,70.09999930000001,60.0999994,0.5384024536215111,0.4615975386979974,-11.379999999999999,8.5,19.88,-46095.02961198036,2.6923073993814186,0.04040610015193202,0.03550160327788501,0.0003809523807709751,45.69795362056567,29.048626363080857,167.08683576414904
1.0,24.74873734,9.192388155,100.0,60.0,100.0,0.61,680.0,2.62,700.0,148.0,1693.15,0.22,159.0,2.33,0.0,4.0,0.0,0.5,0.0,22.5,236.0,62.0,491.15,0.35,40.1,7.4,52.4,14.0,14.0,1000.0,0.8,0.8,200.0,0.19,28.0,2.1,0.0,3334.450543,0,120.0,8.112363044577492,0.0,50.0,120.0,0.4999999958333334,0.4999999958333334,50.09999958333333,50.09999958333333,0.49999999500998005,0.49999999500998005,-11.379999999999999,8.5,19.88,-46095.02961198036,2.6923073993814186,0.04040610015193202,0.03550160327788501,0.0003809523807709751,45.69795362056567,29.048626363080857,167.08683576414904
1.0,24.74873734,9.192388155,100.0,70.0,100.0,0.61,680.0,2.62,700.0,148.0,1693.15,0.22,159.0,2.33,0.0,4.0,0.0,0.5,0.0,22.5,236.0,62.0,491.15,0.35,40.1,7.4,52.4,14.0,14.0,1000.0,0.8,0.8,200.0,0.19,28.0,2.1,0.0,3195.461409,0,140.0,8.069799667241677,0.0,50.0,140.0,0.4285714255102041,0.49999999642857146,50.09999964285714,42.95714255102041,0.5383788704804484,0.4616211187734663,-11.379999999999999,8.5,19.88,-46095.02961198036,2.6923073993814186,0.04040610015193202,0.03550160327788501,0.0003809523807709751,45.69795362056567,29.048626363080857,167.08683576414904
1.0,24.74873734,9.192388155,100.0,120.0,100.0,0.61,680.0,2.62,700.0,148.0,1693.15,0.22,159.0,2.33,0.0,4.0,0.0,0.5,0.0,22.5,236.0,62.0,491.15,0.35,40.1,7.4,52.4,14.0,14.0,1000.0,0.8,0.8,200.0,0.19,28.0,2.1,0.0,2753.466491,0,240.0,7.92097905165453,0.0,50.0,240.0,0.24999999895833333,0.49999999791666666,50.09999979166666,25.09999989583333,0.6662233953941235,0.33377659130800436,-11.379999999999999,8.5,19.88,-46095.02961198036,2.6923073993814186,0.04040610015193202,0.03550160327788501,0.0003809523807709751,45.69795362056567,29.048626363080857,167.08683576414904
1.0,24.74873734,9.192388155,100.0,310.0,100.0,0.61,680.0,2.62,700.0,148.0,1693.15,0.22,159.0,2.33,0.0,4.0,0.0,0.5,0.0,22.5,236.0,62.0,491.15,0.35,40.1,7.4,52.4,14.0,14.0,1000.0,0.8,0.8,200.0,0.19,28.0,2.1,0.0,2118.534573,0,720.0,7.65895180252566,0.0,50.0,720.0,0.08333333321759259,0.4305555549575617,43.15555549575617,8.433333321759259,0.8365280906103939,0.1634718900055876,-11.379999999999999,8.5,19.88,-46095.02961198036,2.6923073993814186,0.04040610015193202,0.03550160327788501,0.0003809523807709751,45.69795362056567,29.048626363080857,167.08683576414904
1.0,24.74873734,9.192388155,100.0,11.0,100.0,0.61,680.0,2.62,700.0,148.0,1693.15,0.22,159.0,2.33,0.0,4.0,0.0,0.5,0.0,22.5,236.0,62.0,491.15,0.35,40.1,7.4,52.4,14.0,14.0,1000.0,0.8,0.8,200.0,0.19,28.0,2.1,0.0,5327.420727,1,,8.580810174380408,0.0,50.0,,,,0.1,142.9571394557824,0.0006990213818156743,0.9993009716279706,-11.379999999999999,8.5,19.88,-46095.02961198036,2.6923073993814186,0.04040610015193202,0.03550160327788501,0.0003809523807709751,45.69795362056567,29.048626363080857,167.08683576414904
1.0,24.74873734,9.192388155,100.0,31.0,100.0,0.61,680.0,2.62,700.0,148.0,1693.15,0.22,159.0,2.33,0.0,4.0,0.0,0.5,0.0,22.5,236.0,62.0,491.15,0.35,40.1,7.4,52.4,14.0,14.0,1000.0,0.8,0.8,200.0,0.19,28.0,2.1,0.0,4001.617336,1,,8.294703760118875,0.0,50.0,,,,0.1,142.9571394557824,0.0006990213818156743,0.9993009716279706,-11.379999999999999,8.5,19.88,-46095.02961198036,2.6923073993814186,0.04040610015193202,0.03550160327788501,0.0003809523807709751,45.69795362056567,29.048626363080857,167.08683576414904
1.0,24.74873734,9.192388155,100.0,61.0,100.0,0.61,680.0,2.62,700.0,148.0,1693.15,0.22,159.0,2.33,0.0,4.0,0.0,0.5,0.0,22.5,236.0,62.0,491.15,0.35,40.1,7.4,52.4,14.0,14.0,1000.0,0.8,0.8,200.0,0.19,28.0,2.1,0.0,3319.262162,1,,8.107799023250836,0.0,50.0,,,,0.1,142.9571394557824,0.0006990213818156743,0.9993009716279706,-11.379999999999999,8.5,19.88,-46095.02961198036,2.6923073993814186,0.04040610015193202,0.03550160327788501,0.0003809523807709751,45.69795362056567,29.048626363080857,167.08683576414904
1.0,24.74873734,9.192388155,125.0,44.8,100.0,0.61,680.0,2.62,700.0,148.0,1693.15,0.22,159.0,2.33,0.0,4.0,0.0,0.5,0.0,22.5,236.0,62.0,491.15,0.35,40.1,7.4,52.4,14.0,14.0,1000.0,0.8,0.8,200.0,0.19,28.0,2.1,0.0,2629.146847,0,40.0,7.874794958974291,-25.0,37.5,40.0,1.4999999625000011,1.1199999720000007,112.09999720000006,187.62499531250012,0.3740095074698029,0.6259904891938053,-11.379999999999999,8.5,19.88,-57618.787014975445,2.6923073993814186,0.04040610015193202,0.03550160327788501,0.0003809523807709751,45.69795362056567,29.048626363080857,167.08683576414904
1.0,24.74873734,9.192388155,75.0,44.8,75.0,0.61,680.0,2.62,700.0,148.0,1693.15,0.22,159.0,2.33,0.0,4.0,0.0,0.5,0.0,22.5,236.0,62.0,491.15,0.35,40.1,7.4,52.4,14.0,14.0,1000.0,0.8,0.8,200.0,0.19,28.0,2.1,0.0,9029.338224,0,40.0,9.108345101302056,0.0,37.5,40.0,1.4999999625000011,1.1199999720000007,84.07499790000004,112.57499718750007,0.4275362297113425,0.5724637652034807,-11.379999999999999,8.5,19.88,-34571.27220898527,2.6923073993814186,0.04040610015193202,0.03550160327788501,0.0003809523807709751,45.69795362056567,29.048626363080857,167.08683576414904
1.0,24.74873734,9.192388155,60.0,16.0,60.0,0.61,680.0,2.62,700.0,148.0,1693.15,0.22,159.0,2.33,0.0,4.0,0.0,0.5,0.0,22.5,236.0,62.0,491.15,0.35,40.1,7.4,52.4,14.0,14.0,1000.0,0.8,0.8,200.0,0.19,28.0,2.1,0.0,23164.65279,0,40.0,10.05042597746665,0.0,30.0,40.0,1.4999999625000011,0.39999999000000025,24.059999400000017,90.05999775000006,0.2108307026817105,0.7891692885555835,-11.379999999999999,8.5,19.88,-27657.017767188216,2.6923073993814186,0.04040610015193202,0.03550160327788501,0.0003809523807709751,45.69795362056567,29.048626363080857,167.08683576414904
1.0,24.74873734,9.192388155,140.0,16.0,100.0,0.61,680.0,2.62,700.0,148.0,1693.15,0.22,159.0,2.33,0.0,4.0,0.0,0.5,0.0,22.5,236.0,62.0,491.15,0.35,40.1,7.4,52.4,14.0,14.0,1000.0,0.8,0.8,200.0,0.19,28.0,2.1,0.0,2972.387736,0,40.0,7.997457233599546,-40.0,30.0,40.0,1.4999999625000011,0.39999999000000025,40.099999000000025,210.13999475000014,0.16024616304864273,0.8397538329551936,-11.379999999999999,8.5,19.88,-64533.0414567725,2.6923073993814186,0.04040610015193202,0.03550160327788501,0.0003809523807709751,45.69795362056567,29.048626363080857,167.08683576414904
1.0,24.74873734,9.192388155,150.0,25.0,125.0,0.61,680.0,2.62,700.0,148.0,1693.15,0.22,159.0,2.33,0.0,4.0,0.0,0.5,0.0,22.5,236.0,62.0,491.15,0.35,40.1,7.4,52.4,14.0,14.0,1000.0,0.8,0.8,200.0,0.19,28.0,2.1,0.0,1531.163409,0,40.0,7.334436008450473,-25.0,50.0,40.0,1.4999999625000011,0.6249999843750005,78.24999804687506,225.14999437500015,0.2579103485281527,0.7420896481758684,-11.379999999999999,8.5,19.88,-69142.54441797054,2.6923073993814186,0.04040610015193202,0.03550160327788501,0.0003809523807709751,45.69795362056567,29.048626363080857,167.08683576414904
1.0,24.74873734,9.192388155,100.0,15.0,60.0,0.61,680.0,2.62,700.0,148.0,1693.15,0.22,159.0,2.33,0.0,4.0,0.0,0.5,0.0,22.5,236.0,62.0,491.15,0.35,40.1,7.4,52.4,14.0,14.0,1000.0,0.8,0.8,200.0,0.19,28.0,2.1,0.0,11378.31368,0,30.0,9.339552396547054,-40.0,10.0,30.0,1.9999999333333356,0.4999999833333339,30.05999900000003,200.09999333333357,0.1306047961014018,0.8693951995537945,-11.379999999999999,8.5,19.88,-46095.02961198036,2.6923073993814186,0.04040610015193202,0.03550160327788501,0.0003809523807709751,45.69795362056567,29.048626363080857,167.08683576414904
1.0,24.74873734,9.192388155,165.0,30.0,125.0,0.61,680.0,2.62,700.0,148.0,1693.15,0.22,159.0,2.33,0.0,4.0,0.0,0.5,0.0,22.5,236.0,62.0,491.15,0.35,40.1,7.4,52.4,14.0,14.0,1000.0,0.8,0.8,200.0,0.19,28.0,2.1,0.0,1308.272593,0,60.0,7.177226989455235,-40.0,42.5,60.0,0.9999999833333336,0.4999999916666668,62.62499895833334,165.16499725000006,0.27492427115251,0.7250757244574816,-11.379999999999999,8.5,19.88,-76056.7988597676,2.6923073993814186,0.04040610015193202,0.03550160327788501,0.0003809523807709751,45.69795362056567,29.048626363080857,167.08683576414904
1.0,24.74873734,9.192388155,165.0,21.0,125.0,0.61,680.0,2.62,700.0,148.0,1693.15,0.22,159.0,2.33,0.0,4.0,0.0,0.5,0.0,22.5,236.0,62.0,491.15,0.35,40.1,7.4,52.4,14.0,14.0,1000.0,0.8,0.8,200.0,0.19,28.0,2.1,0.0,1443.717314,0,42.0,7.275668950958573,-40.0,42.5,42.0,1.428571394557824,0.49999998809523843,62.6249985119048,235.87928010204095,0.20979598213096787,0.7902040145189964,-11.379999999999999,8.5,19.88,-76056.7988597676,2.6923073993814186,0.04040610015193202,0.03550160327788501,0.0003809523807709751,45.69795362056567,29.048626363080857,167.08683576414904
1.0,24.74873734,9.192388155,165.0,120.0,125.0,0.61,680.0,2.62,700.0,148.0,1693.15,0.22,159.0,2.33,0.0,4.0,0.0,0.5,0.0,22.5,236.0,62.0,491.15,0.35,40.1,7.4,52.4,14.0,14.0,1000.0,0.8,0.8,200.0,0.19,28.0,2.1,0.0,892.091238,0,240.0,6.794688745870244,-40.0,42.5,240.0,0.24999999895833333,0.49999999791666666,62.62499973958332,41.414999828125,0.6019319434627216,0.3980680469255907,-11.379999999999999,8.5,19.88,-76056.7988597676,2.6923073993814186,0.04040610015193202,0.03550160327788501,0.0003809523807709751,45.69795362056567,29.048626363080857,167.08683576414904
1.0,24.74873734,9.192388155,180.0,15.0,125.0,0.61,680.0,2.62,700.0,148.0,1693.15,0.22,159.0,2.33,0.0,4.0,0.0,0.5,0.0,22.5,236.0,62.0,491.15,0.35,40.1,7.4,52.4,14.0,14.0,1000.0,0.8,0.8,200.0,0.19,28.0,2.1,0.0,1399.373248,0,30.0,7.244494085784647,-55.0,35.0,30.0,1.9999999333333356,0.4999999833333339,62.62499791666673,360.17998800000044,0.1481179263597707,0.8518820712750726,-11.379999999999999,8.5,19.88,-82971.05330156464,2.6923073993814186,0.04040610015193202,0.03550160327788501,0.0003809523807709751,45.69795362056567,29.048626363080857,167.08683576414904
1.0,24.74873734,9.192388155,100.0,15.0,100.0,0.61,680.0,2.62,700.0,148.0,1693.15,0.22,159.0,2.33,0.0,4.0,0.0,0.5,0.0,22.5,236.0,62.0,491.15,0.35,40.1,7.4,52.4,14.0,14.0,1000.0,0.8,0.8,200.0,0.19,28.0,2.1,0.0,5033.96992,0,30.0,8.524162830954081,0.0,50.0,30.0,1.9999999333333356,0.4999999833333339,50.09999833333338,200.09999333333357,0.20023980736114538,0.7997601886420519,-11.379999999999999,8.5,19.88,-46095.02961198036,2.6923073993814186,0.04040610015193202,0.03550160327788501,0.0003809523807709751,45.69795362056567,29.048626363080857,167.08683576414904
1.0,24.74873734,9.192388155,100.0,38.65,100.0,0.61,680.0,2.62,700.0,148.0,1693.15,0.22,159.0,2.33,0.0,4.0,0.0,0.5,0.0,22.5,236.0,62.0,491.15,0.35,40.1,7.4,52.4,14.0,14.0,1000.0,0.8,0.8,200.0,0.19,28.0,2.1,0.0,3875.933618,0,30.0,8.262799815522799,0.0,50.0,30.0,1.9999999333333356,1.2883332903888902,128.933329038889,200.09999333333357,0.3918549273899281,0.608145069570866,-11.379999999999999,8.5,19.88,-46095.02961198036,2.6923073993814186,0.04040610015193202,0.03550160327788501,0.0003809523807709751,45.69795362056567,29.048626363080857,167.08683576414904
1.0,24.74873734,9.192388155,100.0,20.0,100.0,0.61,680.0,2.62,700.0,148.0,1693.15,0.22,159.0,2.33,0.0,4.0,0.0,0.5,0.0,22.5,236.0,62.0,491.15,0.35,40.1,7.4,52.4,14.0,14.0,1000.0,0.8,0.8,200.0,0.19,28.0,2.1,0.0,4649.460228,0,40.0,8.444721467447263,0.0,50.0,40.0,1.4999999625000011,0.49999998750000035,50.09999875000003,150.0999962500001,0.250249749005989,0.749750245999006,-11.379999999999999,8.5,19.88,-46095.02961198036,2.6923073993814186,0.04040610015193202,0.03550160327788501,0.0003809523807709751,45.69795362056567,29.048626363080857,167.08683576414904
1.0,24.74873734,9.192388155,100.0,47.3,100.0,0.61,680.0,2.62,700.0,148.0,1693.15,0.22,159.0,2.33,0.0,4.0,0.0,0.5,0.0,22.5,236.0,62.0,491.15,0.35,40.1,7.4,52.4,14.0,14.0,1000.0,0.8,0.8,200.0,0.19,28.0,2.1,0.0,3665.644759,0,40.0,8.207032288276366,0.0,50.0,40.0,1.4999999625000011,1.1824999704375008,118.34999704375007,150.0999962500001,0.44086421888408067,0.5591357773908309,-11.379999999999999,8.5,19.88,-46095.02961198036,2.6923073993814186,0.04040610015193202,0.03550160327788501,0.0003809523807709751,45.69795362056567,29.048626363080857,167.08683576414904
1.0,24.74873734,9.192388155,100.0,79.6,100.0,0.61,680.0,2.62,700.0,148.0,1693.15,0.22,159.0,2.33,0.0,4.0,0.0,0.5,0.0,22.5,236.0,62.0,491.15,0.35,40.1,7.4,52.4,14.0,14.0,1000.0,0.8,0.8,200.0,0.19,28.0,2.1,0.0,3174.788749,0,50.0,8.06331130535633,0.0,50.0,50.0,1.1999999760000006,1.5919999681600006,159.29999681600003,120.09999760000005,0.5701503200771978,0.42984967634370413,-11.379999999999999,8.5,19.88,-46095.02961198036,2.6923073993814186,0.04040610015193202,0.03550160327788501,0.0003809523807709751,45.69795362056567,29.048626363080857,167.08683576414904
1.0,24.74873734,9.192388155,100.0,30.0,100.0,0.61,680.0,2.62,700.0,148.0,1693.15,0.22,159.0,2.33,0.0,4.0,0.0,0.5,0.0,22.5,236.0,62.0,491.15,0.35,40.1,7.4,52.4,14.0,14.0,1000.0,0.8,0.8,200.0,0.19,28.0,2.1,0.0,4156.867018,0,60.0,8.332757485703533,0.0,50.0,60.0,0.9999999833333336,0.4999999916666668,50.09999916666668,100.09999833333336,0.33355525743674797,0.6664447359054623,-11.379999999999999,8.5,19.88,-46095.02961198036,2.6923073993814186,0.04040610015193202,0.03550160327788501,0.0003809523807709751,45.69795362056567,29.048626363080857,167.08683576414904
1.0,24.74873734,9.192388155,100.0,40.0,100.0,0.61,680.0,2.62,700.0,148.0,1693.15,0.22,159.0,2.33,0.0,4.0,0.0,0.5,0.0,22.5,236.0,62.0,491.15,0.35,40.1,7.4,52.4,14.0,14.0,1000.0,0.8,0.8,200.0,0.19,28.0,2.1,0.0,3839.353072,0,80.0,8.253319587188347,0.0,50.0,80.0,0.7499999906250001,0.4999999937500001,50.099999375,75.09999906250002,0.40015974121477516,0.5998402507980043,-11.379999999999999,8.5,19.88,-46095.02961198036,2.6923073993814186,0.04040610015193202,0.03550160327788501,0.0003809523807709751,45.69795362056567,29.048626363080857,167.08683576414904
1.0,24.74873734,9.192388155,100.0,47.3,100.0,0.61,680.0,2.62,700.0,148.0,1693.15,0.22,159.0,2.33,0.0,4.0,0.0,0.5,0.0,22.5,236.0,62.0,491.15,0.35,40.1,7.4,52.4,14.0,14.0,1000.0,0.8,0.8,200.0,0.19,28.0,2.1,0.0,3665.644759,0,80.0,8.207032288276366,0.0,50.0,80.0,0.7499999906250001,0.591249992609375,59.22499926093751,75.09999906250002,0.44090824164704623,0.5590917509083233,-11.379999999999999,8.5,19.88,-46095.02961198036,2.6923073993814186,0.04040610015193202,0.03550160327788501,0.0003809523807709751,45.69795362056567,29.048626363080857,167.08683576414904
1.0,24.74873734,9.192388155,100.0,70.0,100.0,0.61,680.0,2.62,700.0,148.0,1693.15,0.22,159.0,2.33,0.0,4.0,0.0,0.5,0.0,22.5,236.0,62.0,491.15,0.35,40.1,7.4,52.4,14.0,14.0,1000.0,0.8,0.8,200.0,0.19,28.0,2.1,0.0,3289.507972,0,90.0,8.098797230625346,0.0,50.0,90.0,0.6666666592592594,0.7777777691358025,77.87777691358025,66.76666592592593,0.5384083539357478,0.46159163915074775,-11.379999999999999,8.5,19.88,-46095.02961198036,2.6923073993814186,0.04040610015193202,0.03550160327788501,0.0003809523807709751,45.69795362056567,29.048626363080857,167.08683576414904
1.0,24.74873734,9.192388155,100.0,70.0,100.0,0.61,680.0,2.62,700.0,148.0,1693.15,0.22,159.0,2.33,0.0,4.0,0.0,0.5,0.0,22.5,236.0,62.0,491.15,0.35,40.1,7.4,52.4,14.0,14.0,1000.0,0.8,0.8,200.0,0.19,28.0,2.1,0.0,3289.507972,0,100.0,8.098797230625346,0.0,50.0,100.0,0.599999994,0.699999993,70.09999930000001,60.0999994,0.5384024536215111,0.4615975386979974,-11.379999999999999,8.5,19.88,-46095.02961198036,2.6923073993814186,0.04040610015193202,0.03550160327788501,0.0003809523807709751,45.69795362056567,29.048626363080857,167.08683576414904
1.0,24.74873734,9.192388155,100.0,60.0,100.0,0.61,680.0,2.62,700.0,148.0,1693.15,0.22,159.0,2.33,0.0,4.0,0.0,0.5,0.0,22.5,236.0,62.0,491.15,0.35,40.1,7.4,52.4,14.0,14.0,1000.0,0.8,0.8,200.0,0.19,28.0,2.1,0.0,3432.587736,0,120.0,8.141360980668583,0.0,50.0,120.0,0.4999999958333334,0.4999999958333334,50.09999958333333,50.09999958333333,0.49999999500998005,0.49999999500998005,-11.379999999999999,8.5,19.88,-46095.02961198036,2.6923073993814186,0.04040610015193202,0.03550160327788501,0.0003809523807709751,45.69795362056567,29.048626363080857,167.08683576414904
1.0,24.74873734,9.192388155,100.0,70.0,100.0,0.61,680.0,2.62,700.0,148.0,1693.15,0.22,159.0,2.33,0.0,4.0,0.0,0.5,0.0,22.5,236.0,62.0,491.15,0.35,40.1,7.4,52.4,14.0,14.0,1000.0,0.8,0.8,200.0,0.19,28.0,2.1,0.0,3289.507972,0,140.0,8.098797230625346,0.0,50.0,140.0,0.4285714255102041,0.49999999642857146,50.09999964285714,42.95714255102041,0.5383788704804484,0.4616211187734663,-11.379999999999999,8.5,19.88,-46095.02961198036,2.6923073993814186,0.04040610015193202,0.03550160327788501,0.0003809523807709751,45.69795362056567,29.048626363080857,167.08683576414904
1.0,24.74873734,9.192388155,100.0,120.0,100.0,0.61,680.0,2.62,700.0,148.0,1693.15,0.22,159.0,2.33,0.0,4.0,0.0,0.5,0.0,22.5,236.0,62.0,491.15,0.35,40.1,7.4,52.4,14.0,14.0,1000.0,0.8,0.8,200.0,0.19,28.0,2.1,0.0,2834.504571,0,240.0,7.949975179514148,0.0,50.0,240.0,0.24999999895833333,0.49999999791666666,50.09999979166666,25.09999989583333,0.6662233953941235,0.33377659130800436,-11.379999999999999,8.5,19.88,-46095.02961198036,2.6923073993814186,0.04040610015193202,0.03550160327788501,0.0003809523807709751,45.69795362056567,29.048626363080857,167.08683576414904
1.0,24.74873734,9.192388155,100.0,310.0,100.0,0.61,680.0,2.62,700.0,148.0,1693.15,0.22,159.0,2.33,0.0,4.0,0.0,0.5,0.0,22.5,236.0,62.0,491.15,0.35,40.1,7.4,52.4,14.0,14.0,1000.0,0.8,0.8,200.0,0.19,28.0,2.1,0.0,2180.885786,0,720.0,7.687944821301679,0.0,50.0,720.0,0.08333333321759259,0.4305555549575617,43.15555549575617,8.433333321759259,0.8365280906103939,0.1634718900055876,-11.379999999999999,8.5,19.88,-46095.02961198036,2.6923073993814186,0.04040610015193202,0.03550160327788501,0.0003809523807709751,45.69795362056567,29.048626363080857,167.08683576414904
1.0,24.74873734,9.192388155,100.0,11.0,100.0,0.61,680.0,2.62,700.0,148.0,1693.15,0.22,159.0,2.33,0.0,4.0,0.0,0.5,0.0,22.5,236.0,62.0,491.15,0.35,40.1,7.4,52.4,14.0,14.0,1000.0,0.8,0.8,200.0,0.19,28.0,2.1,0.0,5484.21361,1,,8.609811316344818,0.0,50.0,,,,0.1,142.9571394557824,0.0006990213818156743,0.9993009716279706,-11.379999999999999,8.5,19.88,-46095.02961198036,2.6923073993814186,0.04040610015193202,0.03550160327788501,0.0003809523807709751,45.69795362056567,29.048626363080857,167.08683576414904
1.0,24.74873734,9.192388155,100.0,31.0,100.0,0.61,680.0,2.62,700.0,148.0,1693.15,0.22,159.0,2.33,0.0,4.0,0.0,0.5,0.0,22.5,236.0,62.0,491.15,0.35,40.1,7.4,52.4,14.0,14.0,1000.0,0.8,0.8,200.0,0.19,28.0,2.1,0.0,4119.39011,1,,8.323703124754255,0.0,50.0,,,,0.1,142.9571394557824,0.0006990213818156743,0.9993009716279706,-11.379999999999999,8.5,19.88,-46095.02961198036,2.6923073993814186,0.04040610015193202,0.03550160327788501,0.0003809523807709751,45.69795362056567,29.048626363080857,167.08683576414904
1.0,24.74873734,9.192388155,100.0,61.0,100.0,0.61,680.0,2.62,700.0,148.0,1693.15,0.22,159.0,2.33,0.0,4.0,0.0,0.5,0.0,22.5,236.0,62.0,491.15,0.35,40.1,7.4,52.4,14.0,14.0,1000.0,0.8,0.8,200.0,0.19,28.0,2.1,0.0,3416.952341,1,,8.136796920044093,0.0,50.0,,,,0.1,142.9571394557824,0.0006990213818156743,0.9993009716279706,-11.379999999999999,8.5,19.88,-46095.02961198036,2.6923073993814186,0.04040610015193202,0.03550160327788501,0.0003809523807709751,45.69795362056567,29.048626363080857,167.08683576414904
1.0,24.74873734,9.192388155,125.0,44.8,100.0,0.61,680.0,2.62,700.0,148.0,1693.15,0.22,159.0,2.33,0.0,4.0,0.0,0.5,0.0,22.5,236.0,62.0,491.15,0.35,40.1,7.4,52.4,14.0,14.0,1000.0,0.8,0.8,200.0,0.19,28.0,2.1,0.0,2706.52604,0,40.0,7.903790596557427,-25.0,37.5,40.0,1.4999999625000011,1.1199999720000007,112.09999720000006,187.62499531250012,0.3740095074698029,0.6259904891938053,-11.379999999999999,8.5,19.88,-57618.787014975445,2.6923073993814186,0.04040610015193202,0.03550160327788501,0.0003809523807709751,45.69795362056567,29.048626363080857,167.08683576414904
1.0,24.74873734,9.192388155,75.0,44.8,75.0,0.61,680.0,2.62,700.0,148.0,1693.15,0.22,159.0,2.33,0.0,4.0,0.0,0.5,0.0,22.5,236.0,62.0,491.15,0.35,40.1,7.4,52.4,14.0,14.0,1000.0,0.8,0.8,200.0,0.19,28.0,2.1,0.0,9295.083328,0,40.0,9.137348442906939,0.0,37.5,40.0,1.4999999625000011,1.1199999720000007,84.07499790000004,112.57499718750007,0.4275362297113425,0.5724637652034807,-11.379999999999999,8.5,19.88,-34571.27220898527,2.6923073993814186,0.04040610015193202,0.03550160327788501,0.0003809523807709751,45.69795362056567,29.048626363080857,167.08683576414904
1.0,24.74873734,9.192388155,60.0,16.0,60.0,0.61,680.0,2.62,700.0,148.0,1693.15,0.22,159.0,2.33,0.0,4.0,0.0,0.5,0.0,22.5,236.0,62.0,491.15,0.35,40.1,7.4,52.4,14.0,14.0,1000.0,0.8,0.8,200.0,0.19,28.0,2.1,0.0,23846.41848,0,40.0,10.079431250625849,0.0,30.0,40.0,1.4999999625000011,0.39999999000000025,24.059999400000017,90.05999775000006,0.2108307026817105,0.7891692885555835,-11.379999999999999,8.5,19.88,-27657.017767188216,2.6923073993814186,0.04040610015193202,0.03550160327788501,0.0003809523807709751,45.69795362056567,29.048626363080857,167.08683576414904
1.0,24.74873734,9.192388155,140.0,16.0,100.0,0.61,680.0,2.62,700.0,148.0,1693.15,0.22,159.0,2.33,0.0,4.0,0.0,0.5,0.0,22.5,236.0,62.0,491.15,0.35,40.1,7.4,52.4,14.0,14.0,1000.0,0.8,0.8,200.0,0.19,28.0,2.1,0.0,3059.868952,0,40.0,8.026454125876054,-40.0,30.0,40.0,1.4999999625000011,0.39999999000000025,40.099999000000025,210.13999475000014,0.16024616304864273,0.8397538329551936,-11.379999999999999,8.5,19.88,-64533.0414567725,2.6923073993814186,0.04040610015193202,0.03550160327788501,0.0003809523807709751,45.69795362056567,29.048626363080857,167.08683576414904
1.0,24.74873734,9.192388155,150.0,25.0,125.0,0.61,680.0,2.62,700.0,148.0,1693.15,0.22,159.0,2.33,0.0,4.0,0.0,0.5,0.0,22.5,236.0,62.0,491.15,0.35,40.1,7.4,52.4,14.0,14.0,1000.0,0.8,0.8,200.0,0.19,28.0,2.1,0.0,1576.227529,0,40.0,7.363423856200627,-25.0,50.0,40.0,1.4999999625000011,0.6249999843750005,78.24999804687506,225.14999437500015,0.2579103485281527,0.7420896481758684,-11.379999999999999,8.5,19.88,-69142.54441797054,2.6923073993814186,0.04040610015193202,0.03550160327788501,0.0003809523807709751,45.69795362056567,29.048626363080857,167.08683576414904
1.0,24.74873734,9.192388155,100.0,15.0,60.0,0.61,680.0,2.62,700.0,148.0,1693.15,0.22,159.0,2.33,0.0,4.0,0.0,0.5,0.0,22.5,236.0,62.0,491.15,0.35,40.1,7.4,52.4,14.0,14.0,1000.0,0.8,0.8,200.0,0.19,28.0,2.1,0.0,11713.19217,0,30.0,9.368556391671387,-40.0,10.0,30.0,1.9999999333333356,0.4999999833333339,30.05999900000003,200.09999333333357,0.1306047961014018,0.8693951995537945,-11.379999999999999,8.5,19.88,-46095.02961198036,2.6923073993814186,0.04040610015193202,0.03550160327788501,0.0003809523807709751,45.69795362056567,29.048626363080857,167.08683576414904
1.0,24.74873734,9.192388155,165.0,30.0,125.0,0.61,680.0,2.62,700.0,148.0,1693.15,0.22,159.0,2.33,0.0,4.0,0.0,0.5,0.0,22.5,236.0,62.0,491.15,0.35,40.1,7.4,52.4,14.0,14.0,1000.0,0.8,0.8,200.0,0.19,28.0,2.1,0.0,1608.34461,0,60.0,7.383582300567016,-40.0,42.5,60.0,0.9999999833333336,0.4999999916666668,62.62499895833334,165.16499725000006,0.27492427115251,0.7250757244574816,-11.379999999999999,8.5,19.88,-76056.7988597676,2.6923073993814186,0.04040610015193202,0.03550160327788501,0.0003809523807709751,45.69795362056567,29.048626363080857,167.08683576414904
1.0,24.74873734,9.192388155,165.0,21.0,125.0,0.61,680.0,2.62,700.0,148.0,1693.15,0.22,159.0,2.33,0.0,4.0,0.0,0.5,0.0,22.5,236.0,62.0,491.15,0.35,40.1,7.4,52.4,14.0,14.0,1000.0,0.8,0.8,200.0,0.19,28.0,2.1,0.0,1774.855617,0,42.0,7.482037623513122,-40.0,42.5,42.0,1.428571394557824,0.49999998809523843,62.6249985119048,235.87928010204095,0.20979598213096787,0.7902040145189964,-11.379999999999999,8.5,19.88,-76056.7988597676,2.6923073993814186,0.04040610015193202,0.03550160327788501,0.0003809523807709751,45.69795362056567,29.048626363080857,167.08683576414904
1.0,24.74873734,9.192388155,165.0,120.0,125.0,0.61,680.0,2.62,700.0,148.0,1693.15,0.22,159.0,2.33,0.0,4.0,0.0,0.5,0.0,22.5,236.0,62.0,491.15,0.35,40.1,7.4,52.4,14.0,14.0,1000.0,0.8,0.8,200.0,0.19,28.0,2.1,0.0,1096.705795,0,240.0,7.000977639899523,-40.0,42.5,240.0,0.24999999895833333,0.49999999791666666,62.62499973958332,41.414999828125,0.6019319434627216,0.3980680469255907,-11.379999999999999,8.5,19.88,-76056.7988597676,2.6923073993814186,0.04040610015193202,0.03550160327788501,0.0003809523807709751,45.69795362056567,29.048626363080857,167.08683576414904
1.0,24.74873734,9.192388155,180.0,15.0,125.0,0.61,680.0,2.62,700.0,148.0,1693.15,0.22,159.0,2.33,0.0,4.0,0.0,0.5,0.0,22.5,236.0,62.0,491.15,0.35,40.1,7.4,52.4,14.0,14.0,1000.0,0.8,0.8,200.0,0.19,28.0,2.1,0.0,1720.340572,0,30.0,7.4508586685568154,-55.0,35.0,30.0,1.9999999333333356,0.4999999833333339,62.62499791666673,360.17998800000044,0.1481179263597707,0.8518820712750726,-11.379999999999999,8.5,19.88,-82971.05330156464,2.6923073993814186,0.04040610015193202,0.03550160327788501,0.0003809523807709751,45.69795362056567,29.048626363080857,167.08683576414904
1.0,24.74873734,9.192388155,100.0,15.0,100.0,0.61,680.0,2.62,700.0,148.0,1693.15,0.22,159.0,2.33,0.0,4.0,0.0,0.5,0.0,22.5,236.0,62.0,491.15,0.35,40.1,7.4,52.4,14.0,14.0,1000.0,0.8,0.8,200.0,0.19,28.0,2.1,0.0,6188.586714,0,30.0,8.730623596729128,0.0,50.0,30.0,1.9999999333333356,0.4999999833333339,50.09999833333338,200.09999333333357,0.20023980736114538,0.7997601886420519,-11.379999999999999,8.5,19.88,-46095.02961198036,2.6923073993814186,0.04040610015193202,0.03550160327788501,0.0003809523807709751,45.69795362056567,29.048626363080857,167.08683576414904
1.0,24.74873734,9.192388155,100.0,38.65,100.0,0.61,680.0,2.62,700.0,148.0,1693.15,0.22,159.0,2.33,0.0,4.0,0.0,0.5,0.0,22.5,236.0,62.0,491.15,0.35,40.1,7.4,52.4,14.0,14.0,1000.0,0.8,0.8,200.0,0.19,28.0,2.1,0.0,4764.937351,0,30.0,8.469249512586979,0.0,50.0,30.0,1.9999999333333356,1.2883332903888902,128.933329038889,200.09999333333357,0.3918549273899281,0.608145069570866,-11.379999999999999,8.5,19.88,-46095.02961198036,2.6923073993814186,0.04040610015193202,0.03550160327788501,0.0003809523807709751,45.69795362056567,29.048626363080857,167.08683576414904
1.0,24.74873734,9.192388155,100.0,20.0,100.0,0.61,680.0,2.62,700.0,148.0,1693.15,0.22,159.0,2.33,0.0,4.0,0.0,0.5,0.0,22.5,236.0,62.0,491.15,0.35,40.1,7.4,52.4,14.0,14.0,1000.0,0.8,0.8,200.0,0.19,28.0,2.1,0.0,5715.883935,0,40.0,8.65117916932621,0.0,50.0,40.0,1.4999999625000011,0.49999998750000035,50.09999875000003,150.0999962500001,0.250249749005989,0.749750245999006,-11.379999999999999,8.5,19.88,-46095.02961198036,2.6923073993814186,0.04040610015193202,0.03550160327788501,0.0003809523807709751,45.69795362056567,29.048626363080857,167.08683576414904
1.0,24.74873734,9.192388155,100.0,47.3,100.0,0.61,680.0,2.62,700.0,148.0,1693.15,0.22,159.0,2.33,0.0,4.0,0.0,0.5,0.0,22.5,236.0,62.0,491.15,0.35,40.1,7.4,52.4,14.0,14.0,1000.0,0.8,0.8,200.0,0.19,28.0,2.1,0.0,4506.415576,0,40.0,8.413479225229302,0.0,50.0,40.0,1.4999999625000011,1.1824999704375008,118.34999704375007,150.0999962500001,0.44086421888408067,0.5591357773908309,-11.379999999999999,8.5,19.88,-46095.02961198036,2.6923073993814186,0.04040610015193202,0.03550160327788501,0.0003809523807709751,45.69795362056567,29.048626363080857,167.08683576414904
1.0,24.74873734,9.192388155,100.0,79.6,100.0,0.61,680.0,2.62,700.0,148.0,1693.15,0.22,159.0,2.33,0.0,4.0,0.0,0.5,0.0,22.5,236.0,62.0,491.15,0.35,40.1,7.4,52.4,14.0,14.0,1000.0,0.8,0.8,200.0,0.19,28.0,2.1,0.0,3902.974349,0,50.0,8.269750377070824,0.0,50.0,50.0,1.1999999760000006,1.5919999681600006,159.29999681600003,120.09999760000005,0.5701503200771978,0.42984967634370413,-11.379999999999999,8.5,19.88,-46095.02961198036,2.6923073993814186,0.04040610015193202,0.03550160327788501,0.0003809523807709751,45.69795362056567,29.048626363080857,167.08683576414904
1.0,24.74873734,9.192388155,100.0,30.0,100.0,0.61,680.0,2.62,700.0,148.0,1693.15,0.22,159.0,2.33,0.0,4.0,0.0,0.5,0.0,22.5,236.0,62.0,491.15,0.35,40.1,7.4,52.4,14.0,14.0,1000.0,0.8,0.8,200.0,0.19,28.0,2.1,0.0,5110.307057,0,60.0,8.53921043463929,0.0,50.0,60.0,0.9999999833333336,0.4999999916666668,50.09999916666668,100.09999833333336,0.33355525743674797,0.6664447359054623,-11.379999999999999,8.5,19.88,-46095.02961198036,2.6923073993814186,0.04040610015193202,0.03550160327788501,0.0003809523807709751,45.69795362056567,29.048626363080857,167.08683576414904
1.0,24.74873734,9.192388155,100.0,40.0,100.0,0.61,680.0,2.62,700.0,148.0,1693.15,0.22,159.0,2.33,0.0,4.0,0.0,0.5,0.0,22.5,236.0,62.0,491.15,0.35,40.1,7.4,52.4,14.0,14.0,1000.0,0.8,0.8,200.0,0.19,28.0,2.1,0.0,4719.966506,0,80.0,8.45976882583779,0.0,50.0,80.0,0.7499999906250001,0.4999999937500001,50.099999375,75.09999906250002,0.40015974121477516,0.5998402507980043,-11.379999999999999,8.5,19.88,-46095.02961198036,2.6923073993814186,0.04040610015193202,0.03550160327788501,0.0003809523807709751,45.69795362056567,29.048626363080857,167.08683576414904
1.0,24.74873734,9.192388155,100.0,47.3,100.0,0.61,680.0,2.62,700.0,148.0,1693.15,0.22,159.0,2.33,0.0,4.0,0.0,0.5,0.0,22.5,236.0,62.0,491.15,0.35,40.1,7.4,52.4,14.0,14.0,1000.0,0.8,0.8,200.0,0.19,28.0,2.1,0.0,4506.415576,0,80.0,8.413479225229302,0.0,50.0,80.0,0.7499999906250001,0.591249992609375,59.22499926093751,75.09999906250002,0.44090824164704623,0.5590917509083233,-11.379999999999999,8.5,19.88,-46095.02961198036,2.6923073993814186,0.04040610015193202,0.03550160327788501,0.0003809523807709751,45.69795362056567,29.048626363080857,167.08683576414904
1.0,24.74873734,9.192388155,100.0,70.0,100.0,0.61,680.0,2.62,700.0,148.0,1693.15,0.22,159.0,2.33,0.0,4.0,0.0,0.5,0.0,22.5,236.0,62.0,491.15,0.35,40.1,7.4,52.4,14.0,14.0,1000.0,0.8,0.8,200.0,0.19,28.0,2.1,0.0,4044.006153,0,90.0,8.305238350628642,0.0,50.0,90.0,0.6666666592592594,0.7777777691358025,77.87777691358025,66.76666592592593,0.5384083539357478,0.46159163915074775,-11.379999999999999,8.5,19.88,-46095.02961198036,2.6923073993814186,0.04040610015193202,0.03550160327788501,0.0003809523807709751,45.69795362056567,29.048626363080857,167.08683576414904
1.0,24.74873734,9.192388155,100.0,70.0,100.0,0.61,680.0,2.62,700.0,148.0,1693.15,0.22,159.0,2.33,0.0,4.0,0.0,0.5,0.0,22.5,236.0,62.0,491.15,0.35,40.1,7.4,52.4,14.0,14.0,1000.0,0.8,0.8,200.0,0.19,28.0,2.1,0.0,4044.006153,0,100.0,8.305238350628642,0.0,50.0,100.0,0.599999994,0.699999993,70.09999930000001,60.0999994,0.5384024536215111,0.4615975386979974,-11.379999999999999,8.5,19.88,-46095.02961198036,2.6923073993814186,0.04040610015193202,0.03550160327788501,0.0003809523807709751,45.69795362056567,29.048626363080857,167.08683576414904
1.0,24.74873734,9.192388155,100.0,60.0,100.0,0.61,680.0,2.62,700.0,148.0,1693.15,0.22,159.0,2.33,0.0,4.0,0.0,0.5,0.0,22.5,236.0,62.0,491.15,0.35,40.1,7.4,52.4,14.0,14.0,1000.0,0.8,0.8,200.0,0.19,28.0,2.1,0.0,4219.903416,0,120.0,8.347804463739138,0.0,50.0,120.0,0.4999999958333334,0.4999999958333334,50.09999958333333,50.09999958333333,0.49999999500998005,0.49999999500998005,-11.379999999999999,8.5,19.88,-46095.02961198036,2.6923073993814186,0.04040610015193202,0.03550160327788501,0.0003809523807709751,45.69795362056567,29.048626363080857,167.08683576414904
1.0,24.74873734,9.192388155,100.0,70.0,100.0,0.61,680.0,2.62,700.0,148.0,1693.15,0.22,159.0,2.33,0.0,4.0,0.0,0.5,0.0,22.5,236.0,62.0,491.15,0.35,40.1,7.4,52.4,14.0,14.0,1000.0,0.8,0.8,200.0,0.19,28.0,2.1,0.0,4044.006153,0,140.0,8.305238350628642,0.0,50.0,140.0,0.4285714255102041,0.49999999642857146,50.09999964285714,42.95714255102041,0.5383788704804484,0.4616211187734663,-11.379999999999999,8.5,19.88,-46095.02961198036,2.6923073993814186,0.04040610015193202,0.03550160327788501,0.0003809523807709751,45.69795362056567,29.048626363080857,167.08683576414904
1.0,24.74873734,9.192388155,100.0,120.0,100.0,0.61,680.0,2.62,700.0,148.0,1693.15,0.22,159.0,2.33,0.0,4.0,0.0,0.5,0.0,22.5,236.0,62.0,491.15,0.35,40.1,7.4,52.4,14.0,14.0,1000.0,0.8,0.8,200.0,0.19,28.0,2.1,0.0,3484.640872,0,240.0,8.156407200692712,0.0,50.0,240.0,0.24999999895833333,0.49999999791666666,50.09999979166666,25.09999989583333,0.6662233953941235,0.33377659130800436,-11.379999999999999,8.5,19.88,-46095.02961198036,2.6923073993814186,0.04040610015193202,0.03550160327788501,0.0003809523807709751,45.69795362056567,29.048626363080857,167.08683576414904
1.0,24.74873734,9.192388155,100.0,310.0,100.0,0.61,680.0,2.62,700.0,148.0,1693.15,0.22,159.0,2.33,0.0,4.0,0.0,0.5,0.0,22.5,236.0,62.0,491.15,0.35,40.1,7.4,52.4,14.0,14.0,1000.0,0.8,0.8,200.0,0.19,28.0,2.1,0.0,2681.104778,0,720.0,7.894357130192618,0.0,50.0,720.0,0.08333333321759259,0.4305555549575617,43.15555549575617,8.433333321759259,0.8365280906103939,0.1634718900055876,-11.379999999999999,8.5,19.88,-46095.02961198036,2.6923073993814186,0.04040610015193202,0.03550160327788501,0.0003809523807709751,45.69795362056567,29.048626363080857,167.08683576414904
1.0,24.74873734,9.192388155,100.0,11.0,100.0,0.61,680.0,2.62,700.0,148.0,1693.15,0.22,159.0,2.33,0.0,4.0,0.0,0.5,0.0,22.5,236.0,62.0,491.15,0.35,40.1,7.4,52.4,14.0,14.0,1000.0,0.8,0.8,200.0,0.19,28.0,2.1,0.0,6742.100574,1,,8.81627512394294,0.0,50.0,,,,0.1,142.9571394557824,0.0006990213818156743,0.9993009716279706,-11.379999999999999,8.5,19.88,-46095.02961198036,2.6923073993814186,0.04040610015193202,0.03550160327788501,0.0003809523807709751,45.69795362056567,29.048626363080857,167.08683576414904
1.0,24.74873734,9.192388155,100.0,31.0,100.0,0.61,680.0,2.62,700.0,148.0,1693.15,0.22,159.0,2.33,0.0,4.0,0.0,0.5,0.0,22.5,236.0,62.0,491.15,0.35,40.1,7.4,52.4,14.0,14.0,1000.0,0.8,0.8,200.0,0.19,28.0,2.1,0.0,5064.234255,1,,8.530155665366506,0.0,50.0,,,,0.1,142.9571394557824,0.0006990213818156743,0.9993009716279706,-11.379999999999999,8.5,19.88,-46095.02961198036,2.6923073993814186,0.04040610015193202,0.03550160327788501,0.0003809523807709751,45.69795362056567,29.048626363080857,167.08683576414904
1.0,24.74873734,9.192388155,100.0,61.0,100.0,0.61,680.0,2.62,700.0,148.0,1693.15,0.22,159.0,2.33,0.0,4.0,0.0,0.5,0.0,22.5,236.0,62.0,491.15,0.35,40.1,7.4,52.4,14.0,14.0,1000.0,0.8,0.8,200.0,0.19,28.0,2.1,0.0,4200.681808,1,,8.343240154596762,0.0,50.0,,,,0.1,142.9571394557824,0.0006990213818156743,0.9993009716279706,-11.379999999999999,8.5,19.88,-46095.02961198036,2.6923073993814186,0.04040610015193202,0.03550160327788501,0.0003809523807709751,45.69795362056567,29.048626363080857,167.08683576414904
1.0,24.74873734,9.192388155,125.0,44.8,100.0,0.61,680.0,2.62,700.0,148.0,1693.15,0.22,159.0,2.33,0.0,4.0,0.0,0.5,0.0,22.5,236.0,62.0,491.15,0.35,40.1,7.4,52.4,14.0,14.0,1000.0,0.8,0.8,200.0,0.19,28.0,2.1,0.0,3327.308537,0,40.0,8.110219507078941,-25.0,37.5,40.0,1.4999999625000011,1.1199999720000007,112.09999720000006,187.62499531250012,0.3740095074698029,0.6259904891938053,-11.379999999999999,8.5,19.88,-57618.787014975445,2.6923073993814186,0.04040610015193202,0.03550160327788501,0.0003809523807709751,45.69795362056567,29.048626363080857,167.08683576414904
1.0,24.74873734,9.192388155,75.0,44.8,75.0,0.61,680.0,2.62,700.0,148.0,1693.15,0.22,159.0,2.33,0.0,4.0,0.0,0.5,0.0,22.5,236.0,62.0,491.15,0.35,40.1,7.4,52.4,14.0,14.0,1000.0,0.8,0.8,200.0,0.19,28.0,2.1,0.0,11427.05064,0,40.0,9.343826194562407,0.0,37.5,40.0,1.4999999625000011,1.1199999720000007,84.07499790000004,112.57499718750007,0.4275362297113425,0.5724637652034807,-11.379999999999999,8.5,19.88,-34571.27220898527,2.6923073993814186,0.04040610015193202,0.03550160327788501,0.0003809523807709751,45.69795362056567,29.048626363080857,167.08683576414904
1.0,24.74873734,9.192388155,60.0,16.0,60.0,0.61,680.0,2.62,700.0,148.0,1693.15,0.22,159.0,2.33,0.0,4.0,0.0,0.5,0.0,22.5,236.0,62.0,491.15,0.35,40.1,7.4,52.4,14.0,14.0,1000.0,0.8,0.8,200.0,0.19,28.0,2.1,0.0,29315.9536,0,40.0,10.28592124882889,0.0,30.0,40.0,1.4999999625000011,0.39999999000000025,24.059999400000017,90.05999775000006,0.2108307026817105,0.7891692885555835,-11.379999999999999,8.5,19.88,-27657.017767188216,2.6923073993814186,0.04040610015193202,0.03550160327788501,0.0003809523807709751,45.69795362056567,29.048626363080857,167.08683576414904
1.0,24.74873734,9.192388155,140.0,16.0,100.0,0.61,680.0,2.62,700.0,148.0,1693.15,0.22,159.0,2.33,0.0,4.0,0.0,0.5,0.0,22.5,236.0,62.0,491.15,0.35,40.1,7.4,52.4,14.0,14.0,1000.0,0.8,0.8,200.0,0.19,28.0,2.1,0.0,3761.695967,0,40.0,8.232890991953285,-40.0,30.0,40.0,1.4999999625000011,0.39999999000000025,40.099999000000025,210.13999475000014,0.16024616304864273,0.8397538329551936,-11.379999999999999,8.5,19.88,-64533.0414567725,2.6923073993814186,0.04040610015193202,0.03550160327788501,0.0003809523807709751,45.69795362056567,29.048626363080857,167.08683576414904
1.0,24.74873734,9.192388155,150.0,25.0,125.0,0.61,680.0,2.62,700.0,148.0,1693.15,0.22,159.0,2.33,0.0,4.0,0.0,0.5,0.0,22.5,236.0,62.0,491.15,0.35,40.1,7.4,52.4,14.0,14.0,1000.0,0.8,0.8,200.0,0.19,28.0,2.1,0.0,1937.759045,0,40.0,7.569803379857041,-25.0,50.0,40.0,1.4999999625000011,0.6249999843750005,78.24999804687506,225.14999437500015,0.2579103485281527,0.7420896481758684,-11.379999999999999,8.5,19.88,-69142.54441797054,2.6923073993814186,0.04040610015193202,0.03550160327788501,0.0003809523807709751,45.69795362056567,29.048626363080857,167.08683576414904
1.0,24.74873734,9.192388155,100.0,15.0,60.0,0.61,680.0,2.62,700.0,148.0,1693.15,0.22,159.0,2.33,0.0,4.0,0.0,0.5,0.0,22.5,236.0,62.0,491.15,0.35,40.1,7.4,52.4,14.0,14.0,1000.0,0.8,0.8,200.0,0.19,28.0,2.1,0.0,14399.78915,0,30.0,9.575038286145846,-40.0,10.0,30.0,1.9999999333333356,0.4999999833333339,30.05999900000003,200.09999333333357,0.1306047961014018,0.8693951995537945,-11.379999999999999,8.5,19.88,-46095.02961198036,2.6923073993814186,0.04040610015193202,0.03550160327788501,0.0003809523807709751,45.69795362056567,29.048626363080857,167.08683576414904
1.0,24.74873734,9.192388155,165.0,30.0,125.0,0.61,680.0,2.62,700.0,148.0,1693.15,0.22,159.0,2.33,0.0,4.0,0.0,0.5,0.0,22.5,236.0,62.0,491.15,0.35,40.1,7.4,52.4,14.0,14.0,1000.0,0.8,0.8,200.0,0.19,28.0,2.1,0.0,1586.924616,0,60.0,7.37018316964755,-40.0,42.5,60.0,0.9999999833333336,0.4999999916666668,62.62499895833334,165.16499725000006,0.27492427115251,0.7250757244574816,-11.379999999999999,8.5,19.88,-76056.7988597676,2.6923073993814186,0.04040610015193202,0.03550160327788501,0.0003809523807709751,45.69795362056567,29.048626363080857,167.08683576414904
1.0,24.74873734,9.192388155,165.0,21.0,125.0,0.61,680.0,2.62,700.0,148.0,1693.15,0.22,159.0,2.33,0.0,4.0,0.0,0.5,0.0,22.5,236.0,62.0,491.15,0.35,40.1,7.4,52.4,14.0,14.0,1000.0,0.8,0.8,200.0,0.19,28.0,2.1,0.0,1751.218023,0,42.0,7.4686377061056275,-40.0,42.5,42.0,1.428571394557824,0.49999998809523843,62.6249985119048,235.87928010204095,0.20979598213096787,0.7902040145189964,-11.379999999999999,8.5,19.88,-76056.7988597676,2.6923073993814186,0.04040610015193202,0.03550160327788501,0.0003809523807709751,45.69795362056567,29.048626363080857,167.08683576414904
1.0,24.74873734,9.192388155,165.0,120.0,125.0,0.61,680.0,2.62,700.0,148.0,1693.15,0.22,159.0,2.33,0.0,4.0,0.0,0.5,0.0,22.5,236.0,62.0,491.15,0.35,40.1,7.4,52.4,14.0,14.0,1000.0,0.8,0.8,200.0,0.19,28.0,2.1,0.0,1082.099826,0,240.0,6.987582418191692,-40.0,42.5,240.0,0.24999999895833333,0.49999999791666666,62.62499973958332,41.414999828125,0.6019319434627216,0.3980680469255907,-11.379999999999999,8.5,19.88,-76056.7988597676,2.6923073993814186,0.04040610015193202,0.03550160327788501,0.0003809523807709751,45.69795362056567,29.048626363080857,167.08683576414904
1.0,24.74873734,9.192388155,180.0,15.0,125.0,0.61,680.0,2.62,700.0,148.0,1693.15,0.22,159.0,2.33,0.0,4.0,0.0,0.5,0.0,22.5,236.0,62.0,491.15,0.35,40.1,7.4,52.4,14.0,14.0,1000.0,0.8,0.8,200.0,0.19,28.0,2.1,0.0,1697.429011,0,30.0,7.4374589916138625,-55.0,35.0,30.0,1.9999999333333356,0.4999999833333339,62.62499791666673,360.17998800000044,0.1481179263597707,0.8518820712750726,-11.379999999999999,8.5,19.88,-82971.05330156464,2.6923073993814186,0.04040610015193202,0.03550160327788501,0.0003809523807709751,45.69795362056567,29.048626363080857,167.08683576414904
1.0,24.74873734,9.192388155,100.0,15.0,100.0,0.61,680.0,2.62,700.0,148.0,1693.15,0.22,159.0,2.33,0.0,4.0,0.0,0.5,0.0,22.5,236.0,62.0,491.15,0.35,40.1,7.4,52.4,14.0,14.0,1000.0,0.8,0.8,200.0,0.19,28.0,2.1,0.0,6106.166882,0,30.0,8.717218259196592,0.0,50.0,30.0,1.9999999333333356,0.4999999833333339,50.09999833333338,200.09999333333357,0.20023980736114538,0.7997601886420519,-11.379999999999999,8.5,19.88,-46095.02961198036,2.6923073993814186,0.04040610015193202,0.03550160327788501,0.0003809523807709751,45.69795362056567,29.048626363080857,167.08683576414904
1.0,24.74873734,9.192388155,100.0,38.65,100.0,0.61,680.0,2.62,700.0,148.0,1693.15,0.22,159.0,2.33,0.0,4.0,0.0,0.5,0.0,22.5,236.0,62.0,491.15,0.35,40.1,7.4,52.4,14.0,14.0,1000.0,0.8,0.8,200.0,0.19,28.0,2.1,0.0,4701.477735,0,30.0,8.4558448264484,0.0,50.0,30.0,1.9999999333333356,1.2883332903888902,128.933329038889,200.09999333333357,0.3918549273899281,0.608145069570866,-11.379999999999999,8.5,19.88,-46095.02961198036,2.6923073993814186,0.04040610015193202,0.03550160327788501,0.0003809523807709751,45.69795362056567,29.048626363080857,167.08683576414904
1.0,24.74873734,9.192388155,100.0,20.0,100.0,0.61,680.0,2.62,700.0,148.0,1693.15,0.22,159.0,2.33,0.0,4.0,0.0,0.5,0.0,22.5,236.0,62.0,491.15,0.35,40.1,7.4,52.4,14.0,14.0,1000.0,0.8,0.8,200.0,0.19,28.0,2.1,0.0,5639.759577,0,40.0,8.63777401219705,0.0,50.0,40.0,1.4999999625000011,0.49999998750000035,50.09999875000003,150.0999962500001,0.250249749005989,0.749750245999006,-11.379999999999999,8.5,19.88,-46095.02961198036,2.6923073993814186,0.04040610015193202,0.03550160327788501,0.0003809523807709751,45.69795362056567,29.048626363080857,167.08683576414904
1.0,24.74873734,9.192388155,100.0,47.3,100.0,0.61,680.0,2.62,700.0,148.0,1693.15,0.22,159.0,2.33,0.0,4.0,0.0,0.5,0.0,22.5,236.0,62.0,491.15,0.35,40.1,7.4,52.4,14.0,14.0,1000.0,0.8,0.8,200.0,0.19,28.0,2.1,0.0,4446.398963,0,40.0,8.400074701575361,0.0,50.0,40.0,1.4999999625000011,1.1824999704375008,118.34999704375007,150.0999962500001,0.44086421888408067,0.5591357773908309,-11.379999999999999,8.5,19.88,-46095.02961198036,2.6923073993814186,0.04040610015193202,0.03550160327788501,0.0003809523807709751,45.69795362056567,29.048626363080857,167.08683576414904
1.0,24.74873734,9.192388155,100.0,79.6,100.0,0.61,680.0,2.62,700.0,148.0,1693.15,0.22,159.0,2.33,0.0,4.0,0.0,0.5,0.0,22.5,236.0,62.0,491.15,0.35,40.1,7.4,52.4,14.0,14.0,1000.0,0.8,0.8,200.0,0.19,28.0,2.1,0.0,3850.994389,0,50.0,8.256346316271056,0.0,50.0,50.0,1.1999999760000006,1.5919999681600006,159.29999681600003,120.09999760000005,0.5701503200771978,0.42984967634370413,-11.379999999999999,8.5,19.88,-46095.02961198036,2.6923073993814186,0.04040610015193202,0.03550160327788501,0.0003809523807709751,45.69795362056567,29.048626363080857,167.08683576414904
1.0,24.74873734,9.192388155,100.0,30.0,100.0,0.61,680.0,2.62,700.0,148.0,1693.15,0.22,159.0,2.33,0.0,4.0,0.0,0.5,0.0,22.5,236.0,62.0,491.15,0.35,40.1,7.4,52.4,14.0,14.0,1000.0,0.8,0.8,200.0,0.19,28.0,2.1,0.0,5042.247794,0,60.0,8.525805557098016,0.0,50.0,60.0,0.9999999833333336,0.4999999916666668,50.09999916666668,100.09999833333336,0.33355525743674797,0.6664447359054623,-11.379999999999999,8.5,19.88,-46095.02961198036,2.6923073993814186,0.04040610015193202,0.03550160327788501,0.0003809523807709751,45.69795362056567,29.048626363080857,167.08683576414904
1.0,24.74873734,9.192388155,100.0,40.0,100.0,0.61,680.0,2.62,700.0,148.0,1693.15,0.22,159.0,2.33,0.0,4.0,0.0,0.5,0.0,22.5,236.0,62.0,491.15,0.35,40.1,7.4,52.4,14.0,14.0,1000.0,0.8,0.8,200.0,0.19,28.0,2.1,0.0,4657.105813,0,80.0,8.446364166588161,0.0,50.0,80.0,0.7499999906250001,0.4999999937500001,50.099999375,75.09999906250002,0.40015974121477516,0.5998402507980043,-11.379999999999999,8.5,19.88,-46095.02961198036,2.6923073993814186,0.04040610015193202,0.03550160327788501,0.0003809523807709751,45.69795362056567,29.048626363080857,167.08683576414904
1.0,24.74873734,9.192388155,100.0,47.3,100.0,0.61,680.0,2.62,700.0,148.0,1693.15,0.22,159.0,2.33,0.0,4.0,0.0,0.5,0.0,22.5,236.0,62.0,491.15,0.35,40.1,7.4,52.4,14.0,14.0,1000.0,0.8,0.8,200.0,0.19,28.0,2.1,0.0,4446.398963,0,80.0,8.400074701575361,0.0,50.0,80.0,0.7499999906250001,0.591249992609375,59.22499926093751,75.09999906250002,0.44090824164704623,0.5590917509083233,-11.379999999999999,8.5,19.88,-46095.02961198036,2.6923073993814186,0.04040610015193202,0.03550160327788501,0.0003809523807709751,45.69795362056567,29.048626363080857,167.08683576414904
1.0,24.74873734,9.192388155,100.0,70.0,100.0,0.61,680.0,2.62,700.0,148.0,1693.15,0.22,159.0,2.33,0.0,4.0,0.0,0.5,0.0,22.5,236.0,62.0,491.15,0.35,40.1,7.4,52.4,14.0,14.0,1000.0,0.8,0.8,200.0,0.19,28.0,2.1,0.0,3990.147926,0,90.0,8.291834169257863,0.0,50.0,90.0,0.6666666592592594,0.7777777691358025,77.87777691358025,66.76666592592593,0.5384083539357478,0.46159163915074775,-11.379999999999999,8.5,19.88,-46095.02961198036,2.6923073993814186,0.04040610015193202,0.03550160327788501,0.0003809523807709751,45.69795362056567,29.048626363080857,167.08683576414904
1.0,24.74873734,9.192388155,100.0,70.0,100.0,0.61,680.0,2.62,700.0,148.0,1693.15,0.22,159.0,2.33,0.0,4.0,0.0,0.5,0.0,22.5,236.0,62.0,491.15,0.35,40.1,7.4,52.4,14.0,14.0,1000.0,0.8,0.8,200.0,0.19,28.0,2.1,0.0,3990.147926,0,100.0,8.291834169257863,0.0,50.0,100.0,0.599999994,0.699999993,70.09999930000001,60.0999994,0.5384024536215111,0.4615975386979974,-11.379999999999999,8.5,19.88,-46095.02961198036,2.6923073993814186,0.04040610015193202,0.03550160327788501,0.0003809523807709751,45.69795362056567,29.048626363080857,167.08683576414904
1.0,24.74873734,9.192388155,100.0,60.0,100.0,0.61,680.0,2.62,700.0,148.0,1693.15,0.22,159.0,2.33,0.0,4.0,0.0,0.5,0.0,22.5,236.0,62.0,491.15,0.35,40.1,7.4,52.4,14.0,14.0,1000.0,0.8,0.8,200.0,0.19,28.0,2.1,0.0,4163.702582,0,120.0,8.334400143167654,0.0,50.0,120.0,0.4999999958333334,0.4999999958333334,50.09999958333333,50.09999958333333,0.49999999500998005,0.49999999500998005,-11.379999999999999,8.5,19.88,-46095.02961198036,2.6923073993814186,0.04040610015193202,0.03550160327788501,0.0003809523807709751,45.69795362056567,29.048626363080857,167.08683576414904
1.0,24.74873734,9.192388155,100.0,70.0,100.0,0.61,680.0,2.62,700.0,148.0,1693.15,0.22,159.0,2.33,0.0,4.0,0.0,0.5,0.0,22.5,236.0,62.0,491.15,0.35,40.1,7.4,52.4,14.0,14.0,1000.0,0.8,0.8,200.0,0.19,28.0,2.1,0.0,3990.147926,0,140.0,8.291834169257863,0.0,50.0,140.0,0.4285714255102041,0.49999999642857146,50.09999964285714,42.95714255102041,0.5383788704804484,0.4616211187734663,-11.379999999999999,8.5,19.88,-46095.02961198036,2.6923073993814186,0.04040610015193202,0.03550160327788501,0.0003809523807709751,45.69795362056567,29.048626363080857,167.08683576414904
1.0,24.74873734,9.192388155,100.0,120.0,100.0,0.61,680.0,2.62,700.0,148.0,1693.15,0.22,159.0,2.33,0.0,4.0,0.0,0.5,0.0,22.5,236.0,62.0,491.15,0.35,40.1,7.4,52.4,14.0,14.0,1000.0,0.8,0.8,200.0,0.19,28.0,2.1,0.0,3438.232293,0,240.0,8.143003554821636,0.0,50.0,240.0,0.24999999895833333,0.49999999791666666,50.09999979166666,25.09999989583333,0.6662233953941235,0.33377659130800436,-11.379999999999999,8.5,19.88,-46095.02961198036,2.6923073993814186,0.04040610015193202,0.03550160327788501,0.0003809523807709751,45.69795362056567,29.048626363080857,167.08683576414904
1.0,24.74873734,9.192388155,100.0,310.0,100.0,0.61,680.0,2.62,700.0,148.0,1693.15,0.22,159.0,2.33,0.0,4.0,0.0,0.5,0.0,22.5,236.0,62.0,491.15,0.35,40.1,7.4,52.4,14.0,14.0,1000.0,0.8,0.8,200.0,0.19,28.0,2.1,0.0,2645.397723,0,720.0,7.880954644414854,0.0,50.0,720.0,0.08333333321759259,0.4305555549575617,43.15555549575617,8.433333321759259,0.8365280906103939,0.1634718900055876,-11.379999999999999,8.5,19.88,-46095.02961198036,2.6923073993814186,0.04040610015193202,0.03550160327788501,0.0003809523807709751,45.69795362056567,29.048626363080857,167.08683576414904
1.0,24.74873734,9.192388155,100.0,11.0,100.0,0.61,680.0,2.62,700.0,148.0,1693.15,0.22,159.0,2.33,0.0,4.0,0.0,0.5,0.0,22.5,236.0,62.0,491.15,0.35,40.1,7.4,52.4,14.0,14.0,1000.0,0.8,0.8,200.0,0.19,28.0,2.1,0.0,6652.309024,1,,8.802869607483256,0.0,50.0,,,,0.1,142.9571394557824,0.0006990213818156743,0.9993009716279706,-11.379999999999999,8.5,19.88,-46095.02961198036,2.6923073993814186,0.04040610015193202,0.03550160327788501,0.0003809523807709751,45.69795362056567,29.048626363080857,167.08683576414904
1.0,24.74873734,9.192388155,100.0,31.0,100.0,0.61,680.0,2.62,700.0,148.0,1693.15,0.22,159.0,2.33,0.0,4.0,0.0,0.5,0.0,22.5,236.0,62.0,491.15,0.35,40.1,7.4,52.4,14.0,14.0,1000.0,0.8,0.8,200.0,0.19,28.0,2.1,0.0,4996.788592,1,,8.516750811980883,0.0,50.0,,,,0.1,142.9571394557824,0.0006990213818156743,0.9993009716279706,-11.379999999999999,8.5,19.88,-46095.02961198036,2.6923073993814186,0.04040610015193202,0.03550160327788501,0.0003809523807709751,45.69795362056567,29.048626363080857,167.08683576414904
1.0,24.74873734,9.192388155,100.0,61.0,100.0,0.61,680.0,2.62,700.0,148.0,1693.15,0.22,159.0,2.33,0.0,4.0,0.0,0.5,0.0,22.5,236.0,62.0,491.15,0.35,40.1,7.4,52.4,14.0,14.0,1000.0,0.8,0.8,200.0,0.19,28.0,2.1,0.0,4144.736969,1,,8.329835848870308,0.0,50.0,,,,0.1,142.9571394557824,0.0006990213818156743,0.9993009716279706,-11.379999999999999,8.5,19.88,-46095.02961198036,2.6923073993814186,0.04040610015193202,0.03550160327788501,0.0003809523807709751,45.69795362056567,29.048626363080857,167.08683576414904
1.0,24.74873734,9.192388155,125.0,44.8,100.0,0.61,680.0,2.62,700.0,148.0,1693.15,0.22,159.0,2.33,0.0,4.0,0.0,0.5,0.0,22.5,236.0,62.0,491.15,0.35,40.1,7.4,52.4,14.0,14.0,1000.0,0.8,0.8,200.0,0.19,28.0,2.1,0.0,3282.995316,0,40.0,8.096816044261923,-25.0,37.5,40.0,1.4999999625000011,1.1199999720000007,112.09999720000006,187.62499531250012,0.3740095074698029,0.6259904891938053,-11.379999999999999,8.5,19.88,-57618.787014975445,2.6923073993814186,0.04040610015193202,0.03550160327788501,0.0003809523807709751,45.69795362056567,29.048626363080857,167.08683576414904
1.0,24.74873734,9.192388155,75.0,44.8,75.0,0.61,680.0,2.62,700.0,148.0,1693.15,0.22,159.0,2.33,0.0,4.0,0.0,0.5,0.0,22.5,236.0,62.0,491.15,0.35,40.1,7.4,52.4,14.0,14.0,1000.0,0.8,0.8,200.0,0.19,28.0,2.1,0.0,11274.86475,0,40.0,9.330419857660472,0.0,37.5,40.0,1.4999999625000011,1.1199999720000007,84.07499790000004,112.57499718750007,0.4275362297113425,0.5724637652034807,-11.379999999999999,8.5,19.88,-34571.27220898527,2.6923073993814186,0.04040610015193202,0.03550160327788501,0.0003809523807709751,45.69795362056567,29.048626363080857,167.08683576414904
1.0,24.74873734,9.192388155,60.0,16.0,60.0,0.61,680.0,2.62,700.0,148.0,1693.15,0.22,159.0,2.33,0.0,4.0,0.0,0.5,0.0,22.5,236.0,62.0,491.15,0.35,40.1,7.4,52.4,14.0,14.0,1000.0,0.8,0.8,200.0,0.19,28.0,2.1,0.0,28925.52262,0,40.0,10.272514190953004,0.0,30.0,40.0,1.4999999625000011,0.39999999000000025,24.059999400000017,90.05999775000006,0.2108307026817105,0.7891692885555835,-11.379999999999999,8.5,19.88,-27657.017767188216,2.6923073993814186,0.04040610015193202,0.03550160327788501,0.0003809523807709751,45.69795362056567,29.048626363080857,167.08683576414904
1.0,24.74873734,9.192388155,140.0,16.0,100.0,0.61,680.0,2.62,700.0,148.0,1693.15,0.22,159.0,2.33,0.0,4.0,0.0,0.5,0.0,22.5,236.0,62.0,491.15,0.35,40.1,7.4,52.4,14.0,14.0,1000.0,0.8,0.8,200.0,0.19,28.0,2.1,0.0,3711.597558,0,40.0,8.219487061014846,-40.0,30.0,40.0,1.4999999625000011,0.39999999000000025,40.099999000000025,210.13999475000014,0.16024616304864273,0.8397538329551936,-11.379999999999999,8.5,19.88,-64533.0414567725,2.6923073993814186,0.04040610015193202,0.03550160327788501,0.0003809523807709751,45.69795362056567,29.048626363080857,167.08683576414904
1.0,24.74873734,9.192388155,150.0,25.0,125.0,0.61,680.0,2.62,700.0,148.0,1693.15,0.22,159.0,2.33,0.0,4.0,0.0,0.5,0.0,22.5,236.0,62.0,491.15,0.35,40.1,7.4,52.4,14.0,14.0,1000.0,0.8,0.8,200.0,0.19,28.0,2.1,0.0,1911.951897,0,40.0,7.556402823802619,-25.0,50.0,40.0,1.4999999625000011,0.6249999843750005,78.24999804687506,225.14999437500015,0.2579103485281527,0.7420896481758684,-11.379999999999999,8.5,19.88,-69142.54441797054,2.6923073993814186,0.04040610015193202,0.03550160327788501,0.0003809523807709751,45.69795362056567,29.048626363080857,167.08683576414904
1.0,24.74873734,9.192388155,100.0,15.0,60.0,0.61,680.0,2.62,700.0,148.0,1693.15,0.22,159.0,2.33,0.0,4.0,0.0,0.5,0.0,22.5,236.0,62.0,491.15,0.35,40.1,7.4,52.4,14.0,14.0,1000.0,0.8,0.8,200.0,0.19,28.0,2.1,0.0,14208.01221,0,30.0,9.561631704952225,-40.0,10.0,30.0,1.9999999333333356,0.4999999833333339,30.05999900000003,200.09999333333357,0.1306047961014018,0.8693951995537945,-11.379999999999999,8.5,19.88,-46095.02961198036,2.6923073993814186,0.04040610015193202,0.03550160327788501,0.0003809523807709751,45.69795362056567,29.048626363080857,167.08683576414904
1.0,19.09188309,12.02081528,165.0,30.0,125.0,1.8,676.0,7.7,779.0,36.0,2345.15,0.23,360.0,3.89,1.0,4.0,0.0,0.5,0.0,22.5,236.0,62.0,491.15,0.35,40.1,7.4,52.4,14.0,45.0,872.5,0.8,0.4,393.15,0.16,28.5,1.585,0.0,1559.328788,0,60.0,7.352651839574952,-40.0,42.5,60.0,0.9999999833333336,0.4999999916666668,62.62499895833334,165.16499725000006,0.27492427115251,0.7250757244574816,-6.3,8.5,14.8,-11019.440573045531,1.5882351618470953,0.052378277349996206,0.03550160327788501,0.0005784892387779493,45.69795362056567,29.248738455728184,380.1072958427876
1.0,19.09188309,12.02081528,165.0,21.0,125.0,1.8,676.0,7.7,779.0,36.0,2345.15,0.23,360.0,3.89,1.0,4.0,0.0,0.5,0.0,22.5,236.0,62.0,491.15,0.35,40.1,7.4,52.4,14.0,45.0,872.5,0.8,0.4,393.15,0.16,28.5,1.585,0.0,1720.765215,0,42.0,7.451105331324922,-40.0,42.5,42.0,1.428571394557824,0.49999998809523843,62.6249985119048,235.87928010204095,0.20979598213096787,0.7902040145189964,-6.3,8.5,14.8,-11019.440573045531,1.5882351618470953,0.052378277349996206,0.03550160327788501,0.0005784892387779493,45.69795362056567,29.248738455728184,380.1072958427876
1.0,19.09188309,12.02081528,165.0,120.0,125.0,1.8,676.0,7.7,779.0,36.0,2345.15,0.23,360.0,3.89,1.0,4.0,0.0,0.5,0.0,22.5,236.0,62.0,491.15,0.35,40.1,7.4,52.4,14.0,45.0,872.5,0.8,0.4,393.15,0.16,28.5,1.585,0.0,1063.28265,0,240.0,6.970056283119516,-40.0,42.5,240.0,0.24999999895833333,0.49999999791666666,62.62499973958332,41.414999828125,0.6019319434627216,0.3980680469255907,-6.3,8.5,14.8,-11019.440573045531,1.5882351618470953,0.052378277349996206,0.03550160327788501,0.0005784892387779493,45.69795362056567,29.248738455728184,380.1072958427876
1.0,19.09188309,12.02081528,180.0,15.0,125.0,1.8,676.0,7.7,779.0,36.0,2345.15,0.23,360.0,3.89,1.0,4.0,0.0,0.5,0.0,22.5,236.0,62.0,491.15,0.35,40.1,7.4,52.4,14.0,45.0,872.5,0.8,0.4,393.15,0.16,28.5,1.585,0.0,1667.911568,0,30.0,7.419926937237109,-55.0,35.0,30.0,1.9999999333333356,0.4999999833333339,62.62499791666673,360.17998800000044,0.1481179263597707,0.8518820712750726,-6.3,8.5,14.8,-12021.207897867851,1.5882351618470953,0.052378277349996206,0.03550160327788501,0.0005784892387779493,45.69795362056567,29.248738455728184,380.1072958427876
1.0,19.09188309,12.02081528,100.0,15.0,100.0,1.8,676.0,7.7,779.0,36.0,2345.15,0.23,360.0,3.89,1.0,4.0,0.0,0.5,0.0,22.5,236.0,62.0,491.15,0.35,40.1,7.4,52.4,14.0,45.0,872.5,0.8,0.4,393.15,0.16,28.5,1.585,0.0,5999.983687,0,30.0,8.699678682605548,0.0,50.0,30.0,1.9999999333333356,0.4999999833333339,50.09999833333338,200.09999333333357,0.20023980736114538,0.7997601886420519,-6.3,8.5,14.8,-6678.448832148806,1.5882351618470953,0.052378277349996206,0.03550160327788501,0.0005784892387779493,45.69795362056567,29.248738455728184,380.1072958427876
1.0,19.09188309,12.02081528,100.0,38.65,100.0,1.8,676.0,7.7,779.0,36.0,2345.15,0.23,360.0,3.89,1.0,4.0,0.0,0.5,0.0,22.5,236.0,62.0,491.15,0.35,40.1,7.4,52.4,14.0,45.0,872.5,0.8,0.4,393.15,0.16,28.5,1.585,0.0,4619.721384,0,30.0,8.438306115609565,0.0,50.0,30.0,1.9999999333333356,1.2883332903888902,128.933329038889,200.09999333333357,0.3918549273899281,0.608145069570866,-6.3,8.5,14.8,-6678.448832148806,1.5882351618470953,0.052378277349996206,0.03550160327788501,0.0005784892387779493,45.69795362056567,29.248738455728184,380.1072958427876
1.0,19.09188309,12.02081528,100.0,20.0,100.0,1.8,676.0,7.7,779.0,36.0,2345.15,0.23,360.0,3.89,1.0,4.0,0.0,0.5,0.0,22.5,236.0,62.0,491.15,0.35,40.1,7.4,52.4,14.0,45.0,872.5,0.8,0.4,393.15,0.16,28.5,1.585,0.0,5541.686972,0,40.0,8.620234675156933,0.0,50.0,40.0,1.4999999625000011,0.49999998750000035,50.09999875000003,150.0999962500001,0.250249749005989,0.749750245999006,-6.3,8.5,14.8,-6678.448832148806,1.5882351618470953,0.052378277349996206,0.03550160327788501,0.0005784892387779493,45.69795362056567,29.248738455728184,380.1072958427876
1.0,19.09188309,12.02081528,100.0,47.3,100.0,1.8,676.0,7.7,779.0,36.0,2345.15,0.23,360.0,3.89,1.0,4.0,0.0,0.5,0.0,22.5,236.0,62.0,491.15,0.35,40.1,7.4,52.4,14.0,45.0,872.5,0.8,0.4,393.15,0.16,28.5,1.585,0.0,4369.078304,0,40.0,8.38253620646457,0.0,50.0,40.0,1.4999999625000011,1.1824999704375008,118.34999704375007,150.0999962500001,0.44086421888408067,0.5591357773908309,-6.3,8.5,14.8,-6678.448832148806,1.5882351618470953,0.052378277349996206,0.03550160327788501,0.0005784892387779493,45.69795362056567,29.248738455728184,380.1072958427876
1.0,19.09188309,12.02081528,100.0,79.6,100.0,1.8,676.0,7.7,779.0,36.0,2345.15,0.23,360.0,3.89,1.0,4.0,0.0,0.5,0.0,22.5,236.0,62.0,491.15,0.35,40.1,7.4,52.4,14.0,45.0,872.5,0.8,0.4,393.15,0.16,28.5,1.585,0.0,3784.027519,0,50.0,8.23880843638673,0.0,50.0,50.0,1.1999999760000006,1.5919999681600006,159.29999681600003,120.09999760000005,0.5701503200771978,0.42984967634370413,-6.3,8.5,14.8,-6678.448832148806,1.5882351618470953,0.052378277349996206,0.03550160327788501,0.0005784892387779493,45.69795362056567,29.248738455728184,380.1072958427876
1.0,19.09188309,12.02081528,100.0,30.0,100.0,1.8,676.0,7.7,779.0,36.0,2345.15,0.23,360.0,3.89,1.0,4.0,0.0,0.5,0.0,22.5,236.0,62.0,491.15,0.35,40.1,7.4,52.4,14.0,45.0,872.5,0.8,0.4,393.15,0.16,28.5,1.585,0.0,4954.565621,0,60.0,8.50826659181337,0.0,50.0,60.0,0.9999999833333336,0.4999999916666668,50.09999916666668,100.09999833333336,0.33355525743674797,0.6664447359054623,-6.3,8.5,14.8,-6678.448832148806,1.5882351618470953,0.052378277349996206,0.03550160327788501,0.0005784892387779493,45.69795362056567,29.248738455728184,380.1072958427876
1.0,19.09188309,12.02081528,100.0,40.0,100.0,1.8,676.0,7.7,779.0,36.0,2345.15,0.23,360.0,3.89,1.0,4.0,0.0,0.5,0.0,22.5,236.0,62.0,491.15,0.35,40.1,7.4,52.4,14.0,45.0,872.5,0.8,0.4,393.15,0.16,28.5,1.585,0.0,4576.121067,0,80.0,8.428825491472704,0.0,50.0,80.0,0.7499999906250001,0.4999999937500001,50.099999375,75.09999906250002,0.40015974121477516,0.5998402507980043,-6.3,8.5,14.8,-6678.448832148806,1.5882351618470953,0.052378277349996206,0.03550160327788501,0.0005784892387779493,45.69795362056567,29.248738455728184,380.1072958427876
1.0,19.09188309,12.02081528,100.0,47.3,100.0,1.8,676.0,7.7,779.0,36.0,2345.15,0.23,360.0,3.89,1.0,4.0,0.0,0.5,0.0,22.5,236.0,62.0,491.15,0.35,40.1,7.4,52.4,14.0,45.0,872.5,0.8,0.4,393.15,0.16,28.5,1.585,0.0,4369.078304,0,80.0,8.38253620646457,0.0,50.0,80.0,0.7499999906250001,0.591249992609375,59.22499926093751,75.09999906250002,0.44090824164704623,0.5590917509083233,-6.3,8.5,14.8,-6678.448832148806,1.5882351618470953,0.052378277349996206,0.03550160327788501,0.0005784892387779493,45.69795362056567,29.248738455728184,380.1072958427876
1.0,19.09188309,12.02081528,100.0,70.0,100.0,1.8,676.0,7.7,779.0,36.0,2345.15,0.23,360.0,3.89,1.0,4.0,0.0,0.5,0.0,22.5,236.0,62.0,491.15,0.35,40.1,7.4,52.4,14.0,45.0,872.5,0.8,0.4,393.15,0.16,28.5,1.585,0.0,3920.761245,0,90.0,8.274296129074624,0.0,50.0,90.0,0.6666666592592594,0.7777777691358025,77.87777691358025,66.76666592592593,0.5384083539357478,0.46159163915074775,-6.3,8.5,14.8,-6678.448832148806,1.5882351618470953,0.052378277349996206,0.03550160327788501,0.0005784892387779493,45.69795362056567,29.248738455728184,380.1072958427876
1.0,19.09188309,12.02081528,100.0,70.0,100.0,1.8,676.0,7.7,779.0,36.0,2345.15,0.23,360.0,3.89,1.0,4.0,0.0,0.5,0.0,22.5,236.0,62.0,491.15,0.35,40.1,7.4,52.4,14.0,45.0,872.5,0.8,0.4,393.15,0.16,28.5,1.585,0.0,3920.761245,0,100.0,8.274296129074624,0.0,50.0,100.0,0.599999994,0.699999993,70.09999930000001,60.0999994,0.5384024536215111,0.4615975386979974,-6.3,8.5,14.8,-6678.448832148806,1.5882351618470953,0.052378277349996206,0.03550160327788501,0.0005784892387779493,45.69795362056567,29.248738455728184,380.1072958427876
1.0,19.09188309,12.02081528,100.0,60.0,100.0,1.8,676.0,7.7,779.0,36.0,2345.15,0.23,360.0,3.89,1.0,4.0,0.0,0.5,0.0,22.5,236.0,62.0,491.15,0.35,40.1,7.4,52.4,14.0,45.0,872.5,0.8,0.4,393.15,0.16,28.5,1.585,0.0,4091.297872,0,120.0,8.31686191816607,0.0,50.0,120.0,0.4999999958333334,0.4999999958333334,50.09999958333333,50.09999958333333,0.49999999500998005,0.49999999500998005,-6.3,8.5,14.8,-6678.448832148806,1.5882351618470953,0.052378277349996206,0.03550160327788501,0.0005784892387779493,45.69795362056567,29.248738455728184,380.1072958427876
1.0,19.09188309,12.02081528,100.0,70.0,100.0,1.8,676.0,7.7,779.0,36.0,2345.15,0.23,360.0,3.89,1.0,4.0,0.0,0.5,0.0,22.5,236.0,62.0,491.15,0.35,40.1,7.4,52.4,14.0,45.0,872.5,0.8,0.4,393.15,0.16,28.5,1.585,0.0,3920.761245,0,140.0,8.274296129074624,0.0,50.0,140.0,0.4285714255102041,0.49999999642857146,50.09999964285714,42.95714255102041,0.5383788704804484,0.4616211187734663,-6.3,8.5,14.8,-6678.448832148806,1.5882351618470953,0.052378277349996206,0.03550160327788501,0.0005784892387779493,45.69795362056567,29.248738455728184,380.1072958427876
1.0,19.09188309,12.02081528,100.0,120.0,100.0,1.8,676.0,7.7,779.0,36.0,2345.15,0.23,360.0,3.89,1.0,4.0,0.0,0.5,0.0,22.5,236.0,62.0,491.15,0.35,40.1,7.4,52.4,14.0,45.0,872.5,0.8,0.4,393.15,0.16,28.5,1.585,0.0,3378.443149,0,240.0,8.12546622608792,0.0,50.0,240.0,0.24999999895833333,0.49999999791666666,50.09999979166666,25.09999989583333,0.6662233953941235,0.33377659130800436,-6.3,8.5,14.8,-6678.448832148806,1.5882351618470953,0.052378277349996206,0.03550160327788501,0.0005784892387779493,45.69795362056567,29.248738455728184,380.1072958427876
1.0,19.09188309,12.02081528,100.0,310.0,100.0,1.8,676.0,7.7,779.0,36.0,2345.15,0.23,360.0,3.89,1.0,4.0,0.0,0.5,0.0,22.5,236.0,62.0,491.15,0.35,40.1,7.4,52.4,14.0,45.0,872.5,0.8,0.4,393.15,0.16,28.5,1.585,0.0,2599.395576,0,720.0,7.86341885705214,0.0,50.0,720.0,0.08333333321759259,0.4305555549575617,43.15555549575617,8.433333321759259,0.8365280906103939,0.1634718900055876,-6.3,8.5,14.8,-6678.448832148806,1.5882351618470953,0.052378277349996206,0.03550160327788501,0.0005784892387779493,45.69795362056567,29.248738455728184,380.1072958427876
1.0,19.09188309,12.02081528,100.0,11.0,100.0,1.8,676.0,7.7,779.0,36.0,2345.15,0.23,360.0,3.89,1.0,4.0,0.0,0.5,0.0,22.5,236.0,62.0,491.15,0.35,40.1,7.4,52.4,14.0,45.0,872.5,0.8,0.4,393.15,0.16,28.5,1.585,0.0,6536.628689,1,,8.78532979292131,0.0,50.0,,,,0.1,142.9571394557824,0.0006990213818156743,0.9993009716279706,-6.3,8.5,14.8,-6678.448832148806,1.5882351618470953,0.052378277349996206,0.03550160327788501,0.0005784892387779493,45.69795362056567,29.248738455728184,380.1072958427876
1.0,19.09188309,12.02081528,100.0,31.0,100.0,1.8,676.0,7.7,779.0,36.0,2345.15,0.23,360.0,3.89,1.0,4.0,0.0,0.5,0.0,22.5,236.0,62.0,491.15,0.35,40.1,7.4,52.4,14.0,45.0,872.5,0.8,0.4,393.15,0.16,28.5,1.585,0.0,4909.896932,1,,8.499211878647355,0.0,50.0,,,,0.1,142.9571394557824,0.0006990213818156743,0.9993009716279706,-6.3,8.5,14.8,-6678.448832148806,1.5882351618470953,0.052378277349996206,0.03550160327788501,0.0005784892387779493,45.69795362056567,29.248738455728184,380.1072958427876
1.0,19.09188309,12.02081528,100.0,61.0,100.0,1.8,676.0,7.7,779.0,36.0,2345.15,0.23,360.0,3.89,1.0,4.0,0.0,0.5,0.0,22.5,236.0,62.0,491.15,0.35,40.1,7.4,52.4,14.0,45.0,872.5,0.8,0.4,393.15,0.16,28.5,1.585,0.0,4072.662061,1,,8.312297643174373,0.0,50.0,,,,0.1,142.9571394557824,0.0006990213818156743,0.9993009716279706,-6.3,8.5,14.8,-6678.448832148806,1.5882351618470953,0.052378277349996206,0.03550160327788501,0.0005784892387779493,45.69795362056567,29.248738455728184,380.1072958427876
1.0,19.09188309,12.02081528,125.0,44.8,100.0,1.8,676.0,7.7,779.0,36.0,2345.15,0.23,360.0,3.89,1.0,4.0,0.0,0.5,0.0,22.5,236.0,62.0,491.15,0.35,40.1,7.4,52.4,14.0,45.0,872.5,0.8,0.4,393.15,0.16,28.5,1.585,0.0,3225.905666,0,40.0,8.079278958900785,-25.0,37.5,40.0,1.4999999625000011,1.1199999720000007,112.09999720000006,187.62499531250012,0.3740095074698029,0.6259904891938053,-6.3,8.5,14.8,-8348.061040186009,1.5882351618470953,0.052378277349996206,0.03550160327788501,0.0005784892387779493,45.69795362056567,29.248738455728184,380.1072958427876
1.0,19.09188309,12.02081528,75.0,44.8,75.0,1.8,676.0,7.7,779.0,36.0,2345.15,0.23,360.0,3.89,1.0,4.0,0.0,0.5,0.0,22.5,236.0,62.0,491.15,0.35,40.1,7.4,52.4,14.0,45.0,872.5,0.8,0.4,393.15,0.16,28.5,1.585,0.0,11078.80048,0,40.0,9.312878952918926,0.0,37.5,40.0,1.4999999625000011,1.1199999720000007,84.07499790000004,112.57499718750007,0.4275362297113425,0.5724637652034807,-6.3,8.5,14.8,-5008.836624111605,1.5882351618470953,0.052378277349996206,0.03550160327788501,0.0005784892387779493,45.69795362056567,29.248738455728184,380.1072958427876
1.0,19.09188309,12.02081528,60.0,16.0,60.0,1.8,676.0,7.7,779.0,36.0,2345.15,0.23,360.0,3.89,1.0,4.0,0.0,0.5,0.0,22.5,236.0,62.0,491.15,0.35,40.1,7.4,52.4,14.0,45.0,872.5,0.8,0.4,393.15,0.16,28.5,1.585,0.0,28422.52222,0,40.0,10.254972328524971,0.0,30.0,40.0,1.4999999625000011,0.39999999000000025,24.059999400000017,90.05999775000006,0.2108307026817105,0.7891692885555835,-6.3,8.5,14.8,-4007.069299289284,1.5882351618470953,0.052378277349996206,0.03550160327788501,0.0005784892387779493,45.69795362056567,29.248738455728184,380.1072958427876
1.0,19.09188309,12.02081528,140.0,16.0,100.0,1.8,676.0,7.7,779.0,36.0,2345.15,0.23,360.0,3.89,1.0,4.0,0.0,0.5,0.0,22.5,236.0,62.0,491.15,0.35,40.1,7.4,52.4,14.0,45.0,872.5,0.8,0.4,393.15,0.16,28.5,1.585,0.0,3647.054728,0,40.0,8.201949353274673,-40.0,30.0,40.0,1.4999999625000011,0.39999999000000025,40.099999000000025,210.13999475000014,0.16024616304864273,0.8397538329551936,-6.3,8.5,14.8,-9349.828365008329,1.5882351618470953,0.052378277349996206,0.03550160327788501,0.0005784892387779493,45.69795362056567,29.248738455728184,380.1072958427876
1.0,19.09188309,12.02081528,150.0,25.0,125.0,1.8,676.0,7.7,779.0,36.0,2345.15,0.23,360.0,3.89,1.0,4.0,0.0,0.5,0.0,22.5,236.0,62.0,491.15,0.35,40.1,7.4,52.4,14.0,45.0,872.5,0.8,0.4,393.15,0.16,28.5,1.585,0.0,1878.704007,0,40.0,7.538869600343425,-25.0,50.0,40.0,1.4999999625000011,0.6249999843750005,78.24999804687506,225.14999437500015,0.2579103485281527,0.7420896481758684,-6.3,8.5,14.8,-10017.67324822321,1.5882351618470953,0.052378277349996206,0.03550160327788501,0.0005784892387779493,45.69795362056567,29.248738455728184,380.1072958427876
1.0,19.09188309,12.02081528,100.0,15.0,60.0,1.8,676.0,7.7,779.0,36.0,2345.15,0.23,360.0,3.89,1.0,4.0,0.0,0.5,0.0,22.5,236.0,62.0,491.15,0.35,40.1,7.4,52.4,14.0,45.0,872.5,0.8,0.4,393.15,0.16,28.5,1.585,0.0,13960.94197,0,30.0,9.544090476240374,-40.0,10.0,30.0,1.9999999333333356,0.4999999833333339,30.05999900000003,200.09999333333357,0.1306047961014018,0.8693951995537945,-6.3,8.5,14.8,-6678.448832148806,1.5882351618470953,0.052378277349996206,0.03550160327788501,0.0005784892387779493,45.69795362056567,29.248738455728184,380.1072958427876
1.0,19.09188309,12.02081528,165.0,30.0,125.0,1.8,676.0,7.7,779.0,36.0,2345.15,0.23,360.0,3.89,1.0,4.0,0.0,0.5,0.0,22.5,236.0,62.0,491.15,0.35,40.1,7.4,52.4,14.0,45.0,872.5,0.8,0.4,393.15,0.16,28.5,1.585,0.0,1627.233061,0,60.0,7.395250694178785,-40.0,42.5,60.0,0.9999999833333336,0.4999999916666668,62.62499895833334,165.16499725000006,0.27492427115251,0.7250757244574816,-6.3,8.5,14.8,-11019.440573045531,1.5882351618470953,0.052378277349996206,0.03550160327788501,0.0005784892387779493,45.69795362056567,29.248738455728184,380.1072958427876
1.0,19.09188309,12.02081528,165.0,21.0,125.0,1.8,676.0,7.7,779.0,36.0,2345.15,0.23,360.0,3.89,1.0,4.0,0.0,0.5,0.0,22.5,236.0,62.0,491.15,0.35,40.1,7.4,52.4,14.0,45.0,872.5,0.8,0.4,393.15,0.16,28.5,1.585,0.0,1795.699579,0,42.0,7.493706693620026,-40.0,42.5,42.0,1.428571394557824,0.49999998809523843,62.6249985119048,235.87928010204095,0.20979598213096787,0.7902040145189964,-6.3,8.5,14.8,-11019.440573045531,1.5882351618470953,0.052378277349996206,0.03550160327788501,0.0005784892387779493,45.69795362056567,29.248738455728184,380.1072958427876
1.0,19.09188309,12.02081528,165.0,120.0,125.0,1.8,676.0,7.7,779.0,36.0,2345.15,0.23,360.0,3.89,1.0,4.0,0.0,0.5,0.0,22.5,236.0,62.0,491.15,0.35,40.1,7.4,52.4,14.0,45.0,872.5,0.8,0.4,393.15,0.16,28.5,1.585,0.0,1109.585544,0,240.0,7.012642672335255,-40.0,42.5,240.0,0.24999999895833333,0.49999999791666666,62.62499973958332,41.414999828125,0.6019319434627216,0.3980680469255907,-6.3,8.5,14.8,-11019.440573045531,1.5882351618470953,0.052378277349996206,0.03550160327788501,0.0005784892387779493,45.69795362056567,29.248738455728184,380.1072958427876
1.0,19.09188309,12.02081528,180.0,15.0,125.0,1.8,676.0,7.7,779.0,36.0,2345.15,0.23,360.0,3.89,1.0,4.0,0.0,0.5,0.0,22.5,236.0,62.0,491.15,0.35,40.1,7.4,52.4,14.0,45.0,872.5,0.8,0.4,393.15,0.16,28.5,1.585,0.0,1740.544308,0,30.0,7.462527531917085,-55.0,35.0,30.0,1.9999999333333356,0.4999999833333339,62.62499791666673,360.17998800000044,0.1481179263597707,0.8518820712750726,-6.3,8.5,14.8,-12021.207897867851,1.5882351618470953,0.052378277349996206,0.03550160327788501,0.0005784892387779493,45.69795362056567,29.248738455728184,380.1072958427876
1.0,19.09188309,12.02081528,100.0,15.0,100.0,1.8,676.0,7.7,779.0,36.0,2345.15,0.23,360.0,3.89,1.0,4.0,0.0,0.5,0.0,22.5,236.0,62.0,491.15,0.35,40.1,7.4,52.4,14.0,45.0,872.5,0.8,0.4,393.15,0.16,28.5,1.585,0.0,6261.265677,0,30.0,8.742297327846785,0.0,50.0,30.0,1.9999999333333356,0.4999999833333339,50.09999833333338,200.09999333333357,0.20023980736114538,0.7997601886420519,-6.3,8.5,14.8,-6678.448832148806,1.5882351618470953,0.052378277349996206,0.03550160327788501,0.0005784892387779493,45.69795362056567,29.248738455728184,380.1072958427876
1.0,19.09188309,12.02081528,100.0,38.65,100.0,1.8,676.0,7.7,779.0,36.0,2345.15,0.23,360.0,3.89,1.0,4.0,0.0,0.5,0.0,22.5,236.0,62.0,491.15,0.35,40.1,7.4,52.4,14.0,45.0,872.5,0.8,0.4,393.15,0.16,28.5,1.585,0.0,4820.89693,0,30.0,8.480922683564515,0.0,50.0,30.0,1.9999999333333356,1.2883332903888902,128.933329038889,200.09999333333357,0.3918549273899281,0.608145069570866,-6.3,8.5,14.8,-6678.448832148806,1.5882351618470953,0.052378277349996206,0.03550160327788501,0.0005784892387779493,45.69795362056567,29.248738455728184,380.1072958427876
1.0,19.09188309,12.02081528,100.0,20.0,100.0,1.8,676.0,7.7,779.0,36.0,2345.15,0.23,360.0,3.89,1.0,4.0,0.0,0.5,0.0,22.5,236.0,62.0,491.15,0.35,40.1,7.4,52.4,14.0,45.0,872.5,0.8,0.4,393.15,0.16,28.5,1.585,0.0,5783.011462,0,40.0,8.66285274551022,0.0,50.0,40.0,1.4999999625000011,0.49999998750000035,50.09999875000003,150.0999962500001,0.250249749005989,0.749750245999006,-6.3,8.5,14.8,-6678.448832148806,1.5882351618470953,0.052378277349996206,0.03550160327788501,0.0005784892387779493,45.69795362056567,29.248738455728184,380.1072958427876
1.0,19.09188309,12.02081528,100.0,47.3,100.0,1.8,676.0,7.7,779.0,36.0,2345.15,0.23,360.0,3.89,1.0,4.0,0.0,0.5,0.0,22.5,236.0,62.0,491.15,0.35,40.1,7.4,52.4,14.0,45.0,872.5,0.8,0.4,393.15,0.16,28.5,1.585,0.0,4559.339067,0,40.0,8.425152256542347,0.0,50.0,40.0,1.4999999625000011,1.1824999704375008,118.34999704375007,150.0999962500001,0.44086421888408067,0.5591357773908309,-6.3,8.5,14.8,-6678.448832148806,1.5882351618470953,0.052378277349996206,0.03550160327788501,0.0005784892387779493,45.69795362056567,29.248738455728184,380.1072958427876
1.0,19.09188309,12.02081528,100.0,79.6,100.0,1.8,676.0,7.7,779.0,36.0,2345.15,0.23,360.0,3.89,1.0,4.0,0.0,0.5,0.0,22.5,236.0,62.0,491.15,0.35,40.1,7.4,52.4,14.0,45.0,872.5,0.8,0.4,393.15,0.16,28.5,1.585,0.0,3948.811007,0,50.0,8.281423010421381,0.0,50.0,50.0,1.1999999760000006,1.5919999681600006,159.29999681600003,120.09999760000005,0.5701503200771978,0.42984967634370413,-6.3,8.5,14.8,-6678.448832148806,1.5882351618470953,0.052378277349996206,0.03550160327788501,0.0005784892387779493,45.69795362056567,29.248738455728184,380.1072958427876
1.0,19.09188309,12.02081528,100.0,30.0,100.0,1.8,676.0,7.7,779.0,36.0,2345.15,0.23,360.0,3.89,1.0,4.0,0.0,0.5,0.0,22.5,236.0,62.0,491.15,0.35,40.1,7.4,52.4,14.0,45.0,872.5,0.8,0.4,393.15,0.16,28.5,1.585,0.0,5170.322669,0,60.0,8.550883770178698,0.0,50.0,60.0,0.9999999833333336,0.4999999916666668,50.09999916666668,100.09999833333336,0.33355525743674797,0.6664447359054623,-6.3,8.5,14.8,-6678.448832148806,1.5882351618470953,0.052378277349996206,0.03550160327788501,0.0005784892387779493,45.69795362056567,29.248738455728184,380.1072958427876
1.0,19.09188309,12.02081528,100.0,40.0,100.0,1.8,676.0,7.7,779.0,36.0,2345.15,0.23,360.0,3.89,1.0,4.0,0.0,0.5,0.0,22.5,236.0,62.0,491.15,0.35,40.1,7.4,52.4,14.0,45.0,872.5,0.8,0.4,393.15,0.16,28.5,1.585,0.0,4775.397946,0,80.0,8.471441973628151,0.0,50.0,80.0,0.7499999906250001,0.4999999937500001,50.099999375,75.09999906250002,0.40015974121477516,0.5998402507980043,-6.3,8.5,14.8,-6678.448832148806,1.5882351618470953,0.052378277349996206,0.03550160327788501,0.0005784892387779493,45.69795362056567,29.248738455728184,380.1072958427876
1.0,19.09188309,12.02081528,100.0,47.3,100.0,1.8,676.0,7.7,779.0,36.0,2345.15,0.23,360.0,3.89,1.0,4.0,0.0,0.5,0.0,22.5,236.0,62.0,491.15,0.35,40.1,7.4,52.4,14.0,45.0,872.5,0.8,0.4,393.15,0.16,28.5,1.585,0.0,4559.339067,0,80.0,8.425152256542347,0.0,50.0,80.0,0.7499999906250001,0.591249992609375,59.22499926093751,75.09999906250002,0.44090824164704623,0.5590917509083233,-6.3,8.5,14.8,-6678.448832148806,1.5882351618470953,0.052378277349996206,0.03550160327788501,0.0005784892387779493,45.69795362056567,29.248738455728184,380.1072958427876
1.0,19.09188309,12.02081528,100.0,70.0,100.0,1.8,676.0,7.7,779.0,36.0,2345.15,0.23,360.0,3.89,1.0,4.0,0.0,0.5,0.0,22.5,236.0,62.0,491.15,0.35,40.1,7.4,52.4,14.0,45.0,872.5,0.8,0.4,393.15,0.16,28.5,1.585,0.0,4091.499093,0,90.0,8.316911087620342,0.0,50.0,90.0,0.6666666592592594,0.7777777691358025,77.87777691358025,66.76666592592593,0.5384083539357478,0.46159163915074775,-6.3,8.5,14.8,-6678.448832148806,1.5882351618470953,0.052378277349996206,0.03550160327788501,0.0005784892387779493,45.69795362056567,29.248738455728184,380.1072958427876
1.0,19.09188309,12.02081528,100.0,70.0,100.0,1.8,676.0,7.7,779.0,36.0,2345.15,0.23,360.0,3.89,1.0,4.0,0.0,0.5,0.0,22.5,236.0,62.0,491.15,0.35,40.1,7.4,52.4,14.0,45.0,872.5,0.8,0.4,393.15,0.16,28.5,1.585,0.0,4091.499093,0,100.0,8.316911087620342,0.0,50.0,100.0,0.599999994,0.699999993,70.09999930000001,60.0999994,0.5384024536215111,0.4615975386979974,-6.3,8.5,14.8,-6678.448832148806,1.5882351618470953,0.052378277349996206,0.03550160327788501,0.0005784892387779493,45.69795362056567,29.248738455728184,380.1072958427876
1.0,19.09188309,12.02081528,100.0,60.0,100.0,1.8,676.0,7.7,779.0,36.0,2345.15,0.23,360.0,3.89,1.0,4.0,0.0,0.5,0.0,22.5,236.0,62.0,491.15,0.35,40.1,7.4,52.4,14.0,45.0,872.5,0.8,0.4,393.15,0.16,28.5,1.585,0.0,4269.462098,0,120.0,8.359477320039474,0.0,50.0,120.0,0.4999999958333334,0.4999999958333334,50.09999958333333,50.09999958333333,0.49999999500998005,0.49999999500998005,-6.3,8.5,14.8,-6678.448832148806,1.5882351618470953,0.052378277349996206,0.03550160327788501,0.0005784892387779493,45.69795362056567,29.248738455728184,380.1072958427876
1.0,19.09188309,12.02081528,100.0,70.0,100.0,1.8,676.0,7.7,779.0,36.0,2345.15,0.23,360.0,3.89,1.0,4.0,0.0,0.5,0.0,22.5,236.0,62.0,491.15,0.35,40.1,7.4,52.4,14.0,45.0,872.5,0.8,0.4,393.15,0.16,28.5,1.585,0.0,4091.499093,0,140.0,8.316911087620342,0.0,50.0,140.0,0.4285714255102041,0.49999999642857146,50.09999964285714,42.95714255102041,0.5383788704804484,0.4616211187734663,-6.3,8.5,14.8,-6678.448832148806,1.5882351618470953,0.052378277349996206,0.03550160327788501,0.0005784892387779493,45.69795362056567,29.248738455728184,380.1072958427876
1.0,19.09188309,12.02081528,100.0,120.0,100.0,1.8,676.0,7.7,779.0,36.0,2345.15,0.23,360.0,3.89,1.0,4.0,0.0,0.5,0.0,22.5,236.0,62.0,491.15,0.35,40.1,7.4,52.4,14.0,45.0,872.5,0.8,0.4,393.15,0.16,28.5,1.585,0.0,3525.564607,0,240.0,8.168079476911439,0.0,50.0,240.0,0.24999999895833333,0.49999999791666666,50.09999979166666,25.09999989583333,0.6662233953941235,0.33377659130800436,-6.3,8.5,14.8,-6678.448832148806,1.5882351618470953,0.052378277349996206,0.03550160327788501,0.0005784892387779493,45.69795362056567,29.248738455728184,380.1072958427876
1.0,19.09188309,12.02081528,100.0,310.0,100.0,1.8,676.0,7.7,779.0,36.0,2345.15,0.23,360.0,3.89,1.0,4.0,0.0,0.5,0.0,22.5,236.0,62.0,491.15,0.35,40.1,7.4,52.4,14.0,45.0,872.5,0.8,0.4,393.15,0.16,28.5,1.585,0.0,2712.591759,0,720.0,7.906028408667854,0.0,50.0,720.0,0.08333333321759259,0.4305555549575617,43.15555549575617,8.433333321759259,0.8365280906103939,0.1634718900055876,-6.3,8.5,14.8,-6678.448832148806,1.5882351618470953,0.052378277349996206,0.03550160327788501,0.0005784892387779493,45.69795362056567,29.248738455728184,380.1072958427876
1.0,19.09188309,12.02081528,100.0,11.0,100.0,1.8,676.0,7.7,779.0,36.0,2345.15,0.23,360.0,3.89,1.0,4.0,0.0,0.5,0.0,22.5,236.0,62.0,491.15,0.35,40.1,7.4,52.4,14.0,45.0,872.5,0.8,0.4,393.15,0.16,28.5,1.585,0.0,6821.280022,1,,8.827949009043255,0.0,50.0,,,,0.1,142.9571394557824,0.0006990213818156743,0.9993009716279706,-6.3,8.5,14.8,-6678.448832148806,1.5882351618470953,0.052378277349996206,0.03550160327788501,0.0005784892387779493,45.69795362056567,29.248738455728184,380.1072958427876
1.0,19.09188309,12.02081528,100.0,31.0,100.0,1.8,676.0,7.7,779.0,36.0,2345.15,0.23,360.0,3.89,1.0,4.0,0.0,0.5,0.0,22.5,236.0,62.0,491.15,0.35,40.1,7.4,52.4,14.0,45.0,872.5,0.8,0.4,393.15,0.16,28.5,1.585,0.0,5123.708787,1,,8.541828980343395,0.0,50.0,,,,0.1,142.9571394557824,0.0006990213818156743,0.9993009716279706,-6.3,8.5,14.8,-6678.448832148806,1.5882351618470953,0.052378277349996206,0.03550160327788501,0.0005784892387779493,45.69795362056567,29.248738455728184,380.1072958427876
1.0,19.09188309,12.02081528,100.0,61.0,100.0,1.8,676.0,7.7,779.0,36.0,2345.15,0.23,360.0,3.89,1.0,4.0,0.0,0.5,0.0,22.5,236.0,62.0,491.15,0.35,40.1,7.4,52.4,14.0,45.0,872.5,0.8,0.4,393.15,0.16,28.5,1.585,0.0,4250.014751,1,,8.354912998359826,0.0,50.0,,,,0.1,142.9571394557824,0.0006990213818156743,0.9993009716279706,-6.3,8.5,14.8,-6678.448832148806,1.5882351618470953,0.052378277349996206,0.03550160327788501,0.0005784892387779493,45.69795362056567,29.248738455728184,380.1072958427876
1.0,19.09188309,12.02081528,125.0,44.8,100.0,1.8,676.0,7.7,779.0,36.0,2345.15,0.23,360.0,3.89,1.0,4.0,0.0,0.5,0.0,22.5,236.0,62.0,491.15,0.35,40.1,7.4,52.4,14.0,45.0,872.5,0.8,0.4,393.15,0.16,28.5,1.585,0.0,3366.384557,0,40.0,8.121891626182418,-25.0,37.5,40.0,1.4999999625000011,1.1199999720000007,112.09999720000006,187.62499531250012,0.3740095074698029,0.6259904891938053,-6.3,8.5,14.8,-8348.061040186009,1.5882351618470953,0.052378277349996206,0.03550160327788501,0.0005784892387779493,45.69795362056567,29.248738455728184,380.1072958427876
1.0,19.09188309,12.02081528,75.0,44.8,75.0,1.8,676.0,7.7,779.0,36.0,2345.15,0.23,360.0,3.89,1.0,4.0,0.0,0.5,0.0,22.5,236.0,62.0,491.15,0.35,40.1,7.4,52.4,14.0,45.0,872.5,0.8,0.4,393.15,0.16,28.5,1.585,0.0,11561.25029,0,40.0,9.355500785046932,0.0,37.5,40.0,1.4999999625000011,1.1199999720000007,84.07499790000004,112.57499718750007,0.4275362297113425,0.5724637652034807,-6.3,8.5,14.8,-5008.836624111605,1.5882351618470953,0.052378277349996206,0.03550160327788501,0.0005784892387779493,45.69795362056567,29.248738455728184,380.1072958427876
1.0,19.09188309,12.02081528,60.0,16.0,60.0,1.8,676.0,7.7,779.0,36.0,2345.15,0.23,360.0,3.89,1.0,4.0,0.0,0.5,0.0,22.5,236.0,62.0,491.15,0.35,40.1,7.4,52.4,14.0,45.0,872.5,0.8,0.4,393.15,0.16,28.5,1.585,0.0,29660.24111,0,40.0,10.297596459388277,0.0,30.0,40.0,1.4999999625000011,0.39999999000000025,24.059999400000017,90.05999775000006,0.2108307026817105,0.7891692885555835,-6.3,8.5,14.8,-4007.069299289284,1.5882351618470953,0.052378277349996206,0.03550160327788501,0.0005784892387779493,45.69795362056567,29.248738455728184,380.1072958427876
1.0,19.09188309,12.02081528,140.0,16.0,100.0,1.8,676.0,7.7,779.0,36.0,2345.15,0.23,360.0,3.89,1.0,4.0,0.0,0.5,0.0,22.5,236.0,62.0,491.15,0.35,40.1,7.4,52.4,14.0,45.0,872.5,0.8,0.4,393.15,0.16,28.5,1.585,0.0,3805.873447,0,40.0,8.244563513644515,-40.0,30.0,40.0,1.4999999625000011,0.39999999000000025,40.099999000000025,210.13999475000014,0.16024616304864273,0.8397538329551936,-6.3,8.5,14.8,-9349.828365008329,1.5882351618470953,0.052378277349996206,0.03550160327788501,0.0005784892387779493,45.69795362056567,29.248738455728184,380.1072958427876
1.0,19.09188309,12.02081528,150.0,25.0,125.0,1.8,676.0,7.7,779.0,36.0,2345.15,0.23,360.0,3.89,1.0,4.0,0.0,0.5,0.0,22.5,236.0,62.0,491.15,0.35,40.1,7.4,52.4,14.0,45.0,872.5,0.8,0.4,393.15,0.16,28.5,1.585,0.0,1960.51615,0,40.0,7.5814729991104866,-25.0,50.0,40.0,1.4999999625000011,0.6249999843750005,78.24999804687506,225.14999437500015,0.2579103485281527,0.7420896481758684,-6.3,8.5,14.8,-10017.67324822321,1.5882351618470953,0.052378277349996206,0.03550160327788501,0.0005784892387779493,45.69795362056567,29.248738455728184,380.1072958427876
1.0,19.09188309,12.02081528,100.0,15.0,60.0,1.8,676.0,7.7,779.0,36.0,2345.15,0.23,360.0,3.89,1.0,4.0,0.0,0.5,0.0,22.5,236.0,62.0,491.15,0.35,40.1,7.4,52.4,14.0,45.0,872.5,0.8,0.4,393.15,0.16,28.5,1.585,0.0,14568.90074,0,30.0,9.586713086537355,-40.0,10.0,30.0,1.9999999333333356,0.4999999833333339,30.05999900000003,200.09999333333357,0.1306047961014018,0.8693951995537945,-6.3,8.5,14.8,-6678.448832148806,1.5882351618470953,0.052378277349996206,0.03550160327788501,0.0005784892387779493,45.69795362056567,29.248738455728184,380.1072958427876
1.0,19.09188309,12.02081528,165.0,30.0,125.0,1.8,676.0,7.7,779.0,36.0,2345.15,0.23,360.0,3.89,1.0,1.0,0.0,0.5,0.0,20.9,230.0,62.0,490.15,0.38,37.0,7.3,45.2,14.0,45.0,872.5,0.8,0.4,393.15,0.16,28.5,1.585,0.0,1027.268698,0,60.0,6.935631791238904,-40.0,42.5,60.0,0.9999999833333336,0.4999999916666668,62.62499895833334,165.16499725000006,0.27492427115251,0.7250757244574816,-6.3,6.899999999999999,13.2,-11019.440573045531,1.5882351618470953,0.052378277349996206,0.036926742086404556,0.0005784892387779493,43.244456236025904,29.248738455728184,380.1072958427876
1.0,19.09188309,12.02081528,165.0,21.0,125.0,1.8,676.0,7.7,779.0,36.0,2345.15,0.23,360.0,3.89,1.0,1.0,0.0,0.5,0.0,20.9,230.0,62.0,490.15,0.38,37.0,7.3,45.2,14.0,45.0,872.5,0.8,0.4,393.15,0.16,28.5,1.585,0.0,1133.621245,0,42.0,7.034054169377836,-40.0,42.5,42.0,1.428571394557824,0.49999998809523843,62.6249985119048,235.87928010204095,0.20979598213096787,0.7902040145189964,-6.3,6.899999999999999,13.2,-11019.440573045531,1.5882351618470953,0.052378277349996206,0.036926742086404556,0.0005784892387779493,43.244456236025904,29.248738455728184,380.1072958427876
1.0,19.09188309,12.02081528,165.0,120.0,125.0,1.8,676.0,7.7,779.0,36.0,2345.15,0.23,360.0,3.89,1.0,1.0,0.0,0.5,0.0,20.9,230.0,62.0,490.15,0.38,37.0,7.3,45.2,14.0,45.0,872.5,0.8,0.4,393.15,0.16,28.5,1.585,0.0,700.4789442,0,240.0,6.553190883696463,-40.0,42.5,240.0,0.24999999895833333,0.49999999791666666,62.62499973958332,41.414999828125,0.6019319434627216,0.3980680469255907,-6.3,6.899999999999999,13.2,-11019.440573045531,1.5882351618470953,0.052378277349996206,0.036926742086404556,0.0005784892387779493,43.244456236025904,29.248738455728184,380.1072958427876
1.0,19.09188309,12.02081528,180.0,15.0,125.0,1.8,676.0,7.7,779.0,36.0,2345.15,0.23,360.0,3.89,1.0,1.0,0.0,0.5,0.0,20.9,230.0,62.0,490.15,0.38,37.0,7.3,45.2,14.0,45.0,872.5,0.8,0.4,393.15,0.16,28.5,1.585,0.0,1098.801842,0,30.0,7.002885298922284,-55.0,35.0,30.0,1.9999999333333356,0.4999999833333339,62.62499791666673,360.17998800000044,0.1481179263597707,0.8518820712750726,-6.3,6.899999999999999,13.2,-12021.207897867851,1.5882351618470953,0.052378277349996206,0.036926742086404556,0.0005784892387779493,43.244456236025904,29.248738455728184,380.1072958427876
1.0,19.09188309,12.02081528,100.0,15.0,100.0,1.8,676.0,7.7,779.0,36.0,2345.15,0.23,360.0,3.89,1.0,1.0,0.0,0.5,0.0,20.9,230.0,62.0,490.15,0.38,37.0,7.3,45.2,14.0,45.0,872.5,0.8,0.4,393.15,0.16,28.5,1.585,0.0,3952.723426,0,30.0,8.282413053383234,0.0,50.0,30.0,1.9999999333333356,0.4999999833333339,50.09999833333338,200.09999333333357,0.20023980736114538,0.7997601886420519,-6.3,6.899999999999999,13.2,-6678.448832148806,1.5882351618470953,0.052378277349996206,0.036926742086404556,0.0005784892387779493,43.244456236025904,29.248738455728184,380.1072958427876
1.0,19.09188309,12.02081528,100.0,38.65,100.0,1.8,676.0,7.7,779.0,36.0,2345.15,0.23,360.0,3.89,1.0,1.0,0.0,0.5,0.0,20.9,230.0,62.0,490.15,0.38,37.0,7.3,45.2,14.0,45.0,872.5,0.8,0.4,393.15,0.16,28.5,1.585,0.0,3043.421764,0,30.0,8.02106626523117,0.0,50.0,30.0,1.9999999333333356,1.2883332903888902,128.933329038889,200.09999333333357,0.3918549273899281,0.608145069570866,-6.3,6.899999999999999,13.2,-6678.448832148806,1.5882351618470953,0.052378277349996206,0.036926742086404556,0.0005784892387779493,43.244456236025904,29.248738455728184,380.1072958427876
1.0,19.09188309,12.02081528,100.0,20.0,100.0,1.8,676.0,7.7,779.0,36.0,2345.15,0.23,360.0,3.89,1.0,1.0,0.0,0.5,0.0,20.9,230.0,62.0,490.15,0.38,37.0,7.3,45.2,14.0,45.0,872.5,0.8,0.4,393.15,0.16,28.5,1.585,0.0,3650.802578,0,40.0,8.202976181655611,0.0,50.0,40.0,1.4999999625000011,0.49999998750000035,50.09999875000003,150.0999962500001,0.250249749005989,0.749750245999006,-6.3,6.899999999999999,13.2,-6678.448832148806,1.5882351618470953,0.052378277349996206,0.036926742086404556,0.0005784892387779493,43.244456236025904,29.248738455728184,380.1072958427876
1.0,19.09188309,12.02081528,100.0,47.3,100.0,1.8,676.0,7.7,779.0,36.0,2345.15,0.23,360.0,3.89,1.0,1.0,0.0,0.5,0.0,20.9,230.0,62.0,490.15,0.38,37.0,7.3,45.2,14.0,45.0,872.5,0.8,0.4,393.15,0.16,28.5,1.585,0.0,2878.300852,0,40.0,7.965302783936858,0.0,50.0,40.0,1.4999999625000011,1.1824999704375008,118.34999704375007,150.0999962500001,0.44086421888408067,0.5591357773908309,-6.3,6.899999999999999,13.2,-6678.448832148806,1.5882351618470953,0.052378277349996206,0.036926742086404556,0.0005784892387779493,43.244456236025904,29.248738455728184,380.1072958427876
1.0,19.09188309,12.02081528,100.0,79.6,100.0,1.8,676.0,7.7,779.0,36.0,2345.15,0.23,360.0,3.89,1.0,1.0,0.0,0.5,0.0,20.9,230.0,62.0,490.15,0.38,37.0,7.3,45.2,14.0,45.0,872.5,0.8,0.4,393.15,0.16,28.5,1.585,0.0,2492.875814,0,50.0,7.821593331094851,0.0,50.0,50.0,1.1999999760000006,1.5919999681600006,159.29999681600003,120.09999760000005,0.5701503200771978,0.42984967634370413,-6.3,6.899999999999999,13.2,-6678.448832148806,1.5882351618470953,0.052378277349996206,0.036926742086404556,0.0005784892387779493,43.244456236025904,29.248738455728184,380.1072958427876
1.0,19.09188309,12.02081528,100.0,30.0,100.0,1.8,676.0,7.7,779.0,36.0,2345.15,0.23,360.0,3.89,1.0,1.0,0.0,0.5,0.0,20.9,230.0,62.0,490.15,0.38,37.0,7.3,45.2,14.0,45.0,872.5,0.8,0.4,393.15,0.16,28.5,1.585,0.0,3264.013474,0,60.0,8.091019168501404,0.0,50.0,60.0,0.9999999833333336,0.4999999916666668,50.09999916666668,100.09999833333336,0.33355525743674797,0.6664447359054623,-6.3,6.899999999999999,13.2,-6678.448832148806,1.5882351618470953,0.052378277349996206,0.036926742086404556,0.0005784892387779493,43.244456236025904,29.248738455728184,380.1072958427876
1.0,19.09188309,12.02081528,100.0,40.0,100.0,1.8,676.0,7.7,779.0,36.0,2345.15,0.23,360.0,3.89,1.0,1.0,0.0,0.5,0.0,20.9,230.0,62.0,490.15,0.38,37.0,7.3,45.2,14.0,45.0,872.5,0.8,0.4,393.15,0.16,28.5,1.585,0.0,3014.698354,0,80.0,8.011586708873999,0.0,50.0,80.0,0.7499999906250001,0.4999999937500001,50.099999375,75.09999906250002,0.40015974121477516,0.5998402507980043,-6.3,6.899999999999999,13.2,-6678.448832148806,1.5882351618470953,0.052378277349996206,0.036926742086404556,0.0005784892387779493,43.244456236025904,29.248738455728184,380.1072958427876
1.0,19.09188309,12.02081528,100.0,47.3,100.0,1.8,676.0,7.7,779.0,36.0,2345.15,0.23,360.0,3.89,1.0,1.0,0.0,0.5,0.0,20.9,230.0,62.0,490.15,0.38,37.0,7.3,45.2,14.0,45.0,872.5,0.8,0.4,393.15,0.16,28.5,1.585,0.0,2878.300852,0,80.0,7.965302783936858,0.0,50.0,80.0,0.7499999906250001,0.591249992609375,59.22499926093751,75.09999906250002,0.44090824164704623,0.5590917509083233,-6.3,6.899999999999999,13.2,-6678.448832148806,1.5882351618470953,0.052378277349996206,0.036926742086404556,0.0005784892387779493,43.244456236025904,29.248738455728184,380.1072958427876
1.0,19.09188309,12.02081528,100.0,70.0,100.0,1.8,676.0,7.7,779.0,36.0,2345.15,0.23,360.0,3.89,1.0,1.0,0.0,0.5,0.0,20.9,230.0,62.0,490.15,0.38,37.0,7.3,45.2,14.0,45.0,872.5,0.8,0.4,393.15,0.16,28.5,1.585,0.0,2582.954493,0,90.0,7.857076253679304,0.0,50.0,90.0,0.6666666592592594,0.7777777691358025,77.87777691358025,66.76666592592593,0.5384083539357478,0.46159163915074775,-6.3,6.899999999999999,13.2,-6678.448832148806,1.5882351618470953,0.052378277349996206,0.036926742086404556,0.0005784892387779493,43.244456236025904,29.248738455728184,380.1072958427876
1.0,19.09188309,12.02081528,100.0,70.0,100.0,1.8,676.0,7.7,779.0,36.0,2345.15,0.23,360.0,3.89,1.0,1.0,0.0,0.5,0.0,20.9,230.0,62.0,490.15,0.38,37.0,7.3,45.2,14.0,45.0,872.5,0.8,0.4,393.15,0.16,28.5,1.585,0.0,2582.954493,0,100.0,7.857076253679304,0.0,50.0,100.0,0.599999994,0.699999993,70.09999930000001,60.0999994,0.5384024536215111,0.4615975386979974,-6.3,6.899999999999999,13.2,-6678.448832148806,1.5882351618470953,0.052378277349996206,0.036926742086404556,0.0005784892387779493,43.244456236025904,29.248738455728184,380.1072958427876
1.0,19.09188309,12.02081528,100.0,60.0,100.0,1.8,676.0,7.7,779.0,36.0,2345.15,0.23,360.0,3.89,1.0,1.0,0.0,0.5,0.0,20.9,230.0,62.0,490.15,0.38,37.0,7.3,45.2,14.0,45.0,872.5,0.8,0.4,393.15,0.16,28.5,1.585,0.0,2695.302152,0,120.0,7.899636539936331,0.0,50.0,120.0,0.4999999958333334,0.4999999958333334,50.09999958333333,50.09999958333333,0.49999999500998005,0.49999999500998005,-6.3,6.899999999999999,13.2,-6678.448832148806,1.5882351618470953,0.052378277349996206,0.036926742086404556,0.0005784892387779493,43.244456236025904,29.248738455728184,380.1072958427876
1.0,19.09188309,12.02081528,100.0,70.0,100.0,1.8,676.0,7.7,779.0,36.0,2345.15,0.23,360.0,3.89,1.0,1.0,0.0,0.5,0.0,20.9,230.0,62.0,490.15,0.38,37.0,7.3,45.2,14.0,45.0,872.5,0.8,0.4,393.15,0.16,28.5,1.585,0.0,2582.954493,0,140.0,7.857076253679304,0.0,50.0,140.0,0.4285714255102041,0.49999999642857146,50.09999964285714,42.95714255102041,0.5383788704804484,0.4616211187734663,-6.3,6.899999999999999,13.2,-6678.448832148806,1.5882351618470953,0.052378277349996206,0.036926742086404556,0.0005784892387779493,43.244456236025904,29.248738455728184,380.1072958427876
1.0,19.09188309,12.02081528,100.0,120.0,100.0,1.8,676.0,7.7,779.0,36.0,2345.15,0.23,360.0,3.89,1.0,1.0,0.0,0.5,0.0,20.9,230.0,62.0,490.15,0.38,37.0,7.3,45.2,14.0,45.0,872.5,0.8,0.4,393.15,0.16,28.5,1.585,0.0,2225.681281,0,240.0,7.708267541164396,0.0,50.0,240.0,0.24999999895833333,0.49999999791666666,50.09999979166666,25.09999989583333,0.6662233953941235,0.33377659130800436,-6.3,6.899999999999999,13.2,-6678.448832148806,1.5882351618470953,0.052378277349996206,0.036926742086404556,0.0005784892387779493,43.244456236025904,29.248738455728184,380.1072958427876
1.0,19.09188309,12.02081528,100.0,310.0,100.0,1.8,676.0,7.7,779.0,36.0,2345.15,0.23,360.0,3.89,1.0,1.0,0.0,0.5,0.0,20.9,230.0,62.0,490.15,0.38,37.0,7.3,45.2,14.0,45.0,872.5,0.8,0.4,393.15,0.16,28.5,1.585,0.0,1712.453287,0,720.0,7.446266079198089,0.0,50.0,720.0,0.08333333321759259,0.4305555549575617,43.15555549575617,8.433333321759259,0.8365280906103939,0.1634718900055876,-6.3,6.899999999999999,13.2,-6678.448832148806,1.5882351618470953,0.052378277349996206,0.036926742086404556,0.0005784892387779493,43.244456236025904,29.248738455728184,380.1072958427876
1.0,19.09188309,12.02081528,100.0,11.0,100.0,1.8,676.0,7.7,779.0,36.0,2345.15,0.23,360.0,3.89,1.0,1.0,0.0,0.5,0.0,20.9,230.0,62.0,490.15,0.38,37.0,7.3,45.2,14.0,45.0,872.5,0.8,0.4,393.15,0.16,28.5,1.585,0.0,4306.259266,1,,8.368057079666803,0.0,50.0,,,,0.1,142.9571394557824,0.0006990213818156743,0.9993009716279706,-6.3,6.899999999999999,13.2,-6678.448832148806,1.5882351618470953,0.052378277349996206,0.036926742086404556,0.0005784892387779493,43.244456236025904,29.248738455728184,380.1072958427876
1.0,19.09188309,12.02081528,100.0,31.0,100.0,1.8,676.0,7.7,779.0,36.0,2345.15,0.23,360.0,3.89,1.0,1.0,0.0,0.5,0.0,20.9,230.0,62.0,490.15,0.38,37.0,7.3,45.2,14.0,45.0,872.5,0.8,0.4,393.15,0.16,28.5,1.585,0.0,3234.586231,1,,8.08196540566435,0.0,50.0,,,,0.1,142.9571394557824,0.0006990213818156743,0.9993009716279706,-6.3,6.899999999999999,13.2,-6678.448832148806,1.5882351618470953,0.052378277349996206,0.036926742086404556,0.0005784892387779493,43.244456236025904,29.248738455728184,380.1072958427876
1.0,19.09188309,12.02081528,100.0,61.0,100.0,1.8,676.0,7.7,779.0,36.0,2345.15,0.23,360.0,3.89,1.0,1.0,0.0,0.5,0.0,20.9,230.0,62.0,490.15,0.38,37.0,7.3,45.2,14.0,45.0,872.5,0.8,0.4,393.15,0.16,28.5,1.585,0.0,2683.025084,1,,7.895072843800509,0.0,50.0,,,,0.1,142.9571394557824,0.0006990213818156743,0.9993009716279706,-6.3,6.899999999999999,13.2,-6678.448832148806,1.5882351618470953,0.052378277349996206,0.036926742086404556,0.0005784892387779493,43.244456236025904,29.248738455728184,380.1072958427876
1.0,19.09188309,12.02081528,125.0,44.8,100.0,1.8,676.0,7.7,779.0,36.0,2345.15,0.23,360.0,3.89,1.0,1.0,0.0,0.5,0.0,20.9,230.0,62.0,490.15,0.38,37.0,7.3,45.2,14.0,45.0,872.5,0.8,0.4,393.15,0.16,28.5,1.585,0.0,2125.191261,0,40.0,7.662087517696495,-25.0,37.5,40.0,1.4999999625000011,1.1199999720000007,112.09999720000006,187.62499531250012,0.3740095074698029,0.6259904891938053,-6.3,6.899999999999999,13.2,-8348.061040186009,1.5882351618470953,0.052378277349996206,0.036926742086404556,0.0005784892387779493,43.244456236025904,29.248738455728184,380.1072958427876
1.0,19.09188309,12.02081528,75.0,44.8,75.0,1.8,676.0,7.7,779.0,36.0,2345.15,0.23,360.0,3.89,1.0,1.0,0.0,0.5,0.0,20.9,230.0,62.0,490.15,0.38,37.0,7.3,45.2,14.0,45.0,872.5,0.8,0.4,393.15,0.16,28.5,1.585,0.0,7298.592206,0,40.0,8.895573763384352,0.0,37.5,40.0,1.4999999625000011,1.1199999720000007,84.07499790000004,112.57499718750007,0.4275362297113425,0.5724637652034807,-6.3,6.899999999999999,13.2,-5008.836624111605,1.5882351618470953,0.052378277349996206,0.036926742086404556,0.0005784892387779493,43.244456236025904,29.248738455728184,380.1072958427876
1.0,19.09188309,12.02081528,60.0,16.0,60.0,1.8,676.0,7.7,779.0,36.0,2345.15,0.23,360.0,3.89,1.0,1.0,0.0,0.5,0.0,20.9,230.0,62.0,490.15,0.38,37.0,7.3,45.2,14.0,45.0,872.5,0.8,0.4,393.15,0.16,28.5,1.585,0.0,18724.44581,0,40.0,9.837638616379712,0.0,30.0,40.0,1.4999999625000011,0.39999999000000025,24.059999400000017,90.05999775000006,0.2108307026817105,0.7891692885555835,-6.3,6.899999999999999,13.2,-4007.069299289284,1.5882351618470953,0.052378277349996206,0.036926742086404556,0.0005784892387779493,43.244456236025904,29.248738455728184,380.1072958427876
1.0,19.09188309,12.02081528,140.0,16.0,100.0,1.8,676.0,7.7,779.0,36.0,2345.15,0.23,360.0,3.89,1.0,1.0,0.0,0.5,0.0,20.9,230.0,62.0,490.15,0.38,37.0,7.3,45.2,14.0,45.0,872.5,0.8,0.4,393.15,0.16,28.5,1.585,0.0,2402.639643,0,40.0,7.784739385500663,-40.0,30.0,40.0,1.4999999625000011,0.39999999000000025,40.099999000000025,210.13999475000014,0.16024616304864273,0.8397538329551936,-6.3,6.899999999999999,13.2,-9349.828365008329,1.5882351618470953,0.052378277349996206,0.036926742086404556,0.0005784892387779493,43.244456236025904,29.248738455728184,380.1072958427876
1.0,19.09188309,12.02081528,150.0,25.0,125.0,1.8,676.0,7.7,779.0,36.0,2345.15,0.23,360.0,3.89,1.0,1.0,0.0,0.5,0.0,20.9,230.0,62.0,490.15,0.38,37.0,7.3,45.2,14.0,45.0,872.5,0.8,0.4,393.15,0.16,28.5,1.585,0.0,1237.669588,0,40.0,7.1217931697127845,-25.0,50.0,40.0,1.4999999625000011,0.6249999843750005,78.24999804687506,225.14999437500015,0.2579103485281527,0.7420896481758684,-6.3,6.899999999999999,13.2,-10017.67324822321,1.5882351618470953,0.052378277349996206,0.036926742086404556,0.0005784892387779493,43.244456236025904,29.248738455728184,380.1072958427876
1.0,19.09188309,12.02081528,100.0,15.0,60.0,1.8,676.0,7.7,779.0,36.0,2345.15,0.23,360.0,3.89,1.0,1.0,0.0,0.5,0.0,20.9,230.0,62.0,490.15,0.38,37.0,7.3,45.2,14.0,45.0,872.5,0.8,0.4,393.15,0.16,28.5,1.585,0.0,9197.315402,0,30.0,9.126775637792466,-40.0,10.0,30.0,1.9999999333333356,0.4999999833333339,30.05999900000003,200.09999333333357,0.1306047961014018,0.8693951995537945,-6.3,6.899999999999999,13.2,-6678.448832148806,1.5882351618470953,0.052378277349996206,0.036926742086404556,0.0005784892387779493,43.244456236025904,29.248738455728184,380.1072958427876
1.0,19.09188309,12.02081528,165.0,30.0,125.0,1.8,676.0,7.7,779.0,36.0,2345.15,0.23,360.0,3.89,1.0,3.0,0.0,0.5,0.0,20.7,232.0,58.0,490.15,0.36,41.6,7.37,50.0,14.0,45.0,872.5,0.8,0.4,393.15,0.16,28.5,1.585,0.0,1716.956297,0,60.0,7.448890663920292,-40.0,42.5,60.0,0.9999999833333336,0.4999999916666668,62.62499895833334,165.16499725000006,0.27492427115251,0.7250757244574816,-6.3,6.699999999999999,13.0,-11019.440573045531,1.5882351618470953,0.052378277349996206,0.03392130255818012,0.0005784892387779493,47.794062736600715,29.248738455728184,380.1072958427876
1.0,19.09188309,12.02081528,165.0,21.0,125.0,1.8,676.0,7.7,779.0,36.0,2345.15,0.23,360.0,3.89,1.0,3.0,0.0,0.5,0.0,20.7,232.0,58.0,490.15,0.36,41.6,7.37,50.0,14.0,45.0,872.5,0.8,0.4,393.15,0.16,28.5,1.585,0.0,1894.711811,0,42.0,7.547349672844315,-40.0,42.5,42.0,1.428571394557824,0.49999998809523843,62.6249985119048,235.87928010204095,0.20979598213096787,0.7902040145189964,-6.3,6.699999999999999,13.0,-11019.440573045531,1.5882351618470953,0.052378277349996206,0.03392130255818012,0.0005784892387779493,47.794062736600715,29.248738455728184,380.1072958427876
1.0,19.09188309,12.02081528,165.0,120.0,125.0,1.8,676.0,7.7,779.0,36.0,2345.15,0.23,360.0,3.89,1.0,3.0,0.0,0.5,0.0,20.7,232.0,58.0,490.15,0.36,41.6,7.37,50.0,14.0,45.0,872.5,0.8,0.4,393.15,0.16,28.5,1.585,0.0,1170.766457,0,240.0,7.066267681508967,-40.0,42.5,240.0,0.24999999895833333,0.49999999791666666,62.62499973958332,41.414999828125,0.6019319434627216,0.3980680469255907,-6.3,6.699999999999999,13.0,-11019.440573045531,1.5882351618470953,0.052378277349996206,0.03392130255818012,0.0005784892387779493,47.794062736600715,29.248738455728184,380.1072958427876
1.0,19.09188309,12.02081528,180.0,15.0,125.0,1.8,676.0,7.7,779.0,36.0,2345.15,0.23,360.0,3.89,1.0,3.0,0.0,0.5,0.0,20.7,232.0,58.0,490.15,0.36,41.6,7.37,50.0,14.0,45.0,872.5,0.8,0.4,393.15,0.16,28.5,1.585,0.0,1836.515359,0,30.0,7.516169589691514,-55.0,35.0,30.0,1.9999999333333356,0.4999999833333339,62.62499791666673,360.17998800000044,0.1481179263597707,0.8518820712750726,-6.3,6.699999999999999,13.0,-12021.207897867851,1.5882351618470953,0.052378277349996206,0.03392130255818012,0.0005784892387779493,47.794062736600715,29.248738455728184,380.1072958427876
1.0,19.09188309,12.02081528,100.0,15.0,100.0,1.8,676.0,7.7,779.0,36.0,2345.15,0.23,360.0,3.89,1.0,3.0,0.0,0.5,0.0,20.7,232.0,58.0,490.15,0.36,41.6,7.37,50.0,14.0,45.0,872.5,0.8,0.4,393.15,0.16,28.5,1.585,0.0,6606.502652,0,30.0,8.795961047840452,0.0,50.0,30.0,1.9999999333333356,0.4999999833333339,50.09999833333338,200.09999333333357,0.20023980736114538,0.7997601886420519,-6.3,6.699999999999999,13.0,-6678.448832148806,1.5882351618470953,0.052378277349996206,0.03392130255818012,0.0005784892387779493,47.794062736600715,29.248738455728184,380.1072958427876
1.0,19.09188309,12.02081528,100.0,38.65,100.0,1.8,676.0,7.7,779.0,36.0,2345.15,0.23,360.0,3.89,1.0,3.0,0.0,0.5,0.0,20.7,232.0,58.0,490.15,0.36,41.6,7.37,50.0,14.0,45.0,872.5,0.8,0.4,393.15,0.16,28.5,1.585,0.0,5086.714092,0,30.0,8.534583910831032,0.0,50.0,30.0,1.9999999333333356,1.2883332903888902,128.933329038889,200.09999333333357,0.3918549273899281,0.608145069570866,-6.3,6.699999999999999,13.0,-6678.448832148806,1.5882351618470953,0.052378277349996206,0.03392130255818012,0.0005784892387779493,47.794062736600715,29.248738455728184,380.1072958427876
1.0,19.09188309,12.02081528,100.0,20.0,100.0,1.8,676.0,7.7,779.0,36.0,2345.15,0.23,360.0,3.89,1.0,3.0,0.0,0.5,0.0,20.7,232.0,58.0,490.15,0.36,41.6,7.37,50.0,14.0,45.0,872.5,0.8,0.4,393.15,0.16,28.5,1.585,0.0,6101.878203,0,40.0,8.716515775438914,0.0,50.0,40.0,1.4999999625000011,0.49999998750000035,50.09999875000003,150.0999962500001,0.250249749005989,0.749750245999006,-6.3,6.699999999999999,13.0,-6678.448832148806,1.5882351618470953,0.052378277349996206,0.03392130255818012,0.0005784892387779493,47.794062736600715,29.248738455728184,380.1072958427876
1.0,19.09188309,12.02081528,100.0,47.3,100.0,1.8,676.0,7.7,779.0,36.0,2345.15,0.23,360.0,3.89,1.0,3.0,0.0,0.5,0.0,20.7,232.0,58.0,490.15,0.36,41.6,7.37,50.0,14.0,45.0,872.5,0.8,0.4,393.15,0.16,28.5,1.585,0.0,4810.734313,0,40.0,8.47881286214548,0.0,50.0,40.0,1.4999999625000011,1.1824999704375008,118.34999704375007,150.0999962500001,0.44086421888408067,0.5591357773908309,-6.3,6.699999999999999,13.0,-6678.448832148806,1.5882351618470953,0.052378277349996206,0.03392130255818012,0.0005784892387779493,47.794062736600715,29.248738455728184,380.1072958427876
1.0,19.09188309,12.02081528,100.0,79.6,100.0,1.8,676.0,7.7,779.0,36.0,2345.15,0.23,360.0,3.89,1.0,3.0,0.0,0.5,0.0,20.7,232.0,58.0,490.15,0.36,41.6,7.37,50.0,14.0,45.0,872.5,0.8,0.4,393.15,0.16,28.5,1.585,0.0,4166.542634,0,50.0,8.335081844686599,0.0,50.0,50.0,1.1999999760000006,1.5919999681600006,159.29999681600003,120.09999760000005,0.5701503200771978,0.42984967634370413,-6.3,6.699999999999999,13.0,-6678.448832148806,1.5882351618470953,0.052378277349996206,0.03392130255818012,0.0005784892387779493,47.794062736600715,29.248738455728184,380.1072958427876
1.0,19.09188309,12.02081528,100.0,30.0,100.0,1.8,676.0,7.7,779.0,36.0,2345.15,0.23,360.0,3.89,1.0,3.0,0.0,0.5,0.0,20.7,232.0,58.0,490.15,0.36,41.6,7.37,50.0,14.0,45.0,872.5,0.8,0.4,393.15,0.16,28.5,1.585,0.0,5455.406652,0,60.0,8.604545729737055,0.0,50.0,60.0,0.9999999833333336,0.4999999916666668,50.09999916666668,100.09999833333336,0.33355525743674797,0.6664447359054623,-6.3,6.699999999999999,13.0,-6678.448832148806,1.5882351618470953,0.052378277349996206,0.03392130255818012,0.0005784892387779493,47.794062736600715,29.248738455728184,380.1072958427876
1.0,19.09188309,12.02081528,100.0,40.0,100.0,1.8,676.0,7.7,779.0,36.0,2345.15,0.23,360.0,3.89,1.0,3.0,0.0,0.5,0.0,20.7,232.0,58.0,490.15,0.36,41.6,7.37,50.0,14.0,45.0,872.5,0.8,0.4,393.15,0.16,28.5,1.585,0.0,5038.706361,0,80.0,8.525103097661786,0.0,50.0,80.0,0.7499999906250001,0.4999999937500001,50.099999375,75.09999906250002,0.40015974121477516,0.5998402507980043,-6.3,6.699999999999999,13.0,-6678.448832148806,1.5882351618470953,0.052378277349996206,0.03392130255818012,0.0005784892387779493,47.794062736600715,29.248738455728184,380.1072958427876
1.0,19.09188309,12.02081528,100.0,47.3,100.0,1.8,676.0,7.7,779.0,36.0,2345.15,0.23,360.0,3.89,1.0,3.0,0.0,0.5,0.0,20.7,232.0,58.0,490.15,0.36,41.6,7.37,50.0,14.0,45.0,872.5,0.8,0.4,393.15,0.16,28.5,1.585,0.0,4810.734313,0,80.0,8.47881286214548,0.0,50.0,80.0,0.7499999906250001,0.591249992609375,59.22499926093751,75.09999906250002,0.44090824164704623,0.5590917509083233,-6.3,6.699999999999999,13.0,-6678.448832148806,1.5882351618470953,0.052378277349996206,0.03392130255818012,0.0005784892387779493,47.794062736600715,29.248738455728184,380.1072958427876
1.0,19.09188309,12.02081528,100.0,70.0,100.0,1.8,676.0,7.7,779.0,36.0,2345.15,0.23,360.0,3.89,1.0,3.0,0.0,0.5,0.0,20.7,232.0,58.0,490.15,0.36,41.6,7.37,50.0,14.0,45.0,872.5,0.8,0.4,393.15,0.16,28.5,1.585,0.0,4317.098331,0,90.0,8.370570383163775,0.0,50.0,90.0,0.6666666592592594,0.7777777691358025,77.87777691358025,66.76666592592593,0.5384083539357478,0.46159163915074775,-6.3,6.699999999999999,13.0,-6678.448832148806,1.5882351618470953,0.052378277349996206,0.03392130255818012,0.0005784892387779493,47.794062736600715,29.248738455728184,380.1072958427876
1.0,19.09188309,12.02081528,100.0,70.0,100.0,1.8,676.0,7.7,779.0,36.0,2345.15,0.23,360.0,3.89,1.0,3.0,0.0,0.5,0.0,20.7,232.0,58.0,490.15,0.36,41.6,7.37,50.0,14.0,45.0,872.5,0.8,0.4,393.15,0.16,28.5,1.585,0.0,4317.098331,0,100.0,8.370570383163775,0.0,50.0,100.0,0.599999994,0.699999993,70.09999930000001,60.0999994,0.5384024536215111,0.4615975386979974,-6.3,6.699999999999999,13.0,-6678.448832148806,1.5882351618470953,0.052378277349996206,0.03392130255818012,0.0005784892387779493,47.794062736600715,29.248738455728184,380.1072958427876
1.0,19.09188309,12.02081528,100.0,60.0,100.0,1.8,676.0,7.7,779.0,36.0,2345.15,0.23,360.0,3.89,1.0,3.0,0.0,0.5,0.0,20.7,232.0,58.0,490.15,0.36,41.6,7.37,50.0,14.0,45.0,872.5,0.8,0.4,393.15,0.16,28.5,1.585,0.0,4504.873955,0,120.0,8.413137147897883,0.0,50.0,120.0,0.4999999958333334,0.4999999958333334,50.09999958333333,50.09999958333333,0.49999999500998005,0.49999999500998005,-6.3,6.699999999999999,13.0,-6678.448832148806,1.5882351618470953,0.052378277349996206,0.03392130255818012,0.0005784892387779493,47.794062736600715,29.248738455728184,380.1072958427876
1.0,19.09188309,12.02081528,100.0,70.0,100.0,1.8,676.0,7.7,779.0,36.0,2345.15,0.23,360.0,3.89,1.0,3.0,0.0,0.5,0.0,20.7,232.0,58.0,490.15,0.36,41.6,7.37,50.0,14.0,45.0,872.5,0.8,0.4,393.15,0.16,28.5,1.585,0.0,4317.098331,0,140.0,8.370570383163775,0.0,50.0,140.0,0.4285714255102041,0.49999999642857146,50.09999964285714,42.95714255102041,0.5383788704804484,0.4616211187734663,-6.3,6.699999999999999,13.0,-6678.448832148806,1.5882351618470953,0.052378277349996206,0.03392130255818012,0.0005784892387779493,47.794062736600715,29.248738455728184,380.1072958427876
1.0,19.09188309,12.02081528,100.0,120.0,100.0,1.8,676.0,7.7,779.0,36.0,2345.15,0.23,360.0,3.89,1.0,3.0,0.0,0.5,0.0,20.7,232.0,58.0,490.15,0.36,41.6,7.37,50.0,14.0,45.0,872.5,0.8,0.4,393.15,0.16,28.5,1.585,0.0,3719.959051,0,240.0,8.22173672344866,0.0,50.0,240.0,0.24999999895833333,0.49999999791666666,50.09999979166666,25.09999989583333,0.6662233953941235,0.33377659130800436,-6.3,6.699999999999999,13.0,-6678.448832148806,1.5882351618470953,0.052378277349996206,0.03392130255818012,0.0005784892387779493,47.794062736600715,29.248738455728184,380.1072958427876
1.0,19.09188309,12.02081528,100.0,310.0,100.0,1.8,676.0,7.7,779.0,36.0,2345.15,0.23,360.0,3.89,1.0,3.0,0.0,0.5,0.0,20.7,232.0,58.0,490.15,0.36,41.6,7.37,50.0,14.0,45.0,872.5,0.8,0.4,393.15,0.16,28.5,1.585,0.0,2862.160077,0,720.0,7.959681215864803,0.0,50.0,720.0,0.08333333321759259,0.4305555549575617,43.15555549575617,8.433333321759259,0.8365280906103939,0.1634718900055876,-6.3,6.699999999999999,13.0,-6678.448832148806,1.5882351618470953,0.052378277349996206,0.03392130255818012,0.0005784892387779493,47.794062736600715,29.248738455728184,380.1072958427876
1.0,19.09188309,12.02081528,100.0,11.0,100.0,1.8,676.0,7.7,779.0,36.0,2345.15,0.23,360.0,3.89,1.0,3.0,0.0,0.5,0.0,20.7,232.0,58.0,490.15,0.36,41.6,7.37,50.0,14.0,45.0,872.5,0.8,0.4,393.15,0.16,28.5,1.585,0.0,7197.395364,1,,8.881613414054693,0.0,50.0,,,,0.1,142.9571394557824,0.0006990213818156743,0.9993009716279706,-6.3,6.699999999999999,13.0,-6678.448832148806,1.5882351618470953,0.052378277349996206,0.03392130255818012,0.0005784892387779493,47.794062736600715,29.248738455728184,380.1072958427876
1.0,19.09188309,12.02081528,100.0,31.0,100.0,1.8,676.0,7.7,779.0,36.0,2345.15,0.23,360.0,3.89,1.0,3.0,0.0,0.5,0.0,20.7,232.0,58.0,490.15,0.36,41.6,7.37,50.0,14.0,45.0,872.5,0.8,0.4,393.15,0.16,28.5,1.585,0.0,5406.222549,1,,8.595490847957949,0.0,50.0,,,,0.1,142.9571394557824,0.0006990213818156743,0.9993009716279706,-6.3,6.699999999999999,13.0,-6678.448832148806,1.5882351618470953,0.052378277349996206,0.03392130255818012,0.0005784892387779493,47.794062736600715,29.248738455728184,380.1072958427876
1.0,19.09188309,12.02081528,100.0,61.0,100.0,1.8,676.0,7.7,779.0,36.0,2345.15,0.23,360.0,3.89,1.0,3.0,0.0,0.5,0.0,20.7,232.0,58.0,490.15,0.36,41.6,7.37,50.0,14.0,45.0,872.5,0.8,0.4,393.15,0.16,28.5,1.585,0.0,4484.35431,1,,8.408572770257821,0.0,50.0,,,,0.1,142.9571394557824,0.0006990213818156743,0.9993009716279706,-6.3,6.699999999999999,13.0,-6678.448832148806,1.5882351618470953,0.052378277349996206,0.03392130255818012,0.0005784892387779493,47.794062736600715,29.248738455728184,380.1072958427876
1.0,19.09188309,12.02081528,125.0,44.8,100.0,1.8,676.0,7.7,779.0,36.0,2345.15,0.23,360.0,3.89,1.0,3.0,0.0,0.5,0.0,20.7,232.0,58.0,490.15,0.36,41.6,7.37,50.0,14.0,45.0,872.5,0.8,0.4,393.15,0.16,28.5,1.585,0.0,3552.002047,0,40.0,8.175548172153706,-25.0,37.5,40.0,1.4999999625000011,1.1199999720000007,112.09999720000006,187.62499531250012,0.3740095074698029,0.6259904891938053,-6.3,6.699999999999999,13.0,-8348.061040186009,1.5882351618470953,0.052378277349996206,0.03392130255818012,0.0005784892387779493,47.794062736600715,29.248738455728184,380.1072958427876
1.0,19.09188309,12.02081528,75.0,44.8,75.0,1.8,676.0,7.7,779.0,36.0,2345.15,0.23,360.0,3.89,1.0,3.0,0.0,0.5,0.0,20.7,232.0,58.0,490.15,0.36,41.6,7.37,50.0,14.0,45.0,872.5,0.8,0.4,393.15,0.16,28.5,1.585,0.0,12198.72062,0,40.0,9.409168330459138,0.0,37.5,40.0,1.4999999625000011,1.1199999720000007,84.07499790000004,112.57499718750007,0.4275362297113425,0.5724637652034807,-6.3,6.699999999999999,13.0,-5008.836624111605,1.5882351618470953,0.052378277349996206,0.03392130255818012,0.0005784892387779493,47.794062736600715,29.248738455728184,380.1072958427876
1.0,19.09188309,12.02081528,60.0,16.0,60.0,1.8,676.0,7.7,779.0,36.0,2345.15,0.23,360.0,3.89,1.0,3.0,0.0,0.5,0.0,20.7,232.0,58.0,490.15,0.36,41.6,7.37,50.0,14.0,45.0,872.5,0.8,0.4,393.15,0.16,28.5,1.585,0.0,31295.66316,0,40.0,10.351266762538465,0.0,30.0,40.0,1.4999999625000011,0.39999999000000025,24.059999400000017,90.05999775000006,0.2108307026817105,0.7891692885555835,-6.3,6.699999999999999,13.0,-4007.069299289284,1.5882351618470953,0.052378277349996206,0.03392130255818012,0.0005784892387779493,47.794062736600715,29.248738455728184,380.1072958427876
1.0,19.09188309,12.02081528,140.0,16.0,100.0,1.8,676.0,7.7,779.0,36.0,2345.15,0.23,360.0,3.89,1.0,3.0,0.0,0.5,0.0,20.7,232.0,58.0,490.15,0.36,41.6,7.37,50.0,14.0,45.0,872.5,0.8,0.4,393.15,0.16,28.5,1.585,0.0,4015.723707,0,40.0,8.298221851062722,-40.0,30.0,40.0,1.4999999625000011,0.39999999000000025,40.099999000000025,210.13999475000014,0.16024616304864273,0.8397538329551936,-6.3,6.699999999999999,13.0,-9349.828365008329,1.5882351618470953,0.052378277349996206,0.03392130255818012,0.0005784892387779493,47.794062736600715,29.248738455728184,380.1072958427876
1.0,19.09188309,12.02081528,150.0,25.0,125.0,1.8,676.0,7.7,779.0,36.0,2345.15,0.23,360.0,3.89,1.0,3.0,0.0,0.5,0.0,20.7,232.0,58.0,490.15,0.36,41.6,7.37,50.0,14.0,45.0,872.5,0.8,0.4,393.15,0.16,28.5,1.585,0.0,2068.616125,0,40.0,7.635118422202116,-25.0,50.0,40.0,1.4999999625000011,0.6249999843750005,78.24999804687506,225.14999437500015,0.2579103485281527,0.7420896481758684,-6.3,6.699999999999999,13.0,-10017.67324822321,1.5882351618470953,0.052378277349996206,0.03392130255818012,0.0005784892387779493,47.794062736600715,29.248738455728184,380.1072958427876
1.0,19.09188309,12.02081528,100.0,15.0,60.0,1.8,676.0,7.7,779.0,36.0,2345.15,0.23,360.0,3.89,1.0,3.0,0.0,0.5,0.0,20.7,232.0,58.0,490.15,0.36,41.6,7.37,50.0,14.0,45.0,872.5,0.8,0.4,393.15,0.16,28.5,1.585,0.0,15372.20849,0,30.0,9.640381564910012,-40.0,10.0,30.0,1.9999999333333356,0.4999999833333339,30.05999900000003,200.09999333333357,0.1306047961014018,0.8693951995537945,-6.3,6.699999999999999,13.0,-6678.448832148806,1.5882351618470953,0.052378277349996206,0.03392130255818012,0.0005784892387779493,47.794062736600715,29.248738455728184,380.1072958427876
1.0,19.09188309,12.02081528,165.0,30.0,125.0,1.8,676.0,7.7,779.0,36.0,2345.15,0.23,360.0,3.89,1.0,3.5,0.0,0.0,0.0,30.0,234.0,62.8,494.15,0.36,44.1,7.4,39.0,14.0,45.0,872.5,0.8,0.4,393.15,0.16,28.5,1.585,0.0,1598.063193,0,60.0,7.37717323237825,-40.0,42.5,60.0,0.9999999833333336,0.4999999916666668,62.62499895833334,165.16499725000006,0.27492427115251,0.7250757244574816,-6.3,16.0,22.3,-11019.440573045531,1.5882351618470953,0.052378277349996206,0.036267036246092024,0.0005784892387779493,50.6663020837522,29.248738455728184,380.1072958427876
1.0,19.09188309,12.02081528,165.0,21.0,125.0,1.8,676.0,7.7,779.0,36.0,2345.15,0.23,360.0,3.89,1.0,3.5,0.0,0.0,0.0,30.0,234.0,62.8,494.15,0.36,44.1,7.4,39.0,14.0,45.0,872.5,0.8,0.4,393.15,0.16,28.5,1.585,0.0,1763.509771,0,42.0,7.475628180646039,-40.0,42.5,42.0,1.428571394557824,0.49999998809523843,62.6249985119048,235.87928010204095,0.20979598213096787,0.7902040145189964,-6.3,16.0,22.3,-11019.440573045531,1.5882351618470953,0.052378277349996206,0.036267036246092024,0.0005784892387779493,50.6663020837522,29.248738455728184,380.1072958427876
1.0,19.09188309,12.02081528,165.0,120.0,125.0,1.8,676.0,7.7,779.0,36.0,2345.15,0.23,360.0,3.89,1.0,3.5,0.0,0.0,0.0,30.0,234.0,62.8,494.15,0.36,44.1,7.4,39.0,14.0,45.0,872.5,0.8,0.4,393.15,0.16,28.5,1.585,0.0,1089.695053,0,240.0,6.994570435305084,-40.0,42.5,240.0,0.24999999895833333,0.49999999791666666,62.62499973958332,41.414999828125,0.6019319434627216,0.3980680469255907,-6.3,16.0,22.3,-11019.440573045531,1.5882351618470953,0.052378277349996206,0.036267036246092024,0.0005784892387779493,50.6663020837522,29.248738455728184,380.1072958427876
1.0,19.09188309,12.02081528,180.0,15.0,125.0,1.8,676.0,7.7,779.0,36.0,2345.15,0.23,360.0,3.89,1.0,3.5,0.0,0.0,0.0,30.0,234.0,62.8,494.15,0.36,44.1,7.4,39.0,14.0,45.0,872.5,0.8,0.4,393.15,0.16,28.5,1.585,0.0,1709.343216,0,30.0,7.4444493404680365,-55.0,35.0,30.0,1.9999999333333356,0.4999999833333339,62.62499791666673,360.17998800000044,0.1481179263597707,0.8518820712750726,-6.3,16.0,22.3,-12021.207897867851,1.5882351618470953,0.052378277349996206,0.036267036246092024,0.0005784892387779493,50.6663020837522,29.248738455728184,380.1072958427876
1.0,19.09188309,12.02081528,100.0,15.0,100.0,1.8,676.0,7.7,779.0,36.0,2345.15,0.23,360.0,3.89,1.0,3.5,0.0,0.0,0.0,30.0,234.0,62.8,494.15,0.36,44.1,7.4,39.0,14.0,45.0,872.5,0.8,0.4,393.15,0.16,28.5,1.585,0.0,6149.02589,0,30.0,8.7242115705478,0.0,50.0,30.0,1.9999999333333356,0.4999999833333339,50.09999833333338,200.09999333333357,0.20023980736114538,0.7997601886420519,-6.3,16.0,22.3,-6678.448832148806,1.5882351618470953,0.052378277349996206,0.036267036246092024,0.0005784892387779493,50.6663020837522,29.248738455728184,380.1072958427876
1.0,19.09188309,12.02081528,100.0,38.65,100.0,1.8,676.0,7.7,779.0,36.0,2345.15,0.23,360.0,3.89,1.0,3.5,0.0,0.0,0.0,30.0,234.0,62.8,494.15,0.36,44.1,7.4,39.0,14.0,45.0,872.5,0.8,0.4,393.15,0.16,28.5,1.585,0.0,4734.477271,0,30.0,8.462837796950277,0.0,50.0,30.0,1.9999999333333356,1.2883332903888902,128.933329038889,200.09999333333357,0.3918549273899281,0.608145069570866,-6.3,16.0,22.3,-6678.448832148806,1.5882351618470953,0.052378277349996206,0.036267036246092024,0.0005784892387779493,50.6663020837522,29.248738455728184,380.1072958427876
1.0,19.09188309,12.02081528,100.0,20.0,100.0,1.8,676.0,7.7,779.0,36.0,2345.15,0.23,360.0,3.89,1.0,3.5,0.0,0.0,0.0,30.0,234.0,62.8,494.15,0.36,44.1,7.4,39.0,14.0,45.0,872.5,0.8,0.4,393.15,0.16,28.5,1.585,0.0,5679.344886,0,40.0,8.644767229238047,0.0,50.0,40.0,1.4999999625000011,0.49999998750000035,50.09999875000003,150.0999962500001,0.250249749005989,0.749750245999006,-6.3,16.0,22.3,-6678.448832148806,1.5882351618470953,0.052378277349996206,0.036267036246092024,0.0005784892387779493,50.6663020837522,29.248738455728184,380.1072958427876
1.0,19.09188309,12.02081528,100.0,47.3,100.0,1.8,676.0,7.7,779.0,36.0,2345.15,0.23,360.0,3.89,1.0,3.5,0.0,0.0,0.0,30.0,234.0,62.8,494.15,0.36,44.1,7.4,39.0,14.0,45.0,872.5,0.8,0.4,393.15,0.16,28.5,1.585,0.0,4477.608108,0,40.0,8.407067586956266,0.0,50.0,40.0,1.4999999625000011,1.1824999704375008,118.34999704375007,150.0999962500001,0.44086421888408067,0.5591357773908309,-6.3,16.0,22.3,-6678.448832148806,1.5882351618470953,0.052378277349996206,0.036267036246092024,0.0005784892387779493,50.6663020837522,29.248738455728184,380.1072958427876
1.0,19.09188309,12.02081528,100.0,79.6,100.0,1.8,676.0,7.7,779.0,36.0,2345.15,0.23,360.0,3.89,1.0,3.5,0.0,0.0,0.0,30.0,234.0,62.8,494.15,0.36,44.1,7.4,39.0,14.0,45.0,872.5,0.8,0.4,393.15,0.16,28.5,1.585,0.0,3878.024407,0,50.0,8.263338959505761,0.0,50.0,50.0,1.1999999760000006,1.5919999681600006,159.29999681600003,120.09999760000005,0.5701503200771978,0.42984967634370413,-6.3,16.0,22.3,-6678.448832148806,1.5882351618470953,0.052378277349996206,0.036267036246092024,0.0005784892387779493,50.6663020837522,29.248738455728184,380.1072958427876
1.0,19.09188309,12.02081528,100.0,30.0,100.0,1.8,676.0,7.7,779.0,36.0,2345.15,0.23,360.0,3.89,1.0,3.5,0.0,0.0,0.0,30.0,234.0,62.8,494.15,0.36,44.1,7.4,39.0,14.0,45.0,872.5,0.8,0.4,393.15,0.16,28.5,1.585,0.0,5077.639185,0,60.0,8.532798627718579,0.0,50.0,60.0,0.9999999833333336,0.4999999916666668,50.09999916666668,100.09999833333336,0.33355525743674797,0.6664447359054623,-6.3,16.0,22.3,-6678.448832148806,1.5882351618470953,0.052378277349996206,0.036267036246092024,0.0005784892387779493,50.6663020837522,29.248738455728184,380.1072958427876
1.0,19.09188309,12.02081528,100.0,40.0,100.0,1.8,676.0,7.7,779.0,36.0,2345.15,0.23,360.0,3.89,1.0,3.5,0.0,0.0,0.0,30.0,234.0,62.8,494.15,0.36,44.1,7.4,39.0,14.0,45.0,872.5,0.8,0.4,393.15,0.16,28.5,1.585,0.0,4689.793904,0,80.0,8.45335712302096,0.0,50.0,80.0,0.7499999906250001,0.4999999937500001,50.099999375,75.09999906250002,0.40015974121477516,0.5998402507980043,-6.3,16.0,22.3,-6678.448832148806,1.5882351618470953,0.052378277349996206,0.036267036246092024,0.0005784892387779493,50.6663020837522,29.248738455728184,380.1072958427876
1.0,19.09188309,12.02081528,100.0,47.3,100.0,1.8,676.0,7.7,779.0,36.0,2345.15,0.23,360.0,3.89,1.0,3.5,0.0,0.0,0.0,30.0,234.0,62.8,494.15,0.36,44.1,7.4,39.0,14.0,45.0,872.5,0.8,0.4,393.15,0.16,28.5,1.585,0.0,4477.608108,0,80.0,8.407067586956266,0.0,50.0,80.0,0.7499999906250001,0.591249992609375,59.22499926093751,75.09999906250002,0.44090824164704623,0.5590917509083233,-6.3,16.0,22.3,-6678.448832148806,1.5882351618470953,0.052378277349996206,0.036267036246092024,0.0005784892387779493,50.6663020837522,29.248738455728184,380.1072958427876
1.0,19.09188309,12.02081528,100.0,70.0,100.0,1.8,676.0,7.7,779.0,36.0,2345.15,0.23,360.0,3.89,1.0,3.5,0.0,0.0,0.0,30.0,234.0,62.8,494.15,0.36,44.1,7.4,39.0,14.0,45.0,872.5,0.8,0.4,393.15,0.16,28.5,1.585,0.0,4018.154659,0,90.0,8.298826875669477,0.0,50.0,90.0,0.6666666592592594,0.7777777691358025,77.87777691358025,66.76666592592593,0.5384083539357478,0.46159163915074775,-6.3,16.0,22.3,-6678.448832148806,1.5882351618470953,0.052378277349996206,0.036267036246092024,0.0005784892387779493,50.6663020837522,29.248738455728184,380.1072958427876
1.0,19.09188309,12.02081528,100.0,70.0,100.0,1.8,676.0,7.7,779.0,36.0,2345.15,0.23,360.0,3.89,1.0,3.5,0.0,0.0,0.0,30.0,234.0,62.8,494.15,0.36,44.1,7.4,39.0,14.0,45.0,872.5,0.8,0.4,393.15,0.16,28.5,1.585,0.0,4018.154659,0,100.0,8.298826875669477,0.0,50.0,100.0,0.599999994,0.699999993,70.09999930000001,60.0999994,0.5384024536215111,0.4615975386979974,-6.3,16.0,22.3,-6678.448832148806,1.5882351618470953,0.052378277349996206,0.036267036246092024,0.0005784892387779493,50.6663020837522,29.248738455728184,380.1072958427876
1.0,19.09188309,12.02081528,100.0,60.0,100.0,1.8,676.0,7.7,779.0,36.0,2345.15,0.23,360.0,3.89,1.0,3.5,0.0,0.0,0.0,30.0,234.0,62.8,494.15,0.36,44.1,7.4,39.0,14.0,45.0,872.5,0.8,0.4,393.15,0.16,28.5,1.585,0.0,4192.92749,0,120.0,8.341392922328145,0.0,50.0,120.0,0.4999999958333334,0.4999999958333334,50.09999958333333,50.09999958333333,0.49999999500998005,0.49999999500998005,-6.3,16.0,22.3,-6678.448832148806,1.5882351618470953,0.052378277349996206,0.036267036246092024,0.0005784892387779493,50.6663020837522,29.248738455728184,380.1072958427876
1.0,19.09188309,12.02081528,100.0,70.0,100.0,1.8,676.0,7.7,779.0,36.0,2345.15,0.23,360.0,3.89,1.0,3.5,0.0,0.0,0.0,30.0,234.0,62.8,494.15,0.36,44.1,7.4,39.0,14.0,45.0,872.5,0.8,0.4,393.15,0.16,28.5,1.585,0.0,4018.154659,0,140.0,8.298826875669477,0.0,50.0,140.0,0.4285714255102041,0.49999999642857146,50.09999964285714,42.95714255102041,0.5383788704804484,0.4616211187734663,-6.3,16.0,22.3,-6678.448832148806,1.5882351618470953,0.052378277349996206,0.036267036246092024,0.0005784892387779493,50.6663020837522,29.248738455728184,380.1072958427876
1.0,19.09188309,12.02081528,100.0,120.0,100.0,1.8,676.0,7.7,779.0,36.0,2345.15,0.23,360.0,3.89,1.0,3.5,0.0,0.0,0.0,30.0,234.0,62.8,494.15,0.36,44.1,7.4,39.0,14.0,45.0,872.5,0.8,0.4,393.15,0.16,28.5,1.585,0.0,3462.365146,0,240.0,8.149995980946018,0.0,50.0,240.0,0.24999999895833333,0.49999999791666666,50.09999979166666,25.09999989583333,0.6662233953941235,0.33377659130800436,-6.3,16.0,22.3,-6678.448832148806,1.5882351618470953,0.052378277349996206,0.036267036246092024,0.0005784892387779493,50.6663020837522,29.248738455728184,380.1072958427876
1.0,19.09188309,12.02081528,100.0,310.0,100.0,1.8,676.0,7.7,779.0,36.0,2345.15,0.23,360.0,3.89,1.0,3.5,0.0,0.0,0.0,30.0,234.0,62.8,494.15,0.36,44.1,7.4,39.0,14.0,45.0,872.5,0.8,0.4,393.15,0.16,28.5,1.585,0.0,2663.965693,0,720.0,7.887946463346353,0.0,50.0,720.0,0.08333333321759259,0.4305555549575617,43.15555549575617,8.433333321759259,0.8365280906103939,0.1634718900055876,-6.3,16.0,22.3,-6678.448832148806,1.5882351618470953,0.052378277349996206,0.036267036246092024,0.0005784892387779493,50.6663020837522,29.248738455728184,380.1072958427876
1.0,19.09188309,12.02081528,100.0,11.0,100.0,1.8,676.0,7.7,779.0,36.0,2345.15,0.23,360.0,3.89,1.0,3.5,0.0,0.0,0.0,30.0,234.0,62.8,494.15,0.36,44.1,7.4,39.0,14.0,45.0,872.5,0.8,0.4,393.15,0.16,28.5,1.585,0.0,6699.001388,1,,8.809863012543214,0.0,50.0,,,,0.1,142.9571394557824,0.0006990213818156743,0.9993009716279706,-6.3,16.0,22.3,-6678.448832148806,1.5882351618470953,0.052378277349996206,0.036267036246092024,0.0005784892387779493,50.6663020837522,29.248738455728184,380.1072958427876
1.0,19.09188309,12.02081528,100.0,31.0,100.0,1.8,676.0,7.7,779.0,36.0,2345.15,0.23,360.0,3.89,1.0,3.5,0.0,0.0,0.0,30.0,234.0,62.8,494.15,0.36,44.1,7.4,39.0,14.0,45.0,872.5,0.8,0.4,393.15,0.16,28.5,1.585,0.0,5031.860906,1,,8.523743869994705,0.0,50.0,,,,0.1,142.9571394557824,0.0006990213818156743,0.9993009716279706,-6.3,16.0,22.3,-6678.448832148806,1.5882351618470953,0.052378277349996206,0.036267036246092024,0.0005784892387779493,50.6663020837522,29.248738455728184,380.1072958427876
1.0,19.09188309,12.02081528,100.0,61.0,100.0,1.8,676.0,7.7,779.0,36.0,2345.15,0.23,360.0,3.89,1.0,3.5,0.0,0.0,0.0,30.0,234.0,62.8,494.15,0.36,44.1,7.4,39.0,14.0,45.0,872.5,0.8,0.4,393.15,0.16,28.5,1.585,0.0,4173.828757,1,,8.33682862015634,0.0,50.0,,,,0.1,142.9571394557824,0.0006990213818156743,0.9993009716279706,-6.3,16.0,22.3,-6678.448832148806,1.5882351618470953,0.052378277349996206,0.036267036246092024,0.0005784892387779493,50.6663020837522,29.248738455728184,380.1072958427876
1.0,19.09188309,12.02081528,125.0,44.8,100.0,1.8,676.0,7.7,779.0,36.0,2345.15,0.23,360.0,3.89,1.0,3.5,0.0,0.0,0.0,30.0,234.0,62.8,494.15,0.36,44.1,7.4,39.0,14.0,45.0,872.5,0.8,0.4,393.15,0.16,28.5,1.585,0.0,3306.038565,0,40.0,8.103808374540648,-25.0,37.5,40.0,1.4999999625000011,1.1199999720000007,112.09999720000006,187.62499531250012,0.3740095074698029,0.6259904891938053,-6.3,16.0,22.3,-8348.061040186009,1.5882351618470953,0.052378277349996206,0.036267036246092024,0.0005784892387779493,50.6663020837522,29.248738455728184,380.1072958427876
1.0,19.09188309,12.02081528,75.0,44.8,75.0,1.8,676.0,7.7,779.0,36.0,2345.15,0.23,360.0,3.89,1.0,3.5,0.0,0.0,0.0,30.0,234.0,62.8,494.15,0.36,44.1,7.4,39.0,14.0,45.0,872.5,0.8,0.4,393.15,0.16,28.5,1.585,0.0,11354.0027,0,40.0,9.337413692320343,0.0,37.5,40.0,1.4999999625000011,1.1199999720000007,84.07499790000004,112.57499718750007,0.4275362297113425,0.5724637652034807,-6.3,16.0,22.3,-5008.836624111605,1.5882351618470953,0.052378277349996206,0.036267036246092024,0.0005784892387779493,50.6663020837522,29.248738455728184,380.1072958427876
1.0,19.09188309,12.02081528,60.0,16.0,60.0,1.8,676.0,7.7,779.0,36.0,2345.15,0.23,360.0,3.89,1.0,3.5,0.0,0.0,0.0,30.0,234.0,62.8,494.15,0.36,44.1,7.4,39.0,14.0,45.0,872.5,0.8,0.4,393.15,0.16,28.5,1.585,0.0,29128.55003,0,40.0,10.27950840287228,0.0,30.0,40.0,1.4999999625000011,0.39999999000000025,24.059999400000017,90.05999775000006,0.2108307026817105,0.7891692885555835,-6.3,16.0,22.3,-4007.069299289284,1.5882351618470953,0.052378277349996206,0.036267036246092024,0.0005784892387779493,50.6663020837522,29.248738455728184,380.1072958427876
1.0,19.09188309,12.02081528,140.0,16.0,100.0,1.8,676.0,7.7,779.0,36.0,2345.15,0.23,360.0,3.89,1.0,3.5,0.0,0.0,0.0,30.0,234.0,62.8,494.15,0.36,44.1,7.4,39.0,14.0,45.0,872.5,0.8,0.4,393.15,0.16,28.5,1.585,0.0,3737.649153,0,40.0,8.226479636126673,-40.0,30.0,40.0,1.4999999625000011,0.39999999000000025,40.099999000000025,210.13999475000014,0.16024616304864273,0.8397538329551936,-6.3,16.0,22.3,-9349.828365008329,1.5882351618470953,0.052378277349996206,0.036267036246092024,0.0005784892387779493,50.6663020837522,29.248738455728184,380.1072958427876
1.0,19.09188309,12.02081528,150.0,25.0,125.0,1.8,676.0,7.7,779.0,36.0,2345.15,0.23,360.0,3.89,1.0,3.5,0.0,0.0,0.0,30.0,234.0,62.8,494.15,0.36,44.1,7.4,39.0,14.0,45.0,872.5,0.8,0.4,393.15,0.16,28.5,1.585,0.0,1925.371832,0,40.0,7.563393632914575,-25.0,50.0,40.0,1.4999999625000011,0.6249999843750005,78.24999804687506,225.14999437500015,0.2579103485281527,0.7420896481758684,-6.3,16.0,22.3,-10017.67324822321,1.5882351618470953,0.052378277349996206,0.036267036246092024,0.0005784892387779493,50.6663020837522,29.248738455728184,380.1072958427876
1.0,19.09188309,12.02081528,100.0,15.0,60.0,1.8,676.0,7.7,779.0,36.0,2345.15,0.23,360.0,3.89,1.0,3.5,0.0,0.0,0.0,30.0,234.0,62.8,494.15,0.36,44.1,7.4,39.0,14.0,45.0,872.5,0.8,0.4,393.15,0.16,28.5,1.585,0.0,14307.73784,0,30.0,9.568625667402674,-40.0,10.0,30.0,1.9999999333333356,0.4999999833333339,30.05999900000003,200.09999333333357,0.1306047961014018,0.8693951995537945,-6.3,16.0,22.3,-6678.448832148806,1.5882351618470953,0.052378277349996206,0.036267036246092024,0.0005784892387779493,50.6663020837522,29.248738455728184,380.1072958427876
1.0,23.33720206,7.399913851,165.0,30.0,125.0,2.3622,960.0,2.62,700.0,148.0,1693.15,0.22,159.0,2.33,1.0,3.0,3.0,0.5,0.5,20.7,232.0,58.0,490.15,0.36,41.6,7.38,50.0,7.7,7.7,779.0,36.0,36.0,2072.0,0.23,360.0,3890.0,1.0,420.9867845,0,60.0,6.0449739971949334,-40.0,42.5,60.0,0.9999999833333336,0.4999999916666668,62.62499895833334,165.16499725000006,0.27492427115251,0.7250757244574816,-5.08,13.0,18.08,-8277.438543793163,3.1537122426275332,0.042850036374496026,0.033875338733602385,1.1879972676058925e-05,47.794062736600715,380.1072958427876,167.08683576414904
1.0,23.33720206,7.399913851,165.0,21.0,125.0,2.3622,960.0,2.62,700.0,148.0,1693.15,0.22,159.0,2.33,1.0,3.0,3.0,0.5,0.5,20.7,232.0,58.0,490.15,0.36,41.6,7.38,50.0,7.7,7.7,779.0,36.0,36.0,2072.0,0.23,360.0,3890.0,1.0,464.571308,0,42.0,6.143265270807069,-40.0,42.5,42.0,1.428571394557824,0.49999998809523843,62.6249985119048,235.87928010204095,0.20979598213096787,0.7902040145189964,-5.08,13.0,18.08,-8277.438543793163,3.1537122426275332,0.042850036374496026,0.033875338733602385,1.1879972676058925e-05,47.794062736600715,380.1072958427876,167.08683576414904
1.0,23.33720206,7.399913851,165.0,120.0,125.0,2.3622,960.0,2.62,700.0,148.0,1693.15,0.22,159.0,2.33,1.0,3.0,3.0,0.5,0.5,20.7,232.0,58.0,490.15,0.36,41.6,7.38,50.0,7.7,7.7,779.0,36.0,36.0,2072.0,0.23,360.0,3890.0,1.0,287.0645031,0,240.0,5.663184424155834,-40.0,42.5,240.0,0.24999999895833333,0.49999999791666666,62.62499973958332,41.414999828125,0.6019319434627216,0.3980680469255907,-5.08,13.0,18.08,-8277.438543793163,3.1537122426275332,0.042850036374496026,0.033875338733602385,1.1879972676058925e-05,47.794062736600715,380.1072958427876,167.08683576414904
1.0,23.33720206,7.399913851,180.0,15.0,125.0,2.3622,960.0,2.62,700.0,148.0,1693.15,0.22,159.0,2.33,1.0,3.0,3.0,0.5,0.5,20.7,232.0,58.0,490.15,0.36,41.6,7.38,50.0,7.7,7.7,779.0,36.0,36.0,2072.0,0.23,360.0,3890.0,1.0,450.3019075,0,30.0,6.1121365335025075,-55.0,35.0,30.0,1.9999999333333356,0.4999999833333339,62.62499791666673,360.17998800000044,0.1481179263597707,0.8518820712750726,-5.08,13.0,18.08,-9029.932956865267,3.1537122426275332,0.042850036374496026,0.033875338733602385,1.1879972676058925e-05,47.794062736600715,380.1072958427876,167.08683576414904
1.0,23.33720206,7.399913851,100.0,15.0,100.0,2.3622,960.0,2.62,700.0,148.0,1693.15,0.22,159.0,2.33,1.0,3.0,3.0,0.5,0.5,20.7,232.0,58.0,490.15,0.36,41.6,7.38,50.0,7.7,7.7,779.0,36.0,36.0,2072.0,0.23,360.0,3890.0,1.0,1619.872511,0,30.0,7.3907198702775245,0.0,50.0,30.0,1.9999999333333356,0.4999999833333339,50.09999833333338,200.09999333333357,0.20023980736114538,0.7997601886420519,-5.08,13.0,18.08,-5016.629420480704,3.1537122426275332,0.042850036374496026,0.033875338733602385,1.1879972676058925e-05,47.794062736600715,380.1072958427876,167.08683576414904
1.0,23.33720206,7.399913851,100.0,38.65,100.0,2.3622,960.0,2.62,700.0,148.0,1693.15,0.22,159.0,2.33,1.0,3.0,3.0,0.5,0.5,20.7,232.0,58.0,490.15,0.36,41.6,7.38,50.0,7.7,7.7,779.0,36.0,36.0,2072.0,0.23,360.0,3890.0,1.0,1247.230004,0,30.0,7.129481830025491,0.0,50.0,30.0,1.9999999333333356,1.2883332903888902,128.933329038889,200.09999333333357,0.3918549273899281,0.608145069570866,-5.08,13.0,18.08,-5016.629420480704,3.1537122426275332,0.042850036374496026,0.033875338733602385,1.1879972676058925e-05,47.794062736600715,380.1072958427876,167.08683576414904
1.0,23.33720206,7.399913851,100.0,20.0,100.0,2.3622,960.0,2.62,700.0,148.0,1693.15,0.22,159.0,2.33,1.0,3.0,3.0,0.5,0.5,20.7,232.0,58.0,490.15,0.36,41.6,7.38,50.0,7.7,7.7,779.0,36.0,36.0,2072.0,0.23,360.0,3890.0,1.0,1496.141799,0,40.0,7.311313102044661,0.0,50.0,40.0,1.4999999625000011,0.49999998750000035,50.09999875000003,150.0999962500001,0.250249749005989,0.749750245999006,-5.08,13.0,18.08,-5016.629420480704,3.1537122426275332,0.042850036374496026,0.033875338733602385,1.1879972676058925e-05,47.794062736600715,380.1072958427876,167.08683576414904
1.0,23.33720206,7.399913851,100.0,47.3,100.0,2.3622,960.0,2.62,700.0,148.0,1693.15,0.22,159.0,2.33,1.0,3.0,3.0,0.5,0.5,20.7,232.0,58.0,490.15,0.36,41.6,7.38,50.0,7.7,7.7,779.0,36.0,36.0,2072.0,0.23,360.0,3890.0,1.0,1179.561514,0,40.0,7.073745463596603,0.0,50.0,40.0,1.4999999625000011,1.1824999704375008,118.34999704375007,150.0999962500001,0.44086421888408067,0.5591357773908309,-5.08,13.0,18.08,-5016.629420480704,3.1537122426275332,0.042850036374496026,0.033875338733602385,1.1879972676058925e-05,47.794062736600715,380.1072958427876,167.08683576414904
1.0,23.33720206,7.399913851,100.0,79.6,100.0,2.3622,960.0,2.62,700.0,148.0,1693.15,0.22,159.0,2.33,1.0,3.0,3.0,0.5,0.5,20.7,232.0,58.0,490.15,0.36,41.6,7.38,50.0,7.7,7.7,779.0,36.0,36.0,2072.0,0.23,360.0,3890.0,1.0,1021.609804,0,50.0,6.9301132699263635,0.0,50.0,50.0,1.1999999760000006,1.5919999681600006,159.29999681600003,120.09999760000005,0.5701503200771978,0.42984967634370413,-5.08,13.0,18.08,-5016.629420480704,3.1537122426275332,0.042850036374496026,0.033875338733602385,1.1879972676058925e-05,47.794062736600715,380.1072958427876,167.08683576414904
1.0,23.33720206,7.399913851,100.0,30.0,100.0,2.3622,960.0,2.62,700.0,148.0,1693.15,0.22,159.0,2.33,1.0,3.0,3.0,0.5,0.5,20.7,232.0,58.0,490.15,0.36,41.6,7.38,50.0,7.7,7.7,779.0,36.0,36.0,2072.0,0.23,360.0,3890.0,1.0,1337.631079,0,60.0,7.199402787937733,0.0,50.0,60.0,0.9999999833333336,0.4999999916666668,50.09999916666668,100.09999833333336,0.33355525743674797,0.6664447359054623,-5.08,13.0,18.08,-5016.629420480704,3.1537122426275332,0.042850036374496026,0.033875338733602385,1.1879972676058925e-05,47.794062736600715,380.1072958427876,167.08683576414904
1.0,23.33720206,7.399913851,100.0,40.0,100.0,2.3622,960.0,2.62,700.0,148.0,1693.15,0.22,159.0,2.33,1.0,3.0,3.0,0.5,0.5,20.7,232.0,58.0,490.15,0.36,41.6,7.38,50.0,7.7,7.7,779.0,36.0,36.0,2072.0,0.23,360.0,3890.0,1.0,1235.458813,0,80.0,7.120006777065821,0.0,50.0,80.0,0.7499999906250001,0.4999999937500001,50.099999375,75.09999906250002,0.40015974121477516,0.5998402507980043,-5.08,13.0,18.08,-5016.629420480704,3.1537122426275332,0.042850036374496026,0.033875338733602385,1.1879972676058925e-05,47.794062736600715,380.1072958427876,167.08683576414904
1.0,23.33720206,7.399913851,100.0,47.3,100.0,2.3622,960.0,2.62,700.0,148.0,1693.15,0.22,159.0,2.33,1.0,3.0,3.0,0.5,0.5,20.7,232.0,58.0,490.15,0.36,41.6,7.38,50.0,7.7,7.7,779.0,36.0,36.0,2072.0,0.23,360.0,3890.0,1.0,1179.561514,0,80.0,7.073745463596603,0.0,50.0,80.0,0.7499999906250001,0.591249992609375,59.22499926093751,75.09999906250002,0.44090824164704623,0.5590917509083233,-5.08,13.0,18.08,-5016.629420480704,3.1537122426275332,0.042850036374496026,0.033875338733602385,1.1879972676058925e-05,47.794062736600715,380.1072958427876,167.08683576414904
1.0,23.33720206,7.399913851,100.0,70.0,100.0,2.3622,960.0,2.62,700.0,148.0,1693.15,0.22,159.0,2.33,1.0,3.0,3.0,0.5,0.5,20.7,232.0,58.0,490.15,0.36,41.6,7.38,50.0,7.7,7.7,779.0,36.0,36.0,2072.0,0.23,360.0,3890.0,1.0,1058.525105,0,90.0,6.9655760725668445,0.0,50.0,90.0,0.6666666592592594,0.7777777691358025,77.87777691358025,66.76666592592593,0.5384083539357478,0.46159163915074775,-5.08,13.0,18.08,-5016.629420480704,3.1537122426275332,0.042850036374496026,0.033875338733602385,1.1879972676058925e-05,47.794062736600715,380.1072958427876,167.08683576414904
1.0,23.33720206,7.399913851,100.0,70.0,100.0,2.3622,960.0,2.62,700.0,148.0,1693.15,0.22,159.0,2.33,1.0,3.0,3.0,0.5,0.5,20.7,232.0,58.0,490.15,0.36,41.6,7.38,50.0,7.7,7.7,779.0,36.0,36.0,2072.0,0.23,360.0,3890.0,1.0,1058.525105,0,100.0,6.9655760725668445,0.0,50.0,100.0,0.599999994,0.699999993,70.09999930000001,60.0999994,0.5384024536215111,0.4615975386979974,-5.08,13.0,18.08,-5016.629420480704,3.1537122426275332,0.042850036374496026,0.033875338733602385,1.1879972676058925e-05,47.794062736600715,380.1072958427876,167.08683576414904
1.0,23.33720206,7.399913851,100.0,60.0,100.0,2.3622,960.0,2.62,700.0,148.0,1693.15,0.22,159.0,2.33,1.0,3.0,3.0,0.5,0.5,20.7,232.0,58.0,490.15,0.36,41.6,7.38,50.0,7.7,7.7,779.0,36.0,36.0,2072.0,0.23,360.0,3890.0,1.0,1104.566496,0,120.0,7.008113148646852,0.0,50.0,120.0,0.4999999958333334,0.4999999958333334,50.09999958333333,50.09999958333333,0.49999999500998005,0.49999999500998005,-5.08,13.0,18.08,-5016.629420480704,3.1537122426275332,0.042850036374496026,0.033875338733602385,1.1879972676058925e-05,47.794062736600715,380.1072958427876,167.08683576414904
1.0,23.33720206,7.399913851,100.0,70.0,100.0,2.3622,960.0,2.62,700.0,148.0,1693.15,0.22,159.0,2.33,1.0,3.0,3.0,0.5,0.5,20.7,232.0,58.0,490.15,0.36,41.6,7.38,50.0,7.7,7.7,779.0,36.0,36.0,2072.0,0.23,360.0,3890.0,1.0,1058.525105,0,140.0,6.9655760725668445,0.0,50.0,140.0,0.4285714255102041,0.49999999642857146,50.09999964285714,42.95714255102041,0.5383788704804484,0.4616211187734663,-5.08,13.0,18.08,-5016.629420480704,3.1537122426275332,0.042850036374496026,0.033875338733602385,1.1879972676058925e-05,47.794062736600715,380.1072958427876,167.08683576414904
1.0,23.33720206,7.399913851,100.0,120.0,100.0,2.3622,960.0,2.62,700.0,148.0,1693.15,0.22,159.0,2.33,1.0,3.0,3.0,0.5,0.5,20.7,232.0,58.0,490.15,0.36,41.6,7.38,50.0,7.7,7.7,779.0,36.0,36.0,2072.0,0.23,360.0,3890.0,1.0,912.1103443,0,240.0,6.816856732328248,0.0,50.0,240.0,0.24999999895833333,0.49999999791666666,50.09999979166666,25.09999989583333,0.6662233953941235,0.33377659130800436,-5.08,13.0,18.08,-5016.629420480704,3.1537122426275332,0.042850036374496026,0.033875338733602385,1.1879972676058925e-05,47.794062736600715,380.1072958427876,167.08683576414904
1.0,23.33720206,7.399913851,100.0,310.0,100.0,2.3622,960.0,2.62,700.0,148.0,1693.15,0.22,159.0,2.33,1.0,3.0,3.0,0.5,0.5,20.7,232.0,58.0,490.15,0.36,41.6,7.38,50.0,7.7,7.7,779.0,36.0,36.0,2072.0,0.23,360.0,3890.0,1.0,701.7834812,0,720.0,6.555048851768072,0.0,50.0,720.0,0.08333333321759259,0.4305555549575617,43.15555549575617,8.433333321759259,0.8365280906103939,0.1634718900055876,-5.08,13.0,18.08,-5016.629420480704,3.1537122426275332,0.042850036374496026,0.033875338733602385,1.1879972676058925e-05,47.794062736600715,380.1072958427876,167.08683576414904
1.0,23.33720206,7.399913851,100.0,11.0,100.0,2.3622,960.0,2.62,700.0,148.0,1693.15,0.22,159.0,2.33,1.0,3.0,3.0,0.5,0.5,20.7,232.0,58.0,490.15,0.36,41.6,7.38,50.0,7.7,7.7,779.0,36.0,36.0,2072.0,0.23,360.0,3890.0,1.0,1764.755653,1,,7.476334009756369,0.0,50.0,,,,0.1,142.9571394557824,0.0006990213818156743,0.9993009716279706,-5.08,13.0,18.08,-5016.629420480704,3.1537122426275332,0.042850036374496026,0.033875338733602385,1.1879972676058925e-05,47.794062736600715,380.1072958427876,167.08683576414904
1.0,23.33720206,7.399913851,100.0,31.0,100.0,2.3622,960.0,2.62,700.0,148.0,1693.15,0.22,159.0,2.33,1.0,3.0,3.0,0.5,0.5,20.7,232.0,58.0,490.15,0.36,41.6,7.38,50.0,7.7,7.7,779.0,36.0,36.0,2072.0,0.23,360.0,3890.0,1.0,1325.571449,1,,7.19035303492408,0.0,50.0,,,,0.1,142.9571394557824,0.0006990213818156743,0.9993009716279706,-5.08,13.0,18.08,-5016.629420480704,3.1537122426275332,0.042850036374496026,0.033875338733602385,1.1879972676058925e-05,47.794062736600715,380.1072958427876,167.08683576414904
1.0,23.33720206,7.399913851,100.0,61.0,100.0,2.3622,960.0,2.62,700.0,148.0,1693.15,0.22,159.0,2.33,1.0,3.0,3.0,0.5,0.5,20.7,232.0,58.0,490.15,0.36,41.6,7.38,50.0,7.7,7.7,779.0,36.0,36.0,2072.0,0.23,360.0,3890.0,1.0,1099.535209,1,,7.003551894093985,0.0,50.0,,,,0.1,142.9571394557824,0.0006990213818156743,0.9993009716279706,-5.08,13.0,18.08,-5016.629420480704,3.1537122426275332,0.042850036374496026,0.033875338733602385,1.1879972676058925e-05,47.794062736600715,380.1072958427876,167.08683576414904
1.0,23.33720206,7.399913851,125.0,44.8,100.0,2.3622,960.0,2.62,700.0,148.0,1693.15,0.22,159.0,2.33,1.0,3.0,3.0,0.5,0.5,20.7,232.0,58.0,490.15,0.36,41.6,7.38,50.0,7.7,7.7,779.0,36.0,36.0,2072.0,0.23,360.0,3890.0,1.0,870.9283531,0,40.0,6.770707256657197,-25.0,37.5,40.0,1.4999999625000011,1.1199999720000007,112.09999720000006,187.62499531250012,0.3740095074698029,0.6259904891938053,-5.08,13.0,18.08,-6270.78677560088,3.1537122426275332,0.042850036374496026,0.033875338733602385,1.1879972676058925e-05,47.794062736600715,380.1072958427876,167.08683576414904
1.0,23.33720206,7.399913851,75.0,44.8,75.0,2.3622,960.0,2.62,700.0,148.0,1693.15,0.22,159.0,2.33,1.0,3.0,3.0,0.5,0.5,20.7,232.0,58.0,490.15,0.36,41.6,7.38,50.0,7.7,7.7,779.0,36.0,36.0,2072.0,0.23,360.0,3890.0,1.0,2991.048856,0,40.0,8.003713667838058,0.0,37.5,40.0,1.4999999625000011,1.1199999720000007,84.07499790000004,112.57499718750007,0.4275362297113425,0.5724637652034807,-5.08,13.0,18.08,-3762.472065360528,3.1537122426275332,0.042850036374496026,0.033875338733602385,1.1879972676058925e-05,47.794062736600715,380.1072958427876,167.08683576414904
1.0,23.33720206,7.399913851,60.0,16.0,60.0,2.3622,960.0,2.62,700.0,148.0,1693.15,0.22,159.0,2.33,1.0,3.0,3.0,0.5,0.5,20.7,232.0,58.0,490.15,0.36,41.6,7.38,50.0,7.7,7.7,779.0,36.0,36.0,2072.0,0.23,360.0,3890.0,1.0,7673.497935,0,40.0,8.945658154680523,0.0,30.0,40.0,1.4999999625000011,0.39999999000000025,24.059999400000017,90.05999775000006,0.2108307026817105,0.7891692885555835,-5.08,13.0,18.08,-3009.9776522884226,3.1537122426275332,0.042850036374496026,0.033875338733602385,1.1879972676058925e-05,47.794062736600715,380.1072958427876,167.08683576414904
1.0,23.33720206,7.399913851,140.0,16.0,100.0,2.3622,960.0,2.62,700.0,148.0,1693.15,0.22,159.0,2.33,1.0,3.0,3.0,0.5,0.5,20.7,232.0,58.0,490.15,0.36,41.6,7.38,50.0,7.7,7.7,779.0,36.0,36.0,2072.0,0.23,360.0,3890.0,1.0,984.6299604,0,40.0,6.893280990450358,-40.0,30.0,40.0,1.4999999625000011,0.39999999000000025,40.099999000000025,210.13999475000014,0.16024616304864273,0.8397538329551936,-5.08,13.0,18.08,-7023.281188672986,3.1537122426275332,0.042850036374496026,0.033875338733602385,1.1879972676058925e-05,47.794062736600715,380.1072958427876,167.08683576414904
1.0,23.33720206,7.399913851,150.0,25.0,125.0,2.3622,960.0,2.62,700.0,148.0,1693.15,0.22,159.0,2.33,1.0,3.0,3.0,0.5,0.5,20.7,232.0,58.0,490.15,0.36,41.6,7.38,50.0,7.7,7.7,779.0,36.0,36.0,2072.0,0.23,360.0,3890.0,1.0,507.2115419,0,40.0,6.230897781962286,-25.0,50.0,40.0,1.4999999625000011,0.6249999843750005,78.24999804687506,225.14999437500015,0.2579103485281527,0.7420896481758684,-5.08,13.0,18.08,-7524.944130721056,3.1537122426275332,0.042850036374496026,0.033875338733602385,1.1879972676058925e-05,47.794062736600715,380.1072958427876,167.08683576414904
1.0,23.33720206,7.399913851,100.0,15.0,60.0,2.3622,960.0,2.62,700.0,148.0,1693.15,0.22,159.0,2.33,1.0,3.0,3.0,0.5,0.5,20.7,232.0,58.0,490.15,0.36,41.6,7.38,50.0,7.7,7.7,779.0,36.0,36.0,2072.0,0.23,360.0,3890.0,1.0,3769.167935,0,30.0,8.234874824542791,-40.0,10.0,30.0,1.9999999333333356,0.4999999833333339,30.05999900000003,200.09999333333357,0.1306047961014018,0.8693951995537945,-5.08,13.0,18.08,-5016.629420480704,3.1537122426275332,0.042850036374496026,0.033875338733602385,1.1879972676058925e-05,47.794062736600715,380.1072958427876,167.08683576414904
1.0,23.33720206,7.399913851,165.0,30.0,125.0,2.3622,960.0,2.62,700.0,148.0,1693.15,0.22,159.0,2.33,1.0,3.0,3.0,0.5,0.5,20.7,232.0,58.0,490.15,0.36,41.6,7.38,50.0,7.7,7.7,779.0,36.0,36.0,2072.0,0.23,360.0,3890.0,1.0,434.7753902,0,60.0,6.077126950516741,-40.0,42.5,60.0,0.9999999833333336,0.4999999916666668,62.62499895833334,165.16499725000006,0.27492427115251,0.7250757244574816,-5.08,13.0,18.08,-8277.438543793163,3.1537122426275332,0.042850036374496026,0.033875338733602385,1.1879972676058925e-05,47.794062736600715,380.1072958427876,167.08683576414904
1.0,23.33720206,7.399913851,165.0,21.0,125.0,2.3622,960.0,2.62,700.0,148.0,1693.15,0.22,159.0,2.33,1.0,3.0,3.0,0.5,0.5,20.7,232.0,58.0,490.15,0.36,41.6,7.38,50.0,7.7,7.7,779.0,36.0,36.0,2072.0,0.23,360.0,3890.0,1.0,479.7874402,0,42.0,6.175425260167647,-40.0,42.5,42.0,1.428571394557824,0.49999998809523843,62.6249985119048,235.87928010204095,0.20979598213096787,0.7902040145189964,-5.08,13.0,18.08,-8277.438543793163,3.1537122426275332,0.042850036374496026,0.033875338733602385,1.1879972676058925e-05,47.794062736600715,380.1072958427876,167.08683576414904
1.0,23.33720206,7.399913851,165.0,120.0,125.0,2.3622,960.0,2.62,700.0,148.0,1693.15,0.22,159.0,2.33,1.0,3.0,3.0,0.5,0.5,20.7,232.0,58.0,490.15,0.36,41.6,7.38,50.0,7.7,7.7,779.0,36.0,36.0,2072.0,0.23,360.0,3890.0,1.0,296.4667442,0,240.0,5.695302434535684,-40.0,42.5,240.0,0.24999999895833333,0.49999999791666666,62.62499973958332,41.414999828125,0.6019319434627216,0.3980680469255907,-5.08,13.0,18.08,-8277.438543793163,3.1537122426275332,0.042850036374496026,0.033875338733602385,1.1879972676058925e-05,47.794062736600715,380.1072958427876,167.08683576414904
1.0,23.33720206,7.399913851,180.0,15.0,125.0,2.3622,960.0,2.62,700.0,148.0,1693.15,0.22,159.0,2.33,1.0,3.0,3.0,0.5,0.5,20.7,232.0,58.0,490.15,0.36,41.6,7.38,50.0,7.7,7.7,779.0,36.0,36.0,2072.0,0.23,360.0,3890.0,1.0,465.0506732,0,30.0,6.144294368986329,-55.0,35.0,30.0,1.9999999333333356,0.4999999833333339,62.62499791666673,360.17998800000044,0.1481179263597707,0.8518820712750726,-5.08,13.0,18.08,-9029.932956865267,3.1537122426275332,0.042850036374496026,0.033875338733602385,1.1879972676058925e-05,47.794062736600715,380.1072958427876,167.08683576414904
1.0,23.33720206,7.399913851,100.0,15.0,100.0,2.3622,960.0,2.62,700.0,148.0,1693.15,0.22,159.0,2.33,1.0,3.0,3.0,0.5,0.5,20.7,232.0,58.0,490.15,0.36,41.6,7.38,50.0,7.7,7.7,779.0,36.0,36.0,2072.0,0.23,360.0,3890.0,1.0,1672.928293,0,30.0,7.4229284144091245,0.0,50.0,30.0,1.9999999333333356,0.4999999833333339,50.09999833333338,200.09999333333357,0.20023980736114538,0.7997601886420519,-5.08,13.0,18.08,-5016.629420480704,3.1537122426275332,0.042850036374496026,0.033875338733602385,1.1879972676058925e-05,47.794062736600715,380.1072958427876,167.08683576414904
1.0,23.33720206,7.399913851,100.0,38.65,100.0,2.3622,960.0,2.62,700.0,148.0,1693.15,0.22,159.0,2.33,1.0,3.0,3.0,0.5,0.5,20.7,232.0,58.0,490.15,0.36,41.6,7.38,50.0,7.7,7.7,779.0,36.0,36.0,2072.0,0.23,360.0,3890.0,1.0,1288.080604,0,30.0,7.161684533179631,0.0,50.0,30.0,1.9999999333333356,1.2883332903888902,128.933329038889,200.09999333333357,0.3918549273899281,0.608145069570866,-5.08,13.0,18.08,-5016.629420480704,3.1537122426275332,0.042850036374496026,0.033875338733602385,1.1879972676058925e-05,47.794062736600715,380.1072958427876,167.08683576414904
1.0,23.33720206,7.399913851,100.0,20.0,100.0,2.3622,960.0,2.62,700.0,148.0,1693.15,0.22,159.0,2.33,1.0,3.0,3.0,0.5,0.5,20.7,232.0,58.0,490.15,0.36,41.6,7.38,50.0,7.7,7.7,779.0,36.0,36.0,2072.0,0.23,360.0,3890.0,1.0,1545.145022,0,40.0,7.343520029405165,0.0,50.0,40.0,1.4999999625000011,0.49999998750000035,50.09999875000003,150.0999962500001,0.250249749005989,0.749750245999006,-5.08,13.0,18.08,-5016.629420480704,3.1537122426275332,0.042850036374496026,0.033875338733602385,1.1879972676058925e-05,47.794062736600715,380.1072958427876,167.08683576414904
1.0,23.33720206,7.399913851,100.0,47.3,100.0,2.3622,960.0,2.62,700.0,148.0,1693.15,0.22,159.0,2.33,1.0,3.0,3.0,0.5,0.5,20.7,232.0,58.0,490.15,0.36,41.6,7.38,50.0,7.7,7.7,779.0,36.0,36.0,2072.0,0.23,360.0,3890.0,1.0,1218.195764,0,40.0,7.105946710516897,0.0,50.0,40.0,1.4999999625000011,1.1824999704375008,118.34999704375007,150.0999962500001,0.44086421888408067,0.5591357773908309,-5.08,13.0,18.08,-5016.629420480704,3.1537122426275332,0.042850036374496026,0.033875338733602385,1.1879972676058925e-05,47.794062736600715,380.1072958427876,167.08683576414904
1.0,23.33720206,7.399913851,100.0,79.6,100.0,2.3622,960.0,2.62,700.0,148.0,1693.15,0.22,159.0,2.33,1.0,3.0,3.0,0.5,0.5,20.7,232.0,58.0,490.15,0.36,41.6,7.38,50.0,7.7,7.7,779.0,36.0,36.0,2072.0,0.23,360.0,3890.0,1.0,1055.070652,0,50.0,6.962310367331177,0.0,50.0,50.0,1.1999999760000006,1.5919999681600006,159.29999681600003,120.09999760000005,0.5701503200771978,0.42984967634370413,-5.08,13.0,18.08,-5016.629420480704,3.1537122426275332,0.042850036374496026,0.033875338733602385,1.1879972676058925e-05,47.794062736600715,380.1072958427876,167.08683576414904
1.0,23.33720206,7.399913851,100.0,30.0,100.0,2.3622,960.0,2.62,700.0,148.0,1693.15,0.22,159.0,2.33,1.0,3.0,3.0,0.5,0.5,20.7,232.0,58.0,490.15,0.36,41.6,7.38,50.0,7.7,7.7,779.0,36.0,36.0,2072.0,0.23,360.0,3890.0,1.0,1381.442591,0,60.0,7.231607207036995,0.0,50.0,60.0,0.9999999833333336,0.4999999916666668,50.09999916666668,100.09999833333336,0.33355525743674797,0.6664447359054623,-5.08,13.0,18.08,-5016.629420480704,3.1537122426275332,0.042850036374496026,0.033875338733602385,1.1879972676058925e-05,47.794062736600715,380.1072958427876,167.08683576414904
1.0,23.33720206,7.399913851,100.0,40.0,100.0,2.3622,960.0,2.62,700.0,148.0,1693.15,0.22,159.0,2.33,1.0,3.0,3.0,0.5,0.5,20.7,232.0,58.0,490.15,0.36,41.6,7.38,50.0,7.7,7.7,779.0,36.0,36.0,2072.0,0.23,360.0,3890.0,1.0,1275.92387,0,80.0,7.152209237967242,0.0,50.0,80.0,0.7499999906250001,0.4999999937500001,50.099999375,75.09999906250002,0.40015974121477516,0.5998402507980043,-5.08,13.0,18.08,-5016.629420480704,3.1537122426275332,0.042850036374496026,0.033875338733602385,1.1879972676058925e-05,47.794062736600715,380.1072958427876,167.08683576414904
1.0,23.33720206,7.399913851,100.0,47.3,100.0,2.3622,960.0,2.62,700.0,148.0,1693.15,0.22,159.0,2.33,1.0,3.0,3.0,0.5,0.5,20.7,232.0,58.0,490.15,0.36,41.6,7.38,50.0,7.7,7.7,779.0,36.0,36.0,2072.0,0.23,360.0,3890.0,1.0,1218.195764,0,80.0,7.105946710516897,0.0,50.0,80.0,0.7499999906250001,0.591249992609375,59.22499926093751,75.09999906250002,0.44090824164704623,0.5590917509083233,-5.08,13.0,18.08,-5016.629420480704,3.1537122426275332,0.042850036374496026,0.033875338733602385,1.1879972676058925e-05,47.794062736600715,380.1072958427876,167.08683576414904
1.0,23.33720206,7.399913851,100.0,70.0,100.0,2.3622,960.0,2.62,700.0,148.0,1693.15,0.22,159.0,2.33,1.0,3.0,3.0,0.5,0.5,20.7,232.0,58.0,490.15,0.36,41.6,7.38,50.0,7.7,7.7,779.0,36.0,36.0,2072.0,0.23,360.0,3890.0,1.0,1093.195042,0,90.0,6.997774250455139,0.0,50.0,90.0,0.6666666592592594,0.7777777691358025,77.87777691358025,66.76666592592593,0.5384083539357478,0.46159163915074775,-5.08,13.0,18.08,-5016.629420480704,3.1537122426275332,0.042850036374496026,0.033875338733602385,1.1879972676058925e-05,47.794062736600715,380.1072958427876,167.08683576414904
1.0,23.33720206,7.399913851,100.0,70.0,100.0,2.3622,960.0,2.62,700.0,148.0,1693.15,0.22,159.0,2.33,1.0,3.0,3.0,0.5,0.5,20.7,232.0,58.0,490.15,0.36,41.6,7.38,50.0,7.7,7.7,779.0,36.0,36.0,2072.0,0.23,360.0,3890.0,1.0,1093.195042,0,100.0,6.997774250455139,0.0,50.0,100.0,0.599999994,0.699999993,70.09999930000001,60.0999994,0.5384024536215111,0.4615975386979974,-5.08,13.0,18.08,-5016.629420480704,3.1537122426275332,0.042850036374496026,0.033875338733602385,1.1879972676058925e-05,47.794062736600715,380.1072958427876,167.08683576414904
1.0,23.33720206,7.399913851,100.0,60.0,100.0,2.3622,960.0,2.62,700.0,148.0,1693.15,0.22,159.0,2.33,1.0,3.0,3.0,0.5,0.5,20.7,232.0,58.0,490.15,0.36,41.6,7.38,50.0,7.7,7.7,779.0,36.0,36.0,2072.0,0.23,360.0,3890.0,1.0,1140.744429,0,120.0,7.040312572701332,0.0,50.0,120.0,0.4999999958333334,0.4999999958333334,50.09999958333333,50.09999958333333,0.49999999500998005,0.49999999500998005,-5.08,13.0,18.08,-5016.629420480704,3.1537122426275332,0.042850036374496026,0.033875338733602385,1.1879972676058925e-05,47.794062736600715,380.1072958427876,167.08683576414904
1.0,23.33720206,7.399913851,100.0,70.0,100.0,2.3622,960.0,2.62,700.0,148.0,1693.15,0.22,159.0,2.33,1.0,3.0,3.0,0.5,0.5,20.7,232.0,58.0,490.15,0.36,41.6,7.38,50.0,7.7,7.7,779.0,36.0,36.0,2072.0,0.23,360.0,3890.0,1.0,1093.195042,0,140.0,6.997774250455139,0.0,50.0,140.0,0.4285714255102041,0.49999999642857146,50.09999964285714,42.95714255102041,0.5383788704804484,0.4616211187734663,-5.08,13.0,18.08,-5016.629420480704,3.1537122426275332,0.042850036374496026,0.033875338733602385,1.1879972676058925e-05,47.794062736600715,380.1072958427876,167.08683576414904
1.0,23.33720206,7.399913851,100.0,120.0,100.0,2.3622,960.0,2.62,700.0,148.0,1693.15,0.22,159.0,2.33,1.0,3.0,3.0,0.5,0.5,20.7,232.0,58.0,490.15,0.36,41.6,7.38,50.0,7.7,7.7,779.0,36.0,36.0,2072.0,0.23,360.0,3890.0,1.0,941.9847497,0,240.0,6.849050110392401,0.0,50.0,240.0,0.24999999895833333,0.49999999791666666,50.09999979166666,25.09999989583333,0.6662233953941235,0.33377659130800436,-5.08,13.0,18.08,-5016.629420480704,3.1537122426275332,0.042850036374496026,0.033875338733602385,1.1879972676058925e-05,47.794062736600715,380.1072958427876,167.08683576414904
1.0,23.33720206,7.399913851,100.0,310.0,100.0,2.3622,960.0,2.62,700.0,148.0,1693.15,0.22,159.0,2.33,1.0,3.0,3.0,0.5,0.5,20.7,232.0,58.0,490.15,0.36,41.6,7.38,50.0,7.7,7.7,779.0,36.0,36.0,2072.0,0.23,360.0,3890.0,1.0,724.7690381,0,720.0,6.58723183487208,0.0,50.0,720.0,0.08333333321759259,0.4305555549575617,43.15555549575617,8.433333321759259,0.8365280906103939,0.1634718900055876,-5.08,13.0,18.08,-5016.629420480704,3.1537122426275332,0.042850036374496026,0.033875338733602385,1.1879972676058925e-05,47.794062736600715,380.1072958427876,167.08683576414904
1.0,23.33720206,7.399913851,100.0,11.0,100.0,2.3622,960.0,2.62,700.0,148.0,1693.15,0.22,159.0,2.33,1.0,3.0,3.0,0.5,0.5,20.7,232.0,58.0,490.15,0.36,41.6,7.38,50.0,7.7,7.7,779.0,36.0,36.0,2072.0,0.23,360.0,3890.0,1.0,1822.556801,1,,7.508544159201495,0.0,50.0,,,,0.1,142.9571394557824,0.0006990213818156743,0.9993009716279706,-5.08,13.0,18.08,-5016.629420480704,3.1537122426275332,0.042850036374496026,0.033875338733602385,1.1879972676058925e-05,47.794062736600715,380.1072958427876,167.08683576414904
1.0,23.33720206,7.399913851,100.0,31.0,100.0,2.3622,960.0,2.62,700.0,148.0,1693.15,0.22,159.0,2.33,1.0,3.0,3.0,0.5,0.5,20.7,232.0,58.0,490.15,0.36,41.6,7.38,50.0,7.7,7.7,779.0,36.0,36.0,2072.0,0.23,360.0,3890.0,1.0,1368.987971,1,,7.222557238491652,0.0,50.0,,,,0.1,142.9571394557824,0.0006990213818156743,0.9993009716279706,-5.08,13.0,18.08,-5016.629420480704,3.1537122426275332,0.042850036374496026,0.033875338733602385,1.1879972676058925e-05,47.794062736600715,380.1072958427876,167.08683576414904
1.0,23.33720206,7.399913851,100.0,61.0,100.0,2.3622,960.0,2.62,700.0,148.0,1693.15,0.22,159.0,2.33,1.0,3.0,3.0,0.5,0.5,20.7,232.0,58.0,490.15,0.36,41.6,7.38,50.0,7.7,7.7,779.0,36.0,36.0,2072.0,0.23,360.0,3890.0,1.0,1135.548353,1,,7.035751187922098,0.0,50.0,,,,0.1,142.9571394557824,0.0006990213818156743,0.9993009716279706,-5.08,13.0,18.08,-5016.629420480704,3.1537122426275332,0.042850036374496026,0.033875338733602385,1.1879972676058925e-05,47.794062736600715,380.1072958427876,167.08683576414904
1.0,23.33720206,7.399913851,125.0,44.8,100.0,2.3622,960.0,2.62,700.0,148.0,1693.15,0.22,159.0,2.33,1.0,3.0,3.0,0.5,0.5,20.7,232.0,58.0,490.15,0.36,41.6,7.38,50.0,7.7,7.7,779.0,36.0,36.0,2072.0,0.23,360.0,3890.0,1.0,899.4539223,0,40.0,6.802898994289619,-25.0,37.5,40.0,1.4999999625000011,1.1199999720000007,112.09999720000006,187.62499531250012,0.3740095074698029,0.6259904891938053,-5.08,13.0,18.08,-6270.78677560088,3.1537122426275332,0.042850036374496026,0.033875338733602385,1.1879972676058925e-05,47.794062736600715,380.1072958427876,167.08683576414904
1.0,23.33720206,7.399913851,75.0,44.8,75.0,2.3622,960.0,2.62,700.0,148.0,1693.15,0.22,159.0,2.33,1.0,3.0,3.0,0.5,0.5,20.7,232.0,58.0,490.15,0.36,41.6,7.38,50.0,7.7,7.7,779.0,36.0,36.0,2072.0,0.23,360.0,3890.0,1.0,3089.01486,0,40.0,8.035931178941716,0.0,37.5,40.0,1.4999999625000011,1.1199999720000007,84.07499790000004,112.57499718750007,0.4275362297113425,0.5724637652034807,-5.08,13.0,18.08,-3762.472065360528,3.1537122426275332,0.042850036374496026,0.033875338733602385,1.1879972676058925e-05,47.794062736600715,380.1072958427876,167.08683576414904
1.0,23.33720206,7.399913851,60.0,16.0,60.0,2.3622,960.0,2.62,700.0,148.0,1693.15,0.22,159.0,2.33,1.0,3.0,3.0,0.5,0.5,20.7,232.0,58.0,490.15,0.36,41.6,7.38,50.0,7.7,7.7,779.0,36.0,36.0,2072.0,0.23,360.0,3890.0,1.0,7924.828478,0,40.0,8.9778821330923,0.0,30.0,40.0,1.4999999625000011,0.39999999000000025,24.059999400000017,90.05999775000006,0.2108307026817105,0.7891692885555835,-5.08,13.0,18.08,-3009.9776522884226,3.1537122426275332,0.042850036374496026,0.033875338733602385,1.1879972676058925e-05,47.794062736600715,380.1072958427876,167.08683576414904
1.0,23.33720206,7.399913851,140.0,16.0,100.0,2.3622,960.0,2.62,700.0,148.0,1693.15,0.22,159.0,2.33,1.0,3.0,3.0,0.5,0.5,20.7,232.0,58.0,490.15,0.36,41.6,7.38,50.0,7.7,7.7,779.0,36.0,36.0,2072.0,0.23,360.0,3890.0,1.0,1016.879605,0,40.0,6.925476923908217,-40.0,30.0,40.0,1.4999999625000011,0.39999999000000025,40.099999000000025,210.13999475000014,0.16024616304864273,0.8397538329551936,-5.08,13.0,18.08,-7023.281188672986,3.1537122426275332,0.042850036374496026,0.033875338733602385,1.1879972676058925e-05,47.794062736600715,380.1072958427876,167.08683576414904
1.0,23.33720206,7.399913851,150.0,25.0,125.0,2.3622,960.0,2.62,700.0,148.0,1693.15,0.22,159.0,2.33,1.0,3.0,3.0,0.5,0.5,20.7,232.0,58.0,490.15,0.36,41.6,7.38,50.0,7.7,7.7,779.0,36.0,36.0,2072.0,0.23,360.0,3890.0,1.0,523.8242723,0,40.0,6.263063487132,-25.0,50.0,40.0,1.4999999625000011,0.6249999843750005,78.24999804687506,225.14999437500015,0.2579103485281527,0.7420896481758684,-5.08,13.0,18.08,-7524.944130721056,3.1537122426275332,0.042850036374496026,0.033875338733602385,1.1879972676058925e-05,47.794062736600715,380.1072958427876,167.08683576414904
1.0,23.33720206,7.399913851,100.0,15.0,60.0,2.3622,960.0,2.62,700.0,148.0,1693.15,0.22,159.0,2.33,1.0,3.0,3.0,0.5,0.5,20.7,232.0,58.0,490.15,0.36,41.6,7.38,50.0,7.7,7.7,779.0,36.0,36.0,2072.0,0.23,360.0,3890.0,1.0,3892.619721,0,30.0,8.267094523484843,-40.0,10.0,30.0,1.9999999333333356,0.4999999833333339,30.05999900000003,200.09999333333357,0.1306047961014018,0.8693951995537945,-5.08,13.0,18.08,-5016.629420480704,3.1537122426275332,0.042850036374496026,0.033875338733602385,1.1879972676058925e-05,47.794062736600715,380.1072958427876,167.08683576414904
1.0,23.33720206,7.399913851,165.0,30.0,125.0,2.3622,960.0,2.62,700.0,148.0,1693.15,0.22,159.0,2.33,1.0,3.0,3.0,0.5,0.5,20.7,232.0,58.0,490.15,0.36,41.6,7.38,50.0,7.7,7.7,779.0,36.0,36.0,2072.0,0.23,360.0,3890.0,1.0,420.6714849,0,60.0,6.044226539068544,-40.0,42.5,60.0,0.9999999833333336,0.4999999916666668,62.62499895833334,165.16499725000006,0.27492427115251,0.7250757244574816,-5.08,13.0,18.08,-8277.438543793163,3.1537122426275332,0.042850036374496026,0.033875338733602385,1.1879972676058925e-05,47.794062736600715,380.1072958427876,167.08683576414904
1.0,23.33720206,7.399913851,165.0,21.0,125.0,2.3622,960.0,2.62,700.0,148.0,1693.15,0.22,159.0,2.33,1.0,3.0,3.0,0.5,0.5,20.7,232.0,58.0,490.15,0.36,41.6,7.38,50.0,7.7,7.7,779.0,36.0,36.0,2072.0,0.23,360.0,3890.0,1.0,464.2233656,0,42.0,6.1425176463823155,-40.0,42.5,42.0,1.428571394557824,0.49999998809523843,62.6249985119048,235.87928010204095,0.20979598213096787,0.7902040145189964,-5.08,13.0,18.08,-8277.438543793163,3.1537122426275332,0.042850036374496026,0.033875338733602385,1.1879972676058925e-05,47.794062736600715,380.1072958427876,167.08683576414904
1.0,23.33720206,7.399913851,165.0,120.0,125.0,2.3622,960.0,2.62,700.0,148.0,1693.15,0.22,159.0,2.33,1.0,3.0,3.0,0.5,0.5,20.7,232.0,58.0,490.15,0.36,41.6,7.38,50.0,7.7,7.7,779.0,36.0,36.0,2072.0,0.23,360.0,3890.0,1.0,286.8495051,0,240.0,5.662437791822095,-40.0,42.5,240.0,0.24999999895833333,0.49999999791666666,62.62499973958332,41.414999828125,0.6019319434627216,0.3980680469255907,-5.08,13.0,18.08,-8277.438543793163,3.1537122426275332,0.042850036374496026,0.033875338733602385,1.1879972676058925e-05,47.794062736600715,380.1072958427876,167.08683576414904
1.0,23.33720206,7.399913851,180.0,15.0,125.0,2.3622,960.0,2.62,700.0,148.0,1693.15,0.22,159.0,2.33,1.0,3.0,3.0,0.5,0.5,20.7,232.0,58.0,490.15,0.36,41.6,7.38,50.0,7.7,7.7,779.0,36.0,36.0,2072.0,0.23,360.0,3890.0,1.0,449.9646523,0,30.0,6.111388960156153,-55.0,35.0,30.0,1.9999999333333356,0.4999999833333339,62.62499791666673,360.17998800000044,0.1481179263597707,0.8518820712750726,-5.08,13.0,18.08,-9029.932956865267,3.1537122426275332,0.042850036374496026,0.033875338733602385,1.1879972676058925e-05,47.794062736600715,380.1072958427876,167.08683576414904
1.0,23.33720206,7.399913851,100.0,15.0,100.0,2.3622,960.0,2.62,700.0,148.0,1693.15,0.22,159.0,2.33,1.0,3.0,3.0,0.5,0.5,20.7,232.0,58.0,490.15,0.36,41.6,7.38,50.0,7.7,7.7,779.0,36.0,36.0,2072.0,0.23,360.0,3890.0,1.0,1618.659301,0,30.0,7.389971098083905,0.0,50.0,30.0,1.9999999333333356,0.4999999833333339,50.09999833333338,200.09999333333357,0.20023980736114538,0.7997601886420519,-5.08,13.0,18.08,-5016.629420480704,3.1537122426275332,0.042850036374496026,0.033875338733602385,1.1879972676058925e-05,47.794062736600715,380.1072958427876,167.08683576414904
1.0,23.33720206,7.399913851,100.0,38.65,100.0,2.3622,960.0,2.62,700.0,148.0,1693.15,0.22,159.0,2.33,1.0,3.0,3.0,0.5,0.5,20.7,232.0,58.0,490.15,0.36,41.6,7.38,50.0,7.7,7.7,779.0,36.0,36.0,2072.0,0.23,360.0,3890.0,1.0,1246.295886,0,30.0,7.128733195801843,0.0,50.0,30.0,1.9999999333333356,1.2883332903888902,128.933329038889,200.09999333333357,0.3918549273899281,0.608145069570866,-5.08,13.0,18.08,-5016.629420480704,3.1537122426275332,0.042850036374496026,0.033875338733602385,1.1879972676058925e-05,47.794062736600715,380.1072958427876,167.08683576414904
1.0,23.33720206,7.399913851,100.0,20.0,100.0,2.3622,960.0,2.62,700.0,148.0,1693.15,0.22,159.0,2.33,1.0,3.0,3.0,0.5,0.5,20.7,232.0,58.0,490.15,0.36,41.6,7.38,50.0,7.7,7.7,779.0,36.0,36.0,2072.0,0.23,360.0,3890.0,1.0,1495.021259,0,40.0,7.31056436899495,0.0,50.0,40.0,1.4999999625000011,0.49999998750000035,50.09999875000003,150.0999962500001,0.250249749005989,0.749750245999006,-5.08,13.0,18.08,-5016.629420480704,3.1537122426275332,0.042850036374496026,0.033875338733602385,1.1879972676058925e-05,47.794062736600715,380.1072958427876,167.08683576414904
1.0,23.33720206,7.399913851,100.0,47.3,100.0,2.3622,960.0,2.62,700.0,148.0,1693.15,0.22,159.0,2.33,1.0,3.0,3.0,0.5,0.5,20.7,232.0,58.0,490.15,0.36,41.6,7.38,50.0,7.7,7.7,779.0,36.0,36.0,2072.0,0.23,360.0,3890.0,1.0,1178.678077,0,40.0,7.0729968641369325,0.0,50.0,40.0,1.4999999625000011,1.1824999704375008,118.34999704375007,150.0999962500001,0.44086421888408067,0.5591357773908309,-5.08,13.0,18.08,-5016.629420480704,3.1537122426275332,0.042850036374496026,0.033875338733602385,1.1879972676058925e-05,47.794062736600715,380.1072958427876,167.08683576414904
1.0,23.33720206,7.399913851,100.0,79.6,100.0,2.3622,960.0,2.62,700.0,148.0,1693.15,0.22,159.0,2.33,1.0,3.0,3.0,0.5,0.5,20.7,232.0,58.0,490.15,0.36,41.6,7.38,50.0,7.7,7.7,779.0,36.0,36.0,2072.0,0.23,360.0,3890.0,1.0,1020.844665,0,50.0,6.92936476801808,0.0,50.0,50.0,1.1999999760000006,1.5919999681600006,159.29999681600003,120.09999760000005,0.5701503200771978,0.42984967634370413,-5.08,13.0,18.08,-5016.629420480704,3.1537122426275332,0.042850036374496026,0.033875338733602385,1.1879972676058925e-05,47.794062736600715,380.1072958427876,167.08683576414904
1.0,23.33720206,7.399913851,100.0,30.0,100.0,2.3622,960.0,2.62,700.0,148.0,1693.15,0.22,159.0,2.33,1.0,3.0,3.0,0.5,0.5,20.7,232.0,58.0,490.15,0.36,41.6,7.38,50.0,7.7,7.7,779.0,36.0,36.0,2072.0,0.23,360.0,3890.0,1.0,1336.629255,0,60.0,7.198654113353226,0.0,50.0,60.0,0.9999999833333336,0.4999999916666668,50.09999916666668,100.09999833333336,0.33355525743674797,0.6664447359054623,-5.08,13.0,18.08,-5016.629420480704,3.1537122426275332,0.042850036374496026,0.033875338733602385,1.1879972676058925e-05,47.794062736600715,380.1072958427876,167.08683576414904
1.0,23.33720206,7.399913851,100.0,40.0,100.0,2.3622,960.0,2.62,700.0,148.0,1693.15,0.22,159.0,2.33,1.0,3.0,3.0,0.5,0.5,20.7,232.0,58.0,490.15,0.36,41.6,7.38,50.0,7.7,7.7,779.0,36.0,36.0,2072.0,0.23,360.0,3890.0,1.0,1234.533511,0,80.0,7.11925814849264,0.0,50.0,80.0,0.7499999906250001,0.4999999937500001,50.099999375,75.09999906250002,0.40015974121477516,0.5998402507980043,-5.08,13.0,18.08,-5016.629420480704,3.1537122426275332,0.042850036374496026,0.033875338733602385,1.1879972676058925e-05,47.794062736600715,380.1072958427876,167.08683576414904
1.0,23.33720206,7.399913851,100.0,47.3,100.0,2.3622,960.0,2.62,700.0,148.0,1693.15,0.22,159.0,2.33,1.0,3.0,3.0,0.5,0.5,20.7,232.0,58.0,490.15,0.36,41.6,7.38,50.0,7.7,7.7,779.0,36.0,36.0,2072.0,0.23,360.0,3890.0,1.0,1178.678077,0,80.0,7.0729968641369325,0.0,50.0,80.0,0.7499999906250001,0.591249992609375,59.22499926093751,75.09999906250002,0.44090824164704623,0.5590917509083233,-5.08,13.0,18.08,-5016.629420480704,3.1537122426275332,0.042850036374496026,0.033875338733602385,1.1879972676058925e-05,47.794062736600715,380.1072958427876,167.08683576414904
1.0,23.33720206,7.399913851,100.0,70.0,100.0,2.3622,960.0,2.62,700.0,148.0,1693.15,0.22,159.0,2.33,1.0,3.0,3.0,0.5,0.5,20.7,232.0,58.0,490.15,0.36,41.6,7.38,50.0,7.7,7.7,779.0,36.0,36.0,2072.0,0.23,360.0,3890.0,1.0,1057.732319,0,90.0,6.964827545944883,0.0,50.0,90.0,0.6666666592592594,0.7777777691358025,77.87777691358025,66.76666592592593,0.5384083539357478,0.46159163915074775,-5.08,13.0,18.08,-5016.629420480704,3.1537122426275332,0.042850036374496026,0.033875338733602385,1.1879972676058925e-05,47.794062736600715,380.1072958427876,167.08683576414904
1.0,23.33720206,7.399913851,100.0,70.0,100.0,2.3622,960.0,2.62,700.0,148.0,1693.15,0.22,159.0,2.33,1.0,3.0,3.0,0.5,0.5,20.7,232.0,58.0,490.15,0.36,41.6,7.38,50.0,7.7,7.7,779.0,36.0,36.0,2072.0,0.23,360.0,3890.0,1.0,1057.732319,0,100.0,6.964827545944883,0.0,50.0,100.0,0.599999994,0.699999993,70.09999930000001,60.0999994,0.5384024536215111,0.4615975386979974,-5.08,13.0,18.08,-5016.629420480704,3.1537122426275332,0.042850036374496026,0.033875338733602385,1.1879972676058925e-05,47.794062736600715,380.1072958427876,167.08683576414904
1.0,23.33720206,7.399913851,100.0,60.0,100.0,2.3622,960.0,2.62,700.0,148.0,1693.15,0.22,159.0,2.33,1.0,3.0,3.0,0.5,0.5,20.7,232.0,58.0,490.15,0.36,41.6,7.38,50.0,7.7,7.7,779.0,36.0,36.0,2072.0,0.23,360.0,3890.0,1.0,1103.739227,0,120.0,7.007364592435808,0.0,50.0,120.0,0.4999999958333334,0.4999999958333334,50.09999958333333,50.09999958333333,0.49999999500998005,0.49999999500998005,-5.08,13.0,18.08,-5016.629420480704,3.1537122426275332,0.042850036374496026,0.033875338733602385,1.1879972676058925e-05,47.794062736600715,380.1072958427876,167.08683576414904
1.0,23.33720206,7.399913851,100.0,70.0,100.0,2.3622,960.0,2.62,700.0,148.0,1693.15,0.22,159.0,2.33,1.0,3.0,3.0,0.5,0.5,20.7,232.0,58.0,490.15,0.36,41.6,7.38,50.0,7.7,7.7,779.0,36.0,36.0,2072.0,0.23,360.0,3890.0,1.0,1057.732319,0,140.0,6.964827545944883,0.0,50.0,140.0,0.4285714255102041,0.49999999642857146,50.09999964285714,42.95714255102041,0.5383788704804484,0.4616211187734663,-5.08,13.0,18.08,-5016.629420480704,3.1537122426275332,0.042850036374496026,0.033875338733602385,1.1879972676058925e-05,47.794062736600715,380.1072958427876,167.08683576414904
1.0,23.33720206,7.399913851,100.0,120.0,100.0,2.3622,960.0,2.62,700.0,148.0,1693.15,0.22,159.0,2.33,1.0,3.0,3.0,0.5,0.5,20.7,232.0,58.0,490.15,0.36,41.6,7.38,50.0,7.7,7.7,779.0,36.0,36.0,2072.0,0.23,360.0,3890.0,1.0,911.427216,0,240.0,6.816108318987715,0.0,50.0,240.0,0.24999999895833333,0.49999999791666666,50.09999979166666,25.09999989583333,0.6662233953941235,0.33377659130800436,-5.08,13.0,18.08,-5016.629420480704,3.1537122426275332,0.042850036374496026,0.033875338733602385,1.1879972676058925e-05,47.794062736600715,380.1072958427876,167.08683576414904
1.0,23.33720206,7.399913851,100.0,310.0,100.0,2.3622,960.0,2.62,700.0,148.0,1693.15,0.22,159.0,2.33,1.0,3.0,3.0,0.5,0.5,20.7,232.0,58.0,490.15,0.36,41.6,7.38,50.0,7.7,7.7,779.0,36.0,36.0,2072.0,0.23,360.0,3890.0,1.0,701.2578779,0,720.0,6.554300684006158,0.0,50.0,720.0,0.08333333321759259,0.4305555549575617,43.15555549575617,8.433333321759259,0.8365280906103939,0.1634718900055876,-5.08,13.0,18.08,-5016.629420480704,3.1537122426275332,0.042850036374496026,0.033875338733602385,1.1879972676058925e-05,47.794062736600715,380.1072958427876,167.08683576414904
1.0,23.33720206,7.399913851,100.0,11.0,100.0,2.3622,960.0,2.62,700.0,148.0,1693.15,0.22,159.0,2.33,1.0,3.0,3.0,0.5,0.5,20.7,232.0,58.0,490.15,0.36,41.6,7.38,50.0,7.7,7.7,779.0,36.0,36.0,2072.0,0.23,360.0,3890.0,1.0,1763.433932,1,,7.47558519951265,0.0,50.0,,,,0.1,142.9571394557824,0.0006990213818156743,0.9993009716279706,-5.08,13.0,18.08,-5016.629420480704,3.1537122426275332,0.042850036374496026,0.033875338733602385,1.1879972676058925e-05,47.794062736600715,380.1072958427876,167.08683576414904
1.0,23.33720206,7.399913851,100.0,31.0,100.0,2.3622,960.0,2.62,700.0,148.0,1693.15,0.22,159.0,2.33,1.0,3.0,3.0,0.5,0.5,20.7,232.0,58.0,490.15,0.36,41.6,7.38,50.0,7.7,7.7,779.0,36.0,36.0,2072.0,0.23,360.0,3890.0,1.0,1324.578658,1,,7.189604366103448,0.0,50.0,,,,0.1,142.9571394557824,0.0006990213818156743,0.9993009716279706,-5.08,13.0,18.08,-5016.629420480704,3.1537122426275332,0.042850036374496026,0.033875338733602385,1.1879972676058925e-05,47.794062736600715,380.1072958427876,167.08683576414904
1.0,23.33720206,7.399913851,100.0,61.0,100.0,2.3622,960.0,2.62,700.0,148.0,1693.15,0.22,159.0,2.33,1.0,3.0,3.0,0.5,0.5,20.7,232.0,58.0,490.15,0.36,41.6,7.38,50.0,7.7,7.7,779.0,36.0,36.0,2072.0,0.23,360.0,3890.0,1.0,1098.711708,1,,7.00280334080018,0.0,50.0,,,,0.1,142.9571394557824,0.0006990213818156743,0.9993009716279706,-5.08,13.0,18.08,-5016.629420480704,3.1537122426275332,0.042850036374496026,0.033875338733602385,1.1879972676058925e-05,47.794062736600715,380.1072958427876,167.08683576414904
1.0,23.33720206,7.399913851,125.0,44.8,100.0,2.3622,960.0,2.62,700.0,148.0,1693.15,0.22,159.0,2.33,1.0,3.0,3.0,0.5,0.5,20.7,232.0,58.0,490.15,0.36,41.6,7.38,50.0,7.7,7.7,779.0,36.0,36.0,2072.0,0.23,360.0,3890.0,1.0,870.2760682,0,40.0,6.769958882086236,-25.0,37.5,40.0,1.4999999625000011,1.1199999720000007,112.09999720000006,187.62499531250012,0.3740095074698029,0.6259904891938053,-5.08,13.0,18.08,-6270.78677560088,3.1537122426275332,0.042850036374496026,0.033875338733602385,1.1879972676058925e-05,47.794062736600715,380.1072958427876,167.08683576414904
1.0,23.33720206,7.399913851,75.0,44.8,75.0,2.3622,960.0,2.62,700.0,148.0,1693.15,0.22,159.0,2.33,1.0,3.0,3.0,0.5,0.5,20.7,232.0,58.0,490.15,0.36,41.6,7.38,50.0,7.7,7.7,779.0,36.0,36.0,2072.0,0.23,360.0,3890.0,1.0,2988.808699,0,40.0,8.00296468407035,0.0,37.5,40.0,1.4999999625000011,1.1199999720000007,84.07499790000004,112.57499718750007,0.4275362297113425,0.5724637652034807,-5.08,13.0,18.08,-3762.472065360528,3.1537122426275332,0.042850036374496026,0.033875338733602385,1.1879972676058925e-05,47.794062736600715,380.1072958427876,167.08683576414904
1.0,23.33720206,7.399913851,60.0,16.0,60.0,2.3622,960.0,2.62,700.0,148.0,1693.15,0.22,159.0,2.33,1.0,3.0,3.0,0.5,0.5,20.7,232.0,58.0,490.15,0.36,41.6,7.38,50.0,7.7,7.7,779.0,36.0,36.0,2072.0,0.23,360.0,3890.0,1.0,7667.75084,0,40.0,8.944909017994668,0.0,30.0,40.0,1.4999999625000011,0.39999999000000025,24.059999400000017,90.05999775000006,0.2108307026817105,0.7891692885555835,-5.08,13.0,18.08,-3009.9776522884226,3.1537122426275332,0.042850036374496026,0.033875338733602385,1.1879972676058925e-05,47.794062736600715,380.1072958427876,167.08683576414904
1.0,23.33720206,7.399913851,140.0,16.0,100.0,2.3622,960.0,2.62,700.0,148.0,1693.15,0.22,159.0,2.33,1.0,3.0,3.0,0.5,0.5,20.7,232.0,58.0,490.15,0.36,41.6,7.38,50.0,7.7,7.7,779.0,36.0,36.0,2072.0,0.23,360.0,3890.0,1.0,983.8925182,0,40.0,6.892532516639544,-40.0,30.0,40.0,1.4999999625000011,0.39999999000000025,40.099999000000025,210.13999475000014,0.16024616304864273,0.8397538329551936,-5.08,13.0,18.08,-7023.281188672986,3.1537122426275332,0.042850036374496026,0.033875338733602385,1.1879972676058925e-05,47.794062736600715,380.1072958427876,167.08683576414904
1.0,23.33720206,7.399913851,150.0,25.0,125.0,2.3622,960.0,2.62,700.0,148.0,1693.15,0.22,159.0,2.33,1.0,3.0,3.0,0.5,0.5,20.7,232.0,58.0,490.15,0.36,41.6,7.38,50.0,7.7,7.7,779.0,36.0,36.0,2072.0,0.23,360.0,3890.0,1.0,506.831664,0,40.0,6.230150022584545,-25.0,50.0,40.0,1.4999999625000011,0.6249999843750005,78.24999804687506,225.14999437500015,0.2579103485281527,0.7420896481758684,-5.08,13.0,18.08,-7524.944130721056,3.1537122426275332,0.042850036374496026,0.033875338733602385,1.1879972676058925e-05,47.794062736600715,380.1072958427876,167.08683576414904
1.0,23.33720206,7.399913851,100.0,15.0,60.0,2.3622,960.0,2.62,700.0,148.0,1693.15,0.22,159.0,2.33,1.0,3.0,3.0,0.5,0.5,20.7,232.0,58.0,490.15,0.36,41.6,7.38,50.0,7.7,7.7,779.0,36.0,36.0,2072.0,0.23,360.0,3890.0,1.0,3766.345003,0,30.0,8.234125789110227,-40.0,10.0,30.0,1.9999999333333356,0.4999999833333339,30.05999900000003,200.09999333333357,0.1306047961014018,0.8693951995537945,-5.08,13.0,18.08,-5016.629420480704,3.1537122426275332,0.042850036374496026,0.033875338733602385,1.1879972676058925e-05,47.794062736600715,380.1072958427876,167.08683576414904
1.0,23.33720206,7.399913851,165.0,30.0,125.0,3.175,960.0,2.62,700.0,148.0,1693.15,0.22,159.0,2.33,1.0,3.0,3.0,0.5,0.5,20.7,232.0,58.0,490.15,0.36,41.6,7.38,50.0,7.7,7.7,779.0,36.0,36.0,2072.0,0.23,360.0,3890.0,1.0,342.0269635,0,60.0,5.837809054863445,-40.0,42.5,60.0,0.9999999833333336,0.4999999916666668,62.62499895833334,165.16499725000006,0.27492427115251,0.7250757244574816,-5.08,13.0,18.08,-6159.0814756586915,3.1537122426275332,0.042850036374496026,0.033875338733602385,1.1879972676058925e-05,47.794062736600715,380.1072958427876,167.08683576414904
1.0,23.33720206,7.399913851,165.0,21.0,125.0,3.175,960.0,2.62,700.0,148.0,1693.15,0.22,159.0,2.33,1.0,3.0,3.0,0.5,0.5,20.7,232.0,58.0,490.15,0.36,41.6,7.38,50.0,7.7,7.7,779.0,36.0,36.0,2072.0,0.23,360.0,3890.0,1.0,377.4368214,0,42.0,5.936049140583128,-40.0,42.5,42.0,1.428571394557824,0.49999998809523843,62.6249985119048,235.87928010204095,0.20979598213096787,0.7902040145189964,-5.08,13.0,18.08,-6159.0814756586915,3.1537122426275332,0.042850036374496026,0.033875338733602385,1.1879972676058925e-05,47.794062736600715,380.1072958427876,167.08683576414904
1.0,23.33720206,7.399913851,165.0,120.0,125.0,3.175,960.0,2.62,700.0,148.0,1693.15,0.22,159.0,2.33,1.0,3.0,3.0,0.5,0.5,20.7,232.0,58.0,490.15,0.36,41.6,7.38,50.0,7.7,7.7,779.0,36.0,36.0,2072.0,0.23,360.0,3890.0,1.0,233.2229988,0,240.0,5.456273647879309,-40.0,42.5,240.0,0.24999999895833333,0.49999999791666666,62.62499973958332,41.414999828125,0.6019319434627216,0.3980680469255907,-5.08,13.0,18.08,-6159.0814756586915,3.1537122426275332,0.042850036374496026,0.033875338733602385,1.1879972676058925e-05,47.794062736600715,380.1072958427876,167.08683576414904
1.0,23.33720206,7.399913851,180.0,15.0,125.0,3.175,960.0,2.62,700.0,148.0,1693.15,0.22,159.0,2.33,1.0,3.0,3.0,0.5,0.5,20.7,232.0,58.0,490.15,0.36,41.6,7.38,50.0,7.7,7.7,779.0,36.0,36.0,2072.0,0.23,360.0,3890.0,1.0,365.8437741,0,30.0,5.904936073774338,-55.0,35.0,30.0,1.9999999333333356,0.4999999833333339,62.62499791666673,360.17998800000044,0.1481179263597707,0.8518820712750726,-5.08,13.0,18.08,-6718.997973445844,3.1537122426275332,0.042850036374496026,0.033875338733602385,1.1879972676058925e-05,47.794062736600715,380.1072958427876,167.08683576414904
1.0,23.33720206,7.399913851,100.0,15.0,100.0,3.175,960.0,2.62,700.0,148.0,1693.15,0.22,159.0,2.33,1.0,3.0,3.0,0.5,0.5,20.7,232.0,58.0,490.15,0.36,41.6,7.38,50.0,7.7,7.7,779.0,36.0,36.0,2072.0,0.23,360.0,3890.0,1.0,1316.050994,0,30.0,7.183150420811455,0.0,50.0,30.0,1.9999999333333356,0.4999999833333339,50.09999833333338,200.09999333333357,0.20023980736114538,0.7997601886420519,-5.08,13.0,18.08,-3732.776651914358,3.1537122426275332,0.042850036374496026,0.033875338733602385,1.1879972676058925e-05,47.794062736600715,380.1072958427876,167.08683576414904
1.0,23.33720206,7.399913851,100.0,38.65,100.0,3.175,960.0,2.62,700.0,148.0,1693.15,0.22,159.0,2.33,1.0,3.0,3.0,0.5,0.5,20.7,232.0,58.0,490.15,0.36,41.6,7.38,50.0,7.7,7.7,779.0,36.0,36.0,2072.0,0.23,360.0,3890.0,1.0,1013.300908,0,30.0,6.921954893580208,0.0,50.0,30.0,1.9999999333333356,1.2883332903888902,128.933329038889,200.09999333333357,0.3918549273899281,0.608145069570866,-5.08,13.0,18.08,-3732.776651914358,3.1537122426275332,0.042850036374496026,0.033875338733602385,1.1879972676058925e-05,47.794062736600715,380.1072958427876,167.08683576414904
1.0,23.33720206,7.399913851,100.0,20.0,100.0,3.175,960.0,2.62,700.0,148.0,1693.15,0.22,159.0,2.33,1.0,3.0,3.0,0.5,0.5,20.7,232.0,58.0,490.15,0.36,41.6,7.38,50.0,7.7,7.7,779.0,36.0,36.0,2072.0,0.23,360.0,3890.0,1.0,1215.527079,0,40.0,7.103755421737444,0.0,50.0,40.0,1.4999999625000011,0.49999998750000035,50.09999875000003,150.0999962500001,0.250249749005989,0.749750245999006,-5.08,13.0,18.08,-3732.776651914358,3.1537122426275332,0.042850036374496026,0.033875338733602385,1.1879972676058925e-05,47.794062736600715,380.1072958427876,167.08683576414904
1.0,23.33720206,7.399913851,100.0,47.3,100.0,3.175,960.0,2.62,700.0,148.0,1693.15,0.22,159.0,2.33,1.0,3.0,3.0,0.5,0.5,20.7,232.0,58.0,490.15,0.36,41.6,7.38,50.0,7.7,7.7,779.0,36.0,36.0,2072.0,0.23,360.0,3890.0,1.0,958.3242461,0,40.0,6.8662291262881965,0.0,50.0,40.0,1.4999999625000011,1.1824999704375008,118.34999704375007,150.0999962500001,0.44086421888408067,0.5591357773908309,-5.08,13.0,18.08,-3732.776651914358,3.1537122426275332,0.042850036374496026,0.033875338733602385,1.1879972676058925e-05,47.794062736600715,380.1072958427876,167.08683576414904
1.0,23.33720206,7.399913851,100.0,79.6,100.0,3.175,960.0,2.62,700.0,148.0,1693.15,0.22,159.0,2.33,1.0,3.0,3.0,0.5,0.5,20.7,232.0,58.0,490.15,0.36,41.6,7.38,50.0,7.7,7.7,779.0,36.0,36.0,2072.0,0.23,360.0,3890.0,1.0,829.997786,0,50.0,6.722627130591971,0.0,50.0,50.0,1.1999999760000006,1.5919999681600006,159.29999681600003,120.09999760000005,0.5701503200771978,0.42984967634370413,-5.08,13.0,18.08,-3732.776651914358,3.1537122426275332,0.042850036374496026,0.033875338733602385,1.1879972676058925e-05,47.794062736600715,380.1072958427876,167.08683576414904
1.0,23.33720206,7.399913851,100.0,30.0,100.0,3.175,960.0,2.62,700.0,148.0,1693.15,0.22,159.0,2.33,1.0,3.0,3.0,0.5,0.5,20.7,232.0,58.0,490.15,0.36,41.6,7.38,50.0,7.7,7.7,779.0,36.0,36.0,2072.0,0.23,360.0,3890.0,1.0,1086.746456,0,60.0,6.991863363493896,0.0,50.0,60.0,0.9999999833333336,0.4999999916666668,50.09999916666668,100.09999833333336,0.33355525743674797,0.6664447359054623,-5.08,13.0,18.08,-3732.776651914358,3.1537122426275332,0.042850036374496026,0.033875338733602385,1.1879972676058925e-05,47.794062736600715,380.1072958427876,167.08683576414904
1.0,23.33720206,7.399913851,100.0,40.0,100.0,3.175,960.0,2.62,700.0,148.0,1693.15,0.22,159.0,2.33,1.0,3.0,3.0,0.5,0.5,20.7,232.0,58.0,490.15,0.36,41.6,7.38,50.0,7.7,7.7,779.0,36.0,36.0,2072.0,0.23,360.0,3890.0,1.0,1003.737509,0,80.0,6.912481601303787,0.0,50.0,80.0,0.7499999906250001,0.4999999937500001,50.099999375,75.09999906250002,0.40015974121477516,0.5998402507980043,-5.08,13.0,18.08,-3732.776651914358,3.1537122426275332,0.042850036374496026,0.033875338733602385,1.1879972676058925e-05,47.794062736600715,380.1072958427876,167.08683576414904
1.0,23.33720206,7.399913851,100.0,47.3,100.0,3.175,960.0,2.62,700.0,148.0,1693.15,0.22,159.0,2.33,1.0,3.0,3.0,0.5,0.5,20.7,232.0,58.0,490.15,0.36,41.6,7.38,50.0,7.7,7.7,779.0,36.0,36.0,2072.0,0.23,360.0,3890.0,1.0,958.3242461,0,80.0,6.8662291262881965,0.0,50.0,80.0,0.7499999906250001,0.591249992609375,59.22499926093751,75.09999906250002,0.44090824164704623,0.5590917509083233,-5.08,13.0,18.08,-3732.776651914358,3.1537122426275332,0.042850036374496026,0.033875338733602385,1.1879972676058925e-05,47.794062736600715,380.1072958427876,167.08683576414904
1.0,23.33720206,7.399913851,100.0,70.0,100.0,3.175,960.0,2.62,700.0,148.0,1693.15,0.22,159.0,2.33,1.0,3.0,3.0,0.5,0.5,20.7,232.0,58.0,490.15,0.36,41.6,7.38,50.0,7.7,7.7,779.0,36.0,36.0,2072.0,0.23,360.0,3890.0,1.0,859.9892936,0,90.0,6.7580820695072115,0.0,50.0,90.0,0.6666666592592594,0.7777777691358025,77.87777691358025,66.76666592592593,0.5384083539357478,0.46159163915074775,-5.08,13.0,18.08,-3732.776651914358,3.1537122426275332,0.042850036374496026,0.033875338733602385,1.1879972676058925e-05,47.794062736600715,380.1072958427876,167.08683576414904
1.0,23.33720206,7.399913851,100.0,70.0,100.0,3.175,960.0,2.62,700.0,148.0,1693.15,0.22,159.0,2.33,1.0,3.0,3.0,0.5,0.5,20.7,232.0,58.0,490.15,0.36,41.6,7.38,50.0,7.7,7.7,779.0,36.0,36.0,2072.0,0.23,360.0,3890.0,1.0,859.9892936,0,100.0,6.7580820695072115,0.0,50.0,100.0,0.599999994,0.699999993,70.09999930000001,60.0999994,0.5384024536215111,0.4615975386979974,-5.08,13.0,18.08,-3732.776651914358,3.1537122426275332,0.042850036374496026,0.033875338733602385,1.1879972676058925e-05,47.794062736600715,380.1072958427876,167.08683576414904
1.0,23.33720206,7.399913851,100.0,60.0,100.0,3.175,960.0,2.62,700.0,148.0,1693.15,0.22,159.0,2.33,1.0,3.0,3.0,0.5,0.5,20.7,232.0,58.0,490.15,0.36,41.6,7.38,50.0,7.7,7.7,779.0,36.0,36.0,2072.0,0.23,360.0,3890.0,1.0,897.3952116,0,120.0,6.800610073490172,0.0,50.0,120.0,0.4999999958333334,0.4999999958333334,50.09999958333333,50.09999958333333,0.49999999500998005,0.49999999500998005,-5.08,13.0,18.08,-3732.776651914358,3.1537122426275332,0.042850036374496026,0.033875338733602385,1.1879972676058925e-05,47.794062736600715,380.1072958427876,167.08683576414904
1.0,23.33720206,7.399913851,100.0,70.0,100.0,3.175,960.0,2.62,700.0,148.0,1693.15,0.22,159.0,2.33,1.0,3.0,3.0,0.5,0.5,20.7,232.0,58.0,490.15,0.36,41.6,7.38,50.0,7.7,7.7,779.0,36.0,36.0,2072.0,0.23,360.0,3890.0,1.0,859.9892936,0,140.0,6.7580820695072115,0.0,50.0,140.0,0.4285714255102041,0.49999999642857146,50.09999964285714,42.95714255102041,0.5383788704804484,0.4616211187734663,-5.08,13.0,18.08,-3732.776651914358,3.1537122426275332,0.042850036374496026,0.033875338733602385,1.1879972676058925e-05,47.794062736600715,380.1072958427876,167.08683576414904
1.0,23.33720206,7.399913851,100.0,120.0,100.0,3.175,960.0,2.62,700.0,148.0,1693.15,0.22,159.0,2.33,1.0,3.0,3.0,0.5,0.5,20.7,232.0,58.0,490.15,0.36,41.6,7.38,50.0,7.7,7.7,779.0,36.0,36.0,2072.0,0.23,360.0,3890.0,1.0,741.0359254,0,240.0,6.609397658976448,0.0,50.0,240.0,0.24999999895833333,0.49999999791666666,50.09999979166666,25.09999989583333,0.6662233953941235,0.33377659130800436,-5.08,13.0,18.08,-3732.776651914358,3.1537122426275332,0.042850036374496026,0.033875338733602385,1.1879972676058925e-05,47.794062736600715,380.1072958427876,167.08683576414904
1.0,23.33720206,7.399913851,100.0,310.0,100.0,3.175,960.0,2.62,700.0,148.0,1693.15,0.22,159.0,2.33,1.0,3.0,3.0,0.5,0.5,20.7,232.0,58.0,490.15,0.36,41.6,7.38,50.0,7.7,7.7,779.0,36.0,36.0,2072.0,0.23,360.0,3890.0,1.0,570.1577388,0,720.0,6.347665421593546,0.0,50.0,720.0,0.08333333321759259,0.4305555549575617,43.15555549575617,8.433333321759259,0.8365280906103939,0.1634718900055876,-5.08,13.0,18.08,-3732.776651914358,3.1537122426275332,0.042850036374496026,0.033875338733602385,1.1879972676058925e-05,47.794062736600715,380.1072958427876,167.08683576414904
1.0,23.33720206,7.399913851,100.0,11.0,100.0,3.175,960.0,2.62,700.0,148.0,1693.15,0.22,159.0,2.33,1.0,3.0,3.0,0.5,0.5,20.7,232.0,58.0,490.15,0.36,41.6,7.38,50.0,7.7,7.7,779.0,36.0,36.0,2072.0,0.23,360.0,3890.0,1.0,1433.760012,1,,7.268752875183326,0.0,50.0,,,,0.1,142.9571394557824,0.0006990213818156743,0.9993009716279706,-5.08,13.0,18.08,-3732.776651914358,3.1537122426275332,0.042850036374496026,0.033875338733602385,1.1879972676058925e-05,47.794062736600715,380.1072958427876,167.08683576414904
1.0,23.33720206,7.399913851,100.0,31.0,100.0,3.175,960.0,2.62,700.0,148.0,1693.15,0.22,159.0,2.33,1.0,3.0,3.0,0.5,0.5,20.7,232.0,58.0,490.15,0.36,41.6,7.38,50.0,7.7,7.7,779.0,36.0,36.0,2072.0,0.23,360.0,3890.0,1.0,1076.948717,1,,6.982815177981126,0.0,50.0,,,,0.1,142.9571394557824,0.0006990213818156743,0.9993009716279706,-5.08,13.0,18.08,-3732.776651914358,3.1537122426275332,0.042850036374496026,0.033875338733602385,1.1879972676058925e-05,47.794062736600715,380.1072958427876,167.08683576414904
1.0,23.33720206,7.399913851,100.0,61.0,100.0,3.175,960.0,2.62,700.0,148.0,1693.15,0.22,159.0,2.33,1.0,3.0,3.0,0.5,0.5,20.7,232.0,58.0,490.15,0.36,41.6,7.38,50.0,7.7,7.7,779.0,36.0,36.0,2072.0,0.23,360.0,3890.0,1.0,893.3075875,1,,6.7960497736055325,0.0,50.0,,,,0.1,142.9571394557824,0.0006990213818156743,0.9993009716279706,-5.08,13.0,18.08,-3732.776651914358,3.1537122426275332,0.042850036374496026,0.033875338733602385,1.1879972676058925e-05,47.794062736600715,380.1072958427876,167.08683576414904
1.0,23.33720206,7.399913851,125.0,44.8,100.0,3.175,960.0,2.62,700.0,148.0,1693.15,0.22,159.0,2.33,1.0,3.0,3.0,0.5,0.5,20.7,232.0,58.0,490.15,0.36,41.6,7.38,50.0,7.7,7.7,779.0,36.0,36.0,2072.0,0.23,360.0,3890.0,1.0,707.5779834,0,40.0,6.5632601213870005,-25.0,37.5,40.0,1.4999999625000011,1.1199999720000007,112.09999720000006,187.62499531250012,0.3740095074698029,0.6259904891938053,-5.08,13.0,18.08,-4665.970814892948,3.1537122426275332,0.042850036374496026,0.033875338733602385,1.1879972676058925e-05,47.794062736600715,380.1072958427876,167.08683576414904
1.0,23.33720206,7.399913851,75.0,44.8,75.0,3.175,960.0,2.62,700.0,148.0,1693.15,0.22,159.0,2.33,1.0,3.0,3.0,0.5,0.5,20.7,232.0,58.0,490.15,0.36,41.6,7.38,50.0,7.7,7.7,779.0,36.0,36.0,2072.0,0.23,360.0,3890.0,1.0,2430.051003,0,40.0,7.79607895435108,0.0,37.5,40.0,1.4999999625000011,1.1199999720000007,84.07499790000004,112.57499718750007,0.4275362297113425,0.5724637652034807,-5.08,13.0,18.08,-2799.5824889357687,3.1537122426275332,0.042850036374496026,0.033875338733602385,1.1879972676058925e-05,47.794062736600715,380.1072958427876,167.08683576414904
1.0,23.33720206,7.399913851,60.0,16.0,60.0,3.175,960.0,2.62,700.0,148.0,1693.15,0.22,159.0,2.33,1.0,3.0,3.0,0.5,0.5,20.7,232.0,58.0,490.15,0.36,41.6,7.38,50.0,7.7,7.7,779.0,36.0,36.0,2072.0,0.23,360.0,3890.0,1.0,6234.265052,0,40.0,8.737976367555426,0.0,30.0,40.0,1.4999999625000011,0.39999999000000025,24.059999400000017,90.05999775000006,0.2108307026817105,0.7891692885555835,-5.08,13.0,18.08,-2239.665991148615,3.1537122426275332,0.042850036374496026,0.033875338733602385,1.1879972676058925e-05,47.794062736600715,380.1072958427876,167.08683576414904
1.0,23.33720206,7.399913851,140.0,16.0,100.0,3.175,960.0,2.62,700.0,148.0,1693.15,0.22,159.0,2.33,1.0,3.0,3.0,0.5,0.5,20.7,232.0,58.0,490.15,0.36,41.6,7.38,50.0,7.7,7.7,779.0,36.0,36.0,2072.0,0.23,360.0,3890.0,1.0,799.9538415,0,40.0,6.685803319315528,-40.0,30.0,40.0,1.4999999625000011,0.39999999000000025,40.099999000000025,210.13999475000014,0.16024616304864273,0.8397538329551936,-5.08,13.0,18.08,-5225.887312680101,3.1537122426275332,0.042850036374496026,0.033875338733602385,1.1879972676058925e-05,47.794062736600715,380.1072958427876,167.08683576414904
1.0,23.33720206,7.399913851,150.0,25.0,125.0,3.175,960.0,2.62,700.0,148.0,1693.15,0.22,159.0,2.33,1.0,3.0,3.0,0.5,0.5,20.7,232.0,58.0,490.15,0.36,41.6,7.38,50.0,7.7,7.7,779.0,36.0,36.0,2072.0,0.23,360.0,3890.0,1.0,412.0794997,0,40.0,6.023640067656928,-25.0,50.0,40.0,1.4999999625000011,0.6249999843750005,78.24999804687506,225.14999437500015,0.2579103485281527,0.7420896481758684,-5.08,13.0,18.08,-5599.164977871537,3.1537122426275332,0.042850036374496026,0.033875338733602385,1.1879972676058925e-05,47.794062736600715,380.1072958427876,167.08683576414904
1.0,23.33720206,7.399913851,100.0,15.0,60.0,3.175,960.0,2.62,700.0,148.0,1693.15,0.22,159.0,2.33,1.0,3.0,3.0,0.5,0.5,20.7,232.0,58.0,490.15,0.36,41.6,7.38,50.0,7.7,7.7,779.0,36.0,36.0,2072.0,0.23,360.0,3890.0,1.0,3062.226918,0,30.0,8.027224187666913,-40.0,10.0,30.0,1.9999999333333356,0.4999999833333339,30.05999900000003,200.09999333333357,0.1306047961014018,0.8693951995537945,-5.08,13.0,18.08,-3732.776651914358,3.1537122426275332,0.042850036374496026,0.033875338733602385,1.1879972676058925e-05,47.794062736600715,380.1072958427876,167.08683576414904
1.0,23.33720206,7.399913851,165.0,30.0,125.0,3.175,960.0,2.62,700.0,148.0,1693.15,0.22,159.0,2.33,1.0,3.0,3.0,0.5,0.5,20.7,232.0,58.0,490.15,0.36,41.6,7.38,50.0,7.7,7.7,779.0,36.0,36.0,2072.0,0.23,360.0,3890.0,1.0,288.1135899,0,60.0,5.666819655527301,-40.0,42.5,60.0,0.9999999833333336,0.4999999916666668,62.62499895833334,165.16499725000006,0.27492427115251,0.7250757244574816,-5.08,13.0,18.08,-6159.0814756586915,3.1537122426275332,0.042850036374496026,0.033875338733602385,1.1879972676058925e-05,47.794062736600715,380.1072958427876,167.08683576414904
1.0,23.33720206,7.399913851,165.0,21.0,125.0,3.175,960.0,2.62,700.0,148.0,1693.15,0.22,159.0,2.33,1.0,3.0,3.0,0.5,0.5,20.7,232.0,58.0,490.15,0.36,41.6,7.38,50.0,7.7,7.7,779.0,36.0,36.0,2072.0,0.23,360.0,3890.0,1.0,317.9418268,0,42.0,5.765008725026505,-40.0,42.5,42.0,1.428571394557824,0.49999998809523843,62.6249985119048,235.87928010204095,0.20979598213096787,0.7902040145189964,-5.08,13.0,18.08,-6159.0814756586915,3.1537122426275332,0.042850036374496026,0.033875338733602385,1.1879972676058925e-05,47.794062736600715,380.1072958427876,167.08683576414904
1.0,23.33720206,7.399913851,165.0,120.0,125.0,3.175,960.0,2.62,700.0,148.0,1693.15,0.22,159.0,2.33,1.0,3.0,3.0,0.5,0.5,20.7,232.0,58.0,490.15,0.36,41.6,7.38,50.0,7.7,7.7,779.0,36.0,36.0,2072.0,0.23,360.0,3890.0,1.0,196.460287,0,240.0,5.285537485641176,-40.0,42.5,240.0,0.24999999895833333,0.49999999791666666,62.62499973958332,41.414999828125,0.6019319434627216,0.3980680469255907,-5.08,13.0,18.08,-6159.0814756586915,3.1537122426275332,0.042850036374496026,0.033875338733602385,1.1879972676058925e-05,47.794062736600715,380.1072958427876,167.08683576414904
1.0,23.33720206,7.399913851,180.0,15.0,125.0,3.175,960.0,2.62,700.0,148.0,1693.15,0.22,159.0,2.33,1.0,3.0,3.0,0.5,0.5,20.7,232.0,58.0,490.15,0.36,41.6,7.38,50.0,7.7,7.7,779.0,36.0,36.0,2072.0,0.23,360.0,3890.0,1.0,308.1761801,0,30.0,5.733911276552995,-55.0,35.0,30.0,1.9999999333333356,0.4999999833333339,62.62499791666673,360.17998800000044,0.1481179263597707,0.8518820712750726,-5.08,13.0,18.08,-6718.997973445844,3.1537122426275332,0.042850036374496026,0.033875338733602385,1.1879972676058925e-05,47.794062736600715,380.1072958427876,167.08683576414904
1.0,23.33720206,7.399913851,100.0,15.0,100.0,3.175,960.0,2.62,700.0,148.0,1693.15,0.22,159.0,2.33,1.0,3.0,3.0,0.5,0.5,20.7,232.0,58.0,490.15,0.36,41.6,7.38,50.0,7.7,7.7,779.0,36.0,36.0,2072.0,0.23,360.0,3890.0,1.0,1108.603171,0,30.0,7.011757726783128,0.0,50.0,30.0,1.9999999333333356,0.4999999833333339,50.09999833333338,200.09999333333357,0.20023980736114538,0.7997601886420519,-5.08,13.0,18.08,-3732.776651914358,3.1537122426275332,0.042850036374496026,0.033875338733602385,1.1879972676058925e-05,47.794062736600715,380.1072958427876,167.08683576414904
1.0,23.33720206,7.399913851,100.0,38.65,100.0,3.175,960.0,2.62,700.0,148.0,1693.15,0.22,159.0,2.33,1.0,3.0,3.0,0.5,0.5,20.7,232.0,58.0,490.15,0.36,41.6,7.38,50.0,7.7,7.7,779.0,36.0,36.0,2072.0,0.23,360.0,3890.0,1.0,853.5752833,0,30.0,6.750604600839886,0.0,50.0,30.0,1.9999999333333356,1.2883332903888902,128.933329038889,200.09999333333357,0.3918549273899281,0.608145069570866,-5.08,13.0,18.08,-3732.776651914358,3.1537122426275332,0.042850036374496026,0.033875338733602385,1.1879972676058925e-05,47.794062736600715,380.1072958427876,167.08683576414904
1.0,23.33720206,7.399913851,100.0,20.0,100.0,3.175,960.0,2.62,700.0,148.0,1693.15,0.22,159.0,2.33,1.0,3.0,3.0,0.5,0.5,20.7,232.0,58.0,490.15,0.36,41.6,7.38,50.0,7.7,7.7,779.0,36.0,36.0,2072.0,0.23,360.0,3890.0,1.0,1023.924742,0,40.0,6.932374466437925,0.0,50.0,40.0,1.4999999625000011,0.49999998750000035,50.09999875000003,150.0999962500001,0.250249749005989,0.749750245999006,-5.08,13.0,18.08,-3732.776651914358,3.1537122426275332,0.042850036374496026,0.033875338733602385,1.1879972676058925e-05,47.794062736600715,380.1072958427876,167.08683576414904
1.0,23.33720206,7.399913851,100.0,47.3,100.0,3.175,960.0,2.62,700.0,148.0,1693.15,0.22,159.0,2.33,1.0,3.0,3.0,0.5,0.5,20.7,232.0,58.0,490.15,0.36,41.6,7.38,50.0,7.7,7.7,779.0,36.0,36.0,2072.0,0.23,360.0,3890.0,1.0,807.2645385,0,40.0,6.694889404071358,0.0,50.0,40.0,1.4999999625000011,1.1824999704375008,118.34999704375007,150.0999962500001,0.44086421888408067,0.5591357773908309,-5.08,13.0,18.08,-3732.776651914358,3.1537122426275332,0.042850036374496026,0.033875338733602385,1.1879972676058925e-05,47.794062736600715,380.1072958427876,167.08683576414904
1.0,23.33720206,7.399913851,100.0,79.6,100.0,3.175,960.0,2.62,700.0,148.0,1693.15,0.22,159.0,2.33,1.0,3.0,3.0,0.5,0.5,20.7,232.0,58.0,490.15,0.36,41.6,7.38,50.0,7.7,7.7,779.0,36.0,36.0,2072.0,0.23,360.0,3890.0,1.0,699.166052,0,50.0,6.551317524054724,0.0,50.0,50.0,1.1999999760000006,1.5919999681600006,159.29999681600003,120.09999760000005,0.5701503200771978,0.42984967634370413,-5.08,13.0,18.08,-3732.776651914358,3.1537122426275332,0.042850036374496026,0.033875338733602385,1.1879972676058925e-05,47.794062736600715,380.1072958427876,167.08683576414904
1.0,23.33720206,7.399913851,100.0,30.0,100.0,3.175,960.0,2.62,700.0,148.0,1693.15,0.22,159.0,2.33,1.0,3.0,3.0,0.5,0.5,20.7,232.0,58.0,490.15,0.36,41.6,7.38,50.0,7.7,7.7,779.0,36.0,36.0,2072.0,0.23,360.0,3890.0,1.0,915.443682,0,60.0,6.820500616400968,0.0,50.0,60.0,0.9999999833333336,0.4999999916666668,50.09999916666668,100.09999833333336,0.33355525743674797,0.6664447359054623,-5.08,13.0,18.08,-3732.776651914358,3.1537122426275332,0.042850036374496026,0.033875338733602385,1.1879972676058925e-05,47.794062736600715,380.1072958427876,167.08683576414904
1.0,23.33720206,7.399913851,100.0,40.0,100.0,3.175,960.0,2.62,700.0,148.0,1693.15,0.22,159.0,2.33,1.0,3.0,3.0,0.5,0.5,20.7,232.0,58.0,490.15,0.36,41.6,7.38,50.0,7.7,7.7,779.0,36.0,36.0,2072.0,0.23,360.0,3890.0,1.0,845.5193532,0,80.0,6.741133063922595,0.0,50.0,80.0,0.7499999906250001,0.4999999937500001,50.099999375,75.09999906250002,0.40015974121477516,0.5998402507980043,-5.08,13.0,18.08,-3732.776651914358,3.1537122426275332,0.042850036374496026,0.033875338733602385,1.1879972676058925e-05,47.794062736600715,380.1072958427876,167.08683576414904
1.0,23.33720206,7.399913851,100.0,47.3,100.0,3.175,960.0,2.62,700.0,148.0,1693.15,0.22,159.0,2.33,1.0,3.0,3.0,0.5,0.5,20.7,232.0,58.0,490.15,0.36,41.6,7.38,50.0,7.7,7.7,779.0,36.0,36.0,2072.0,0.23,360.0,3890.0,1.0,807.2645385,0,80.0,6.694889404071358,0.0,50.0,80.0,0.7499999906250001,0.591249992609375,59.22499926093751,75.09999906250002,0.44090824164704623,0.5590917509083233,-5.08,13.0,18.08,-3732.776651914358,3.1537122426275332,0.042850036374496026,0.033875338733602385,1.1879972676058925e-05,47.794062736600715,380.1072958427876,167.08683576414904
1.0,23.33720206,7.399913851,100.0,70.0,100.0,3.175,960.0,2.62,700.0,148.0,1693.15,0.22,159.0,2.33,1.0,3.0,3.0,0.5,0.5,20.7,232.0,58.0,490.15,0.36,41.6,7.38,50.0,7.7,7.7,779.0,36.0,36.0,2072.0,0.23,360.0,3890.0,1.0,724.4300278,0,90.0,6.5867646208087125,0.0,50.0,90.0,0.6666666592592594,0.7777777691358025,77.87777691358025,66.76666592592593,0.5384083539357478,0.46159163915074775,-5.08,13.0,18.08,-3732.776651914358,3.1537122426275332,0.042850036374496026,0.033875338733602385,1.1879972676058925e-05,47.794062736600715,380.1072958427876,167.08683576414904
1.0,23.33720206,7.399913851,100.0,70.0,100.0,3.175,960.0,2.62,700.0,148.0,1693.15,0.22,159.0,2.33,1.0,3.0,3.0,0.5,0.5,20.7,232.0,58.0,490.15,0.36,41.6,7.38,50.0,7.7,7.7,779.0,36.0,36.0,2072.0,0.23,360.0,3890.0,1.0,724.4300278,0,100.0,6.5867646208087125,0.0,50.0,100.0,0.599999994,0.699999993,70.09999930000001,60.0999994,0.5384024536215111,0.4615975386979974,-5.08,13.0,18.08,-3732.776651914358,3.1537122426275332,0.042850036374496026,0.033875338733602385,1.1879972676058925e-05,47.794062736600715,380.1072958427876,167.08683576414904
1.0,23.33720206,7.399913851,100.0,60.0,100.0,3.175,960.0,2.62,700.0,148.0,1693.15,0.22,159.0,2.33,1.0,3.0,3.0,0.5,0.5,20.7,232.0,58.0,490.15,0.36,41.6,7.38,50.0,7.7,7.7,779.0,36.0,36.0,2072.0,0.23,360.0,3890.0,1.0,755.9396877,0,120.0,6.629283577476085,0.0,50.0,120.0,0.4999999958333334,0.4999999958333334,50.09999958333333,50.09999958333333,0.49999999500998005,0.49999999500998005,-5.08,13.0,18.08,-3732.776651914358,3.1537122426275332,0.042850036374496026,0.033875338733602385,1.1879972676058925e-05,47.794062736600715,380.1072958427876,167.08683576414904
1.0,23.33720206,7.399913851,100.0,70.0,100.0,3.175,960.0,2.62,700.0,148.0,1693.15,0.22,159.0,2.33,1.0,3.0,3.0,0.5,0.5,20.7,232.0,58.0,490.15,0.36,41.6,7.38,50.0,7.7,7.7,779.0,36.0,36.0,2072.0,0.23,360.0,3890.0,1.0,724.4300278,0,140.0,6.5867646208087125,0.0,50.0,140.0,0.4285714255102041,0.49999999642857146,50.09999964285714,42.95714255102041,0.5383788704804484,0.4616211187734663,-5.08,13.0,18.08,-3732.776651914358,3.1537122426275332,0.042850036374496026,0.033875338733602385,1.1879972676058925e-05,47.794062736600715,380.1072958427876,167.08683576414904
1.0,23.33720206,7.399913851,100.0,120.0,100.0,3.175,960.0,2.62,700.0,148.0,1693.15,0.22,159.0,2.33,1.0,3.0,3.0,0.5,0.5,20.7,232.0,58.0,490.15,0.36,41.6,7.38,50.0,7.7,7.7,779.0,36.0,36.0,2072.0,0.23,360.0,3890.0,1.0,624.2271619,0,240.0,6.438115042741165,0.0,50.0,240.0,0.24999999895833333,0.49999999791666666,50.09999979166666,25.09999989583333,0.6662233953941235,0.33377659130800436,-5.08,13.0,18.08,-3732.776651914358,3.1537122426275332,0.042850036374496026,0.033875338733602385,1.1879972676058925e-05,47.794062736600715,380.1072958427876,167.08683576414904
1.0,23.33720206,7.399913851,100.0,310.0,100.0,3.175,960.0,2.62,700.0,148.0,1693.15,0.22,159.0,2.33,1.0,3.0,3.0,0.5,0.5,20.7,232.0,58.0,490.15,0.36,41.6,7.38,50.0,7.7,7.7,779.0,36.0,36.0,2072.0,0.23,360.0,3890.0,1.0,480.2843356,0,720.0,6.1764582297582376,0.0,50.0,720.0,0.08333333321759259,0.4305555549575617,43.15555549575617,8.433333321759259,0.8365280906103939,0.1634718900055876,-5.08,13.0,18.08,-3732.776651914358,3.1537122426275332,0.042850036374496026,0.033875338733602385,1.1879972676058925e-05,47.794062736600715,380.1072958427876,167.08683576414904
1.0,23.33720206,7.399913851,100.0,11.0,100.0,3.175,960.0,2.62,700.0,148.0,1693.15,0.22,159.0,2.33,1.0,3.0,3.0,0.5,0.5,20.7,232.0,58.0,490.15,0.36,41.6,7.38,50.0,7.7,7.7,779.0,36.0,36.0,2072.0,0.23,360.0,3890.0,1.0,1207.757833,1,,7.097348526994697,0.0,50.0,,,,0.1,142.9571394557824,0.0006990213818156743,0.9993009716279706,-5.08,13.0,18.08,-3732.776651914358,3.1537122426275332,0.042850036374496026,0.033875338733602385,1.1879972676058925e-05,47.794062736600715,380.1072958427876,167.08683576414904
1.0,23.33720206,7.399913851,100.0,31.0,100.0,3.175,960.0,2.62,700.0,148.0,1693.15,0.22,159.0,2.33,1.0,3.0,3.0,0.5,0.5,20.7,232.0,58.0,490.15,0.36,41.6,7.38,50.0,7.7,7.7,779.0,36.0,36.0,2072.0,0.23,360.0,3890.0,1.0,907.1903512,1,,6.811453994515805,0.0,50.0,,,,0.1,142.9571394557824,0.0006990213818156743,0.9993009716279706,-5.08,13.0,18.08,-3732.776651914358,3.1537122426275332,0.042850036374496026,0.033875338733602385,1.1879972676058925e-05,47.794062736600715,380.1072958427876,167.08683576414904
1.0,23.33720206,7.399913851,100.0,61.0,100.0,3.175,960.0,2.62,700.0,148.0,1693.15,0.22,159.0,2.33,1.0,3.0,3.0,0.5,0.5,20.7,232.0,58.0,490.15,0.36,41.6,7.38,50.0,7.7,7.7,779.0,36.0,36.0,2072.0,0.23,360.0,3890.0,1.0,752.4963918,1,,6.624724229468489,0.0,50.0,,,,0.1,142.9571394557824,0.0006990213818156743,0.9993009716279706,-5.08,13.0,18.08,-3732.776651914358,3.1537122426275332,0.042850036374496026,0.033875338733602385,1.1879972676058925e-05,47.794062736600715,380.1072958427876,167.08683576414904
1.0,23.33720206,7.399913851,125.0,44.8,100.0,3.175,960.0,2.62,700.0,148.0,1693.15,0.22,159.0,2.33,1.0,3.0,3.0,0.5,0.5,20.7,232.0,58.0,490.15,0.36,41.6,7.38,50.0,7.7,7.7,779.0,36.0,36.0,2072.0,0.23,360.0,3890.0,1.0,596.0431624,0,40.0,6.391989409606638,-25.0,37.5,40.0,1.4999999625000011,1.1199999720000007,112.09999720000006,187.62499531250012,0.3740095074698029,0.6259904891938053,-5.08,13.0,18.08,-4665.970814892948,3.1537122426275332,0.042850036374496026,0.033875338733602385,1.1879972676058925e-05,47.794062736600715,380.1072958427876,167.08683576414904
1.0,23.33720206,7.399913851,75.0,44.8,75.0,3.175,960.0,2.62,700.0,148.0,1693.15,0.22,159.0,2.33,1.0,3.0,3.0,0.5,0.5,20.7,232.0,58.0,490.15,0.36,41.6,7.38,50.0,7.7,7.7,779.0,36.0,36.0,2072.0,0.23,360.0,3890.0,1.0,2047.004455,0,40.0,7.624621161450001,0.0,37.5,40.0,1.4999999625000011,1.1199999720000007,84.07499790000004,112.57499718750007,0.4275362297113425,0.5724637652034807,-5.08,13.0,18.08,-2799.5824889357687,3.1537122426275332,0.042850036374496026,0.033875338733602385,1.1879972676058925e-05,47.794062736600715,380.1072958427876,167.08683576414904
1.0,23.33720206,7.399913851,60.0,16.0,60.0,3.175,960.0,2.62,700.0,148.0,1693.15,0.22,159.0,2.33,1.0,3.0,3.0,0.5,0.5,20.7,232.0,58.0,490.15,0.36,41.6,7.38,50.0,7.7,7.7,779.0,36.0,36.0,2072.0,0.23,360.0,3890.0,1.0,5251.563988,0,40.0,8.566471615034288,0.0,30.0,40.0,1.4999999625000011,0.39999999000000025,24.059999400000017,90.05999775000006,0.2108307026817105,0.7891692885555835,-5.08,13.0,18.08,-2239.665991148615,3.1537122426275332,0.042850036374496026,0.033875338733602385,1.1879972676058925e-05,47.794062736600715,380.1072958427876,167.08683576414904
1.0,23.33720206,7.399913851,140.0,16.0,100.0,3.175,960.0,2.62,700.0,148.0,1693.15,0.22,159.0,2.33,1.0,3.0,3.0,0.5,0.5,20.7,232.0,58.0,490.15,0.36,41.6,7.38,50.0,7.7,7.7,779.0,36.0,36.0,2072.0,0.23,360.0,3890.0,1.0,673.8579049,0,40.0,6.514502157452665,-40.0,30.0,40.0,1.4999999625000011,0.39999999000000025,40.099999000000025,210.13999475000014,0.16024616304864273,0.8397538329551936,-5.08,13.0,18.08,-5225.887312680101,3.1537122426275332,0.042850036374496026,0.033875338733602385,1.1879972676058925e-05,47.794062736600715,380.1072958427876,167.08683576414904
1.0,23.33720206,7.399913851,150.0,25.0,125.0,3.175,960.0,2.62,700.0,148.0,1693.15,0.22,159.0,2.33,1.0,3.0,3.0,0.5,0.5,20.7,232.0,58.0,490.15,0.36,41.6,7.38,50.0,7.7,7.7,779.0,36.0,36.0,2072.0,0.23,360.0,3890.0,1.0,347.1238138,0,40.0,5.852558203278974,-25.0,50.0,40.0,1.4999999625000011,0.6249999843750005,78.24999804687506,225.14999437500015,0.2579103485281527,0.7420896481758684,-5.08,13.0,18.08,-5599.164977871537,3.1537122426275332,0.042850036374496026,0.033875338733602385,1.1879972676058925e-05,47.794062736600715,380.1072958427876,167.08683576414904
1.0,23.33720206,7.399913851,100.0,15.0,60.0,3.175,960.0,2.62,700.0,148.0,1693.15,0.22,159.0,2.33,1.0,3.0,3.0,0.5,0.5,20.7,232.0,58.0,490.15,0.36,41.6,7.38,50.0,7.7,7.7,779.0,36.0,36.0,2072.0,0.23,360.0,3890.0,1.0,2579.531103,0,30.0,7.85575051060663,-40.0,10.0,30.0,1.9999999333333356,0.4999999833333339,30.05999900000003,200.09999333333357,0.1306047961014018,0.8693951995537945,-5.08,13.0,18.08,-3732.776651914358,3.1537122426275332,0.042850036374496026,0.033875338733602385,1.1879972676058925e-05,47.794062736600715,380.1072958427876,167.08683576414904
1.0,23.33720206,7.399913851,165.0,30.0,125.0,3.175,960.0,2.62,700.0,148.0,1693.15,0.22,159.0,2.33,1.0,3.0,3.0,0.5,0.5,20.7,232.0,58.0,490.15,0.36,41.6,7.38,50.0,7.7,7.7,779.0,36.0,36.0,2072.0,0.23,360.0,3890.0,1.0,321.1628714,0,60.0,5.775057229465982,-40.0,42.5,60.0,0.9999999833333336,0.4999999916666668,62.62499895833334,165.16499725000006,0.27492427115251,0.7250757244574816,-5.08,13.0,18.08,-6159.0814756586915,3.1537122426275332,0.042850036374496026,0.033875338733602385,1.1879972676058925e-05,47.794062736600715,380.1072958427876,167.08683576414904
1.0,23.33720206,7.399913851,165.0,21.0,125.0,3.175,960.0,2.62,700.0,148.0,1693.15,0.22,159.0,2.33,1.0,3.0,3.0,0.5,0.5,20.7,232.0,58.0,490.15,0.36,41.6,7.38,50.0,7.7,7.7,779.0,36.0,36.0,2072.0,0.23,360.0,3890.0,1.0,354.4126816,0,42.0,5.873279597695084,-40.0,42.5,42.0,1.428571394557824,0.49999998809523843,62.6249985119048,235.87928010204095,0.20979598213096787,0.7902040145189964,-5.08,13.0,18.08,-6159.0814756586915,3.1537122426275332,0.042850036374496026,0.033875338733602385,1.1879972676058925e-05,47.794062736600715,380.1072958427876,167.08683576414904
1.0,23.33720206,7.399913851,165.0,120.0,125.0,3.175,960.0,2.62,700.0,148.0,1693.15,0.22,159.0,2.33,1.0,3.0,3.0,0.5,0.5,20.7,232.0,58.0,490.15,0.36,41.6,7.38,50.0,7.7,7.7,779.0,36.0,36.0,2072.0,0.23,360.0,3890.0,1.0,218.9960908,0,240.0,5.39360977710358,-40.0,42.5,240.0,0.24999999895833333,0.49999999791666666,62.62499973958332,41.414999828125,0.6019319434627216,0.3980680469255907,-5.08,13.0,18.08,-6159.0814756586915,3.1537122426275332,0.042850036374496026,0.033875338733602385,1.1879972676058925e-05,47.794062736600715,380.1072958427876,167.08683576414904
1.0,23.33720206,7.399913851,180.0,15.0,125.0,3.175,960.0,2.62,700.0,148.0,1693.15,0.22,159.0,2.33,1.0,3.0,3.0,0.5,0.5,20.7,232.0,58.0,490.15,0.36,41.6,7.38,50.0,7.7,7.7,779.0,36.0,36.0,2072.0,0.23,360.0,3890.0,1.0,343.5268253,0,30.0,5.842171954766186,-55.0,35.0,30.0,1.9999999333333356,0.4999999833333339,62.62499791666673,360.17998800000044,0.1481179263597707,0.8518820712750726,-5.08,13.0,18.08,-6718.997973445844,3.1537122426275332,0.042850036374496026,0.033875338733602385,1.1879972676058925e-05,47.794062736600715,380.1072958427876,167.08683576414904
1.0,23.33720206,7.399913851,100.0,15.0,100.0,3.175,960.0,2.62,700.0,148.0,1693.15,0.22,159.0,2.33,1.0,3.0,3.0,0.5,0.5,20.7,232.0,58.0,490.15,0.36,41.6,7.38,50.0,7.7,7.7,779.0,36.0,36.0,2072.0,0.23,360.0,3890.0,1.0,1235.770162,0,30.0,7.120258552380434,0.0,50.0,30.0,1.9999999333333356,0.4999999833333339,50.09999833333338,200.09999333333357,0.20023980736114538,0.7997601886420519,-5.08,13.0,18.08,-3732.776651914358,3.1537122426275332,0.042850036374496026,0.033875338733602385,1.1879972676058925e-05,47.794062736600715,380.1072958427876,167.08683576414904
1.0,23.33720206,7.399913851,100.0,38.65,100.0,3.175,960.0,2.62,700.0,148.0,1693.15,0.22,159.0,2.33,1.0,3.0,3.0,0.5,0.5,20.7,232.0,58.0,490.15,0.36,41.6,7.38,50.0,7.7,7.7,779.0,36.0,36.0,2072.0,0.23,360.0,3890.0,1.0,951.4882272,0,30.0,6.859077747029459,0.0,50.0,30.0,1.9999999333333356,1.2883332903888902,128.933329038889,200.09999333333357,0.3918549273899281,0.608145069570866,-5.08,13.0,18.08,-3732.776651914358,3.1537122426275332,0.042850036374496026,0.033875338733602385,1.1879972676058925e-05,47.794062736600715,380.1072958427876,167.08683576414904
1.0,23.33720206,7.399913851,100.0,20.0,100.0,3.175,960.0,2.62,700.0,148.0,1693.15,0.22,159.0,2.33,1.0,3.0,3.0,0.5,0.5,20.7,232.0,58.0,490.15,0.36,41.6,7.38,50.0,7.7,7.7,779.0,36.0,36.0,2072.0,0.23,360.0,3890.0,1.0,1141.378338,0,40.0,7.040867629570808,0.0,50.0,40.0,1.4999999625000011,0.49999998750000035,50.09999875000003,150.0999962500001,0.250249749005989,0.749750245999006,-5.08,13.0,18.08,-3732.776651914358,3.1537122426275332,0.042850036374496026,0.033875338733602385,1.1879972676058925e-05,47.794062736600715,380.1072958427876,167.08683576414904
1.0,23.33720206,7.399913851,100.0,47.3,100.0,3.175,960.0,2.62,700.0,148.0,1693.15,0.22,159.0,2.33,1.0,3.0,3.0,0.5,0.5,20.7,232.0,58.0,490.15,0.36,41.6,7.38,50.0,7.7,7.7,779.0,36.0,36.0,2072.0,0.23,360.0,3890.0,1.0,899.8652136,0,40.0,6.803355649969282,0.0,50.0,40.0,1.4999999625000011,1.1824999704375008,118.34999704375007,150.0999962500001,0.44086421888408067,0.5591357773908309,-5.08,13.0,18.08,-3732.776651914358,3.1537122426275332,0.042850036374496026,0.033875338733602385,1.1879972676058925e-05,47.794062736600715,380.1072958427876,167.08683576414904
1.0,23.33720206,7.399913851,100.0,79.6,100.0,3.175,960.0,2.62,700.0,148.0,1693.15,0.22,159.0,2.33,1.0,3.0,3.0,0.5,0.5,20.7,232.0,58.0,490.15,0.36,41.6,7.38,50.0,7.7,7.7,779.0,36.0,36.0,2072.0,0.23,360.0,3890.0,1.0,779.3668354,0,50.0,6.659764110921282,0.0,50.0,50.0,1.1999999760000006,1.5919999681600006,159.29999681600003,120.09999760000005,0.5701503200771978,0.42984967634370413,-5.08,13.0,18.08,-3732.776651914358,3.1537122426275332,0.042850036374496026,0.033875338733602385,1.1879972676058925e-05,47.794062736600715,380.1072958427876,167.08683576414904
1.0,23.33720206,7.399913851,100.0,30.0,100.0,3.175,960.0,2.62,700.0,148.0,1693.15,0.22,159.0,2.33,1.0,3.0,3.0,0.5,0.5,20.7,232.0,58.0,490.15,0.36,41.6,7.38,50.0,7.7,7.7,779.0,36.0,36.0,2072.0,0.23,360.0,3890.0,1.0,1020.453501,0,60.0,6.928981892908331,0.0,50.0,60.0,0.9999999833333336,0.4999999916666668,50.09999916666668,100.09999833333336,0.33355525743674797,0.6664447359054623,-5.08,13.0,18.08,-3732.776651914358,3.1537122426275332,0.042850036374496026,0.033875338733602385,1.1879972676058925e-05,47.794062736600715,380.1072958427876,167.08683576414904
1.0,23.33720206,7.399913851,100.0,40.0,100.0,3.175,960.0,2.62,700.0,148.0,1693.15,0.22,159.0,2.33,1.0,3.0,3.0,0.5,0.5,20.7,232.0,58.0,490.15,0.36,41.6,7.38,50.0,7.7,7.7,779.0,36.0,36.0,2072.0,0.23,360.0,3890.0,1.0,942.5082078,0,80.0,6.8496050640818416,0.0,50.0,80.0,0.7499999906250001,0.4999999937500001,50.099999375,75.09999906250002,0.40015974121477516,0.5998402507980043,-5.08,13.0,18.08,-3732.776651914358,3.1537122426275332,0.042850036374496026,0.033875338733602385,1.1879972676058925e-05,47.794062736600715,380.1072958427876,167.08683576414904
1.0,23.33720206,7.399913851,100.0,47.3,100.0,3.175,960.0,2.62,700.0,148.0,1693.15,0.22,159.0,2.33,1.0,3.0,3.0,0.5,0.5,20.7,232.0,58.0,490.15,0.36,41.6,7.38,50.0,7.7,7.7,779.0,36.0,36.0,2072.0,0.23,360.0,3890.0,1.0,899.8652136,0,80.0,6.803355649969282,0.0,50.0,80.0,0.7499999906250001,0.591249992609375,59.22499926093751,75.09999906250002,0.44090824164704623,0.5590917509083233,-5.08,13.0,18.08,-3732.776651914358,3.1537122426275332,0.042850036374496026,0.033875338733602385,1.1879972676058925e-05,47.794062736600715,380.1072958427876,167.08683576414904
1.0,23.33720206,7.399913851,100.0,70.0,100.0,3.175,960.0,2.62,700.0,148.0,1693.15,0.22,159.0,2.33,1.0,3.0,3.0,0.5,0.5,20.7,232.0,58.0,490.15,0.36,41.6,7.38,50.0,7.7,7.7,779.0,36.0,36.0,2072.0,0.23,360.0,3890.0,1.0,807.5288219,0,90.0,6.695216326990299,0.0,50.0,90.0,0.6666666592592594,0.7777777691358025,77.87777691358025,66.76666592592593,0.5384083539357478,0.46159163915074775,-5.08,13.0,18.08,-3732.776651914358,3.1537122426275332,0.042850036374496026,0.033875338733602385,1.1879972676058925e-05,47.794062736600715,380.1072958427876,167.08683576414904
1.0,23.33720206,7.399913851,100.0,70.0,100.0,3.175,960.0,2.62,700.0,148.0,1693.15,0.22,159.0,2.33,1.0,3.0,3.0,0.5,0.5,20.7,232.0,58.0,490.15,0.36,41.6,7.38,50.0,7.7,7.7,779.0,36.0,36.0,2072.0,0.23,360.0,3890.0,1.0,807.5288219,0,100.0,6.695216326990299,0.0,50.0,100.0,0.599999994,0.699999993,70.09999930000001,60.0999994,0.5384024536215111,0.4615975386979974,-5.08,13.0,18.08,-3732.776651914358,3.1537122426275332,0.042850036374496026,0.033875338733602385,1.1879972676058925e-05,47.794062736600715,380.1072958427876,167.08683576414904
1.0,23.33720206,7.399913851,100.0,60.0,100.0,3.175,960.0,2.62,700.0,148.0,1693.15,0.22,159.0,2.33,1.0,3.0,3.0,0.5,0.5,20.7,232.0,58.0,490.15,0.36,41.6,7.38,50.0,7.7,7.7,779.0,36.0,36.0,2072.0,0.23,360.0,3890.0,1.0,842.6529299,0,120.0,6.737741189523991,0.0,50.0,120.0,0.4999999958333334,0.4999999958333334,50.09999958333333,50.09999958333333,0.49999999500998005,0.49999999500998005,-5.08,13.0,18.08,-3732.776651914358,3.1537122426275332,0.042850036374496026,0.033875338733602385,1.1879972676058925e-05,47.794062736600715,380.1072958427876,167.08683576414904
1.0,23.33720206,7.399913851,100.0,70.0,100.0,3.175,960.0,2.62,700.0,148.0,1693.15,0.22,159.0,2.33,1.0,3.0,3.0,0.5,0.5,20.7,232.0,58.0,490.15,0.36,41.6,7.38,50.0,7.7,7.7,779.0,36.0,36.0,2072.0,0.23,360.0,3890.0,1.0,807.5288219,0,140.0,6.695216326990299,0.0,50.0,140.0,0.4285714255102041,0.49999999642857146,50.09999964285714,42.95714255102041,0.5383788704804484,0.4616211187734663,-5.08,13.0,18.08,-3732.776651914358,3.1537122426275332,0.042850036374496026,0.033875338733602385,1.1879972676058925e-05,47.794062736600715,380.1072958427876,167.08683576414904
1.0,23.33720206,7.399913851,100.0,120.0,100.0,3.175,960.0,2.62,700.0,148.0,1693.15,0.22,159.0,2.33,1.0,3.0,3.0,0.5,0.5,20.7,232.0,58.0,490.15,0.36,41.6,7.38,50.0,7.7,7.7,779.0,36.0,36.0,2072.0,0.23,360.0,3890.0,1.0,695.8317647,0,240.0,6.54654401103772,0.0,50.0,240.0,0.24999999895833333,0.49999999791666666,50.09999979166666,25.09999989583333,0.6662233953941235,0.33377659130800436,-5.08,13.0,18.08,-3732.776651914358,3.1537122426275332,0.042850036374496026,0.033875338733602385,1.1879972676058925e-05,47.794062736600715,380.1072958427876,167.08683576414904
1.0,23.33720206,7.399913851,100.0,310.0,100.0,3.175,960.0,2.62,700.0,148.0,1693.15,0.22,159.0,2.33,1.0,3.0,3.0,0.5,0.5,20.7,232.0,58.0,490.15,0.36,41.6,7.38,50.0,7.7,7.7,779.0,36.0,36.0,2072.0,0.23,360.0,3890.0,1.0,535.3773709,0,720.0,6.284837963530304,0.0,50.0,720.0,0.08333333321759259,0.4305555549575617,43.15555549575617,8.433333321759259,0.8365280906103939,0.1634718900055876,-5.08,13.0,18.08,-3732.776651914358,3.1537122426275332,0.042850036374496026,0.033875338733602385,1.1879972676058925e-05,47.794062736600715,380.1072958427876,167.08683576414904
1.0,23.33720206,7.399913851,100.0,11.0,100.0,3.175,960.0,2.62,700.0,148.0,1693.15,0.22,159.0,2.33,1.0,3.0,3.0,0.5,0.5,20.7,232.0,58.0,490.15,0.36,41.6,7.38,50.0,7.7,7.7,779.0,36.0,36.0,2072.0,0.23,360.0,3890.0,1.0,1346.298776,1,,7.205856960277755,0.0,50.0,,,,0.1,142.9571394557824,0.0006990213818156743,0.9993009716279706,-5.08,13.0,18.08,-3732.776651914358,3.1537122426275332,0.042850036374496026,0.033875338733602385,1.1879972676058925e-05,47.794062736600715,380.1072958427876,167.08683576414904
1.0,23.33720206,7.399913851,100.0,31.0,100.0,3.175,960.0,2.62,700.0,148.0,1693.15,0.22,159.0,2.33,1.0,3.0,3.0,0.5,0.5,20.7,232.0,58.0,490.15,0.36,41.6,7.38,50.0,7.7,7.7,779.0,36.0,36.0,2072.0,0.23,360.0,3890.0,1.0,1011.253437,1,,6.919934250312779,0.0,50.0,,,,0.1,142.9571394557824,0.0006990213818156743,0.9993009716279706,-5.08,13.0,18.08,-3732.776651914358,3.1537122426275332,0.042850036374496026,0.033875338733602385,1.1879972676058925e-05,47.794062736600715,380.1072958427876,167.08683576414904
1.0,23.33720206,7.399913851,100.0,61.0,100.0,3.175,960.0,2.62,700.0,148.0,1693.15,0.22,159.0,2.33,1.0,3.0,3.0,0.5,0.5,20.7,232.0,58.0,490.15,0.36,41.6,7.38,50.0,7.7,7.7,779.0,36.0,36.0,2072.0,0.23,360.0,3890.0,1.0,838.8146562,1,,6.7331812201101915,0.0,50.0,,,,0.1,142.9571394557824,0.0006990213818156743,0.9993009716279706,-5.08,13.0,18.08,-3732.776651914358,3.1537122426275332,0.042850036374496026,0.033875338733602385,1.1879972676058925e-05,47.794062736600715,380.1072958427876,167.08683576414904
1.0,23.33720206,7.399913851,125.0,44.8,100.0,3.175,960.0,2.62,700.0,148.0,1693.15,0.22,159.0,2.33,1.0,3.0,3.0,0.5,0.5,20.7,232.0,58.0,490.15,0.36,41.6,7.38,50.0,7.7,7.7,779.0,36.0,36.0,2072.0,0.23,360.0,3890.0,1.0,664.4148009,0,40.0,6.500410606949855,-25.0,37.5,40.0,1.4999999625000011,1.1199999720000007,112.09999720000006,187.62499531250012,0.3740095074698029,0.6259904891938053,-5.08,13.0,18.08,-4665.970814892948,3.1537122426275332,0.042850036374496026,0.033875338733602385,1.1879972676058925e-05,47.794062736600715,380.1072958427876,167.08683576414904
1.0,23.33720206,7.399913851,75.0,44.8,75.0,3.175,960.0,2.62,700.0,148.0,1693.15,0.22,159.0,2.33,1.0,3.0,3.0,0.5,0.5,20.7,232.0,58.0,490.15,0.36,41.6,7.38,50.0,7.7,7.7,779.0,36.0,36.0,2072.0,0.23,360.0,3890.0,1.0,2281.814713,0,40.0,7.733164483796855,0.0,37.5,40.0,1.4999999625000011,1.1199999720000007,84.07499790000004,112.57499718750007,0.4275362297113425,0.5724637652034807,-5.08,13.0,18.08,-2799.5824889357687,3.1537122426275332,0.042850036374496026,0.033875338733602385,1.1879972676058925e-05,47.794062736600715,380.1072958427876,167.08683576414904
1.0,23.33720206,7.399913851,60.0,16.0,60.0,3.175,960.0,2.62,700.0,148.0,1693.15,0.22,159.0,2.33,1.0,3.0,3.0,0.5,0.5,20.7,232.0,58.0,490.15,0.36,41.6,7.38,50.0,7.7,7.7,779.0,36.0,36.0,2072.0,0.23,360.0,3890.0,1.0,5853.966729,0,40.0,8.675045593522077,0.0,30.0,40.0,1.4999999625000011,0.39999999000000025,24.059999400000017,90.05999775000006,0.2108307026817105,0.7891692885555835,-5.08,13.0,18.08,-2239.665991148615,3.1537122426275332,0.042850036374496026,0.033875338733602385,1.1879972676058925e-05,47.794062736600715,380.1072958427876,167.08683576414904
1.0,23.33720206,7.399913851,140.0,16.0,100.0,3.175,960.0,2.62,700.0,148.0,1693.15,0.22,159.0,2.33,1.0,3.0,3.0,0.5,0.5,20.7,232.0,58.0,490.15,0.36,41.6,7.38,50.0,7.7,7.7,779.0,36.0,36.0,2072.0,0.23,360.0,3890.0,1.0,751.1556109,0,40.0,6.622943231931205,-40.0,30.0,40.0,1.4999999625000011,0.39999999000000025,40.099999000000025,210.13999475000014,0.16024616304864273,0.8397538329551936,-5.08,13.0,18.08,-5225.887312680101,3.1537122426275332,0.042850036374496026,0.033875338733602385,1.1879972676058925e-05,47.794062736600715,380.1072958427876,167.08683576414904
1.0,23.33720206,7.399913851,150.0,25.0,125.0,3.175,960.0,2.62,700.0,148.0,1693.15,0.22,159.0,2.33,1.0,3.0,3.0,0.5,0.5,20.7,232.0,58.0,490.15,0.36,41.6,7.38,50.0,7.7,7.7,779.0,36.0,36.0,2072.0,0.23,360.0,3890.0,1.0,386.9421112,0,40.0,5.960856130554009,-25.0,50.0,40.0,1.4999999625000011,0.6249999843750005,78.24999804687506,225.14999437500015,0.2579103485281527,0.7420896481758684,-5.08,13.0,18.08,-5599.164977871537,3.1537122426275332,0.042850036374496026,0.033875338733602385,1.1879972676058925e-05,47.794062736600715,380.1072958427876,167.08683576414904
1.0,23.33720206,7.399913851,100.0,15.0,60.0,3.175,960.0,2.62,700.0,148.0,1693.15,0.22,159.0,2.33,1.0,3.0,3.0,0.5,0.5,20.7,232.0,58.0,490.15,0.36,41.6,7.38,50.0,7.7,7.7,779.0,36.0,36.0,2072.0,0.23,360.0,3890.0,1.0,2875.42707,0,30.0,7.964304202253447,-40.0,10.0,30.0,1.9999999333333356,0.4999999833333339,30.05999900000003,200.09999333333357,0.1306047961014018,0.8693951995537945,-5.08,13.0,18.08,-3732.776651914358,3.1537122426275332,0.042850036374496026,0.033875338733602385,1.1879972676058925e-05,47.794062736600715,380.1072958427876,167.08683576414904
1.0,23.33720206,7.399913851,165.0,30.0,125.0,3.175,960.0,2.62,700.0,148.0,1693.15,0.22,159.0,2.33,1.0,3.0,3.0,0.5,0.5,20.7,232.0,58.0,490.15,0.36,41.6,7.38,50.0,7.7,7.7,779.0,36.0,36.0,2072.0,0.23,360.0,3890.0,1.0,409.4149977,0,60.0,6.017168837292154,-40.0,42.5,60.0,0.9999999833333336,0.4999999916666668,62.62499895833334,165.16499725000006,0.27492427115251,0.7250757244574816,-5.08,13.0,18.08,-6159.0814756586915,3.1537122426275332,0.042850036374496026,0.033875338733602385,1.1879972676058925e-05,47.794062736600715,380.1072958427876,167.08683576414904
1.0,23.33720206,7.399913851,165.0,21.0,125.0,3.175,960.0,2.62,700.0,148.0,1693.15,0.22,159.0,2.33,1.0,3.0,3.0,0.5,0.5,20.7,232.0,58.0,490.15,0.36,41.6,7.38,50.0,7.7,7.7,779.0,36.0,36.0,2072.0,0.23,360.0,3890.0,1.0,451.8015006,0,42.0,6.115453840929418,-40.0,42.5,42.0,1.428571394557824,0.49999998809523843,62.6249985119048,235.87928010204095,0.20979598213096787,0.7902040145189964,-5.08,13.0,18.08,-6159.0814756586915,3.1537122426275332,0.042850036374496026,0.033875338733602385,1.1879972676058925e-05,47.794062736600715,380.1072958427876,167.08683576414904
1.0,23.33720206,7.399913851,165.0,120.0,125.0,3.175,960.0,2.62,700.0,148.0,1693.15,0.22,159.0,2.33,1.0,3.0,3.0,0.5,0.5,20.7,232.0,58.0,490.15,0.36,41.6,7.38,50.0,7.7,7.7,779.0,36.0,36.0,2072.0,0.23,360.0,3890.0,1.0,279.1738772,0,240.0,5.635410400434746,-40.0,42.5,240.0,0.24999999895833333,0.49999999791666666,62.62499973958332,41.414999828125,0.6019319434627216,0.3980680469255907,-5.08,13.0,18.08,-6159.0814756586915,3.1537122426275332,0.042850036374496026,0.033875338733602385,1.1879972676058925e-05,47.794062736600715,380.1072958427876,167.08683576414904
1.0,23.33720206,7.399913851,180.0,15.0,125.0,3.175,960.0,2.62,700.0,148.0,1693.15,0.22,159.0,2.33,1.0,3.0,3.0,0.5,0.5,20.7,232.0,58.0,490.15,0.36,41.6,7.38,50.0,7.7,7.7,779.0,36.0,36.0,2072.0,0.23,360.0,3890.0,1.0,437.9243273,0,30.0,6.084327023046021,-55.0,35.0,30.0,1.9999999333333356,0.4999999833333339,62.62499791666673,360.17998800000044,0.1481179263597707,0.8518820712750726,-5.08,13.0,18.08,-6718.997973445844,3.1537122426275332,0.042850036374496026,0.033875338733602385,1.1879972676058925e-05,47.794062736600715,380.1072958427876,167.08683576414904
1.0,23.33720206,7.399913851,100.0,15.0,100.0,3.175,960.0,2.62,700.0,148.0,1693.15,0.22,159.0,2.33,1.0,3.0,3.0,0.5,0.5,20.7,232.0,58.0,490.15,0.36,41.6,7.38,50.0,7.7,7.7,779.0,36.0,36.0,2072.0,0.23,360.0,3890.0,1.0,1575.346602,0,30.0,7.362865171364742,0.0,50.0,30.0,1.9999999333333356,0.4999999833333339,50.09999833333338,200.09999333333357,0.20023980736114538,0.7997601886420519,-5.08,13.0,18.08,-3732.776651914358,3.1537122426275332,0.042850036374496026,0.033875338733602385,1.1879972676058925e-05,47.794062736600715,380.1072958427876,167.08683576414904
1.0,23.33720206,7.399913851,100.0,38.65,100.0,3.175,960.0,2.62,700.0,148.0,1693.15,0.22,159.0,2.33,1.0,3.0,3.0,0.5,0.5,20.7,232.0,58.0,490.15,0.36,41.6,7.38,50.0,7.7,7.7,779.0,36.0,36.0,2072.0,0.23,360.0,3890.0,1.0,1212.947028,0,30.0,7.101632336400555,0.0,50.0,30.0,1.9999999333333356,1.2883332903888902,128.933329038889,200.09999333333357,0.3918549273899281,0.608145069570866,-5.08,13.0,18.08,-3732.776651914358,3.1537122426275332,0.042850036374496026,0.033875338733602385,1.1879972676058925e-05,47.794062736600715,380.1072958427876,167.08683576414904
1.0,23.33720206,7.399913851,100.0,20.0,100.0,3.175,960.0,2.62,700.0,148.0,1693.15,0.22,159.0,2.33,1.0,3.0,3.0,0.5,0.5,20.7,232.0,58.0,490.15,0.36,41.6,7.38,50.0,7.7,7.7,779.0,36.0,36.0,2072.0,0.23,360.0,3890.0,1.0,1455.016912,0,40.0,7.283459844073788,0.0,50.0,40.0,1.4999999625000011,0.49999998750000035,50.09999875000003,150.0999962500001,0.250249749005989,0.749750245999006,-5.08,13.0,18.08,-3732.776651914358,3.1537122426275332,0.042850036374496026,0.033875338733602385,1.1879972676058925e-05,47.794062736600715,380.1072958427876,167.08683576414904
1.0,23.33720206,7.399913851,100.0,47.3,100.0,3.175,960.0,2.62,700.0,148.0,1693.15,0.22,159.0,2.33,1.0,3.0,3.0,0.5,0.5,20.7,232.0,58.0,490.15,0.36,41.6,7.38,50.0,7.7,7.7,779.0,36.0,36.0,2072.0,0.23,360.0,3890.0,1.0,1147.138562,0,40.0,7.0458972682022925,0.0,50.0,40.0,1.4999999625000011,1.1824999704375008,118.34999704375007,150.0999962500001,0.44086421888408067,0.5591357773908309,-5.08,13.0,18.08,-3732.776651914358,3.1537122426275332,0.042850036374496026,0.033875338733602385,1.1879972676058925e-05,47.794062736600715,380.1072958427876,167.08683576414904
1.0,23.33720206,7.399913851,100.0,79.6,100.0,3.175,960.0,2.62,700.0,148.0,1693.15,0.22,159.0,2.33,1.0,3.0,3.0,0.5,0.5,20.7,232.0,58.0,490.15,0.36,41.6,7.38,50.0,7.7,7.7,779.0,36.0,36.0,2072.0,0.23,360.0,3890.0,1.0,993.5285165,0,50.0,6.902268772091074,0.0,50.0,50.0,1.1999999760000006,1.5919999681600006,159.29999681600003,120.09999760000005,0.5701503200771978,0.42984967634370413,-5.08,13.0,18.08,-3732.776651914358,3.1537122426275332,0.042850036374496026,0.033875338733602385,1.1879972676058925e-05,47.794062736600715,380.1072958427876,167.08683576414904
1.0,23.33720206,7.399913851,100.0,30.0,100.0,3.175,960.0,2.62,700.0,148.0,1693.15,0.22,159.0,2.33,1.0,3.0,3.0,0.5,0.5,20.7,232.0,58.0,490.15,0.36,41.6,7.38,50.0,7.7,7.7,779.0,36.0,36.0,2072.0,0.23,360.0,3890.0,1.0,1300.863222,0,60.0,7.1715517650228,0.0,50.0,60.0,0.9999999833333336,0.4999999916666668,50.09999916666668,100.09999833333336,0.33355525743674797,0.6664447359054623,-5.08,13.0,18.08,-3732.776651914358,3.1537122426275332,0.042850036374496026,0.033875338733602385,1.1879972676058925e-05,47.794062736600715,380.1072958427876,167.08683576414904
1.0,23.33720206,7.399913851,100.0,40.0,100.0,3.175,960.0,2.62,700.0,148.0,1693.15,0.22,159.0,2.33,1.0,3.0,3.0,0.5,0.5,20.7,232.0,58.0,490.15,0.36,41.6,7.38,50.0,7.7,7.7,779.0,36.0,36.0,2072.0,0.23,360.0,3890.0,1.0,1201.499395,0,80.0,7.092157498861287,0.0,50.0,80.0,0.7499999906250001,0.4999999937500001,50.099999375,75.09999906250002,0.40015974121477516,0.5998402507980043,-5.08,13.0,18.08,-3732.776651914358,3.1537122426275332,0.042850036374496026,0.033875338733602385,1.1879972676058925e-05,47.794062736600715,380.1072958427876,167.08683576414904
1.0,23.33720206,7.399913851,100.0,47.3,100.0,3.175,960.0,2.62,700.0,148.0,1693.15,0.22,159.0,2.33,1.0,3.0,3.0,0.5,0.5,20.7,232.0,58.0,490.15,0.36,41.6,7.38,50.0,7.7,7.7,779.0,36.0,36.0,2072.0,0.23,360.0,3890.0,1.0,1147.138562,0,80.0,7.0458972682022925,0.0,50.0,80.0,0.7499999906250001,0.591249992609375,59.22499926093751,75.09999906250002,0.44090824164704623,0.5590917509083233,-5.08,13.0,18.08,-3732.776651914358,3.1537122426275332,0.042850036374496026,0.033875338733602385,1.1879972676058925e-05,47.794062736600715,380.1072958427876,167.08683576414904
1.0,23.33720206,7.399913851,100.0,70.0,100.0,3.175,960.0,2.62,700.0,148.0,1693.15,0.22,159.0,2.33,1.0,3.0,3.0,0.5,0.5,20.7,232.0,58.0,490.15,0.36,41.6,7.38,50.0,7.7,7.7,779.0,36.0,36.0,2072.0,0.23,360.0,3890.0,1.0,1029.429116,0,90.0,6.937730611938446,0.0,50.0,90.0,0.6666666592592594,0.7777777691358025,77.87777691358025,66.76666592592593,0.5384083539357478,0.46159163915074775,-5.08,13.0,18.08,-3732.776651914358,3.1537122426275332,0.042850036374496026,0.033875338733602385,1.1879972676058925e-05,47.794062736600715,380.1072958427876,167.08683576414904
1.0,23.33720206,7.399913851,100.0,70.0,100.0,3.175,960.0,2.62,700.0,148.0,1693.15,0.22,159.0,2.33,1.0,3.0,3.0,0.5,0.5,20.7,232.0,58.0,490.15,0.36,41.6,7.38,50.0,7.7,7.7,779.0,36.0,36.0,2072.0,0.23,360.0,3890.0,1.0,1029.429116,0,100.0,6.937730611938446,0.0,50.0,100.0,0.599999994,0.699999993,70.09999930000001,60.0999994,0.5384024536215111,0.4615975386979974,-5.08,13.0,18.08,-3732.776651914358,3.1537122426275332,0.042850036374496026,0.033875338733602385,1.1879972676058925e-05,47.794062736600715,380.1072958427876,167.08683576414904
1.0,23.33720206,7.399913851,100.0,60.0,100.0,3.175,960.0,2.62,700.0,148.0,1693.15,0.22,159.0,2.33,1.0,3.0,3.0,0.5,0.5,20.7,232.0,58.0,490.15,0.36,41.6,7.38,50.0,7.7,7.7,779.0,36.0,36.0,2072.0,0.23,360.0,3890.0,1.0,1074.204954,0,120.0,6.980266577273151,0.0,50.0,120.0,0.4999999958333334,0.4999999958333334,50.09999958333333,50.09999958333333,0.49999999500998005,0.49999999500998005,-5.08,13.0,18.08,-3732.776651914358,3.1537122426275332,0.042850036374496026,0.033875338733602385,1.1879972676058925e-05,47.794062736600715,380.1072958427876,167.08683576414904
1.0,23.33720206,7.399913851,100.0,70.0,100.0,3.175,960.0,2.62,700.0,148.0,1693.15,0.22,159.0,2.33,1.0,3.0,3.0,0.5,0.5,20.7,232.0,58.0,490.15,0.36,41.6,7.38,50.0,7.7,7.7,779.0,36.0,36.0,2072.0,0.23,360.0,3890.0,1.0,1029.429116,0,140.0,6.937730611938446,0.0,50.0,140.0,0.4285714255102041,0.49999999642857146,50.09999964285714,42.95714255102041,0.5383788704804484,0.4616211187734663,-5.08,13.0,18.08,-3732.776651914358,3.1537122426275332,0.042850036374496026,0.033875338733602385,1.1879972676058925e-05,47.794062736600715,380.1072958427876,167.08683576414904
1.0,23.33720206,7.399913851,100.0,120.0,100.0,3.175,960.0,2.62,700.0,148.0,1693.15,0.22,159.0,2.33,1.0,3.0,3.0,0.5,0.5,20.7,232.0,58.0,490.15,0.36,41.6,7.38,50.0,7.7,7.7,779.0,36.0,36.0,2072.0,0.23,360.0,3890.0,1.0,887.0389006,0,240.0,6.789015549014654,0.0,50.0,240.0,0.24999999895833333,0.49999999791666666,50.09999979166666,25.09999989583333,0.6662233953941235,0.33377659130800436,-5.08,13.0,18.08,-3732.776651914358,3.1537122426275332,0.042850036374496026,0.033875338733602385,1.1879972676058925e-05,47.794062736600715,380.1072958427876,167.08683576414904
1.0,23.33720206,7.399913851,100.0,310.0,100.0,3.175,960.0,2.62,700.0,148.0,1693.15,0.22,159.0,2.33,1.0,3.0,3.0,0.5,0.5,20.7,232.0,58.0,490.15,0.36,41.6,7.38,50.0,7.7,7.7,779.0,36.0,36.0,2072.0,0.23,360.0,3890.0,1.0,682.4933535,0,720.0,6.5272169319031175,0.0,50.0,720.0,0.08333333321759259,0.4305555549575617,43.15555549575617,8.433333321759259,0.8365280906103939,0.1634718900055876,-5.08,13.0,18.08,-3732.776651914358,3.1537122426275332,0.042850036374496026,0.033875338733602385,1.1879972676058925e-05,47.794062736600715,380.1072958427876,167.08683576414904
1.0,23.33720206,7.399913851,100.0,11.0,100.0,3.175,960.0,2.62,700.0,148.0,1693.15,0.22,159.0,2.33,1.0,3.0,3.0,0.5,0.5,20.7,232.0,58.0,490.15,0.36,41.6,7.38,50.0,7.7,7.7,779.0,36.0,36.0,2072.0,0.23,360.0,3890.0,1.0,1716.247298,1,,7.448477879646837,0.0,50.0,,,,0.1,142.9571394557824,0.0006990213818156743,0.9993009716279706,-5.08,13.0,18.08,-3732.776651914358,3.1537122426275332,0.042850036374496026,0.033875338733602385,1.1879972676058925e-05,47.794062736600715,380.1072958427876,167.08683576414904
1.0,23.33720206,7.399913851,100.0,31.0,100.0,3.175,960.0,2.62,700.0,148.0,1693.15,0.22,159.0,2.33,1.0,3.0,3.0,0.5,0.5,20.7,232.0,58.0,490.15,0.36,41.6,7.38,50.0,7.7,7.7,779.0,36.0,36.0,2072.0,0.23,360.0,3890.0,1.0,1289.135079,1,,7.162502204276858,0.0,50.0,,,,0.1,142.9571394557824,0.0006990213818156743,0.9993009716279706,-5.08,13.0,18.08,-3732.776651914358,3.1537122426275332,0.042850036374496026,0.033875338733602385,1.1879972676058925e-05,47.794062736600715,380.1072958427876,167.08683576414904
1.0,23.33720206,7.399913851,100.0,61.0,100.0,3.175,960.0,2.62,700.0,148.0,1693.15,0.22,159.0,2.33,1.0,3.0,3.0,0.5,0.5,20.7,232.0,58.0,490.15,0.36,41.6,7.38,50.0,7.7,7.7,779.0,36.0,36.0,2072.0,0.23,360.0,3890.0,1.0,1069.311963,1,,6.975705439167891,0.0,50.0,,,,0.1,142.9571394557824,0.0006990213818156743,0.9993009716279706,-5.08,13.0,18.08,-3732.776651914358,3.1537122426275332,0.042850036374496026,0.033875338733602385,1.1879972676058925e-05,47.794062736600715,380.1072958427876,167.08683576414904
1.0,23.33720206,7.399913851,125.0,44.8,100.0,3.175,960.0,2.62,700.0,148.0,1693.15,0.22,159.0,2.33,1.0,3.0,3.0,0.5,0.5,20.7,232.0,58.0,490.15,0.36,41.6,7.38,50.0,7.7,7.7,779.0,36.0,36.0,2072.0,0.23,360.0,3890.0,1.0,846.9888908,0,40.0,6.742867535234393,-25.0,37.5,40.0,1.4999999625000011,1.1199999720000007,112.09999720000006,187.62499531250012,0.3740095074698029,0.6259904891938053,-5.08,13.0,18.08,-4665.970814892948,3.1537122426275332,0.042850036374496026,0.033875338733602385,1.1879972676058925e-05,47.794062736600715,380.1072958427876,167.08683576414904
1.0,23.33720206,7.399913851,75.0,44.8,75.0,3.175,960.0,2.62,700.0,148.0,1693.15,0.22,159.0,2.33,1.0,3.0,3.0,0.5,0.5,20.7,232.0,58.0,490.15,0.36,41.6,7.38,50.0,7.7,7.7,779.0,36.0,36.0,2072.0,0.23,360.0,3890.0,1.0,2908.833022,0,40.0,7.975850977763185,0.0,37.5,40.0,1.4999999625000011,1.1199999720000007,84.07499790000004,112.57499718750007,0.4275362297113425,0.5724637652034807,-5.08,13.0,18.08,-2799.5824889357687,3.1537122426275332,0.042850036374496026,0.033875338733602385,1.1879972676058925e-05,47.794062736600715,380.1072958427876,167.08683576414904
1.0,23.33720206,7.399913851,60.0,16.0,60.0,3.175,960.0,2.62,700.0,148.0,1693.15,0.22,159.0,2.33,1.0,3.0,3.0,0.5,0.5,20.7,232.0,58.0,490.15,0.36,41.6,7.38,50.0,7.7,7.7,779.0,36.0,36.0,2072.0,0.23,360.0,3890.0,1.0,7462.574253,0,40.0,8.917789700841384,0.0,30.0,40.0,1.4999999625000011,0.39999999000000025,24.059999400000017,90.05999775000006,0.2108307026817105,0.7891692885555835,-5.08,13.0,18.08,-2239.665991148615,3.1537122426275332,0.042850036374496026,0.033875338733602385,1.1879972676058925e-05,47.794062736600715,380.1072958427876,167.08683576414904
1.0,23.33720206,7.399913851,140.0,16.0,100.0,3.175,960.0,2.62,700.0,148.0,1693.15,0.22,159.0,2.33,1.0,3.0,3.0,0.5,0.5,20.7,232.0,58.0,490.15,0.36,41.6,7.38,50.0,7.7,7.7,779.0,36.0,36.0,2072.0,0.23,360.0,3890.0,1.0,957.5651488,0,40.0,6.865437529711608,-40.0,30.0,40.0,1.4999999625000011,0.39999999000000025,40.099999000000025,210.13999475000014,0.16024616304864273,0.8397538329551936,-5.08,13.0,18.08,-5225.887312680101,3.1537122426275332,0.042850036374496026,0.033875338733602385,1.1879972676058925e-05,47.794062736600715,380.1072958427876,167.08683576414904
1.0,23.33720206,7.399913851,150.0,25.0,125.0,3.175,960.0,2.62,700.0,148.0,1693.15,0.22,159.0,2.33,1.0,3.0,3.0,0.5,0.5,20.7,232.0,58.0,490.15,0.36,41.6,7.38,50.0,7.7,7.7,779.0,36.0,36.0,2072.0,0.23,360.0,3890.0,1.0,493.26967,0,40.0,6.203081258932062,-25.0,50.0,40.0,1.4999999625000011,0.6249999843750005,78.24999804687506,225.14999437500015,0.2579103485281527,0.7420896481758684,-5.08,13.0,18.08,-5599.164977871537,3.1537122426275332,0.042850036374496026,0.033875338733602385,1.1879972676058925e-05,47.794062736600715,380.1072958427876,167.08683576414904
1.0,23.33720206,7.399913851,100.0,15.0,60.0,3.175,960.0,2.62,700.0,148.0,1693.15,0.22,159.0,2.33,1.0,3.0,3.0,0.5,0.5,20.7,232.0,58.0,490.15,0.36,41.6,7.38,50.0,7.7,7.7,779.0,36.0,36.0,2072.0,0.23,360.0,3890.0,1.0,3665.563714,0,30.0,8.207010184718204,-40.0,10.0,30.0,1.9999999333333356,0.4999999833333339,30.05999900000003,200.09999333333357,0.1306047961014018,0.8693951995537945,-5.08,13.0,18.08,-3732.776651914358,3.1537122426275332,0.042850036374496026,0.033875338733602385,1.1879972676058925e-05,47.794062736600715,380.1072958427876,167.08683576414904
1.0,23.33720206,7.399913851,165.0,30.0,125.0,3.175,960.0,2.62,700.0,148.0,1693.15,0.22,159.0,2.33,1.0,3.0,3.0,0.5,0.5,20.7,232.0,58.0,490.15,0.36,41.6,7.38,50.0,7.7,7.7,779.0,36.0,36.0,2072.0,0.23,360.0,3890.0,1.0,460.2517202,0,60.0,6.133943924778677,-40.0,42.5,60.0,0.9999999833333336,0.4999999916666668,62.62499895833334,165.16499725000006,0.27492427115251,0.7250757244574816,-5.08,13.0,18.08,-6159.0814756586915,3.1537122426275332,0.042850036374496026,0.033875338733602385,1.1879972676058925e-05,47.794062736600715,380.1072958427876,167.08683576414904
1.0,23.33720206,7.399913851,165.0,21.0,125.0,3.175,960.0,2.62,700.0,148.0,1693.15,0.22,159.0,2.33,1.0,3.0,3.0,0.5,0.5,20.7,232.0,58.0,490.15,0.36,41.6,7.38,50.0,7.7,7.7,779.0,36.0,36.0,2072.0,0.23,360.0,3890.0,1.0,507.9013202,0,42.0,6.232254127814255,-40.0,42.5,42.0,1.428571394557824,0.49999998809523843,62.6249985119048,235.87928010204095,0.20979598213096787,0.7902040145189964,-5.08,13.0,18.08,-6159.0814756586915,3.1537122426275332,0.042850036374496026,0.033875338733602385,1.1879972676058925e-05,47.794062736600715,380.1072958427876,167.08683576414904
1.0,23.33720206,7.399913851,165.0,120.0,125.0,3.175,960.0,2.62,700.0,148.0,1693.15,0.22,159.0,2.33,1.0,3.0,3.0,0.5,0.5,20.7,232.0,58.0,490.15,0.36,41.6,7.38,50.0,7.7,7.7,779.0,36.0,36.0,2072.0,0.23,360.0,3890.0,1.0,313.8386672,0,240.0,5.75206034000395,-40.0,42.5,240.0,0.24999999895833333,0.49999999791666666,62.62499973958332,41.414999828125,0.6019319434627216,0.3980680469255907,-5.08,13.0,18.08,-6159.0814756586915,3.1537122426275332,0.042850036374496026,0.033875338733602385,1.1879972676058925e-05,47.794062736600715,380.1072958427876,167.08683576414904
1.0,23.33720206,7.399913851,180.0,15.0,125.0,3.175,960.0,2.62,700.0,148.0,1693.15,0.22,159.0,2.33,1.0,3.0,3.0,0.5,0.5,20.7,232.0,58.0,490.15,0.36,41.6,7.38,50.0,7.7,7.7,779.0,36.0,36.0,2072.0,0.23,360.0,3890.0,1.0,492.3010297,0,30.0,6.201119595608282,-55.0,35.0,30.0,1.9999999333333356,0.4999999833333339,62.62499791666673,360.17998800000044,0.1481179263597707,0.8518820712750726,-5.08,13.0,18.08,-6718.997973445844,3.1537122426275332,0.042850036374496026,0.033875338733602385,1.1879972676058925e-05,47.794062736600715,380.1072958427876,167.08683576414904
1.0,23.33720206,7.399913851,100.0,15.0,100.0,3.175,960.0,2.62,700.0,148.0,1693.15,0.22,159.0,2.33,1.0,3.0,3.0,0.5,0.5,20.7,232.0,58.0,490.15,0.36,41.6,7.38,50.0,7.7,7.7,779.0,36.0,36.0,2072.0,0.23,360.0,3890.0,1.0,1770.956089,0,30.0,7.479839350383944,0.0,50.0,30.0,1.9999999333333356,0.4999999833333339,50.09999833333338,200.09999333333357,0.20023980736114538,0.7997601886420519,-5.08,13.0,18.08,-3732.776651914358,3.1537122426275332,0.042850036374496026,0.033875338733602385,1.1879972676058925e-05,47.794062736600715,380.1072958427876,167.08683576414904
1.0,23.33720206,7.399913851,100.0,38.65,100.0,3.175,960.0,2.62,700.0,148.0,1693.15,0.22,159.0,2.33,1.0,3.0,3.0,0.5,0.5,20.7,232.0,58.0,490.15,0.36,41.6,7.38,50.0,7.7,7.7,779.0,36.0,36.0,2072.0,0.23,360.0,3890.0,1.0,1363.55766,0,30.0,7.218585596492664,0.0,50.0,30.0,1.9999999333333356,1.2883332903888902,128.933329038889,200.09999333333357,0.3918549273899281,0.608145069570866,-5.08,13.0,18.08,-3732.776651914358,3.1537122426275332,0.042850036374496026,0.033875338733602385,1.1879972676058925e-05,47.794062736600715,380.1072958427876,167.08683576414904
1.0,23.33720206,7.399913851,100.0,20.0,100.0,3.175,960.0,2.62,700.0,148.0,1693.15,0.22,159.0,2.33,1.0,3.0,3.0,0.5,0.5,20.7,232.0,58.0,490.15,0.36,41.6,7.38,50.0,7.7,7.7,779.0,36.0,36.0,2072.0,0.23,360.0,3890.0,1.0,1635.685162,0,40.0,7.400428232667603,0.0,50.0,40.0,1.4999999625000011,0.49999998750000035,50.09999875000003,150.0999962500001,0.250249749005989,0.749750245999006,-5.08,13.0,18.08,-3732.776651914358,3.1537122426275332,0.042850036374496026,0.033875338733602385,1.1879972676058925e-05,47.794062736600715,380.1072958427876,167.08683576414904
1.0,23.33720206,7.399913851,100.0,47.3,100.0,3.175,960.0,2.62,700.0,148.0,1693.15,0.22,159.0,2.33,1.0,3.0,3.0,0.5,0.5,20.7,232.0,58.0,490.15,0.36,41.6,7.38,50.0,7.7,7.7,779.0,36.0,36.0,2072.0,0.23,360.0,3890.0,1.0,1289.577811,0,40.0,7.1628453125753895,0.0,50.0,40.0,1.4999999625000011,1.1824999704375008,118.34999704375007,150.0999962500001,0.44086421888408067,0.5591357773908309,-5.08,13.0,18.08,-3732.776651914358,3.1537122426275332,0.042850036374496026,0.033875338733602385,1.1879972676058925e-05,47.794062736600715,380.1072958427876,167.08683576414904
1.0,23.33720206,7.399913851,100.0,79.6,100.0,3.175,960.0,2.62,700.0,148.0,1693.15,0.22,159.0,2.33,1.0,3.0,3.0,0.5,0.5,20.7,232.0,58.0,490.15,0.36,41.6,7.38,50.0,7.7,7.7,779.0,36.0,36.0,2072.0,0.23,360.0,3890.0,1.0,1116.894133,0,50.0,7.019201956029213,0.0,50.0,50.0,1.1999999760000006,1.5919999681600006,159.29999681600003,120.09999760000005,0.5701503200771978,0.42984967634370413,-5.08,13.0,18.08,-3732.776651914358,3.1537122426275332,0.042850036374496026,0.033875338733602385,1.1879972676058925e-05,47.794062736600715,380.1072958427876,167.08683576414904
1.0,23.33720206,7.399913851,100.0,30.0,100.0,3.175,960.0,2.62,700.0,148.0,1693.15,0.22,159.0,2.33,1.0,3.0,3.0,0.5,0.5,20.7,232.0,58.0,490.15,0.36,41.6,7.38,50.0,7.7,7.7,779.0,36.0,36.0,2072.0,0.23,360.0,3890.0,1.0,1462.390335,0,60.0,7.288511169945409,0.0,50.0,60.0,0.9999999833333336,0.4999999916666668,50.09999916666668,100.09999833333336,0.33355525743674797,0.6664447359054623,-5.08,13.0,18.08,-3732.776651914358,3.1537122426275332,0.042850036374496026,0.033875338733602385,1.1879972676058925e-05,47.794062736600715,380.1072958427876,167.08683576414904
1.0,23.33720206,7.399913851,100.0,40.0,100.0,3.175,960.0,2.62,700.0,148.0,1693.15,0.22,159.0,2.33,1.0,3.0,3.0,0.5,0.5,20.7,232.0,58.0,490.15,0.36,41.6,7.38,50.0,7.7,7.7,779.0,36.0,36.0,2072.0,0.23,360.0,3890.0,1.0,1350.688584,0,80.0,7.209109892793098,0.0,50.0,80.0,0.7499999906250001,0.4999999937500001,50.099999375,75.09999906250002,0.40015974121477516,0.5998402507980043,-5.08,13.0,18.08,-3732.776651914358,3.1537122426275332,0.042850036374496026,0.033875338733602385,1.1879972676058925e-05,47.794062736600715,380.1072958427876,167.08683576414904
1.0,23.33720206,7.399913851,100.0,47.3,100.0,3.175,960.0,2.62,700.0,148.0,1693.15,0.22,159.0,2.33,1.0,3.0,3.0,0.5,0.5,20.7,232.0,58.0,490.15,0.36,41.6,7.38,50.0,7.7,7.7,779.0,36.0,36.0,2072.0,0.23,360.0,3890.0,1.0,1289.577811,0,80.0,7.1628453125753895,0.0,50.0,80.0,0.7499999906250001,0.591249992609375,59.22499926093751,75.09999906250002,0.44090824164704623,0.5590917509083233,-5.08,13.0,18.08,-3732.776651914358,3.1537122426275332,0.042850036374496026,0.033875338733602385,1.1879972676058925e-05,47.794062736600715,380.1072958427876,167.08683576414904
1.0,23.33720206,7.399913851,100.0,70.0,100.0,3.175,960.0,2.62,700.0,148.0,1693.15,0.22,159.0,2.33,1.0,3.0,3.0,0.5,0.5,20.7,232.0,58.0,490.15,0.36,41.6,7.38,50.0,7.7,7.7,779.0,36.0,36.0,2072.0,0.23,360.0,3890.0,1.0,1157.25248,0,90.0,7.0546676654557,0.0,50.0,90.0,0.6666666592592594,0.7777777691358025,77.87777691358025,66.76666592592593,0.5384083539357478,0.46159163915074775,-5.08,13.0,18.08,-3732.776651914358,3.1537122426275332,0.042850036374496026,0.033875338733602385,1.1879972676058925e-05,47.794062736600715,380.1072958427876,167.08683576414904
1.0,23.33720206,7.399913851,100.0,70.0,100.0,3.175,960.0,2.62,700.0,148.0,1693.15,0.22,159.0,2.33,1.0,3.0,3.0,0.5,0.5,20.7,232.0,58.0,490.15,0.36,41.6,7.38,50.0,7.7,7.7,779.0,36.0,36.0,2072.0,0.23,360.0,3890.0,1.0,1157.25248,0,100.0,7.0546676654557,0.0,50.0,100.0,0.599999994,0.699999993,70.09999930000001,60.0999994,0.5384024536215111,0.4615975386979974,-5.08,13.0,18.08,-3732.776651914358,3.1537122426275332,0.042850036374496026,0.033875338733602385,1.1879972676058925e-05,47.794062736600715,380.1072958427876,167.08683576414904
1.0,23.33720206,7.399913851,100.0,60.0,100.0,3.175,960.0,2.62,700.0,148.0,1693.15,0.22,159.0,2.33,1.0,3.0,3.0,0.5,0.5,20.7,232.0,58.0,490.15,0.36,41.6,7.38,50.0,7.7,7.7,779.0,36.0,36.0,2072.0,0.23,360.0,3890.0,1.0,1207.588097,0,120.0,7.09720809529382,0.0,50.0,120.0,0.4999999958333334,0.4999999958333334,50.09999958333333,50.09999958333333,0.49999999500998005,0.49999999500998005,-5.08,13.0,18.08,-3732.776651914358,3.1537122426275332,0.042850036374496026,0.033875338733602385,1.1879972676058925e-05,47.794062736600715,380.1072958427876,167.08683576414904
1.0,23.33720206,7.399913851,100.0,70.0,100.0,3.175,960.0,2.62,700.0,148.0,1693.15,0.22,159.0,2.33,1.0,3.0,3.0,0.5,0.5,20.7,232.0,58.0,490.15,0.36,41.6,7.38,50.0,7.7,7.7,779.0,36.0,36.0,2072.0,0.23,360.0,3890.0,1.0,1157.25248,0,140.0,7.0546676654557,0.0,50.0,140.0,0.4285714255102041,0.49999999642857146,50.09999964285714,42.95714255102041,0.5383788704804484,0.4616211187734663,-5.08,13.0,18.08,-3732.776651914358,3.1537122426275332,0.042850036374496026,0.033875338733602385,1.1879972676058925e-05,47.794062736600715,380.1072958427876,167.08683576414904
1.0,23.33720206,7.399913851,100.0,120.0,100.0,3.175,960.0,2.62,700.0,148.0,1693.15,0.22,159.0,2.33,1.0,3.0,3.0,0.5,0.5,20.7,232.0,58.0,490.15,0.36,41.6,7.38,50.0,7.7,7.7,779.0,36.0,36.0,2072.0,0.23,360.0,3890.0,1.0,997.1817891,0,240.0,6.90593541313036,0.0,50.0,240.0,0.24999999895833333,0.49999999791666666,50.09999979166666,25.09999989583333,0.6662233953941235,0.33377659130800436,-5.08,13.0,18.08,-3732.776651914358,3.1537122426275332,0.042850036374496026,0.033875338733602385,1.1879972676058925e-05,47.794062736600715,380.1072958427876,167.08683576414904
1.0,23.33720206,7.399913851,100.0,310.0,100.0,3.175,960.0,2.62,700.0,148.0,1693.15,0.22,159.0,2.33,1.0,3.0,3.0,0.5,0.5,20.7,232.0,58.0,490.15,0.36,41.6,7.38,50.0,7.7,7.7,779.0,36.0,36.0,2072.0,0.23,360.0,3890.0,1.0,767.2379901,0,720.0,6.644099568086578,0.0,50.0,720.0,0.08333333321759259,0.4305555549575617,43.15555549575617,8.433333321759259,0.8365280906103939,0.1634718900055876,-5.08,13.0,18.08,-3732.776651914358,3.1537122426275332,0.042850036374496026,0.033875338733602385,1.1879972676058925e-05,47.794062736600715,380.1072958427876,167.08683576414904
1.0,23.33720206,7.399913851,100.0,11.0,100.0,3.175,960.0,2.62,700.0,148.0,1693.15,0.22,159.0,2.33,1.0,3.0,3.0,0.5,0.5,20.7,232.0,58.0,490.15,0.36,41.6,7.38,50.0,7.7,7.7,779.0,36.0,36.0,2072.0,0.23,360.0,3890.0,1.0,1929.352309,1,,7.565457808763205,0.0,50.0,,,,0.1,142.9571394557824,0.0006990213818156743,0.9993009716279706,-5.08,13.0,18.08,-3732.776651914358,3.1537122426275332,0.042850036374496026,0.033875338733602385,1.1879972676058925e-05,47.794062736600715,380.1072958427876,167.08683576414904
1.0,23.33720206,7.399913851,100.0,31.0,100.0,3.175,960.0,2.62,700.0,148.0,1693.15,0.22,159.0,2.33,1.0,3.0,3.0,0.5,0.5,20.7,232.0,58.0,490.15,0.36,41.6,7.38,50.0,7.7,7.7,779.0,36.0,36.0,2072.0,0.23,360.0,3890.0,1.0,1449.205918,1,,7.279460837745605,0.0,50.0,,,,0.1,142.9571394557824,0.0006990213818156743,0.9993009716279706,-5.08,13.0,18.08,-3732.776651914358,3.1537122426275332,0.042850036374496026,0.033875338733602385,1.1879972676058925e-05,47.794062736600715,380.1072958427876,167.08683576414904
1.0,23.33720206,7.399913851,100.0,61.0,100.0,3.175,960.0,2.62,700.0,148.0,1693.15,0.22,159.0,2.33,1.0,3.0,3.0,0.5,0.5,20.7,232.0,58.0,490.15,0.36,41.6,7.38,50.0,7.7,7.7,779.0,36.0,36.0,2072.0,0.23,360.0,3890.0,1.0,1202.087548,1,,7.092646488056569,0.0,50.0,,,,0.1,142.9571394557824,0.0006990213818156743,0.9993009716279706,-5.08,13.0,18.08,-3732.776651914358,3.1537122426275332,0.042850036374496026,0.033875338733602385,1.1879972676058925e-05,47.794062736600715,380.1072958427876,167.08683576414904
1.0,23.33720206,7.399913851,125.0,44.8,100.0,3.175,960.0,2.62,700.0,148.0,1693.15,0.22,159.0,2.33,1.0,3.0,3.0,0.5,0.5,20.7,232.0,58.0,490.15,0.36,41.6,7.38,50.0,7.7,7.7,779.0,36.0,36.0,2072.0,0.23,360.0,3890.0,1.0,952.1588026,0,40.0,6.859781524189858,-25.0,37.5,40.0,1.4999999625000011,1.1199999720000007,112.09999720000006,187.62499531250012,0.3740095074698029,0.6259904891938053,-5.08,13.0,18.08,-4665.970814892948,3.1537122426275332,0.042850036374496026,0.033875338733602385,1.1879972676058925e-05,47.794062736600715,380.1072958427876,167.08683576414904
1.0,23.33720206,7.399913851,75.0,44.8,75.0,3.175,960.0,2.62,700.0,148.0,1693.15,0.22,159.0,2.33,1.0,3.0,3.0,0.5,0.5,20.7,232.0,58.0,490.15,0.36,41.6,7.38,50.0,7.7,7.7,779.0,36.0,36.0,2072.0,0.23,360.0,3890.0,1.0,3270.020418,0,40.0,8.092857269646691,0.0,37.5,40.0,1.4999999625000011,1.1199999720000007,84.07499790000004,112.57499718750007,0.4275362297113425,0.5724637652034807,-5.08,13.0,18.08,-2799.5824889357687,3.1537122426275332,0.042850036374496026,0.033875338733602385,1.1879972676058925e-05,47.794062736600715,380.1072958427876,167.08683576414904
1.0,23.33720206,7.399913851,60.0,16.0,60.0,3.175,960.0,2.62,700.0,148.0,1693.15,0.22,159.0,2.33,1.0,3.0,3.0,0.5,0.5,20.7,232.0,58.0,490.15,0.36,41.6,7.38,50.0,7.7,7.7,779.0,36.0,36.0,2072.0,0.23,360.0,3890.0,1.0,8389.195941,0,40.0,9.034819153300587,0.0,30.0,40.0,1.4999999625000011,0.39999999000000025,24.059999400000017,90.05999775000006,0.2108307026817105,0.7891692885555835,-5.08,13.0,18.08,-2239.665991148615,3.1537122426275332,0.042850036374496026,0.033875338733602385,1.1879972676058925e-05,47.794062736600715,380.1072958427876,167.08683576414904
1.0,23.33720206,7.399913851,140.0,16.0,100.0,3.175,960.0,2.62,700.0,148.0,1693.15,0.22,159.0,2.33,1.0,3.0,3.0,0.5,0.5,20.7,232.0,58.0,490.15,0.36,41.6,7.38,50.0,7.7,7.7,779.0,36.0,36.0,2072.0,0.23,360.0,3890.0,1.0,1076.465223,0,40.0,6.982366545818982,-40.0,30.0,40.0,1.4999999625000011,0.39999999000000025,40.099999000000025,210.13999475000014,0.16024616304864273,0.8397538329551936,-5.08,13.0,18.08,-5225.887312680101,3.1537122426275332,0.042850036374496026,0.033875338733602385,1.1879972676058925e-05,47.794062736600715,380.1072958427876,167.08683576414904
1.0,23.33720206,7.399913851,150.0,25.0,125.0,3.175,960.0,2.62,700.0,148.0,1693.15,0.22,159.0,2.33,1.0,3.0,3.0,0.5,0.5,20.7,232.0,58.0,490.15,0.36,41.6,7.38,50.0,7.7,7.7,779.0,36.0,36.0,2072.0,0.23,360.0,3890.0,1.0,554.5185579,0,40.0,6.319902016082421,-25.0,50.0,40.0,1.4999999625000011,0.6249999843750005,78.24999804687506,225.14999437500015,0.2579103485281527,0.7420896481758684,-5.08,13.0,18.08,-5599.164977871537,3.1537122426275332,0.042850036374496026,0.033875338733602385,1.1879972676058925e-05,47.794062736600715,380.1072958427876,167.08683576414904
1.0,23.33720206,7.399913851,100.0,15.0,60.0,3.175,960.0,2.62,700.0,148.0,1693.15,0.22,159.0,2.33,1.0,3.0,3.0,0.5,0.5,20.7,232.0,58.0,490.15,0.36,41.6,7.38,50.0,7.7,7.7,779.0,36.0,36.0,2072.0,0.23,360.0,3890.0,1.0,4120.713736,0,30.0,8.324024311197936,-40.0,10.0,30.0,1.9999999333333356,0.4999999833333339,30.05999900000003,200.09999333333357,0.1306047961014018,0.8693951995537945,-5.08,13.0,18.08,-3732.776651914358,3.1537122426275332,0.042850036374496026,0.033875338733602385,1.1879972676058925e-05,47.794062736600715,380.1072958427876,167.08683576414904
1.0,23.33720206,7.399913851,165.0,30.0,125.0,3.175,960.0,2.62,700.0,148.0,1693.15,0.22,159.0,2.33,1.0,3.0,3.0,0.5,0.5,20.7,232.0,58.0,490.15,0.36,41.6,7.38,50.0,7.7,7.7,779.0,36.0,36.0,2072.0,0.23,360.0,3890.0,1.0,310.5255472,0,60.0,5.741481348347732,-40.0,42.5,60.0,0.9999999833333336,0.4999999916666668,62.62499895833334,165.16499725000006,0.27492427115251,0.7250757244574816,-5.08,13.0,18.08,-6159.0814756586915,3.1537122426275332,0.042850036374496026,0.033875338733602385,1.1879972676058925e-05,47.794062736600715,380.1072958427876,167.08683576414904
1.0,23.33720206,7.399913851,165.0,21.0,125.0,3.175,960.0,2.62,700.0,148.0,1693.15,0.22,159.0,2.33,1.0,3.0,3.0,0.5,0.5,20.7,232.0,58.0,490.15,0.36,41.6,7.38,50.0,7.7,7.7,779.0,36.0,36.0,2072.0,0.23,360.0,3890.0,1.0,342.6740813,0,42.0,5.839693770188856,-40.0,42.5,42.0,1.428571394557824,0.49999998809523843,62.6249985119048,235.87928010204095,0.20979598213096787,0.7902040145189964,-5.08,13.0,18.08,-6159.0814756586915,3.1537122426275332,0.042850036374496026,0.033875338733602385,1.1879972676058925e-05,47.794062736600715,380.1072958427876,167.08683576414904
1.0,23.33720206,7.399913851,165.0,120.0,125.0,3.175,960.0,2.62,700.0,148.0,1693.15,0.22,159.0,2.33,1.0,3.0,3.0,0.5,0.5,20.7,232.0,58.0,490.15,0.36,41.6,7.38,50.0,7.7,7.7,779.0,36.0,36.0,2072.0,0.23,360.0,3890.0,1.0,211.7426608,0,240.0,5.3600832700311924,-40.0,42.5,240.0,0.24999999895833333,0.49999999791666666,62.62499973958332,41.414999828125,0.6019319434627216,0.3980680469255907,-5.08,13.0,18.08,-6159.0814756586915,3.1537122426275332,0.042850036374496026,0.033875338733602385,1.1879972676058925e-05,47.794062736600715,380.1072958427876,167.08683576414904
1.0,23.33720206,7.399913851,180.0,15.0,125.0,3.175,960.0,2.62,700.0,148.0,1693.15,0.22,159.0,2.33,1.0,3.0,3.0,0.5,0.5,20.7,232.0,58.0,490.15,0.36,41.6,7.38,50.0,7.7,7.7,779.0,36.0,36.0,2072.0,0.23,360.0,3890.0,1.0,332.1487785,0,30.0,5.80858917248524,-55.0,35.0,30.0,1.9999999333333356,0.4999999833333339,62.62499791666673,360.17998800000044,0.1481179263597707,0.8518820712750726,-5.08,13.0,18.08,-6718.997973445844,3.1537122426275332,0.042850036374496026,0.033875338733602385,1.1879972676058925e-05,47.794062736600715,380.1072958427876,167.08683576414904
1.0,23.33720206,7.399913851,100.0,15.0,100.0,3.175,960.0,2.62,700.0,148.0,1693.15,0.22,159.0,2.33,1.0,3.0,3.0,0.5,0.5,20.7,232.0,58.0,490.15,0.36,41.6,7.38,50.0,7.7,7.7,779.0,36.0,36.0,2072.0,0.23,360.0,3890.0,1.0,1194.839877,0,30.0,7.086604043440544,0.0,50.0,30.0,1.9999999333333356,0.4999999833333339,50.09999833333338,200.09999333333357,0.20023980736114538,0.7997601886420519,-5.08,13.0,18.08,-3732.776651914358,3.1537122426275332,0.042850036374496026,0.033875338733602385,1.1879972676058925e-05,47.794062736600715,380.1072958427876,167.08683576414904
1.0,23.33720206,7.399913851,100.0,38.65,100.0,3.175,960.0,2.62,700.0,148.0,1693.15,0.22,159.0,2.33,1.0,3.0,3.0,0.5,0.5,20.7,232.0,58.0,490.15,0.36,41.6,7.38,50.0,7.7,7.7,779.0,36.0,36.0,2072.0,0.23,360.0,3890.0,1.0,919.9737229,0,30.0,6.825431504795086,0.0,50.0,30.0,1.9999999333333356,1.2883332903888902,128.933329038889,200.09999333333357,0.3918549273899281,0.608145069570866,-5.08,13.0,18.08,-3732.776651914358,3.1537122426275332,0.042850036374496026,0.033875338733602385,1.1879972676058925e-05,47.794062736600715,380.1072958427876,167.08683576414904
1.0,23.33720206,7.399913851,100.0,20.0,100.0,3.175,960.0,2.62,700.0,148.0,1693.15,0.22,159.0,2.33,1.0,3.0,3.0,0.5,0.5,20.7,232.0,58.0,490.15,0.36,41.6,7.38,50.0,7.7,7.7,779.0,36.0,36.0,2072.0,0.23,360.0,3890.0,1.0,1103.57443,0,40.0,7.007215408548057,0.0,50.0,40.0,1.4999999625000011,0.49999998750000035,50.09999875000003,150.0999962500001,0.250249749005989,0.749750245999006,-5.08,13.0,18.08,-3732.776651914358,3.1537122426275332,0.042850036374496026,0.033875338733602385,1.1879972676058925e-05,47.794062736600715,380.1072958427876,167.08683576414904
1.0,23.33720206,7.399913851,100.0,47.3,100.0,3.175,960.0,2.62,700.0,148.0,1693.15,0.22,159.0,2.33,1.0,3.0,3.0,0.5,0.5,20.7,232.0,58.0,490.15,0.36,41.6,7.38,50.0,7.7,7.7,779.0,36.0,36.0,2072.0,0.23,360.0,3890.0,1.0,870.0605294,0,40.0,6.769711468582558,0.0,50.0,40.0,1.4999999625000011,1.1824999704375008,118.34999704375007,150.0999962500001,0.44086421888408067,0.5591357773908309,-5.08,13.0,18.08,-3732.776651914358,3.1537122426275332,0.042850036374496026,0.033875338733602385,1.1879972676058925e-05,47.794062736600715,380.1072958427876,167.08683576414904
1.0,23.33720206,7.399913851,100.0,79.6,100.0,3.175,960.0,2.62,700.0,148.0,1693.15,0.22,159.0,2.33,1.0,3.0,3.0,0.5,0.5,20.7,232.0,58.0,490.15,0.36,41.6,7.38,50.0,7.7,7.7,779.0,36.0,36.0,2072.0,0.23,360.0,3890.0,1.0,753.5532113,0,50.0,6.626125800969624,0.0,50.0,50.0,1.1999999760000006,1.5919999681600006,159.29999681600003,120.09999760000005,0.5701503200771978,0.42984967634370413,-5.08,13.0,18.08,-3732.776651914358,3.1537122426275332,0.042850036374496026,0.033875338733602385,1.1879972676058925e-05,47.794062736600715,380.1072958427876,167.08683576414904
1.0,23.33720206,7.399913851,100.0,30.0,100.0,3.175,960.0,2.62,700.0,148.0,1693.15,0.22,159.0,2.33,1.0,3.0,3.0,0.5,0.5,20.7,232.0,58.0,490.15,0.36,41.6,7.38,50.0,7.7,7.7,779.0,36.0,36.0,2072.0,0.23,360.0,3890.0,1.0,986.6547787,0,60.0,6.895333222417222,0.0,50.0,60.0,0.9999999833333336,0.4999999916666668,50.09999916666668,100.09999833333336,0.33355525743674797,0.6664447359054623,-5.08,13.0,18.08,-3732.776651914358,3.1537122426275332,0.042850036374496026,0.033875338733602385,1.1879972676058925e-05,47.794062736600715,380.1072958427876,167.08683576414904
1.0,23.33720206,7.399913851,100.0,40.0,100.0,3.175,960.0,2.62,700.0,148.0,1693.15,0.22,159.0,2.33,1.0,3.0,3.0,0.5,0.5,20.7,232.0,58.0,490.15,0.36,41.6,7.38,50.0,7.7,7.7,779.0,36.0,36.0,2072.0,0.23,360.0,3890.0,1.0,911.2911332,0,80.0,6.815959164132872,0.0,50.0,80.0,0.7499999906250001,0.4999999937500001,50.099999375,75.09999906250002,0.40015974121477516,0.5998402507980043,-5.08,13.0,18.08,-3732.776651914358,3.1537122426275332,0.042850036374496026,0.033875338733602385,1.1879972676058925e-05,47.794062736600715,380.1072958427876,167.08683576414904
1.0,23.33720206,7.399913851,100.0,47.3,100.0,3.175,960.0,2.62,700.0,148.0,1693.15,0.22,159.0,2.33,1.0,3.0,3.0,0.5,0.5,20.7,232.0,58.0,490.15,0.36,41.6,7.38,50.0,7.7,7.7,779.0,36.0,36.0,2072.0,0.23,360.0,3890.0,1.0,870.0605294,0,80.0,6.769711468582558,0.0,50.0,80.0,0.7499999906250001,0.591249992609375,59.22499926093751,75.09999906250002,0.44090824164704623,0.5590917509083233,-5.08,13.0,18.08,-3732.776651914358,3.1537122426275332,0.042850036374496026,0.033875338733602385,1.1879972676058925e-05,47.794062736600715,380.1072958427876,167.08683576414904
1.0,23.33720206,7.399913851,100.0,70.0,100.0,3.175,960.0,2.62,700.0,148.0,1693.15,0.22,159.0,2.33,1.0,3.0,3.0,0.5,0.5,20.7,232.0,58.0,490.15,0.36,41.6,7.38,50.0,7.7,7.7,779.0,36.0,36.0,2072.0,0.23,360.0,3890.0,1.0,780.7824368,0,90.0,6.661576488025927,0.0,50.0,90.0,0.6666666592592594,0.7777777691358025,77.87777691358025,66.76666592592593,0.5384083539357478,0.46159163915074775,-5.08,13.0,18.08,-3732.776651914358,3.1537122426275332,0.042850036374496026,0.033875338733602385,1.1879972676058925e-05,47.794062736600715,380.1072958427876,167.08683576414904
1.0,23.33720206,7.399913851,100.0,70.0,100.0,3.175,960.0,2.62,700.0,148.0,1693.15,0.22,159.0,2.33,1.0,3.0,3.0,0.5,0.5,20.7,232.0,58.0,490.15,0.36,41.6,7.38,50.0,7.7,7.7,779.0,36.0,36.0,2072.0,0.23,360.0,3890.0,1.0,780.7824368,0,100.0,6.661576488025927,0.0,50.0,100.0,0.599999994,0.699999993,70.09999930000001,60.0999994,0.5384024536215111,0.4615975386979974,-5.08,13.0,18.08,-3732.776651914358,3.1537122426275332,0.042850036374496026,0.033875338733602385,1.1879972676058925e-05,47.794062736600715,380.1072958427876,167.08683576414904
1.0,23.33720206,7.399913851,100.0,60.0,100.0,3.175,960.0,2.62,700.0,148.0,1693.15,0.22,159.0,2.33,1.0,3.0,3.0,0.5,0.5,20.7,232.0,58.0,490.15,0.36,41.6,7.38,50.0,7.7,7.7,779.0,36.0,36.0,2072.0,0.23,360.0,3890.0,1.0,814.7431895,0,120.0,6.704099586679768,0.0,50.0,120.0,0.4999999958333334,0.4999999958333334,50.09999958333333,50.09999958333333,0.49999999500998005,0.49999999500998005,-5.08,13.0,18.08,-3732.776651914358,3.1537122426275332,0.042850036374496026,0.033875338733602385,1.1879972676058925e-05,47.794062736600715,380.1072958427876,167.08683576414904
1.0,23.33720206,7.399913851,100.0,70.0,100.0,3.175,960.0,2.62,700.0,148.0,1693.15,0.22,159.0,2.33,1.0,3.0,3.0,0.5,0.5,20.7,232.0,58.0,490.15,0.36,41.6,7.38,50.0,7.7,7.7,779.0,36.0,36.0,2072.0,0.23,360.0,3890.0,1.0,780.7824368,0,140.0,6.661576488025927,0.0,50.0,140.0,0.4285714255102041,0.49999999642857146,50.09999964285714,42.95714255102041,0.5383788704804484,0.4616211187734663,-5.08,13.0,18.08,-3732.776651914358,3.1537122426275332,0.042850036374496026,0.033875338733602385,1.1879972676058925e-05,47.794062736600715,380.1072958427876,167.08683576414904
1.0,23.33720206,7.399913851,100.0,120.0,100.0,3.175,960.0,2.62,700.0,148.0,1693.15,0.22,159.0,2.33,1.0,3.0,3.0,0.5,0.5,20.7,232.0,58.0,490.15,0.36,41.6,7.38,50.0,7.7,7.7,779.0,36.0,36.0,2072.0,0.23,360.0,3890.0,1.0,672.7849286,0,240.0,6.512910962957375,0.0,50.0,240.0,0.24999999895833333,0.49999999791666666,50.09999979166666,25.09999989583333,0.6662233953941235,0.33377659130800436,-5.08,13.0,18.08,-3732.776651914358,3.1537122426275332,0.042850036374496026,0.033875338733602385,1.1879972676058925e-05,47.794062736600715,380.1072958427876,167.08683576414904
1.0,23.33720206,7.399913851,100.0,310.0,100.0,3.175,960.0,2.62,700.0,148.0,1693.15,0.22,159.0,2.33,1.0,3.0,3.0,0.5,0.5,20.7,232.0,58.0,490.15,0.36,41.6,7.38,50.0,7.7,7.7,779.0,36.0,36.0,2072.0,0.23,360.0,3890.0,1.0,517.6449892,0,720.0,6.251219620595266,0.0,50.0,720.0,0.08333333321759259,0.4305555549575617,43.15555549575617,8.433333321759259,0.8365280906103939,0.1634718900055876,-5.08,13.0,18.08,-3732.776651914358,3.1537122426275332,0.042850036374496026,0.033875338733602385,1.1879972676058925e-05,47.794062736600715,380.1072958427876,167.08683576414904
1.0,23.33720206,7.399913851,100.0,11.0,100.0,3.175,960.0,2.62,700.0,148.0,1693.15,0.22,159.0,2.33,1.0,3.0,3.0,0.5,0.5,20.7,232.0,58.0,490.15,0.36,41.6,7.38,50.0,7.7,7.7,779.0,36.0,36.0,2072.0,0.23,360.0,3890.0,1.0,1301.707642,1,,7.172200178964043,0.0,50.0,,,,0.1,142.9571394557824,0.0006990213818156743,0.9993009716279706,-5.08,13.0,18.08,-3732.776651914358,3.1537122426275332,0.042850036374496026,0.033875338733602385,1.1879972676058925e-05,47.794062736600715,380.1072958427876,167.08683576414904
1.0,23.33720206,7.399913851,100.0,31.0,100.0,3.175,960.0,2.62,700.0,148.0,1693.15,0.22,159.0,2.33,1.0,3.0,3.0,0.5,0.5,20.7,232.0,58.0,490.15,0.36,41.6,7.38,50.0,7.7,7.7,779.0,36.0,36.0,2072.0,0.23,360.0,3890.0,1.0,977.7594327,1,,6.886285884755379,0.0,50.0,,,,0.1,142.9571394557824,0.0006990213818156743,0.9993009716279706,-5.08,13.0,18.08,-3732.776651914358,3.1537122426275332,0.042850036374496026,0.033875338733602385,1.1879972676058925e-05,47.794062736600715,380.1072958427876,167.08683576414904
1.0,23.33720206,7.399913851,100.0,61.0,100.0,3.175,960.0,2.62,700.0,148.0,1693.15,0.22,159.0,2.33,1.0,3.0,3.0,0.5,0.5,20.7,232.0,58.0,490.15,0.36,41.6,7.38,50.0,7.7,7.7,779.0,36.0,36.0,2072.0,0.23,360.0,3890.0,1.0,811.0320444,1,,6.69953980292981,0.0,50.0,,,,0.1,142.9571394557824,0.0006990213818156743,0.9993009716279706,-5.08,13.0,18.08,-3732.776651914358,3.1537122426275332,0.042850036374496026,0.033875338733602385,1.1879972676058925e-05,47.794062736600715,380.1072958427876,167.08683576414904
1.0,23.33720206,7.399913851,125.0,44.8,100.0,3.175,960.0,2.62,700.0,148.0,1693.15,0.22,159.0,2.33,1.0,3.0,3.0,0.5,0.5,20.7,232.0,58.0,490.15,0.36,41.6,7.38,50.0,7.7,7.7,779.0,36.0,36.0,2072.0,0.23,360.0,3890.0,1.0,642.4085348,0,40.0,6.466779879870814,-25.0,37.5,40.0,1.4999999625000011,1.1199999720000007,112.09999720000006,187.62499531250012,0.3740095074698029,0.6259904891938053,-5.08,13.0,18.08,-4665.970814892948,3.1537122426275332,0.042850036374496026,0.033875338733602385,1.1879972676058925e-05,47.794062736600715,380.1072958427876,167.08683576414904
1.0,23.33720206,7.399913851,75.0,44.8,75.0,3.175,960.0,2.62,700.0,148.0,1693.15,0.22,159.0,2.33,1.0,3.0,3.0,0.5,0.5,20.7,232.0,58.0,490.15,0.36,41.6,7.38,50.0,7.7,7.7,779.0,36.0,36.0,2072.0,0.23,360.0,3890.0,1.0,2206.238098,0,40.0,7.699497283537003,0.0,37.5,40.0,1.4999999625000011,1.1199999720000007,84.07499790000004,112.57499718750007,0.4275362297113425,0.5724637652034807,-5.08,13.0,18.08,-2799.5824889357687,3.1537122426275332,0.042850036374496026,0.033875338733602385,1.1879972676058925e-05,47.794062736600715,380.1072958427876,167.08683576414904
1.0,23.33720206,7.399913851,60.0,16.0,60.0,3.175,960.0,2.62,700.0,148.0,1693.15,0.22,159.0,2.33,1.0,3.0,3.0,0.5,0.5,20.7,232.0,58.0,490.15,0.36,41.6,7.38,50.0,7.7,7.7,779.0,36.0,36.0,2072.0,0.23,360.0,3890.0,1.0,5660.075881,0,40.0,8.641369238115699,0.0,30.0,40.0,1.4999999625000011,0.39999999000000025,24.059999400000017,90.05999775000006,0.2108307026817105,0.7891692885555835,-5.08,13.0,18.08,-2239.665991148615,3.1537122426275332,0.042850036374496026,0.033875338733602385,1.1879972676058925e-05,47.794062736600715,380.1072958427876,167.08683576414904
1.0,23.33720206,7.399913851,140.0,16.0,100.0,3.175,960.0,2.62,700.0,148.0,1693.15,0.22,159.0,2.33,1.0,3.0,3.0,0.5,0.5,20.7,232.0,58.0,490.15,0.36,41.6,7.38,50.0,7.7,7.7,779.0,36.0,36.0,2072.0,0.23,360.0,3890.0,1.0,726.2763785,0,40.0,6.5893065682884995,-40.0,30.0,40.0,1.4999999625000011,0.39999999000000025,40.099999000000025,210.13999475000014,0.16024616304864273,0.8397538329551936,-5.08,13.0,18.08,-5225.887312680101,3.1537122426275332,0.042850036374496026,0.033875338733602385,1.1879972676058925e-05,47.794062736600715,380.1072958427876,167.08683576414904
1.0,23.33720206,7.399913851,150.0,25.0,125.0,3.175,960.0,2.62,700.0,148.0,1693.15,0.22,159.0,2.33,1.0,3.0,3.0,0.5,0.5,20.7,232.0,58.0,490.15,0.36,41.6,7.38,50.0,7.7,7.7,779.0,36.0,36.0,2072.0,0.23,360.0,3890.0,1.0,374.1260947,0,40.0,5.927262221983531,-25.0,50.0,40.0,1.4999999625000011,0.6249999843750005,78.24999804687506,225.14999437500015,0.2579103485281527,0.7420896481758684,-5.08,13.0,18.08,-5599.164977871537,3.1537122426275332,0.042850036374496026,0.033875338733602385,1.1879972676058925e-05,47.794062736600715,380.1072958427876,167.08683576414904
1.0,23.33720206,7.399913851,100.0,15.0,60.0,3.175,960.0,2.62,700.0,148.0,1693.15,0.22,159.0,2.33,1.0,3.0,3.0,0.5,0.5,20.7,232.0,58.0,490.15,0.36,41.6,7.38,50.0,7.7,7.7,779.0,36.0,36.0,2072.0,0.23,360.0,3890.0,1.0,2780.189257,0,30.0,7.930633905496275,-40.0,10.0,30.0,1.9999999333333356,0.4999999833333339,30.05999900000003,200.09999333333357,0.1306047961014018,0.8693951995537945,-5.08,13.0,18.08,-3732.776651914358,3.1537122426275332,0.042850036374496026,0.033875338733602385,1.1879972676058925e-05,47.794062736600715,380.1072958427876,167.08683576414904
0.8,11.3137085,4.949747468,165.0,30.0,125.0,2.3622,257.0,2.62,700.0,148.0,1693.15,0.22,159.0,2.33,1.0,3.0,3.0,0.5,0.5,20.7,232.0,58.0,490.15,0.36,41.6,7.38,50.0,20.0,20.0,109.0,36.0,36.0,2072.0,0.23,360.0,3890.0,1.0,1340.952611,0,60.0,7.20188100468757,-40.0,42.5,60.0,0.9999999833333336,0.4999999916666668,62.62499895833334,165.16499725000006,0.27492427115251,0.7250757244574816,-17.38,0.6999999999999993,18.08,-13728.978446788255,2.2857138242766966,0.07071067186231006,0.033875338733602385,8.490365793239568e-05,47.794062736600715,380.1072958427876,167.08683576414904
0.8,11.3137085,4.949747468,165.0,21.0,125.0,2.3622,257.0,2.62,700.0,148.0,1693.15,0.22,159.0,2.33,1.0,3.0,3.0,0.5,0.5,20.7,232.0,58.0,490.15,0.36,41.6,7.38,50.0,20.0,20.0,109.0,36.0,36.0,2072.0,0.23,360.0,3890.0,1.0,1479.780675,0,42.0,7.300324710795957,-40.0,42.5,42.0,1.428571394557824,0.49999998809523843,62.6249985119048,235.87928010204095,0.20979598213096787,0.7902040145189964,-17.38,0.6999999999999993,18.08,-13728.978446788255,2.2857138242766966,0.07071067186231006,0.033875338733602385,8.490365793239568e-05,47.794062736600715,380.1072958427876,167.08683576414904
0.8,11.3137085,4.949747468,165.0,120.0,125.0,2.3622,257.0,2.62,700.0,148.0,1693.15,0.22,159.0,2.33,1.0,3.0,3.0,0.5,0.5,20.7,232.0,58.0,490.15,0.36,41.6,7.38,50.0,20.0,20.0,109.0,36.0,36.0,2072.0,0.23,360.0,3890.0,1.0,914.3752465,0,240.0,6.81933408666974,-40.0,42.5,240.0,0.24999999895833333,0.49999999791666666,62.62499973958332,41.414999828125,0.6019319434627216,0.3980680469255907,-17.38,0.6999999999999993,18.08,-13728.978446788255,2.2857138242766966,0.07071067186231006,0.033875338733602385,8.490365793239568e-05,47.794062736600715,380.1072958427876,167.08683576414904
0.8,11.3137085,4.949747468,180.0,15.0,125.0,2.3622,257.0,2.62,700.0,148.0,1693.15,0.22,159.0,2.33,1.0,3.0,3.0,0.5,0.5,20.7,232.0,58.0,490.15,0.36,41.6,7.38,50.0,20.0,20.0,109.0,36.0,36.0,2072.0,0.23,360.0,3890.0,1.0,1434.328916,0,30.0,7.2691493116852754,-55.0,35.0,30.0,1.9999999333333356,0.4999999833333339,62.62499791666673,360.17998800000044,0.1481179263597707,0.8518820712750726,-17.38,0.6999999999999993,18.08,-14977.067396496275,2.2857138242766966,0.07071067186231006,0.033875338733602385,8.490365793239568e-05,47.794062736600715,380.1072958427876,167.08683576414904
0.8,11.3137085,4.949747468,100.0,15.0,100.0,2.3622,257.0,2.62,700.0,148.0,1693.15,0.22,159.0,2.33,1.0,3.0,3.0,0.5,0.5,20.7,232.0,58.0,490.15,0.36,41.6,7.38,50.0,20.0,20.0,109.0,36.0,36.0,2072.0,0.23,360.0,3890.0,1.0,5159.716058,0,30.0,8.548830619778046,0.0,50.0,30.0,1.9999999333333356,0.4999999833333339,50.09999833333338,200.09999333333357,0.20023980736114538,0.7997601886420519,-17.38,0.6999999999999993,18.08,-8320.592998053487,2.2857138242766966,0.07071067186231006,0.033875338733602385,8.490365793239568e-05,47.794062736600715,380.1072958427876,167.08683576414904
0.8,11.3137085,4.949747468,100.0,38.65,100.0,2.3622,257.0,2.62,700.0,148.0,1693.15,0.22,159.0,2.33,1.0,3.0,3.0,0.5,0.5,20.7,232.0,58.0,490.15,0.36,41.6,7.38,50.0,20.0,20.0,109.0,36.0,36.0,2072.0,0.23,360.0,3890.0,1.0,3972.752569,0,30.0,8.287466158717411,0.0,50.0,30.0,1.9999999333333356,1.2883332903888902,128.933329038889,200.09999333333357,0.3918549273899281,0.608145069570866,-17.38,0.6999999999999993,18.08,-8320.592998053487,2.2857138242766966,0.07071067186231006,0.033875338733602385,8.490365793239568e-05,47.794062736600715,380.1072958427876,167.08683576414904
0.8,11.3137085,4.949747468,100.0,20.0,100.0,2.3622,257.0,2.62,700.0,148.0,1693.15,0.22,159.0,2.33,1.0,3.0,3.0,0.5,0.5,20.7,232.0,58.0,490.15,0.36,41.6,7.38,50.0,20.0,20.0,109.0,36.0,36.0,2072.0,0.23,360.0,3890.0,1.0,4765.6015,0,40.0,8.469388856157764,0.0,50.0,40.0,1.4999999625000011,0.49999998750000035,50.09999875000003,150.0999962500001,0.250249749005989,0.749750245999006,-17.38,0.6999999999999993,18.08,-8320.592998053487,2.2857138242766966,0.07071067186231006,0.033875338733602385,8.490365793239568e-05,47.794062736600715,380.1072958427876,167.08683576414904
0.8,11.3137085,4.949747468,100.0,47.3,100.0,2.3622,257.0,2.62,700.0,148.0,1693.15,0.22,159.0,2.33,1.0,3.0,3.0,0.5,0.5,20.7,232.0,58.0,490.15,0.36,41.6,7.38,50.0,20.0,20.0,109.0,36.0,36.0,2072.0,0.23,360.0,3890.0,1.0,3757.210796,0,40.0,8.231698271002728,0.0,50.0,40.0,1.4999999625000011,1.1824999704375008,118.34999704375007,150.0999962500001,0.44086421888408067,0.5591357773908309,-17.38,0.6999999999999993,18.08,-8320.592998053487,2.2857138242766966,0.07071067186231006,0.033875338733602385,8.490365793239568e-05,47.794062736600715,380.1072958427876,167.08683576414904
0.8,11.3137085,4.949747468,100.0,79.6,100.0,2.3622,257.0,2.62,700.0,148.0,1693.15,0.22,159.0,2.33,1.0,3.0,3.0,0.5,0.5,20.7,232.0,58.0,490.15,0.36,41.6,7.38,50.0,20.0,20.0,109.0,36.0,36.0,2072.0,0.23,360.0,3890.0,1.0,3254.093439,0,50.0,8.087976260528654,0.0,50.0,50.0,1.1999999760000006,1.5919999681600006,159.29999681600003,120.09999760000005,0.5701503200771978,0.42984967634370413,-17.38,0.6999999999999993,18.08,-8320.592998053487,2.2857138242766966,0.07071067186231006,0.033875338733602385,8.490365793239568e-05,47.794062736600715,380.1072958427876,167.08683576414904
0.8,11.3137085,4.949747468,100.0,30.0,100.0,2.3622,257.0,2.62,700.0,148.0,1693.15,0.22,159.0,2.33,1.0,3.0,3.0,0.5,0.5,20.7,232.0,58.0,490.15,0.36,41.6,7.38,50.0,20.0,20.0,109.0,36.0,36.0,2072.0,0.23,360.0,3890.0,1.0,4260.70355,0,60.0,8.357424253693171,0.0,50.0,60.0,0.9999999833333336,0.4999999916666668,50.09999916666668,100.09999833333336,0.33355525743674797,0.6664447359054623,-17.38,0.6999999999999993,18.08,-8320.592998053487,2.2857138242766966,0.07071067186231006,0.033875338733602385,8.490365793239568e-05,47.794062736600715,380.1072958427876,167.08683576414904
0.8,11.3137085,4.949747468,100.0,40.0,100.0,2.3622,257.0,2.62,700.0,148.0,1693.15,0.22,159.0,2.33,1.0,3.0,3.0,0.5,0.5,20.7,232.0,58.0,490.15,0.36,41.6,7.38,50.0,20.0,20.0,109.0,36.0,36.0,2072.0,0.23,360.0,3890.0,1.0,3935.258258,0,80.0,8.277985870348886,0.0,50.0,80.0,0.7499999906250001,0.4999999937500001,50.099999375,75.09999906250002,0.40015974121477516,0.5998402507980043,-17.38,0.6999999999999993,18.08,-8320.592998053487,2.2857138242766966,0.07071067186231006,0.033875338733602385,8.490365793239568e-05,47.794062736600715,380.1072958427876,167.08683576414904
0.8,11.3137085,4.949747468,100.0,47.3,100.0,2.3622,257.0,2.62,700.0,148.0,1693.15,0.22,159.0,2.33,1.0,3.0,3.0,0.5,0.5,20.7,232.0,58.0,490.15,0.36,41.6,7.38,50.0,20.0,20.0,109.0,36.0,36.0,2072.0,0.23,360.0,3890.0,1.0,3757.210796,0,80.0,8.231698271002728,0.0,50.0,80.0,0.7499999906250001,0.591249992609375,59.22499926093751,75.09999906250002,0.44090824164704623,0.5590917509083233,-17.38,0.6999999999999993,18.08,-8320.592998053487,2.2857138242766966,0.07071067186231006,0.033875338733602385,8.490365793239568e-05,47.794062736600715,380.1072958427876,167.08683576414904
0.8,11.3137085,4.949747468,100.0,70.0,100.0,2.3622,257.0,2.62,700.0,148.0,1693.15,0.22,159.0,2.33,1.0,3.0,3.0,0.5,0.5,20.7,232.0,58.0,490.15,0.36,41.6,7.38,50.0,20.0,20.0,109.0,36.0,36.0,2072.0,0.23,360.0,3890.0,1.0,3371.678293,0,90.0,8.1234624534006,0.0,50.0,90.0,0.6666666592592594,0.7777777691358025,77.87777691358025,66.76666592592593,0.5384083539357478,0.46159163915074775,-17.38,0.6999999999999993,18.08,-8320.592998053487,2.2857138242766966,0.07071067186231006,0.033875338733602385,8.490365793239568e-05,47.794062736600715,380.1072958427876,167.08683576414904
0.8,11.3137085,4.949747468,100.0,70.0,100.0,2.3622,257.0,2.62,700.0,148.0,1693.15,0.22,159.0,2.33,1.0,3.0,3.0,0.5,0.5,20.7,232.0,58.0,490.15,0.36,41.6,7.38,50.0,20.0,20.0,109.0,36.0,36.0,2072.0,0.23,360.0,3890.0,1.0,3371.678293,0,100.0,8.1234624534006,0.0,50.0,100.0,0.599999994,0.699999993,70.09999930000001,60.0999994,0.5384024536215111,0.4615975386979974,-17.38,0.6999999999999993,18.08,-8320.592998053487,2.2857138242766966,0.07071067186231006,0.033875338733602385,8.490365793239568e-05,47.794062736600715,380.1072958427876,167.08683576414904
0.8,11.3137085,4.949747468,100.0,60.0,100.0,2.3622,257.0,2.62,700.0,148.0,1693.15,0.22,159.0,2.33,1.0,3.0,3.0,0.5,0.5,20.7,232.0,58.0,490.15,0.36,41.6,7.38,50.0,20.0,20.0,109.0,36.0,36.0,2072.0,0.23,360.0,3890.0,1.0,3518.332121,0,120.0,8.166026512237272,0.0,50.0,120.0,0.4999999958333334,0.4999999958333334,50.09999958333333,50.09999958333333,0.49999999500998005,0.49999999500998005,-17.38,0.6999999999999993,18.08,-8320.592998053487,2.2857138242766966,0.07071067186231006,0.033875338733602385,8.490365793239568e-05,47.794062736600715,380.1072958427876,167.08683576414904
0.8,11.3137085,4.949747468,100.0,70.0,100.0,2.3622,257.0,2.62,700.0,148.0,1693.15,0.22,159.0,2.33,1.0,3.0,3.0,0.5,0.5,20.7,232.0,58.0,490.15,0.36,41.6,7.38,50.0,20.0,20.0,109.0,36.0,36.0,2072.0,0.23,360.0,3890.0,1.0,3371.678293,0,140.0,8.1234624534006,0.0,50.0,140.0,0.4285714255102041,0.49999999642857146,50.09999964285714,42.95714255102041,0.5383788704804484,0.4616211187734663,-17.38,0.6999999999999993,18.08,-8320.592998053487,2.2857138242766966,0.07071067186231006,0.033875338733602385,8.490365793239568e-05,47.794062736600715,380.1072958427876,167.08683576414904
0.8,11.3137085,4.949747468,100.0,120.0,100.0,2.3622,257.0,2.62,700.0,148.0,1693.15,0.22,159.0,2.33,1.0,3.0,3.0,0.5,0.5,20.7,232.0,58.0,490.15,0.36,41.6,7.38,50.0,20.0,20.0,109.0,36.0,36.0,2072.0,0.23,360.0,3890.0,1.0,2905.309127,0,240.0,7.974639213902908,0.0,50.0,240.0,0.24999999895833333,0.49999999791666666,50.09999979166666,25.09999989583333,0.6662233953941235,0.33377659130800436,-17.38,0.6999999999999993,18.08,-8320.592998053487,2.2857138242766966,0.07071067186231006,0.033875338733602385,8.490365793239568e-05,47.794062736600715,380.1072958427876,167.08683576414904
0.8,11.3137085,4.949747468,100.0,310.0,100.0,2.3622,257.0,2.62,700.0,148.0,1693.15,0.22,159.0,2.33,1.0,3.0,3.0,0.5,0.5,20.7,232.0,58.0,490.15,0.36,41.6,7.38,50.0,20.0,20.0,109.0,36.0,36.0,2072.0,0.23,360.0,3890.0,1.0,2235.36326,0,720.0,7.7126062808293865,0.0,50.0,720.0,0.08333333321759259,0.4305555549575617,43.15555549575617,8.433333321759259,0.8365280906103939,0.1634718900055876,-17.38,0.6999999999999993,18.08,-8320.592998053487,2.2857138242766966,0.07071067186231006,0.033875338733602385,8.490365793239568e-05,47.794062736600715,380.1072958427876,167.08683576414904
0.8,11.3137085,4.949747468,100.0,11.0,100.0,2.3622,257.0,2.62,700.0,148.0,1693.15,0.22,159.0,2.33,1.0,3.0,3.0,0.5,0.5,20.7,232.0,58.0,490.15,0.36,41.6,7.38,50.0,20.0,20.0,109.0,36.0,36.0,2072.0,0.23,360.0,3890.0,1.0,5621.206619,1,,8.634479502658806,0.0,50.0,,,,0.1,142.9571394557824,0.0006990213818156743,0.9993009716279706,-17.38,0.6999999999999993,18.08,-8320.592998053487,2.2857138242766966,0.07071067186231006,0.033875338733602385,8.490365793239568e-05,47.794062736600715,380.1072958427876,167.08683576414904
0.8,11.3137085,4.949747468,100.0,31.0,100.0,2.3622,257.0,2.62,700.0,148.0,1693.15,0.22,159.0,2.33,1.0,3.0,3.0,0.5,0.5,20.7,232.0,58.0,490.15,0.36,41.6,7.38,50.0,20.0,20.0,109.0,36.0,36.0,2072.0,0.23,360.0,3890.0,1.0,4222.290487,1,,8.348369839449598,0.0,50.0,,,,0.1,142.9571394557824,0.0006990213818156743,0.9993009716279706,-17.38,0.6999999999999993,18.08,-8320.592998053487,2.2857138242766966,0.07071067186231006,0.033875338733602385,8.490365793239568e-05,47.794062736600715,380.1072958427876,167.08683576414904
0.8,11.3137085,4.949747468,100.0,61.0,100.0,2.3622,257.0,2.62,700.0,148.0,1693.15,0.22,159.0,2.33,1.0,3.0,3.0,0.5,0.5,20.7,232.0,58.0,490.15,0.36,41.6,7.38,50.0,20.0,20.0,109.0,36.0,36.0,2072.0,0.23,360.0,3890.0,1.0,3502.306161,1,,8.161462419035795,0.0,50.0,,,,0.1,142.9571394557824,0.0006990213818156743,0.9993009716279706,-17.38,0.6999999999999993,18.08,-8320.592998053487,2.2857138242766966,0.07071067186231006,0.033875338733602385,8.490365793239568e-05,47.794062736600715,380.1072958427876,167.08683576414904
0.8,11.3137085,4.949747468,125.0,44.8,100.0,2.3622,257.0,2.62,700.0,148.0,1693.15,0.22,159.0,2.33,1.0,3.0,3.0,0.5,0.5,20.7,232.0,58.0,490.15,0.36,41.6,7.38,50.0,20.0,20.0,109.0,36.0,36.0,2072.0,0.23,360.0,3890.0,1.0,2774.133754,0,40.0,7.9284542246586085,-25.0,37.5,40.0,1.4999999625000011,1.1199999720000007,112.09999720000006,187.62499531250012,0.3740095074698029,0.6259904891938053,-17.38,0.6999999999999993,18.08,-10400.741247566859,2.2857138242766966,0.07071067186231006,0.033875338733602385,8.490365793239568e-05,47.794062736600715,380.1072958427876,167.08683576414904
0.8,11.3137085,4.949747468,75.0,44.8,75.0,2.3622,257.0,2.62,700.0,148.0,1693.15,0.22,159.0,2.33,1.0,3.0,3.0,0.5,0.5,20.7,232.0,58.0,490.15,0.36,41.6,7.38,50.0,20.0,20.0,109.0,36.0,36.0,2072.0,0.23,360.0,3890.0,1.0,9527.270023,0,40.0,9.16201845057899,0.0,37.5,40.0,1.4999999625000011,1.1199999720000007,84.07499790000004,112.57499718750007,0.4275362297113425,0.5724637652034807,-17.38,0.6999999999999993,18.08,-6240.444748540115,2.2857138242766966,0.07071067186231006,0.033875338733602385,8.490365793239568e-05,47.794062736600715,380.1072958427876,167.08683576414904
0.8,11.3137085,4.949747468,60.0,16.0,60.0,2.3622,257.0,2.62,700.0,148.0,1693.15,0.22,159.0,2.33,1.0,3.0,3.0,0.5,0.5,20.7,232.0,58.0,490.15,0.36,41.6,7.38,50.0,20.0,20.0,109.0,36.0,36.0,2072.0,0.23,360.0,3890.0,1.0,24442.0905,0,40.0,10.104102857827908,0.0,30.0,40.0,1.4999999625000011,0.39999999000000025,24.059999400000017,90.05999775000006,0.2108307026817105,0.7891692885555835,-17.38,0.6999999999999993,18.08,-4992.355798832092,2.2857138242766966,0.07071067186231006,0.033875338733602385,8.490365793239568e-05,47.794062736600715,380.1072958427876,167.08683576414904
0.8,11.3137085,4.949747468,140.0,16.0,100.0,2.3622,257.0,2.62,700.0,148.0,1693.15,0.22,159.0,2.33,1.0,3.0,3.0,0.5,0.5,20.7,232.0,58.0,490.15,0.36,41.6,7.38,50.0,20.0,20.0,109.0,36.0,36.0,2072.0,0.23,360.0,3890.0,1.0,3136.303002,0,40.0,8.051118793261606,-40.0,30.0,40.0,1.4999999625000011,0.39999999000000025,40.099999000000025,210.13999475000014,0.16024616304864273,0.8397538329551936,-17.38,0.6999999999999993,18.08,-11648.830197274881,2.2857138242766966,0.07071067186231006,0.033875338733602385,8.490365793239568e-05,47.794062736600715,380.1072958427876,167.08683576414904
0.8,11.3137085,4.949747468,150.0,25.0,125.0,2.3622,257.0,2.62,700.0,148.0,1693.15,0.22,159.0,2.33,1.0,3.0,3.0,0.5,0.5,20.7,232.0,58.0,490.15,0.36,41.6,7.38,50.0,20.0,20.0,109.0,36.0,36.0,2072.0,0.23,360.0,3890.0,1.0,1615.600932,0,40.0,7.388081033818197,-25.0,50.0,40.0,1.4999999625000011,0.6249999843750005,78.24999804687506,225.14999437500015,0.2579103485281527,0.7420896481758684,-17.38,0.6999999999999993,18.08,-12480.88949708023,2.2857138242766966,0.07071067186231006,0.033875338733602385,8.490365793239568e-05,47.794062736600715,380.1072958427876,167.08683576414904
0.8,11.3137085,4.949747468,100.0,15.0,60.0,2.3622,257.0,2.62,700.0,148.0,1693.15,0.22,159.0,2.33,1.0,3.0,3.0,0.5,0.5,20.7,232.0,58.0,490.15,0.36,41.6,7.38,50.0,20.0,20.0,109.0,36.0,36.0,2072.0,0.23,360.0,3890.0,1.0,12005.78205,0,30.0,9.393226939954586,-40.0,10.0,30.0,1.9999999333333356,0.4999999833333339,30.05999900000003,200.09999333333357,0.1306047961014018,0.8693951995537945,-17.38,0.6999999999999993,18.08,-8320.592998053487,2.2857138242766966,0.07071067186231006,0.033875338733602385,8.490365793239568e-05,47.794062736600715,380.1072958427876,167.08683576414904
0.8,11.3137085,4.949747468,75.0,44.8,100.0,2.3622,257.0,2.62,700.0,148.0,1693.15,0.22,159.0,2.33,1.0,3.0,3.0,0.5,0.5,20.7,232.0,58.0,490.15,0.36,41.6,7.38,50.0,20.0,20.0,109.0,36.0,36.0,2072.0,0.23,360.0,3890.0,1.0,5974.0,0,40.0,8.695339376799712,25.0,62.5,40.0,1.4999999625000011,1.1199999720000007,112.09999720000006,112.57499718750007,0.4989429153282483,0.5010570802208781,-17.38,0.6999999999999993,18.08,-6240.444748540115,2.2857138242766966,0.07071067186231006,0.033875338733602385,8.490365793239568e-05,47.794062736600715,380.1072958427876,167.08683576414904
0.8,11.3137085,4.949747468,165.0,30.0,125.0,2.3622,257.0,2.62,700.0,148.0,1693.15,0.22,159.0,2.33,1.0,3.0,3.0,0.5,0.5,20.7,232.0,58.0,490.15,0.36,41.6,7.38,50.0,20.0,20.0,109.0,36.0,36.0,2072.0,0.23,360.0,3890.0,1.0,1250.628044,0,60.0,7.132200418063359,-40.0,42.5,60.0,0.9999999833333336,0.4999999916666668,62.62499895833334,165.16499725000006,0.27492427115251,0.7250757244574816,-17.38,0.6999999999999993,18.08,-13728.978446788255,2.2857138242766966,0.07071067186231006,0.033875338733602385,8.490365793239568e-05,47.794062736600715,380.1072958427876,167.08683576414904
0.8,11.3137085,4.949747468,165.0,21.0,125.0,2.3622,257.0,2.62,700.0,148.0,1693.15,0.22,159.0,2.33,1.0,3.0,3.0,0.5,0.5,20.7,232.0,58.0,490.15,0.36,41.6,7.38,50.0,20.0,20.0,109.0,36.0,36.0,2072.0,0.23,360.0,3890.0,1.0,1380.104858,0,42.0,7.230639079563758,-40.0,42.5,42.0,1.428571394557824,0.49999998809523843,62.6249985119048,235.87928010204095,0.20979598213096787,0.7902040145189964,-17.38,0.6999999999999993,18.08,-13728.978446788255,2.2857138242766966,0.07071067186231006,0.033875338733602385,8.490365793239568e-05,47.794062736600715,380.1072958427876,167.08683576414904
0.8,11.3137085,4.949747468,165.0,120.0,125.0,2.3622,257.0,2.62,700.0,148.0,1693.15,0.22,159.0,2.33,1.0,3.0,3.0,0.5,0.5,20.7,232.0,58.0,490.15,0.36,41.6,7.38,50.0,20.0,20.0,109.0,36.0,36.0,2072.0,0.23,360.0,3890.0,1.0,852.7842947,0,240.0,6.749678579565782,-40.0,42.5,240.0,0.24999999895833333,0.49999999791666666,62.62499973958332,41.414999828125,0.6019319434627216,0.3980680469255907,-17.38,0.6999999999999993,18.08,-13728.978446788255,2.2857138242766966,0.07071067186231006,0.033875338733602385,8.490365793239568e-05,47.794062736600715,380.1072958427876,167.08683576414904
0.8,11.3137085,4.949747468,180.0,15.0,125.0,2.3622,257.0,2.62,700.0,148.0,1693.15,0.22,159.0,2.33,1.0,3.0,3.0,0.5,0.5,20.7,232.0,58.0,490.15,0.36,41.6,7.38,50.0,20.0,20.0,109.0,36.0,36.0,2072.0,0.23,360.0,3890.0,1.0,1337.714661,0,30.0,7.199465224401413,-55.0,35.0,30.0,1.9999999333333356,0.4999999833333339,62.62499791666673,360.17998800000044,0.1481179263597707,0.8518820712750726,-17.38,0.6999999999999993,18.08,-14977.067396496275,2.2857138242766966,0.07071067186231006,0.033875338733602385,8.490365793239568e-05,47.794062736600715,380.1072958427876,167.08683576414904
0.8,11.3137085,4.949747468,100.0,15.0,100.0,2.3622,257.0,2.62,700.0,148.0,1693.15,0.22,159.0,2.33,1.0,3.0,3.0,0.5,0.5,20.7,232.0,58.0,490.15,0.36,41.6,7.38,50.0,20.0,20.0,109.0,36.0,36.0,2072.0,0.23,360.0,3890.0,1.0,4812.165286,0,30.0,8.479110210288352,0.0,50.0,30.0,1.9999999333333356,0.4999999833333339,50.09999833333338,200.09999333333357,0.20023980736114538,0.7997601886420519,-17.38,0.6999999999999993,18.08,-8320.592998053487,2.2857138242766966,0.07071067186231006,0.033875338733602385,8.490365793239568e-05,47.794062736600715,380.1072958427876,167.08683576414904
0.8,11.3137085,4.949747468,100.0,38.65,100.0,2.3622,257.0,2.62,700.0,148.0,1693.15,0.22,159.0,2.33,1.0,3.0,3.0,0.5,0.5,20.7,232.0,58.0,490.15,0.36,41.6,7.38,50.0,20.0,20.0,109.0,36.0,36.0,2072.0,0.23,360.0,3890.0,1.0,3705.153886,0,30.0,8.217749929458675,0.0,50.0,30.0,1.9999999333333356,1.2883332903888902,128.933329038889,200.09999333333357,0.3918549273899281,0.608145069570866,-17.38,0.6999999999999993,18.08,-8320.592998053487,2.2857138242766966,0.07071067186231006,0.033875338733602385,8.490365793239568e-05,47.794062736600715,380.1072958427876,167.08683576414904
0.8,11.3137085,4.949747468,100.0,20.0,100.0,2.3622,257.0,2.62,700.0,148.0,1693.15,0.22,159.0,2.33,1.0,3.0,3.0,0.5,0.5,20.7,232.0,58.0,490.15,0.36,41.6,7.38,50.0,20.0,20.0,109.0,36.0,36.0,2072.0,0.23,360.0,3890.0,1.0,4444.597696,0,40.0,8.399669603700326,0.0,50.0,40.0,1.4999999625000011,0.49999998750000035,50.09999875000003,150.0999962500001,0.250249749005989,0.749750245999006,-17.38,0.6999999999999993,18.08,-8320.592998053487,2.2857138242766966,0.07071067186231006,0.033875338733602385,8.490365793239568e-05,47.794062736600715,380.1072958427876,167.08683576414904
0.8,11.3137085,4.949747468,100.0,47.3,100.0,2.3622,257.0,2.62,700.0,148.0,1693.15,0.22,159.0,2.33,1.0,3.0,3.0,0.5,0.5,20.7,232.0,58.0,490.15,0.36,41.6,7.38,50.0,20.0,20.0,109.0,36.0,36.0,2072.0,0.23,360.0,3890.0,1.0,3504.130684,0,40.0,8.161983083795018,0.0,50.0,40.0,1.4999999625000011,1.1824999704375008,118.34999704375007,150.0999962500001,0.44086421888408067,0.5591357773908309,-17.38,0.6999999999999993,18.08,-8320.592998053487,2.2857138242766966,0.07071067186231006,0.033875338733602385,8.490365793239568e-05,47.794062736600715,380.1072958427876,167.08683576414904
0.8,11.3137085,4.949747468,100.0,79.6,100.0,2.3622,257.0,2.62,700.0,148.0,1693.15,0.22,159.0,2.33,1.0,3.0,3.0,0.5,0.5,20.7,232.0,58.0,490.15,0.36,41.6,7.38,50.0,20.0,20.0,109.0,36.0,36.0,2072.0,0.23,360.0,3890.0,1.0,3034.902562,0,50.0,8.018264043797592,0.0,50.0,50.0,1.1999999760000006,1.5919999681600006,159.29999681600003,120.09999760000005,0.5701503200771978,0.42984967634370413,-17.38,0.6999999999999993,18.08,-8320.592998053487,2.2857138242766966,0.07071067186231006,0.033875338733602385,8.490365793239568e-05,47.794062736600715,380.1072958427876,167.08683576414904
0.8,11.3137085,4.949747468,100.0,30.0,100.0,2.3622,257.0,2.62,700.0,148.0,1693.15,0.22,159.0,2.33,1.0,3.0,3.0,0.5,0.5,20.7,232.0,58.0,490.15,0.36,41.6,7.38,50.0,20.0,20.0,109.0,36.0,36.0,2072.0,0.23,360.0,3890.0,1.0,3973.708918,0,60.0,8.287706796231017,0.0,50.0,60.0,0.9999999833333336,0.4999999916666668,50.09999916666668,100.09999833333336,0.33355525743674797,0.6664447359054623,-17.38,0.6999999999999993,18.08,-8320.592998053487,2.2857138242766966,0.07071067186231006,0.033875338733602385,8.490365793239568e-05,47.794062736600715,380.1072958427876,167.08683576414904
0.8,11.3137085,4.949747468,100.0,40.0,100.0,2.3622,257.0,2.62,700.0,148.0,1693.15,0.22,159.0,2.33,1.0,3.0,3.0,0.5,0.5,20.7,232.0,58.0,490.15,0.36,41.6,7.38,50.0,20.0,20.0,109.0,36.0,36.0,2072.0,0.23,360.0,3890.0,1.0,3670.185136,0,80.0,8.20826981426005,0.0,50.0,80.0,0.7499999906250001,0.4999999937500001,50.099999375,75.09999906250002,0.40015974121477516,0.5998402507980043,-17.38,0.6999999999999993,18.08,-8320.592998053487,2.2857138242766966,0.07071067186231006,0.033875338733602385,8.490365793239568e-05,47.794062736600715,380.1072958427876,167.08683576414904
0.8,11.3137085,4.949747468,100.0,47.3,100.0,2.3622,257.0,2.62,700.0,148.0,1693.15,0.22,159.0,2.33,1.0,3.0,3.0,0.5,0.5,20.7,232.0,58.0,490.15,0.36,41.6,7.38,50.0,20.0,20.0,109.0,36.0,36.0,2072.0,0.23,360.0,3890.0,1.0,3504.130684,0,80.0,8.161983083795018,0.0,50.0,80.0,0.7499999906250001,0.591249992609375,59.22499926093751,75.09999906250002,0.44090824164704623,0.5590917509083233,-17.38,0.6999999999999993,18.08,-8320.592998053487,2.2857138242766966,0.07071067186231006,0.033875338733602385,8.490365793239568e-05,47.794062736600715,380.1072958427876,167.08683576414904
0.8,11.3137085,4.949747468,100.0,70.0,100.0,2.3622,257.0,2.62,700.0,148.0,1693.15,0.22,159.0,2.33,1.0,3.0,3.0,0.5,0.5,20.7,232.0,58.0,490.15,0.36,41.6,7.38,50.0,20.0,20.0,109.0,36.0,36.0,2072.0,0.23,360.0,3890.0,1.0,3144.567076,0,90.0,8.05374946321445,0.0,50.0,90.0,0.6666666592592594,0.7777777691358025,77.87777691358025,66.76666592592593,0.5384083539357478,0.46159163915074775,-17.38,0.6999999999999993,18.08,-8320.592998053487,2.2857138242766966,0.07071067186231006,0.033875338733602385,8.490365793239568e-05,47.794062736600715,380.1072958427876,167.08683576414904
0.8,11.3137085,4.949747468,100.0,70.0,100.0,2.3622,257.0,2.62,700.0,148.0,1693.15,0.22,159.0,2.33,1.0,3.0,3.0,0.5,0.5,20.7,232.0,58.0,490.15,0.36,41.6,7.38,50.0,20.0,20.0,109.0,36.0,36.0,2072.0,0.23,360.0,3890.0,1.0,3144.567076,0,100.0,8.05374946321445,0.0,50.0,100.0,0.599999994,0.699999993,70.09999930000001,60.0999994,0.5384024536215111,0.4615975386979974,-17.38,0.6999999999999993,18.08,-8320.592998053487,2.2857138242766966,0.07071067186231006,0.033875338733602385,8.490365793239568e-05,47.794062736600715,380.1072958427876,167.08683576414904
0.8,11.3137085,4.949747468,100.0,60.0,100.0,2.3622,257.0,2.62,700.0,148.0,1693.15,0.22,159.0,2.33,1.0,3.0,3.0,0.5,0.5,20.7,232.0,58.0,490.15,0.36,41.6,7.38,50.0,20.0,20.0,109.0,36.0,36.0,2072.0,0.23,360.0,3890.0,1.0,3281.342521,0,120.0,8.096312629702412,0.0,50.0,120.0,0.4999999958333334,0.4999999958333334,50.09999958333333,50.09999958333333,0.49999999500998005,0.49999999500998005,-17.38,0.6999999999999993,18.08,-8320.592998053487,2.2857138242766966,0.07071067186231006,0.033875338733602385,8.490365793239568e-05,47.794062736600715,380.1072958427876,167.08683576414904
0.8,11.3137085,4.949747468,100.0,70.0,100.0,2.3622,257.0,2.62,700.0,148.0,1693.15,0.22,159.0,2.33,1.0,3.0,3.0,0.5,0.5,20.7,232.0,58.0,490.15,0.36,41.6,7.38,50.0,20.0,20.0,109.0,36.0,36.0,2072.0,0.23,360.0,3890.0,1.0,3144.567076,0,140.0,8.05374946321445,0.0,50.0,140.0,0.4285714255102041,0.49999999642857146,50.09999964285714,42.95714255102041,0.5383788704804484,0.4616211187734663,-17.38,0.6999999999999993,18.08,-8320.592998053487,2.2857138242766966,0.07071067186231006,0.033875338733602385,8.490365793239568e-05,47.794062736600715,380.1072958427876,167.08683576414904
0.8,11.3137085,4.949747468,100.0,120.0,100.0,2.3622,257.0,2.62,700.0,148.0,1693.15,0.22,159.0,2.33,1.0,3.0,3.0,0.5,0.5,20.7,232.0,58.0,490.15,0.36,41.6,7.38,50.0,20.0,20.0,109.0,36.0,36.0,2072.0,0.23,360.0,3890.0,1.0,2709.611841,0,240.0,7.904929659977893,0.0,50.0,240.0,0.24999999895833333,0.49999999791666666,50.09999979166666,25.09999989583333,0.6662233953941235,0.33377659130800436,-17.38,0.6999999999999993,18.08,-8320.592998053487,2.2857138242766966,0.07071067186231006,0.033875338733602385,8.490365793239568e-05,47.794062736600715,380.1072958427876,167.08683576414904
0.8,11.3137085,4.949747468,100.0,310.0,100.0,2.3622,257.0,2.62,700.0,148.0,1693.15,0.22,159.0,2.33,1.0,3.0,3.0,0.5,0.5,20.7,232.0,58.0,490.15,0.36,41.6,7.38,50.0,20.0,20.0,109.0,36.0,36.0,2072.0,0.23,360.0,3890.0,1.0,2084.792528,0,720.0,7.642904171362161,0.0,50.0,720.0,0.08333333321759259,0.4305555549575617,43.15555549575617,8.433333321759259,0.8365280906103939,0.1634718900055876,-17.38,0.6999999999999993,18.08,-8320.592998053487,2.2857138242766966,0.07071067186231006,0.033875338733602385,8.490365793239568e-05,47.794062736600715,380.1072958427876,167.08683576414904
0.8,11.3137085,4.949747468,100.0,11.0,100.0,2.3622,257.0,2.62,700.0,148.0,1693.15,0.22,159.0,2.33,1.0,3.0,3.0,0.5,0.5,20.7,232.0,58.0,490.15,0.36,41.6,7.38,50.0,20.0,20.0,109.0,36.0,36.0,2072.0,0.23,360.0,3890.0,1.0,5242.570531,1,,8.564757944313964,0.0,50.0,,,,0.1,142.9571394557824,0.0006990213818156743,0.9993009716279706,-17.38,0.6999999999999993,18.08,-8320.592998053487,2.2857138242766966,0.07071067186231006,0.033875338733602385,8.490365793239568e-05,47.794062736600715,380.1072958427876,167.08683576414904
0.8,11.3137085,4.949747468,100.0,31.0,100.0,2.3622,257.0,2.62,700.0,148.0,1693.15,0.22,159.0,2.33,1.0,3.0,3.0,0.5,0.5,20.7,232.0,58.0,490.15,0.36,41.6,7.38,50.0,20.0,20.0,109.0,36.0,36.0,2072.0,0.23,360.0,3890.0,1.0,3937.883302,1,,8.278652536230947,0.0,50.0,,,,0.1,142.9571394557824,0.0006990213818156743,0.9993009716279706,-17.38,0.6999999999999993,18.08,-8320.592998053487,2.2857138242766966,0.07071067186231006,0.033875338733602385,8.490365793239568e-05,47.794062736600715,380.1072958427876,167.08683576414904
0.8,11.3137085,4.949747468,100.0,61.0,100.0,2.3622,257.0,2.62,700.0,148.0,1693.15,0.22,159.0,2.33,1.0,3.0,3.0,0.5,0.5,20.7,232.0,58.0,490.15,0.36,41.6,7.38,50.0,20.0,20.0,109.0,36.0,36.0,2072.0,0.23,360.0,3890.0,1.0,3266.396046,1,,8.091748630455175,0.0,50.0,,,,0.1,142.9571394557824,0.0006990213818156743,0.9993009716279706,-17.38,0.6999999999999993,18.08,-8320.592998053487,2.2857138242766966,0.07071067186231006,0.033875338733602385,8.490365793239568e-05,47.794062736600715,380.1072958427876,167.08683576414904
0.8,11.3137085,4.949747468,125.0,44.8,100.0,2.3622,257.0,2.62,700.0,148.0,1693.15,0.22,159.0,2.33,1.0,3.0,3.0,0.5,0.5,20.7,232.0,58.0,490.15,0.36,41.6,7.38,50.0,20.0,20.0,109.0,36.0,36.0,2072.0,0.23,360.0,3890.0,1.0,2587.272245,0,40.0,7.858745845219547,-25.0,37.5,40.0,1.4999999625000011,1.1199999720000007,112.09999720000006,187.62499531250012,0.3740095074698029,0.6259904891938053,-17.38,0.6999999999999993,18.08,-10400.741247566859,2.2857138242766966,0.07071067186231006,0.033875338733602385,8.490365793239568e-05,47.794062736600715,380.1072958427876,167.08683576414904
0.8,11.3137085,4.949747468,75.0,44.8,75.0,2.3622,257.0,2.62,700.0,148.0,1693.15,0.22,159.0,2.33,1.0,3.0,3.0,0.5,0.5,20.7,232.0,58.0,490.15,0.36,41.6,7.38,50.0,20.0,20.0,109.0,36.0,36.0,2072.0,0.23,360.0,3890.0,1.0,8885.527334,0,40.0,9.092291626096964,0.0,37.5,40.0,1.4999999625000011,1.1199999720000007,84.07499790000004,112.57499718750007,0.4275362297113425,0.5724637652034807,-17.38,0.6999999999999993,18.08,-6240.444748540115,2.2857138242766966,0.07071067186231006,0.033875338733602385,8.490365793239568e-05,47.794062736600715,380.1072958427876,167.08683576414904
0.8,11.3137085,4.949747468,60.0,16.0,60.0,2.3622,257.0,2.62,700.0,148.0,1693.15,0.22,159.0,2.33,1.0,3.0,3.0,0.5,0.5,20.7,232.0,58.0,490.15,0.36,41.6,7.38,50.0,20.0,20.0,109.0,36.0,36.0,2072.0,0.23,360.0,3890.0,1.0,22795.70777,0,40.0,10.034371408463787,0.0,30.0,40.0,1.4999999625000011,0.39999999000000025,24.059999400000017,90.05999775000006,0.2108307026817105,0.7891692885555835,-17.38,0.6999999999999993,18.08,-4992.355798832092,2.2857138242766966,0.07071067186231006,0.033875338733602385,8.490365793239568e-05,47.794062736600715,380.1072958427876,167.08683576414904
0.8,11.3137085,4.949747468,140.0,16.0,100.0,2.3622,257.0,2.62,700.0,148.0,1693.15,0.22,159.0,2.33,1.0,3.0,3.0,0.5,0.5,20.7,232.0,58.0,490.15,0.36,41.6,7.38,50.0,20.0,20.0,109.0,36.0,36.0,2072.0,0.23,360.0,3890.0,1.0,2925.046313,0,40.0,7.981407409547766,-40.0,30.0,40.0,1.4999999625000011,0.39999999000000025,40.099999000000025,210.13999475000014,0.16024616304864273,0.8397538329551936,-17.38,0.6999999999999993,18.08,-11648.830197274881,2.2857138242766966,0.07071067186231006,0.033875338733602385,8.490365793239568e-05,47.794062736600715,380.1072958427876,167.08683576414904
0.8,11.3137085,4.949747468,150.0,25.0,125.0,2.3622,257.0,2.62,700.0,148.0,1693.15,0.22,159.0,2.33,1.0,3.0,3.0,0.5,0.5,20.7,232.0,58.0,490.15,0.36,41.6,7.38,50.0,20.0,20.0,109.0,36.0,36.0,2072.0,0.23,360.0,3890.0,1.0,1506.776464,0,40.0,7.318391304158491,-25.0,50.0,40.0,1.4999999625000011,0.6249999843750005,78.24999804687506,225.14999437500015,0.2579103485281527,0.7420896481758684,-17.38,0.6999999999999993,18.08,-12480.88949708023,2.2857138242766966,0.07071067186231006,0.033875338733602385,8.490365793239568e-05,47.794062736600715,380.1072958427876,167.08683576414904
0.8,11.3137085,4.949747468,100.0,15.0,60.0,2.3622,257.0,2.62,700.0,148.0,1693.15,0.22,159.0,2.33,1.0,3.0,3.0,0.5,0.5,20.7,232.0,58.0,490.15,0.36,41.6,7.38,50.0,20.0,20.0,109.0,36.0,36.0,2072.0,0.23,360.0,3890.0,1.0,11197.09049,0,30.0,9.323498550783492,-40.0,10.0,30.0,1.9999999333333356,0.4999999833333339,30.05999900000003,200.09999333333357,0.1306047961014018,0.8693951995537945,-17.38,0.6999999999999993,18.08,-8320.592998053487,2.2857138242766966,0.07071067186231006,0.033875338733602385,8.490365793239568e-05,47.794062736600715,380.1072958427876,167.08683576414904
0.8,11.3137085,4.949747468,165.0,30.0,125.0,2.3622,257.0,2.62,700.0,148.0,1693.15,0.22,159.0,2.33,1.0,3.0,3.0,0.5,0.5,20.7,232.0,58.0,490.15,0.36,41.6,7.38,50.0,20.0,20.0,109.0,36.0,36.0,2072.0,0.23,360.0,3890.0,1.0,912.8706638,0,60.0,6.817689055751997,-40.0,42.5,60.0,0.9999999833333336,0.4999999916666668,62.62499895833334,165.16499725000006,0.27492427115251,0.7250757244574816,-17.38,0.6999999999999993,18.08,-13728.978446788255,2.2857138242766966,0.07071067186231006,0.033875338733602385,8.490365793239568e-05,47.794062736600715,380.1072958427876,167.08683576414904
0.8,11.3137085,4.949747468,165.0,21.0,125.0,2.3622,257.0,2.62,700.0,148.0,1693.15,0.22,159.0,2.33,1.0,3.0,3.0,0.5,0.5,20.7,232.0,58.0,490.15,0.36,41.6,7.38,50.0,20.0,20.0,109.0,36.0,36.0,2072.0,0.23,360.0,3890.0,1.0,1007.379647,0,42.0,6.916100011651131,-40.0,42.5,42.0,1.428571394557824,0.49999998809523843,62.6249985119048,235.87928010204095,0.20979598213096787,0.7902040145189964,-17.38,0.6999999999999993,18.08,-13728.978446788255,2.2857138242766966,0.07071067186231006,0.033875338733602385,8.490365793239568e-05,47.794062736600715,380.1072958427876,167.08683576414904
0.8,11.3137085,4.949747468,165.0,120.0,125.0,2.3622,257.0,2.62,700.0,148.0,1693.15,0.22,159.0,2.33,1.0,3.0,3.0,0.5,0.5,20.7,232.0,58.0,490.15,0.36,41.6,7.38,50.0,20.0,20.0,109.0,36.0,36.0,2072.0,0.23,360.0,3890.0,1.0,622.4726598,0,240.0,6.43530491459973,-40.0,42.5,240.0,0.24999999895833333,0.49999999791666666,62.62499973958332,41.414999828125,0.6019319434627216,0.3980680469255907,-17.38,0.6999999999999993,18.08,-13728.978446788255,2.2857138242766966,0.07071067186231006,0.033875338733602385,8.490365793239568e-05,47.794062736600715,380.1072958427876,167.08683576414904
0.8,11.3137085,4.949747468,180.0,15.0,125.0,2.3622,257.0,2.62,700.0,148.0,1693.15,0.22,159.0,2.33,1.0,3.0,3.0,0.5,0.5,20.7,232.0,58.0,490.15,0.36,41.6,7.38,50.0,20.0,20.0,109.0,36.0,36.0,2072.0,0.23,360.0,3890.0,1.0,976.4377798,0,30.0,6.884934637455105,-55.0,35.0,30.0,1.9999999333333356,0.4999999833333339,62.62499791666673,360.17998800000044,0.1481179263597707,0.8518820712750726,-17.38,0.6999999999999993,18.08,-14977.067396496275,2.2857138242766966,0.07071067186231006,0.033875338733602385,8.490365793239568e-05,47.794062736600715,380.1072958427876,167.08683576414904
0.8,11.3137085,4.949747468,100.0,15.0,100.0,2.3622,257.0,2.62,700.0,148.0,1693.15,0.22,159.0,2.33,1.0,3.0,3.0,0.5,0.5,20.7,232.0,58.0,490.15,0.36,41.6,7.38,50.0,20.0,20.0,109.0,36.0,36.0,2072.0,0.23,360.0,3890.0,1.0,3512.542789,0,30.0,8.164380149012628,0.0,50.0,30.0,1.9999999333333356,0.4999999833333339,50.09999833333338,200.09999333333357,0.20023980736114538,0.7997601886420519,-17.38,0.6999999999999993,18.08,-8320.592998053487,2.2857138242766966,0.07071067186231006,0.033875338733602385,8.490365793239568e-05,47.794062736600715,380.1072958427876,167.08683576414904
0.8,11.3137085,4.949747468,100.0,38.65,100.0,2.3622,257.0,2.62,700.0,148.0,1693.15,0.22,159.0,2.33,1.0,3.0,3.0,0.5,0.5,20.7,232.0,58.0,490.15,0.36,41.6,7.38,50.0,20.0,20.0,109.0,36.0,36.0,2072.0,0.23,360.0,3890.0,1.0,2704.502192,0,30.0,7.903042827283903,0.0,50.0,30.0,1.9999999333333356,1.2883332903888902,128.933329038889,200.09999333333357,0.3918549273899281,0.608145069570866,-17.38,0.6999999999999993,18.08,-8320.592998053487,2.2857138242766966,0.07071067186231006,0.033875338733602385,8.490365793239568e-05,47.794062736600715,380.1072958427876,167.08683576414904
0.8,11.3137085,4.949747468,100.0,20.0,100.0,2.3622,257.0,2.62,700.0,148.0,1693.15,0.22,159.0,2.33,1.0,3.0,3.0,0.5,0.5,20.7,232.0,58.0,490.15,0.36,41.6,7.38,50.0,20.0,20.0,109.0,36.0,36.0,2072.0,0.23,360.0,3890.0,1.0,3244.244256,0,40.0,8.08494589780004,0.0,50.0,40.0,1.4999999625000011,0.49999998750000035,50.09999875000003,150.0999962500001,0.250249749005989,0.749750245999006,-17.38,0.6999999999999993,18.08,-8320.592998053487,2.2857138242766966,0.07071067186231006,0.033875338733602385,8.490365793239568e-05,47.794062736600715,380.1072958427876,167.08683576414904
0.8,11.3137085,4.949747468,100.0,47.3,100.0,2.3622,257.0,2.62,700.0,148.0,1693.15,0.22,159.0,2.33,1.0,3.0,3.0,0.5,0.5,20.7,232.0,58.0,490.15,0.36,41.6,7.38,50.0,20.0,20.0,109.0,36.0,36.0,2072.0,0.23,360.0,3890.0,1.0,2557.769369,0,40.0,7.847281706658622,0.0,50.0,40.0,1.4999999625000011,1.1824999704375008,118.34999704375007,150.0999962500001,0.44086421888408067,0.5591357773908309,-17.38,0.6999999999999993,18.08,-8320.592998053487,2.2857138242766966,0.07071067186231006,0.033875338733602385,8.490365793239568e-05,47.794062736600715,380.1072958427876,167.08683576414904
0.8,11.3137085,4.949747468,100.0,79.6,100.0,2.3622,257.0,2.62,700.0,148.0,1693.15,0.22,159.0,2.33,1.0,3.0,3.0,0.5,0.5,20.7,232.0,58.0,490.15,0.36,41.6,7.38,50.0,20.0,20.0,109.0,36.0,36.0,2072.0,0.23,360.0,3890.0,1.0,2215.265785,0,50.0,7.7035789797544805,0.0,50.0,50.0,1.1999999760000006,1.5919999681600006,159.29999681600003,120.09999760000005,0.5701503200771978,0.42984967634370413,-17.38,0.6999999999999993,18.08,-8320.592998053487,2.2857138242766966,0.07071067186231006,0.033875338733602385,8.490365793239568e-05,47.794062736600715,380.1072958427876,167.08683576414904
0.8,11.3137085,4.949747468,100.0,30.0,100.0,2.3622,257.0,2.62,700.0,148.0,1693.15,0.22,159.0,2.33,1.0,3.0,3.0,0.5,0.5,20.7,232.0,58.0,490.15,0.36,41.6,7.38,50.0,20.0,20.0,109.0,36.0,36.0,2072.0,0.23,360.0,3890.0,1.0,2900.52851,0,60.0,7.972992949534482,0.0,50.0,60.0,0.9999999833333336,0.4999999916666668,50.09999916666668,100.09999833333336,0.33355525743674797,0.6664447359054623,-17.38,0.6999999999999993,18.08,-8320.592998053487,2.2857138242766966,0.07071067186231006,0.033875338733602385,8.490365793239568e-05,47.794062736600715,380.1072958427876,167.08683576414904
0.8,11.3137085,4.949747468,100.0,40.0,100.0,2.3622,257.0,2.62,700.0,148.0,1693.15,0.22,159.0,2.33,1.0,3.0,3.0,0.5,0.5,20.7,232.0,58.0,490.15,0.36,41.6,7.38,50.0,20.0,20.0,109.0,36.0,36.0,2072.0,0.23,360.0,3890.0,1.0,2678.97746,0,80.0,7.893563663021773,0.0,50.0,80.0,0.7499999906250001,0.4999999937500001,50.099999375,75.09999906250002,0.40015974121477516,0.5998402507980043,-17.38,0.6999999999999993,18.08,-8320.592998053487,2.2857138242766966,0.07071067186231006,0.033875338733602385,8.490365793239568e-05,47.794062736600715,380.1072958427876,167.08683576414904
0.8,11.3137085,4.949747468,100.0,47.3,100.0,2.3622,257.0,2.62,700.0,148.0,1693.15,0.22,159.0,2.33,1.0,3.0,3.0,0.5,0.5,20.7,232.0,58.0,490.15,0.36,41.6,7.38,50.0,20.0,20.0,109.0,36.0,36.0,2072.0,0.23,360.0,3890.0,1.0,2557.769369,0,80.0,7.847281706658622,0.0,50.0,80.0,0.7499999906250001,0.591249992609375,59.22499926093751,75.09999906250002,0.44090824164704623,0.5590917509083233,-17.38,0.6999999999999993,18.08,-8320.592998053487,2.2857138242766966,0.07071067186231006,0.033875338733602385,8.490365793239568e-05,47.794062736600715,380.1072958427876,167.08683576414904
0.8,11.3137085,4.949747468,100.0,70.0,100.0,2.3622,257.0,2.62,700.0,148.0,1693.15,0.22,159.0,2.33,1.0,3.0,3.0,0.5,0.5,20.7,232.0,58.0,490.15,0.36,41.6,7.38,50.0,20.0,20.0,109.0,36.0,36.0,2072.0,0.23,360.0,3890.0,1.0,2295.31318,0,90.0,7.739060150576514,0.0,50.0,90.0,0.6666666592592594,0.7777777691358025,77.87777691358025,66.76666592592593,0.5384083539357478,0.46159163915074775,-17.38,0.6999999999999993,18.08,-8320.592998053487,2.2857138242766966,0.07071067186231006,0.033875338733602385,8.490365793239568e-05,47.794062736600715,380.1072958427876,167.08683576414904
0.8,11.3137085,4.949747468,100.0,70.0,100.0,2.3622,257.0,2.62,700.0,148.0,1693.15,0.22,159.0,2.33,1.0,3.0,3.0,0.5,0.5,20.7,232.0,58.0,490.15,0.36,41.6,7.38,50.0,20.0,20.0,109.0,36.0,36.0,2072.0,0.23,360.0,3890.0,1.0,2295.31318,0,100.0,7.739060150576514,0.0,50.0,100.0,0.599999994,0.699999993,70.09999930000001,60.0999994,0.5384024536215111,0.4615975386979974,-17.38,0.6999999999999993,18.08,-8320.592998053487,2.2857138242766966,0.07071067186231006,0.033875338733602385,8.490365793239568e-05,47.794062736600715,380.1072958427876,167.08683576414904
0.8,11.3137085,4.949747468,100.0,60.0,100.0,2.3622,257.0,2.62,700.0,148.0,1693.15,0.22,159.0,2.33,1.0,3.0,3.0,0.5,0.5,20.7,232.0,58.0,490.15,0.36,41.6,7.38,50.0,20.0,20.0,109.0,36.0,36.0,2072.0,0.23,360.0,3890.0,1.0,2395.149652,0,120.0,7.781618416383349,0.0,50.0,120.0,0.4999999958333334,0.4999999958333334,50.09999958333333,50.09999958333333,0.49999999500998005,0.49999999500998005,-17.38,0.6999999999999993,18.08,-8320.592998053487,2.2857138242766966,0.07071067186231006,0.033875338733602385,8.490365793239568e-05,47.794062736600715,380.1072958427876,167.08683576414904
0.8,11.3137085,4.949747468,100.0,70.0,100.0,2.3622,257.0,2.62,700.0,148.0,1693.15,0.22,159.0,2.33,1.0,3.0,3.0,0.5,0.5,20.7,232.0,58.0,490.15,0.36,41.6,7.38,50.0,20.0,20.0,109.0,36.0,36.0,2072.0,0.23,360.0,3890.0,1.0,2295.31318,0,140.0,7.739060150576514,0.0,50.0,140.0,0.4285714255102041,0.49999999642857146,50.09999964285714,42.95714255102041,0.5383788704804484,0.4616211187734663,-17.38,0.6999999999999993,18.08,-8320.592998053487,2.2857138242766966,0.07071067186231006,0.033875338733602385,8.490365793239568e-05,47.794062736600715,380.1072958427876,167.08683576414904
0.8,11.3137085,4.949747468,100.0,120.0,100.0,2.3622,257.0,2.62,700.0,148.0,1693.15,0.22,159.0,2.33,1.0,3.0,3.0,0.5,0.5,20.7,232.0,58.0,490.15,0.36,41.6,7.38,50.0,20.0,20.0,109.0,36.0,36.0,2072.0,0.23,360.0,3890.0,1.0,1977.826398,0,240.0,7.590259219672899,0.0,50.0,240.0,0.24999999895833333,0.49999999791666666,50.09999979166666,25.09999989583333,0.6662233953941235,0.33377659130800436,-17.38,0.6999999999999993,18.08,-8320.592998053487,2.2857138242766966,0.07071067186231006,0.033875338733602385,8.490365793239568e-05,47.794062736600715,380.1072958427876,167.08683576414904
0.8,11.3137085,4.949747468,100.0,310.0,100.0,2.3622,257.0,2.62,700.0,148.0,1693.15,0.22,159.0,2.33,1.0,3.0,3.0,0.5,0.5,20.7,232.0,58.0,490.15,0.36,41.6,7.38,50.0,20.0,20.0,109.0,36.0,36.0,2072.0,0.23,360.0,3890.0,1.0,1521.752169,0,720.0,7.32827461411223,0.0,50.0,720.0,0.08333333321759259,0.4305555549575617,43.15555549575617,8.433333321759259,0.8365280906103939,0.1634718900055876,-17.38,0.6999999999999993,18.08,-8320.592998053487,2.2857138242766966,0.07071067186231006,0.033875338733602385,8.490365793239568e-05,47.794062736600715,380.1072958427876,167.08683576414904
0.8,11.3137085,4.949747468,100.0,11.0,100.0,2.3622,257.0,2.62,700.0,148.0,1693.15,0.22,159.0,2.33,1.0,3.0,3.0,0.5,0.5,20.7,232.0,58.0,490.15,0.36,41.6,7.38,50.0,20.0,20.0,109.0,36.0,36.0,2072.0,0.23,360.0,3890.0,1.0,3826.708398,1,,8.250021573600245,0.0,50.0,,,,0.1,142.9571394557824,0.0006990213818156743,0.9993009716279706,-17.38,0.6999999999999993,18.08,-8320.592998053487,2.2857138242766966,0.07071067186231006,0.033875338733602385,8.490365793239568e-05,47.794062736600715,380.1072958427876,167.08683576414904
0.8,11.3137085,4.949747468,100.0,31.0,100.0,2.3622,257.0,2.62,700.0,148.0,1693.15,0.22,159.0,2.33,1.0,3.0,3.0,0.5,0.5,20.7,232.0,58.0,490.15,0.36,41.6,7.38,50.0,20.0,20.0,109.0,36.0,36.0,2072.0,0.23,360.0,3890.0,1.0,2874.378325,1,,7.963939535878422,0.0,50.0,,,,0.1,142.9571394557824,0.0006990213818156743,0.9993009716279706,-17.38,0.6999999999999993,18.08,-8320.592998053487,2.2857138242766966,0.07071067186231006,0.033875338733602385,8.490365793239568e-05,47.794062736600715,380.1072958427876,167.08683576414904
0.8,11.3137085,4.949747468,100.0,61.0,100.0,2.3622,257.0,2.62,700.0,148.0,1693.15,0.22,159.0,2.33,1.0,3.0,3.0,0.5,0.5,20.7,232.0,58.0,490.15,0.36,41.6,7.38,50.0,20.0,20.0,109.0,36.0,36.0,2072.0,0.23,360.0,3890.0,1.0,2384.239775,1,,7.777054932860373,0.0,50.0,,,,0.1,142.9571394557824,0.0006990213818156743,0.9993009716279706,-17.38,0.6999999999999993,18.08,-8320.592998053487,2.2857138242766966,0.07071067186231006,0.033875338733602385,8.490365793239568e-05,47.794062736600715,380.1072958427876,167.08683576414904
0.8,11.3137085,4.949747468,125.0,44.8,100.0,2.3622,257.0,2.62,700.0,148.0,1693.15,0.22,159.0,2.33,1.0,3.0,3.0,0.5,0.5,20.7,232.0,58.0,490.15,0.36,41.6,7.38,50.0,20.0,20.0,109.0,36.0,36.0,2072.0,0.23,360.0,3890.0,1.0,1888.527082,0,40.0,7.544081855579128,-25.0,37.5,40.0,1.4999999625000011,1.1199999720000007,112.09999720000006,187.62499531250012,0.3740095074698029,0.6259904891938053,-17.38,0.6999999999999993,18.08,-10400.741247566859,2.2857138242766966,0.07071067186231006,0.033875338733602385,8.490365793239568e-05,47.794062736600715,380.1072958427876,167.08683576414904
0.8,11.3137085,4.949747468,75.0,44.8,75.0,2.3622,257.0,2.62,700.0,148.0,1693.15,0.22,159.0,2.33,1.0,3.0,3.0,0.5,0.5,20.7,232.0,58.0,490.15,0.36,41.6,7.38,50.0,20.0,20.0,109.0,36.0,36.0,2072.0,0.23,360.0,3890.0,1.0,6485.811087,0,40.0,8.777526331006982,0.0,37.5,40.0,1.4999999625000011,1.1199999720000007,84.07499790000004,112.57499718750007,0.4275362297113425,0.5724637652034807,-17.38,0.6999999999999993,18.08,-6240.444748540115,2.2857138242766966,0.07071067186231006,0.033875338733602385,8.490365793239568e-05,47.794062736600715,380.1072958427876,167.08683576414904
0.8,11.3137085,4.949747468,60.0,16.0,60.0,2.3622,257.0,2.62,700.0,148.0,1693.15,0.22,159.0,2.33,1.0,3.0,3.0,0.5,0.5,20.7,232.0,58.0,490.15,0.36,41.6,7.38,50.0,20.0,20.0,109.0,36.0,36.0,2072.0,0.23,360.0,3890.0,1.0,16639.26615,0,40.0,9.719580708838633,0.0,30.0,40.0,1.4999999625000011,0.39999999000000025,24.059999400000017,90.05999775000006,0.2108307026817105,0.7891692885555835,-17.38,0.6999999999999993,18.08,-4992.355798832092,2.2857138242766966,0.07071067186231006,0.033875338733602385,8.490365793239568e-05,47.794062736600715,380.1072958427876,167.08683576414904
0.8,11.3137085,4.949747468,140.0,16.0,100.0,2.3622,257.0,2.62,700.0,148.0,1693.15,0.22,159.0,2.33,1.0,3.0,3.0,0.5,0.5,20.7,232.0,58.0,490.15,0.36,41.6,7.38,50.0,20.0,20.0,109.0,36.0,36.0,2072.0,0.23,360.0,3890.0,1.0,2135.078436,0,40.0,7.666726920379669,-40.0,30.0,40.0,1.4999999625000011,0.39999999000000025,40.099999000000025,210.13999475000014,0.16024616304864273,0.8397538329551936,-17.38,0.6999999999999993,18.08,-11648.830197274881,2.2857138242766966,0.07071067186231006,0.033875338733602385,8.490365793239568e-05,47.794062736600715,380.1072958427876,167.08683576414904
0.8,11.3137085,4.949747468,150.0,25.0,125.0,2.3622,257.0,2.62,700.0,148.0,1693.15,0.22,159.0,2.33,1.0,3.0,3.0,0.5,0.5,20.7,232.0,58.0,490.15,0.36,41.6,7.38,50.0,20.0,20.0,109.0,36.0,36.0,2072.0,0.23,360.0,3890.0,1.0,1099.841026,0,40.0,7.003829735743318,-25.0,50.0,40.0,1.4999999625000011,0.6249999843750005,78.24999804687506,225.14999437500015,0.2579103485281527,0.7420896481758684,-17.38,0.6999999999999993,18.08,-12480.88949708023,2.2857138242766966,0.07071067186231006,0.033875338733602385,8.490365793239568e-05,47.794062736600715,380.1072958427876,167.08683576414904
0.8,11.3137085,4.949747468,100.0,15.0,60.0,2.3622,257.0,2.62,700.0,148.0,1693.15,0.22,159.0,2.33,1.0,3.0,3.0,0.5,0.5,20.7,232.0,58.0,490.15,0.36,41.6,7.38,50.0,20.0,20.0,109.0,36.0,36.0,2072.0,0.23,360.0,3890.0,1.0,8173.089895,0,30.0,9.008724661739304,-40.0,10.0,30.0,1.9999999333333356,0.4999999833333339,30.05999900000003,200.09999333333357,0.1306047961014018,0.8693951995537945,-17.38,0.6999999999999993,18.08,-8320.592998053487,2.2857138242766966,0.07071067186231006,0.033875338733602385,8.490365793239568e-05,47.794062736600715,380.1072958427876,167.08683576414904
0.8,11.3137085,4.949747468,165.0,30.0,125.0,3.175,257.0,2.62,700.0,148.0,1693.15,0.22,159.0,2.33,1.0,3.0,3.0,0.5,0.5,20.7,232.0,58.0,490.15,0.36,41.6,7.38,50.0,20.0,20.0,109.0,36.0,36.0,2072.0,0.23,360.0,3890.0,1.0,338.2814039,0,60.0,5.826829863037991,-40.0,42.5,60.0,0.9999999833333336,0.4999999916666668,62.62499895833334,165.16499725000006,0.27492427115251,0.7250757244574816,-17.38,0.6999999999999993,18.08,-10215.46658232053,2.2857138242766966,0.07071067186231006,0.033875338733602385,8.490365793239568e-05,47.794062736600715,380.1072958427876,167.08683576414904
0.8,11.3137085,4.949747468,165.0,21.0,125.0,3.175,257.0,2.62,700.0,148.0,1693.15,0.22,159.0,2.33,1.0,3.0,3.0,0.5,0.5,20.7,232.0,58.0,490.15,0.36,41.6,7.38,50.0,20.0,20.0,109.0,36.0,36.0,2072.0,0.23,360.0,3890.0,1.0,373.3034862,0,42.0,5.925066928786325,-40.0,42.5,42.0,1.428571394557824,0.49999998809523843,62.6249985119048,235.87928010204095,0.20979598213096787,0.7902040145189964,-17.38,0.6999999999999993,18.08,-10215.46658232053,2.2857138242766966,0.07071067186231006,0.033875338733602385,8.490365793239568e-05,47.794062736600715,380.1072958427876,167.08683576414904
0.8,11.3137085,4.949747468,165.0,120.0,125.0,3.175,257.0,2.62,700.0,148.0,1693.15,0.22,159.0,2.33,1.0,3.0,3.0,0.5,0.5,20.7,232.0,58.0,490.15,0.36,41.6,7.38,50.0,20.0,20.0,109.0,36.0,36.0,2072.0,0.23,360.0,3890.0,1.0,230.6689585,0,240.0,5.445309449653505,-40.0,42.5,240.0,0.24999999895833333,0.49999999791666666,62.62499973958332,41.414999828125,0.6019319434627216,0.3980680469255907,-17.38,0.6999999999999993,18.08,-10215.46658232053,2.2857138242766966,0.07071067186231006,0.033875338733602385,8.490365793239568e-05,47.794062736600715,380.1072958427876,167.08683576414904
0.8,11.3137085,4.949747468,180.0,15.0,125.0,3.175,257.0,2.62,700.0,148.0,1693.15,0.22,159.0,2.33,1.0,3.0,3.0,0.5,0.5,20.7,232.0,58.0,490.15,0.36,41.6,7.38,50.0,20.0,20.0,109.0,36.0,36.0,2072.0,0.23,360.0,3890.0,1.0,361.8373951,0,30.0,5.89395478652353,-55.0,35.0,30.0,1.9999999333333356,0.4999999833333339,62.62499791666673,360.17998800000044,0.1481179263597707,0.8518820712750726,-17.38,0.6999999999999993,18.08,-11144.145362531486,2.2857138242766966,0.07071067186231006,0.033875338733602385,8.490365793239568e-05,47.794062736600715,380.1072958427876,167.08683576414904
0.8,11.3137085,4.949747468,100.0,15.0,100.0,3.175,257.0,2.62,700.0,148.0,1693.15,0.22,159.0,2.33,1.0,3.0,3.0,0.5,0.5,20.7,232.0,58.0,490.15,0.36,41.6,7.38,50.0,20.0,20.0,109.0,36.0,36.0,2072.0,0.23,360.0,3890.0,1.0,1301.638834,0,30.0,7.172147358350239,0.0,50.0,30.0,1.9999999333333356,0.4999999833333339,50.09999833333338,200.09999333333357,0.20023980736114538,0.7997601886420519,-17.38,0.6999999999999993,18.08,-6191.191868073049,2.2857138242766966,0.07071067186231006,0.033875338733602385,8.490365793239568e-05,47.794062736600715,380.1072958427876,167.08683576414904
0.8,11.3137085,4.949747468,100.0,38.65,100.0,3.175,257.0,2.62,700.0,148.0,1693.15,0.22,159.0,2.33,1.0,3.0,3.0,0.5,0.5,20.7,232.0,58.0,490.15,0.36,41.6,7.38,50.0,20.0,20.0,109.0,36.0,36.0,2072.0,0.23,360.0,3890.0,1.0,1002.204184,0,30.0,6.910954340523866,0.0,50.0,30.0,1.9999999333333356,1.2883332903888902,128.933329038889,200.09999333333357,0.3918549273899281,0.608145069570866,-17.38,0.6999999999999993,18.08,-6191.191868073049,2.2857138242766966,0.07071067186231006,0.033875338733602385,8.490365793239568e-05,47.794062736600715,380.1072958427876,167.08683576414904
0.8,11.3137085,4.949747468,100.0,20.0,100.0,3.175,257.0,2.62,700.0,148.0,1693.15,0.22,159.0,2.33,1.0,3.0,3.0,0.5,0.5,20.7,232.0,58.0,490.15,0.36,41.6,7.38,50.0,20.0,20.0,109.0,36.0,36.0,2072.0,0.23,360.0,3890.0,1.0,1202.215763,0,40.0,7.092753054007366,0.0,50.0,40.0,1.4999999625000011,0.49999998750000035,50.09999875000003,150.0999962500001,0.250249749005989,0.749750245999006,-17.38,0.6999999999999993,18.08,-6191.191868073049,2.2857138242766966,0.07071067186231006,0.033875338733602385,8.490365793239568e-05,47.794062736600715,380.1072958427876,167.08683576414904
0.8,11.3137085,4.949747468,100.0,47.3,100.0,3.175,257.0,2.62,700.0,148.0,1693.15,0.22,159.0,2.33,1.0,3.0,3.0,0.5,0.5,20.7,232.0,58.0,490.15,0.36,41.6,7.38,50.0,20.0,20.0,109.0,36.0,36.0,2072.0,0.23,360.0,3890.0,1.0,947.8295748,0,40.0,6.855229198499654,0.0,50.0,40.0,1.4999999625000011,1.1824999704375008,118.34999704375007,150.0999962500001,0.44086421888408067,0.5591357773908309,-17.38,0.6999999999999993,18.08,-6191.191868073049,2.2857138242766966,0.07071067186231006,0.033875338733602385,8.490365793239568e-05,47.794062736600715,380.1072958427876,167.08683576414904
0.8,11.3137085,4.949747468,100.0,79.6,100.0,3.175,257.0,2.62,700.0,148.0,1693.15,0.22,159.0,2.33,1.0,3.0,3.0,0.5,0.5,20.7,232.0,58.0,490.15,0.36,41.6,7.38,50.0,20.0,20.0,109.0,36.0,36.0,2072.0,0.23,360.0,3890.0,1.0,820.9084262,0,50.0,6.711628985200697,0.0,50.0,50.0,1.1999999760000006,1.5919999681600006,159.29999681600003,120.09999760000005,0.5701503200771978,0.42984967634370413,-17.38,0.6999999999999993,18.08,-6191.191868073049,2.2857138242766966,0.07071067186231006,0.033875338733602385,8.490365793239568e-05,47.794062736600715,380.1072958427876,167.08683576414904
0.8,11.3137085,4.949747468,100.0,30.0,100.0,3.175,257.0,2.62,700.0,148.0,1693.15,0.22,159.0,2.33,1.0,3.0,3.0,0.5,0.5,20.7,232.0,58.0,490.15,0.36,41.6,7.38,50.0,20.0,20.0,109.0,36.0,36.0,2072.0,0.23,360.0,3890.0,1.0,1074.845425,0,60.0,6.980862073338868,0.0,50.0,60.0,0.9999999833333336,0.4999999916666668,50.09999916666668,100.09999833333336,0.33355525743674797,0.6664447359054623,-17.38,0.6999999999999993,18.08,-6191.191868073049,2.2857138242766966,0.07071067186231006,0.033875338733602385,8.490365793239568e-05,47.794062736600715,380.1072958427876,167.08683576414904
0.8,11.3137085,4.949747468,100.0,40.0,100.0,3.175,257.0,2.62,700.0,148.0,1693.15,0.22,159.0,2.33,1.0,3.0,3.0,0.5,0.5,20.7,232.0,58.0,490.15,0.36,41.6,7.38,50.0,20.0,20.0,109.0,36.0,36.0,2072.0,0.23,360.0,3890.0,1.0,992.7455138,0,80.0,6.9014811515432575,0.0,50.0,80.0,0.7499999906250001,0.4999999937500001,50.099999375,75.09999906250002,0.40015974121477516,0.5998402507980043,-17.38,0.6999999999999993,18.08,-6191.191868073049,2.2857138242766966,0.07071067186231006,0.033875338733602385,8.490365793239568e-05,47.794062736600715,380.1072958427876,167.08683576414904
0.8,11.3137085,4.949747468,100.0,47.3,100.0,3.175,257.0,2.62,700.0,148.0,1693.15,0.22,159.0,2.33,1.0,3.0,3.0,0.5,0.5,20.7,232.0,58.0,490.15,0.36,41.6,7.38,50.0,20.0,20.0,109.0,36.0,36.0,2072.0,0.23,360.0,3890.0,1.0,947.8295748,0,80.0,6.855229198499654,0.0,50.0,80.0,0.7499999906250001,0.591249992609375,59.22499926093751,75.09999906250002,0.44090824164704623,0.5590917509083233,-17.38,0.6999999999999993,18.08,-6191.191868073049,2.2857138242766966,0.07071067186231006,0.033875338733602385,8.490365793239568e-05,47.794062736600715,380.1072958427876,167.08683576414904
0.8,11.3137085,4.949747468,100.0,70.0,100.0,3.175,257.0,2.62,700.0,148.0,1693.15,0.22,159.0,2.33,1.0,3.0,3.0,0.5,0.5,20.7,232.0,58.0,490.15,0.36,41.6,7.38,50.0,20.0,20.0,109.0,36.0,36.0,2072.0,0.23,360.0,3890.0,1.0,850.5714949,0,90.0,6.747083460054226,0.0,50.0,90.0,0.6666666592592594,0.7777777691358025,77.87777691358025,66.76666592592593,0.5384083539357478,0.46159163915074775,-17.38,0.6999999999999993,18.08,-6191.191868073049,2.2857138242766966,0.07071067186231006,0.033875338733602385,8.490365793239568e-05,47.794062736600715,380.1072958427876,167.08683576414904
0.8,11.3137085,4.949747468,100.0,70.0,100.0,3.175,257.0,2.62,700.0,148.0,1693.15,0.22,159.0,2.33,1.0,3.0,3.0,0.5,0.5,20.7,232.0,58.0,490.15,0.36,41.6,7.38,50.0,20.0,20.0,109.0,36.0,36.0,2072.0,0.23,360.0,3890.0,1.0,850.5714949,0,100.0,6.747083460054226,0.0,50.0,100.0,0.599999994,0.699999993,70.09999930000001,60.0999994,0.5384024536215111,0.4615975386979974,-17.38,0.6999999999999993,18.08,-6191.191868073049,2.2857138242766966,0.07071067186231006,0.033875338733602385,8.490365793239568e-05,47.794062736600715,380.1072958427876,167.08683576414904
0.8,11.3137085,4.949747468,100.0,60.0,100.0,3.175,257.0,2.62,700.0,148.0,1693.15,0.22,159.0,2.33,1.0,3.0,3.0,0.5,0.5,20.7,232.0,58.0,490.15,0.36,41.6,7.38,50.0,20.0,20.0,109.0,36.0,36.0,2072.0,0.23,360.0,3890.0,1.0,887.5677782,0,120.0,6.789610928534425,0.0,50.0,120.0,0.4999999958333334,0.4999999958333334,50.09999958333333,50.09999958333333,0.49999999500998005,0.49999999500998005,-17.38,0.6999999999999993,18.08,-6191.191868073049,2.2857138242766966,0.07071067186231006,0.033875338733602385,8.490365793239568e-05,47.794062736600715,380.1072958427876,167.08683576414904
0.8,11.3137085,4.949747468,100.0,70.0,100.0,3.175,257.0,2.62,700.0,148.0,1693.15,0.22,159.0,2.33,1.0,3.0,3.0,0.5,0.5,20.7,232.0,58.0,490.15,0.36,41.6,7.38,50.0,20.0,20.0,109.0,36.0,36.0,2072.0,0.23,360.0,3890.0,1.0,850.5714949,0,140.0,6.747083460054226,0.0,50.0,140.0,0.4285714255102041,0.49999999642857146,50.09999964285714,42.95714255102041,0.5383788704804484,0.4616211187734663,-17.38,0.6999999999999993,18.08,-6191.191868073049,2.2857138242766966,0.07071067186231006,0.033875338733602385,8.490365793239568e-05,47.794062736600715,380.1072958427876,167.08683576414904
0.8,11.3137085,4.949747468,100.0,120.0,100.0,3.175,257.0,2.62,700.0,148.0,1693.15,0.22,159.0,2.33,1.0,3.0,3.0,0.5,0.5,20.7,232.0,58.0,490.15,0.36,41.6,7.38,50.0,20.0,20.0,109.0,36.0,36.0,2072.0,0.23,360.0,3890.0,1.0,732.9207927,0,240.0,6.5984011109387515,0.0,50.0,240.0,0.24999999895833333,0.49999999791666666,50.09999979166666,25.09999989583333,0.6662233953941235,0.33377659130800436,-17.38,0.6999999999999993,18.08,-6191.191868073049,2.2857138242766966,0.07071067186231006,0.033875338733602385,8.490365793239568e-05,47.794062736600715,380.1072958427876,167.08683576414904
0.8,11.3137085,4.949747468,100.0,310.0,100.0,3.175,257.0,2.62,700.0,148.0,1693.15,0.22,159.0,2.33,1.0,3.0,3.0,0.5,0.5,20.7,232.0,58.0,490.15,0.36,41.6,7.38,50.0,20.0,20.0,109.0,36.0,36.0,2072.0,0.23,360.0,3890.0,1.0,563.9139042,0,720.0,6.33667333758823,0.0,50.0,720.0,0.08333333321759259,0.4305555549575617,43.15555549575617,8.433333321759259,0.8365280906103939,0.1634718900055876,-17.38,0.6999999999999993,18.08,-6191.191868073049,2.2857138242766966,0.07071067186231006,0.033875338733602385,8.490365793239568e-05,47.794062736600715,380.1072958427876,167.08683576414904
0.8,11.3137085,4.949747468,100.0,11.0,100.0,3.175,257.0,2.62,700.0,148.0,1693.15,0.22,159.0,2.33,1.0,3.0,3.0,0.5,0.5,20.7,232.0,58.0,490.15,0.36,41.6,7.38,50.0,20.0,20.0,109.0,36.0,36.0,2072.0,0.23,360.0,3890.0,1.0,1418.058813,1,,7.257749123094665,0.0,50.0,,,,0.1,142.9571394557824,0.0006990213818156743,0.9993009716279706,-17.38,0.6999999999999993,18.08,-6191.191868073049,2.2857138242766966,0.07071067186231006,0.033875338733602385,8.490365793239568e-05,47.794062736600715,380.1072958427876,167.08683576414904
0.8,11.3137085,4.949747468,100.0,31.0,100.0,3.175,257.0,2.62,700.0,148.0,1693.15,0.22,159.0,2.33,1.0,3.0,3.0,0.5,0.5,20.7,232.0,58.0,490.15,0.36,41.6,7.38,50.0,20.0,20.0,109.0,36.0,36.0,2072.0,0.23,360.0,3890.0,1.0,1065.154982,1,,6.971813980649755,0.0,50.0,,,,0.1,142.9571394557824,0.0006990213818156743,0.9993009716279706,-17.38,0.6999999999999993,18.08,-6191.191868073049,2.2857138242766966,0.07071067186231006,0.033875338733602385,8.490365793239568e-05,47.794062736600715,380.1072958427876,167.08683576414904
0.8,11.3137085,4.949747468,100.0,61.0,100.0,3.175,257.0,2.62,700.0,148.0,1693.15,0.22,159.0,2.33,1.0,3.0,3.0,0.5,0.5,20.7,232.0,58.0,490.15,0.36,41.6,7.38,50.0,20.0,20.0,109.0,36.0,36.0,2072.0,0.23,360.0,3890.0,1.0,883.5249179,1,,6.785050684938468,0.0,50.0,,,,0.1,142.9571394557824,0.0006990213818156743,0.9993009716279706,-17.38,0.6999999999999993,18.08,-6191.191868073049,2.2857138242766966,0.07071067186231006,0.033875338733602385,8.490365793239568e-05,47.794062736600715,380.1072958427876,167.08683576414904
0.8,11.3137085,4.949747468,125.0,44.8,100.0,3.175,257.0,2.62,700.0,148.0,1693.15,0.22,159.0,2.33,1.0,3.0,3.0,0.5,0.5,20.7,232.0,58.0,490.15,0.36,41.6,7.38,50.0,20.0,20.0,109.0,36.0,36.0,2072.0,0.23,360.0,3890.0,1.0,699.8292508,0,40.0,6.552264277906378,-25.0,37.5,40.0,1.4999999625000011,1.1199999720000007,112.09999720000006,187.62499531250012,0.3740095074698029,0.6259904891938053,-17.38,0.6999999999999993,18.08,-7738.98983509131,2.2857138242766966,0.07071067186231006,0.033875338733602385,8.490365793239568e-05,47.794062736600715,380.1072958427876,167.08683576414904
0.8,11.3137085,4.949747468,75.0,44.8,75.0,3.175,257.0,2.62,700.0,148.0,1693.15,0.22,159.0,2.33,1.0,3.0,3.0,0.5,0.5,20.7,232.0,58.0,490.15,0.36,41.6,7.38,50.0,20.0,20.0,109.0,36.0,36.0,2072.0,0.23,360.0,3890.0,1.0,2403.439356,0,40.0,7.785072039355785,0.0,37.5,40.0,1.4999999625000011,1.1199999720000007,84.07499790000004,112.57499718750007,0.4275362297113425,0.5724637652034807,-17.38,0.6999999999999993,18.08,-4643.3939010547865,2.2857138242766966,0.07071067186231006,0.033875338733602385,8.490365793239568e-05,47.794062736600715,380.1072958427876,167.08683576414904
0.8,11.3137085,4.949747468,60.0,16.0,60.0,3.175,257.0,2.62,700.0,148.0,1693.15,0.22,159.0,2.33,1.0,3.0,3.0,0.5,0.5,20.7,232.0,58.0,490.15,0.36,41.6,7.38,50.0,20.0,20.0,109.0,36.0,36.0,2072.0,0.23,360.0,3890.0,1.0,6165.993209,0,40.0,8.726966673807166,0.0,30.0,40.0,1.4999999625000011,0.39999999000000025,24.059999400000017,90.05999775000006,0.2108307026817105,0.7891692885555835,-17.38,0.6999999999999993,18.08,-3714.715120843829,2.2857138242766966,0.07071067186231006,0.033875338733602385,8.490365793239568e-05,47.794062736600715,380.1072958427876,167.08683576414904
0.8,11.3137085,4.949747468,140.0,16.0,100.0,3.175,257.0,2.62,700.0,148.0,1693.15,0.22,159.0,2.33,1.0,3.0,3.0,0.5,0.5,20.7,232.0,58.0,490.15,0.36,41.6,7.38,50.0,20.0,20.0,109.0,36.0,36.0,2072.0,0.23,360.0,3890.0,1.0,791.1934949,0,40.0,6.6748056737175965,-40.0,30.0,40.0,1.4999999625000011,0.39999999000000025,40.099999000000025,210.13999475000014,0.16024616304864273,0.8397538329551936,-17.38,0.6999999999999993,18.08,-8667.668615302267,2.2857138242766966,0.07071067186231006,0.033875338733602385,8.490365793239568e-05,47.794062736600715,380.1072958427876,167.08683576414904
0.8,11.3137085,4.949747468,150.0,25.0,125.0,3.175,257.0,2.62,700.0,148.0,1693.15,0.22,159.0,2.33,1.0,3.0,3.0,0.5,0.5,20.7,232.0,58.0,490.15,0.36,41.6,7.38,50.0,20.0,20.0,109.0,36.0,36.0,2072.0,0.23,360.0,3890.0,1.0,407.5667902,0,40.0,6.0126554020368,-25.0,50.0,40.0,1.4999999625000011,0.6249999843750005,78.24999804687506,225.14999437500015,0.2579103485281527,0.7420896481758684,-17.38,0.6999999999999993,18.08,-9286.787802109573,2.2857138242766966,0.07071067186231006,0.033875338733602385,8.490365793239568e-05,47.794062736600715,380.1072958427876,167.08683576414904
0.8,11.3137085,4.949747468,100.0,15.0,60.0,3.175,257.0,2.62,700.0,148.0,1693.15,0.22,159.0,2.33,1.0,3.0,3.0,0.5,0.5,20.7,232.0,58.0,490.15,0.36,41.6,7.38,50.0,20.0,20.0,109.0,36.0,36.0,2072.0,0.23,360.0,3890.0,1.0,3028.692271,0,30.0,8.016216332619702,-40.0,10.0,30.0,1.9999999333333356,0.4999999833333339,30.05999900000003,200.09999333333357,0.1306047961014018,0.8693951995537945,-17.38,0.6999999999999993,18.08,-6191.191868073049,2.2857138242766966,0.07071067186231006,0.033875338733602385,8.490365793239568e-05,47.794062736600715,380.1072958427876,167.08683576414904
0.8,11.3137085,4.949747468,165.0,30.0,125.0,3.175,257.0,2.62,700.0,148.0,1693.15,0.22,159.0,2.33,1.0,3.0,3.0,0.5,0.5,20.7,232.0,58.0,490.15,0.36,41.6,7.38,50.0,20.0,20.0,109.0,36.0,36.0,2072.0,0.23,360.0,3890.0,1.0,567.7509075,0,60.0,6.3434425658682825,-40.0,42.5,60.0,0.9999999833333336,0.4999999916666668,62.62499895833334,165.16499725000006,0.27492427115251,0.7250757244574816,-17.38,0.6999999999999993,18.08,-10215.46658232053,2.2857138242766966,0.07071067186231006,0.033875338733602385,8.490365793239568e-05,47.794062736600715,380.1072958427876,167.08683576414904
0.8,11.3137085,4.949747468,165.0,21.0,125.0,3.175,257.0,2.62,700.0,148.0,1693.15,0.22,159.0,2.33,1.0,3.0,3.0,0.5,0.5,20.7,232.0,58.0,490.15,0.36,41.6,7.38,50.0,20.0,20.0,109.0,36.0,36.0,2072.0,0.23,360.0,3890.0,1.0,626.5298375,0,42.0,6.441791219676279,-40.0,42.5,42.0,1.428571394557824,0.49999998809523843,62.6249985119048,235.87928010204095,0.20979598213096787,0.7902040145189964,-17.38,0.6999999999999993,18.08,-10215.46658232053,2.2857138242766966,0.07071067186231006,0.033875338733602385,8.490365793239568e-05,47.794062736600715,380.1072958427876,167.08683576414904
0.8,11.3137085,4.949747468,165.0,120.0,125.0,3.175,257.0,2.62,700.0,148.0,1693.15,0.22,159.0,2.33,1.0,3.0,3.0,0.5,0.5,20.7,232.0,58.0,490.15,0.36,41.6,7.38,50.0,20.0,20.0,109.0,36.0,36.0,2072.0,0.23,360.0,3890.0,1.0,387.1407325,0,240.0,5.961367986487816,-40.0,42.5,240.0,0.24999999895833333,0.49999999791666666,62.62499973958332,41.414999828125,0.6019319434627216,0.3980680469255907,-17.38,0.6999999999999993,18.08,-10215.46658232053,2.2857138242766966,0.07071067186231006,0.033875338733602385,8.490365793239568e-05,47.794062736600715,380.1072958427876,167.08683576414904
0.8,11.3137085,4.949747468,180.0,15.0,125.0,3.175,257.0,2.62,700.0,148.0,1693.15,0.22,159.0,2.33,1.0,3.0,3.0,0.5,0.5,20.7,232.0,58.0,490.15,0.36,41.6,7.38,50.0,20.0,20.0,109.0,36.0,36.0,2072.0,0.23,360.0,3890.0,1.0,607.2858484,0,30.0,6.410644916877185,-55.0,35.0,30.0,1.9999999333333356,0.4999999833333339,62.62499791666673,360.17998800000044,0.1481179263597707,0.8518820712750726,-17.38,0.6999999999999993,18.08,-11144.145362531486,2.2857138242766966,0.07071067186231006,0.033875338733602385,8.490365793239568e-05,47.794062736600715,380.1072958427876,167.08683576414904
0.8,11.3137085,4.949747468,100.0,15.0,100.0,3.175,257.0,2.62,700.0,148.0,1693.15,0.22,159.0,2.33,1.0,3.0,3.0,0.5,0.5,20.7,232.0,58.0,490.15,0.36,41.6,7.38,50.0,20.0,20.0,109.0,36.0,36.0,2072.0,0.23,360.0,3890.0,1.0,2184.59135,0,30.0,7.6896417116453595,0.0,50.0,30.0,1.9999999333333356,0.4999999833333339,50.09999833333338,200.09999333333357,0.20023980736114538,0.7997601886420519,-17.38,0.6999999999999993,18.08,-6191.191868073049,2.2857138242766966,0.07071067186231006,0.033875338733602385,8.490365793239568e-05,47.794062736600715,380.1072958427876,167.08683576414904
0.8,11.3137085,4.949747468,100.0,38.65,100.0,3.175,257.0,2.62,700.0,148.0,1693.15,0.22,159.0,2.33,1.0,3.0,3.0,0.5,0.5,20.7,232.0,58.0,490.15,0.36,41.6,7.38,50.0,20.0,20.0,109.0,36.0,36.0,2072.0,0.23,360.0,3890.0,1.0,1682.038469,0,30.0,7.428356051327084,0.0,50.0,30.0,1.9999999333333356,1.2883332903888902,128.933329038889,200.09999333333357,0.3918549273899281,0.608145069570866,-17.38,0.6999999999999993,18.08,-6191.191868073049,2.2857138242766966,0.07071067186231006,0.033875338733602385,8.490365793239568e-05,47.794062736600715,380.1072958427876,167.08683576414904
0.8,11.3137085,4.949747468,100.0,20.0,100.0,3.175,257.0,2.62,700.0,148.0,1693.15,0.22,159.0,2.33,1.0,3.0,3.0,0.5,0.5,20.7,232.0,58.0,490.15,0.36,41.6,7.38,50.0,20.0,20.0,109.0,36.0,36.0,2072.0,0.23,360.0,3890.0,1.0,2017.725723,0,40.0,7.610221761140142,0.0,50.0,40.0,1.4999999625000011,0.49999998750000035,50.09999875000003,150.0999962500001,0.250249749005989,0.749750245999006,-17.38,0.6999999999999993,18.08,-6191.191868073049,2.2857138242766966,0.07071067186231006,0.033875338733602385,8.490365793239568e-05,47.794062736600715,380.1072958427876,167.08683576414904
0.8,11.3137085,4.949747468,100.0,47.3,100.0,3.175,257.0,2.62,700.0,148.0,1693.15,0.22,159.0,2.33,1.0,3.0,3.0,0.5,0.5,20.7,232.0,58.0,490.15,0.36,41.6,7.38,50.0,20.0,20.0,109.0,36.0,36.0,2072.0,0.23,360.0,3890.0,1.0,1590.779437,0,40.0,7.372607812208149,0.0,50.0,40.0,1.4999999625000011,1.1824999704375008,118.34999704375007,150.0999962500001,0.44086421888408067,0.5591357773908309,-17.38,0.6999999999999993,18.08,-6191.191868073049,2.2857138242766966,0.07071067186231006,0.033875338733602385,8.490365793239568e-05,47.794062736600715,380.1072958427876,167.08683576414904
0.8,11.3137085,4.949747468,100.0,79.6,100.0,3.175,257.0,2.62,700.0,148.0,1693.15,0.22,159.0,2.33,1.0,3.0,3.0,0.5,0.5,20.7,232.0,58.0,490.15,0.36,41.6,7.38,50.0,20.0,20.0,109.0,36.0,36.0,2072.0,0.23,360.0,3890.0,1.0,1377.76271,0,50.0,7.228941789020236,0.0,50.0,50.0,1.1999999760000006,1.5919999681600006,159.29999681600003,120.09999760000005,0.5701503200771978,0.42984967634370413,-17.38,0.6999999999999993,18.08,-6191.191868073049,2.2857138242766966,0.07071067186231006,0.033875338733602385,8.490365793239568e-05,47.794062736600715,380.1072958427876,167.08683576414904
0.8,11.3137085,4.949747468,100.0,30.0,100.0,3.175,257.0,2.62,700.0,148.0,1693.15,0.22,159.0,2.33,1.0,3.0,3.0,0.5,0.5,20.7,232.0,58.0,490.15,0.36,41.6,7.38,50.0,20.0,20.0,109.0,36.0,36.0,2072.0,0.23,360.0,3890.0,1.0,1803.955105,0,60.0,7.498290997881476,0.0,50.0,60.0,0.9999999833333336,0.4999999916666668,50.09999916666668,100.09999833333336,0.33355525743674797,0.6664447359054623,-17.38,0.6999999999999993,18.08,-6191.191868073049,2.2857138242766966,0.07071067186231006,0.033875338733602385,8.490365793239568e-05,47.794062736600715,380.1072958427876,167.08683576414904
0.8,11.3137085,4.949747468,100.0,40.0,100.0,3.175,257.0,2.62,700.0,148.0,1693.15,0.22,159.0,2.33,1.0,3.0,3.0,0.5,0.5,20.7,232.0,58.0,490.15,0.36,41.6,7.38,50.0,20.0,20.0,109.0,36.0,36.0,2072.0,0.23,360.0,3890.0,1.0,1666.163613,0,80.0,7.418879026104943,0.0,50.0,80.0,0.7499999906250001,0.4999999937500001,50.099999375,75.09999906250002,0.40015974121477516,0.5998402507980043,-17.38,0.6999999999999993,18.08,-6191.191868073049,2.2857138242766966,0.07071067186231006,0.033875338733602385,8.490365793239568e-05,47.794062736600715,380.1072958427876,167.08683576414904
0.8,11.3137085,4.949747468,100.0,47.3,100.0,3.175,257.0,2.62,700.0,148.0,1693.15,0.22,159.0,2.33,1.0,3.0,3.0,0.5,0.5,20.7,232.0,58.0,490.15,0.36,41.6,7.38,50.0,20.0,20.0,109.0,36.0,36.0,2072.0,0.23,360.0,3890.0,1.0,1590.779437,0,80.0,7.372607812208149,0.0,50.0,80.0,0.7499999906250001,0.591249992609375,59.22499926093751,75.09999906250002,0.44090824164704623,0.5590917509083233,-17.38,0.6999999999999993,18.08,-6191.191868073049,2.2857138242766966,0.07071067186231006,0.033875338733602385,8.490365793239568e-05,47.794062736600715,380.1072958427876,167.08683576414904
0.8,11.3137085,4.949747468,100.0,70.0,100.0,3.175,257.0,2.62,700.0,148.0,1693.15,0.22,159.0,2.33,1.0,3.0,3.0,0.5,0.5,20.7,232.0,58.0,490.15,0.36,41.6,7.38,50.0,20.0,20.0,109.0,36.0,36.0,2072.0,0.23,360.0,3890.0,1.0,1427.547398,0,90.0,7.264413401379388,0.0,50.0,90.0,0.6666666592592594,0.7777777691358025,77.87777691358025,66.76666592592593,0.5384083539357478,0.46159163915074775,-17.38,0.6999999999999993,18.08,-6191.191868073049,2.2857138242766966,0.07071067186231006,0.033875338733602385,8.490365793239568e-05,47.794062736600715,380.1072958427876,167.08683576414904
0.8,11.3137085,4.949747468,100.0,70.0,100.0,3.175,257.0,2.62,700.0,148.0,1693.15,0.22,159.0,2.33,1.0,3.0,3.0,0.5,0.5,20.7,232.0,58.0,490.15,0.36,41.6,7.38,50.0,20.0,20.0,109.0,36.0,36.0,2072.0,0.23,360.0,3890.0,1.0,1427.547398,0,100.0,7.264413401379388,0.0,50.0,100.0,0.599999994,0.699999993,70.09999930000001,60.0999994,0.5384024536215111,0.4615975386979974,-17.38,0.6999999999999993,18.08,-6191.191868073049,2.2857138242766966,0.07071067186231006,0.033875338733602385,8.490365793239568e-05,47.794062736600715,380.1072958427876,167.08683576414904
0.8,11.3137085,4.949747468,100.0,60.0,100.0,3.175,257.0,2.62,700.0,148.0,1693.15,0.22,159.0,2.33,1.0,3.0,3.0,0.5,0.5,20.7,232.0,58.0,490.15,0.36,41.6,7.38,50.0,20.0,20.0,109.0,36.0,36.0,2072.0,0.23,360.0,3890.0,1.0,1489.639707,0,120.0,7.306960640359271,0.0,50.0,120.0,0.4999999958333334,0.4999999958333334,50.09999958333333,50.09999958333333,0.49999999500998005,0.49999999500998005,-17.38,0.6999999999999993,18.08,-6191.191868073049,2.2857138242766966,0.07071067186231006,0.033875338733602385,8.490365793239568e-05,47.794062736600715,380.1072958427876,167.08683576414904
0.8,11.3137085,4.949747468,100.0,70.0,100.0,3.175,257.0,2.62,700.0,148.0,1693.15,0.22,159.0,2.33,1.0,3.0,3.0,0.5,0.5,20.7,232.0,58.0,490.15,0.36,41.6,7.38,50.0,20.0,20.0,109.0,36.0,36.0,2072.0,0.23,360.0,3890.0,1.0,1427.547398,0,140.0,7.264413401379388,0.0,50.0,140.0,0.4285714255102041,0.49999999642857146,50.09999964285714,42.95714255102041,0.5383788704804484,0.4616211187734663,-17.38,0.6999999999999993,18.08,-6191.191868073049,2.2857138242766966,0.07071067186231006,0.033875338733602385,8.490365793239568e-05,47.794062736600715,380.1072958427876,167.08683576414904
0.8,11.3137085,4.949747468,100.0,120.0,100.0,3.175,257.0,2.62,700.0,148.0,1693.15,0.22,159.0,2.33,1.0,3.0,3.0,0.5,0.5,20.7,232.0,58.0,490.15,0.36,41.6,7.38,50.0,20.0,20.0,109.0,36.0,36.0,2072.0,0.23,360.0,3890.0,1.0,1230.089624,0,240.0,7.1156549293831395,0.0,50.0,240.0,0.24999999895833333,0.49999999791666666,50.09999979166666,25.09999989583333,0.6662233953941235,0.33377659130800436,-17.38,0.6999999999999993,18.08,-6191.191868073049,2.2857138242766966,0.07071067186231006,0.033875338733602385,8.490365793239568e-05,47.794062736600715,380.1072958427876,167.08683576414904
0.8,11.3137085,4.949747468,100.0,310.0,100.0,3.175,257.0,2.62,700.0,148.0,1693.15,0.22,159.0,2.33,1.0,3.0,3.0,0.5,0.5,20.7,232.0,58.0,490.15,0.36,41.6,7.38,50.0,20.0,20.0,109.0,36.0,36.0,2072.0,0.23,360.0,3890.0,1.0,946.4387552,0,720.0,6.85376229655609,0.0,50.0,720.0,0.08333333321759259,0.4305555549575617,43.15555549575617,8.433333321759259,0.8365280906103939,0.1634718900055876,-17.38,0.6999999999999993,18.08,-6191.191868073049,2.2857138242766966,0.07071067186231006,0.033875338733602385,8.490365793239568e-05,47.794062736600715,380.1072958427876,167.08683576414904
0.8,11.3137085,4.949747468,100.0,11.0,100.0,3.175,257.0,2.62,700.0,148.0,1693.15,0.22,159.0,2.33,1.0,3.0,3.0,0.5,0.5,20.7,232.0,58.0,490.15,0.36,41.6,7.38,50.0,20.0,20.0,109.0,36.0,36.0,2072.0,0.23,360.0,3890.0,1.0,2379.983553,1,,7.775268938861157,0.0,50.0,,,,0.1,142.9571394557824,0.0006990213818156743,0.9993009716279706,-17.38,0.6999999999999993,18.08,-6191.191868073049,2.2857138242766966,0.07071067186231006,0.033875338733602385,8.490365793239568e-05,47.794062736600715,380.1072958427876,167.08683576414904
0.8,11.3137085,4.949747468,100.0,31.0,100.0,3.175,257.0,2.62,700.0,148.0,1693.15,0.22,159.0,2.33,1.0,3.0,3.0,0.5,0.5,20.7,232.0,58.0,490.15,0.36,41.6,7.38,50.0,20.0,20.0,109.0,36.0,36.0,2072.0,0.23,360.0,3890.0,1.0,1787.691255,1,,7.489239488961699,0.0,50.0,,,,0.1,142.9571394557824,0.0006990213818156743,0.9993009716279706,-17.38,0.6999999999999993,18.08,-6191.191868073049,2.2857138242766966,0.07071067186231006,0.033875338733602385,8.490365793239568e-05,47.794062736600715,380.1072958427876,167.08683576414904
0.8,11.3137085,4.949747468,100.0,61.0,100.0,3.175,257.0,2.62,700.0,148.0,1693.15,0.22,159.0,2.33,1.0,3.0,3.0,0.5,0.5,20.7,232.0,58.0,490.15,0.36,41.6,7.38,50.0,20.0,20.0,109.0,36.0,36.0,2072.0,0.23,360.0,3890.0,1.0,1482.854417,1,,7.3023983171630125,0.0,50.0,,,,0.1,142.9571394557824,0.0006990213818156743,0.9993009716279706,-17.38,0.6999999999999993,18.08,-6191.191868073049,2.2857138242766966,0.07071067186231006,0.033875338733602385,8.490365793239568e-05,47.794062736600715,380.1072958427876,167.08683576414904
0.8,11.3137085,4.949747468,125.0,44.8,100.0,3.175,257.0,2.62,700.0,148.0,1693.15,0.22,159.0,2.33,1.0,3.0,3.0,0.5,0.5,20.7,232.0,58.0,490.15,0.36,41.6,7.38,50.0,20.0,20.0,109.0,36.0,36.0,2072.0,0.23,360.0,3890.0,1.0,1174.550796,0,40.0,7.069492079296608,-25.0,37.5,40.0,1.4999999625000011,1.1199999720000007,112.09999720000006,187.62499531250012,0.3740095074698029,0.6259904891938053,-17.38,0.6999999999999993,18.08,-7738.98983509131,2.2857138242766966,0.07071067186231006,0.033875338733602385,8.490365793239568e-05,47.794062736600715,380.1072958427876,167.08683576414904
0.8,11.3137085,4.949747468,75.0,44.8,75.0,3.175,257.0,2.62,700.0,148.0,1693.15,0.22,159.0,2.33,1.0,3.0,3.0,0.5,0.5,20.7,232.0,58.0,490.15,0.36,41.6,7.38,50.0,20.0,20.0,109.0,36.0,36.0,2072.0,0.23,360.0,3890.0,1.0,4033.786248,0,40.0,8.302708604827494,0.0,37.5,40.0,1.4999999625000011,1.1199999720000007,84.07499790000004,112.57499718750007,0.4275362297113425,0.5724637652034807,-17.38,0.6999999999999993,18.08,-4643.3939010547865,2.2857138242766966,0.07071067186231006,0.033875338733602385,8.490365793239568e-05,47.794062736600715,380.1072958427876,167.08683576414904
0.8,11.3137085,4.949747468,60.0,16.0,60.0,3.175,257.0,2.62,700.0,148.0,1693.15,0.22,159.0,2.33,1.0,3.0,3.0,0.5,0.5,20.7,232.0,58.0,490.15,0.36,41.6,7.38,50.0,20.0,20.0,109.0,36.0,36.0,2072.0,0.23,360.0,3890.0,1.0,10348.6275,0,40.0,9.244705807707684,0.0,30.0,40.0,1.4999999625000011,0.39999999000000025,24.059999400000017,90.05999775000006,0.2108307026817105,0.7891692885555835,-17.38,0.6999999999999993,18.08,-3714.715120843829,2.2857138242766966,0.07071067186231006,0.033875338733602385,8.490365793239568e-05,47.794062736600715,380.1072958427876,167.08683576414904
0.8,11.3137085,4.949747468,140.0,16.0,100.0,3.175,257.0,2.62,700.0,148.0,1693.15,0.22,159.0,2.33,1.0,3.0,3.0,0.5,0.5,20.7,232.0,58.0,490.15,0.36,41.6,7.38,50.0,20.0,20.0,109.0,36.0,36.0,2072.0,0.23,360.0,3890.0,1.0,1327.890979,0,40.0,7.1921000229932535,-40.0,30.0,40.0,1.4999999625000011,0.39999999000000025,40.099999000000025,210.13999475000014,0.16024616304864273,0.8397538329551936,-17.38,0.6999999999999993,18.08,-8667.668615302267,2.2857138242766966,0.07071067186231006,0.033875338733602385,8.490365793239568e-05,47.794062736600715,380.1072958427876,167.08683576414904
0.8,11.3137085,4.949747468,150.0,25.0,125.0,3.175,257.0,2.62,700.0,148.0,1693.15,0.22,159.0,2.33,1.0,3.0,3.0,0.5,0.5,20.7,232.0,58.0,490.15,0.36,41.6,7.38,50.0,20.0,20.0,109.0,36.0,36.0,2072.0,0.23,360.0,3890.0,1.0,684.0352804,0,40.0,6.529470341169504,-25.0,50.0,40.0,1.4999999625000011,0.6249999843750005,78.24999804687506,225.14999437500015,0.2579103485281527,0.7420896481758684,-17.38,0.6999999999999993,18.08,-9286.787802109573,2.2857138242766966,0.07071067186231006,0.033875338733602385,8.490365793239568e-05,47.794062736600715,380.1072958427876,167.08683576414904
0.8,11.3137085,4.949747468,100.0,15.0,60.0,3.175,257.0,2.62,700.0,148.0,1693.15,0.22,159.0,2.33,1.0,3.0,3.0,0.5,0.5,20.7,232.0,58.0,490.15,0.36,41.6,7.38,50.0,20.0,20.0,109.0,36.0,36.0,2072.0,0.23,360.0,3890.0,1.0,5083.172665,0,30.0,8.53388759416379,-40.0,10.0,30.0,1.9999999333333356,0.4999999833333339,30.05999900000003,200.09999333333357,0.1306047961014018,0.8693951995537945,-17.38,0.6999999999999993,18.08,-6191.191868073049,2.2857138242766966,0.07071067186231006,0.033875338733602385,8.490365793239568e-05,47.794062736600715,380.1072958427876,167.08683576414904
0.8,11.3137085,4.949747468,165.0,30.0,125.0,3.175,257.0,2.62,700.0,148.0,1693.15,0.22,159.0,2.33,1.0,3.0,3.0,0.5,0.5,20.7,232.0,58.0,490.15,0.36,41.6,7.38,50.0,20.0,20.0,109.0,36.0,36.0,2072.0,0.23,360.0,3890.0,1.0,650.9721609,0,60.0,6.4800018630089316,-40.0,42.5,60.0,0.9999999833333336,0.4999999916666668,62.62499895833334,165.16499725000006,0.27492427115251,0.7250757244574816,-17.38,0.6999999999999993,18.08,-10215.46658232053,2.2857138242766966,0.07071067186231006,0.033875338733602385,8.490365793239568e-05,47.794062736600715,380.1072958427876,167.08683576414904
0.8,11.3137085,4.949747468,165.0,21.0,125.0,3.175,257.0,2.62,700.0,148.0,1693.15,0.22,159.0,2.33,1.0,3.0,3.0,0.5,0.5,20.7,232.0,58.0,490.15,0.36,41.6,7.38,50.0,20.0,20.0,109.0,36.0,36.0,2072.0,0.23,360.0,3890.0,1.0,718.3669402,0,42.0,6.578371575521115,-40.0,42.5,42.0,1.428571394557824,0.49999998809523843,62.6249985119048,235.87928010204095,0.20979598213096787,0.7902040145189964,-17.38,0.6999999999999993,18.08,-10215.46658232053,2.2857138242766966,0.07071067186231006,0.033875338733602385,8.490365793239568e-05,47.794062736600715,380.1072958427876,167.08683576414904
0.8,11.3137085,4.949747468,165.0,120.0,125.0,3.175,257.0,2.62,700.0,148.0,1693.15,0.22,159.0,2.33,1.0,3.0,3.0,0.5,0.5,20.7,232.0,58.0,490.15,0.36,41.6,7.38,50.0,20.0,20.0,109.0,36.0,36.0,2072.0,0.23,360.0,3890.0,1.0,443.888043,0,240.0,6.097822661748433,-40.0,42.5,240.0,0.24999999895833333,0.49999999791666666,62.62499973958332,41.414999828125,0.6019319434627216,0.3980680469255907,-17.38,0.6999999999999993,18.08,-10215.46658232053,2.2857138242766966,0.07071067186231006,0.033875338733602385,8.490365793239568e-05,47.794062736600715,380.1072958427876,167.08683576414904
0.8,11.3137085,4.949747468,180.0,15.0,125.0,3.175,257.0,2.62,700.0,148.0,1693.15,0.22,159.0,2.33,1.0,3.0,3.0,0.5,0.5,20.7,232.0,58.0,490.15,0.36,41.6,7.38,50.0,20.0,20.0,109.0,36.0,36.0,2072.0,0.23,360.0,3890.0,1.0,696.3021562,0,30.0,6.547218826435005,-55.0,35.0,30.0,1.9999999333333356,0.4999999833333339,62.62499791666673,360.17998800000044,0.1481179263597707,0.8518820712750726,-17.38,0.6999999999999993,18.08,-11144.145362531486,2.2857138242766966,0.07071067186231006,0.033875338733602385,8.490365793239568e-05,47.794062736600715,380.1072958427876,167.08683576414904
0.8,11.3137085,4.949747468,100.0,15.0,100.0,3.175,257.0,2.62,700.0,148.0,1693.15,0.22,159.0,2.33,1.0,3.0,3.0,0.5,0.5,20.7,232.0,58.0,490.15,0.36,41.6,7.38,50.0,20.0,20.0,109.0,36.0,36.0,2072.0,0.23,360.0,3890.0,1.0,2504.810003,0,30.0,7.8263673157421865,0.0,50.0,30.0,1.9999999333333356,0.4999999833333339,50.09999833333338,200.09999333333357,0.20023980736114538,0.7997601886420519,-17.38,0.6999999999999993,18.08,-6191.191868073049,2.2857138242766966,0.07071067186231006,0.033875338733602385,8.490365793239568e-05,47.794062736600715,380.1072958427876,167.08683576414904
0.8,11.3137085,4.949747468,100.0,38.65,100.0,3.175,257.0,2.62,700.0,148.0,1693.15,0.22,159.0,2.33,1.0,3.0,3.0,0.5,0.5,20.7,232.0,58.0,490.15,0.36,41.6,7.38,50.0,20.0,20.0,109.0,36.0,36.0,2072.0,0.23,360.0,3890.0,1.0,1928.592632,0,30.0,7.565064188117616,0.0,50.0,30.0,1.9999999333333356,1.2883332903888902,128.933329038889,200.09999333333357,0.3918549273899281,0.608145069570866,-17.38,0.6999999999999993,18.08,-6191.191868073049,2.2857138242766966,0.07071067186231006,0.033875338733602385,8.490365793239568e-05,47.794062736600715,380.1072958427876,167.08683576414904
0.8,11.3137085,4.949747468,100.0,20.0,100.0,3.175,257.0,2.62,700.0,148.0,1693.15,0.22,159.0,2.33,1.0,3.0,3.0,0.5,0.5,20.7,232.0,58.0,490.15,0.36,41.6,7.38,50.0,20.0,20.0,109.0,36.0,36.0,2072.0,0.23,360.0,3890.0,1.0,2313.485116,0,40.0,7.746942529688064,0.0,50.0,40.0,1.4999999625000011,0.49999998750000035,50.09999875000003,150.0999962500001,0.250249749005989,0.749750245999006,-17.38,0.6999999999999993,18.08,-6191.191868073049,2.2857138242766966,0.07071067186231006,0.033875338733602385,8.490365793239568e-05,47.794062736600715,380.1072958427876,167.08683576414904
0.8,11.3137085,4.949747468,100.0,47.3,100.0,3.175,257.0,2.62,700.0,148.0,1693.15,0.22,159.0,2.33,1.0,3.0,3.0,0.5,0.5,20.7,232.0,58.0,490.15,0.36,41.6,7.38,50.0,20.0,20.0,109.0,36.0,36.0,2072.0,0.23,360.0,3890.0,1.0,1823.956798,0,40.0,7.509311593407631,0.0,50.0,40.0,1.4999999625000011,1.1824999704375008,118.34999704375007,150.0999962500001,0.44086421888408067,0.5591357773908309,-17.38,0.6999999999999993,18.08,-6191.191868073049,2.2857138242766966,0.07071067186231006,0.033875338733602385,8.490365793239568e-05,47.794062736600715,380.1072958427876,167.08683576414904
0.8,11.3137085,4.949747468,100.0,79.6,100.0,3.175,257.0,2.62,700.0,148.0,1693.15,0.22,159.0,2.33,1.0,3.0,3.0,0.5,0.5,20.7,232.0,58.0,490.15,0.36,41.6,7.38,50.0,20.0,20.0,109.0,36.0,36.0,2072.0,0.23,360.0,3890.0,1.0,1579.715958,0,50.0,7.365633161359688,0.0,50.0,50.0,1.1999999760000006,1.5919999681600006,159.29999681600003,120.09999760000005,0.5701503200771978,0.42984967634370413,-17.38,0.6999999999999993,18.08,-6191.191868073049,2.2857138242766966,0.07071067186231006,0.033875338733602385,8.490365793239568e-05,47.794062736600715,380.1072958427876,167.08683576414904
0.8,11.3137085,4.949747468,100.0,30.0,100.0,3.175,257.0,2.62,700.0,148.0,1693.15,0.22,159.0,2.33,1.0,3.0,3.0,0.5,0.5,20.7,232.0,58.0,490.15,0.36,41.6,7.38,50.0,20.0,20.0,109.0,36.0,36.0,2072.0,0.23,360.0,3890.0,1.0,2068.379878,0,60.0,7.635004265532197,0.0,50.0,60.0,0.9999999833333336,0.4999999916666668,50.09999916666668,100.09999833333336,0.33355525743674797,0.6664447359054623,-17.38,0.6999999999999993,18.08,-6191.191868073049,2.2857138242766966,0.07071067186231006,0.033875338733602385,8.490365793239568e-05,47.794062736600715,380.1072958427876,167.08683576414904
0.8,11.3137085,4.949747468,100.0,40.0,100.0,3.175,257.0,2.62,700.0,148.0,1693.15,0.22,159.0,2.33,1.0,3.0,3.0,0.5,0.5,20.7,232.0,58.0,490.15,0.36,41.6,7.38,50.0,20.0,20.0,109.0,36.0,36.0,2072.0,0.23,360.0,3890.0,1.0,1910.390831,0,80.0,7.555586439813144,0.0,50.0,80.0,0.7499999906250001,0.4999999937500001,50.099999375,75.09999906250002,0.40015974121477516,0.5998402507980043,-17.38,0.6999999999999993,18.08,-6191.191868073049,2.2857138242766966,0.07071067186231006,0.033875338733602385,8.490365793239568e-05,47.794062736600715,380.1072958427876,167.08683576414904
0.8,11.3137085,4.949747468,100.0,47.3,100.0,3.175,257.0,2.62,700.0,148.0,1693.15,0.22,159.0,2.33,1.0,3.0,3.0,0.5,0.5,20.7,232.0,58.0,490.15,0.36,41.6,7.38,50.0,20.0,20.0,109.0,36.0,36.0,2072.0,0.23,360.0,3890.0,1.0,1823.956798,0,80.0,7.509311593407631,0.0,50.0,80.0,0.7499999906250001,0.591249992609375,59.22499926093751,75.09999906250002,0.44090824164704623,0.5590917509083233,-17.38,0.6999999999999993,18.08,-6191.191868073049,2.2857138242766966,0.07071067186231006,0.033875338733602385,8.490365793239568e-05,47.794062736600715,380.1072958427876,167.08683576414904
0.8,11.3137085,4.949747468,100.0,70.0,100.0,3.175,257.0,2.62,700.0,148.0,1693.15,0.22,159.0,2.33,1.0,3.0,3.0,0.5,0.5,20.7,232.0,58.0,490.15,0.36,41.6,7.38,50.0,20.0,20.0,109.0,36.0,36.0,2072.0,0.23,360.0,3890.0,1.0,1636.798114,0,90.0,7.401108005290669,0.0,50.0,90.0,0.6666666592592594,0.7777777691358025,77.87777691358025,66.76666592592593,0.5384083539357478,0.46159163915074775,-17.38,0.6999999999999993,18.08,-6191.191868073049,2.2857138242766966,0.07071067186231006,0.033875338733602385,8.490365793239568e-05,47.794062736600715,380.1072958427876,167.08683576414904
0.8,11.3137085,4.949747468,100.0,70.0,100.0,3.175,257.0,2.62,700.0,148.0,1693.15,0.22,159.0,2.33,1.0,3.0,3.0,0.5,0.5,20.7,232.0,58.0,490.15,0.36,41.6,7.38,50.0,20.0,20.0,109.0,36.0,36.0,2072.0,0.23,360.0,3890.0,1.0,1636.798114,0,100.0,7.401108005290669,0.0,50.0,100.0,0.599999994,0.699999993,70.09999930000001,60.0999994,0.5384024536215111,0.4615975386979974,-17.38,0.6999999999999993,18.08,-6191.191868073049,2.2857138242766966,0.07071067186231006,0.033875338733602385,8.490365793239568e-05,47.794062736600715,380.1072958427876,167.08683576414904
0.8,11.3137085,4.949747468,100.0,60.0,100.0,3.175,257.0,2.62,700.0,148.0,1693.15,0.22,159.0,2.33,1.0,3.0,3.0,0.5,0.5,20.7,232.0,58.0,490.15,0.36,41.6,7.38,50.0,20.0,20.0,109.0,36.0,36.0,2072.0,0.23,360.0,3890.0,1.0,1707.991949,0,120.0,7.443658972162423,0.0,50.0,120.0,0.4999999958333334,0.4999999958333334,50.09999958333333,50.09999958333333,0.49999999500998005,0.49999999500998005,-17.38,0.6999999999999993,18.08,-6191.191868073049,2.2857138242766966,0.07071067186231006,0.033875338733602385,8.490365793239568e-05,47.794062736600715,380.1072958427876,167.08683576414904
0.8,11.3137085,4.949747468,100.0,70.0,100.0,3.175,257.0,2.62,700.0,148.0,1693.15,0.22,159.0,2.33,1.0,3.0,3.0,0.5,0.5,20.7,232.0,58.0,490.15,0.36,41.6,7.38,50.0,20.0,20.0,109.0,36.0,36.0,2072.0,0.23,360.0,3890.0,1.0,1636.798114,0,140.0,7.401108005290669,0.0,50.0,140.0,0.4285714255102041,0.49999999642857146,50.09999964285714,42.95714255102041,0.5383788704804484,0.4616211187734663,-17.38,0.6999999999999993,18.08,-6191.191868073049,2.2857138242766966,0.07071067186231006,0.033875338733602385,8.490365793239568e-05,47.794062736600715,380.1072958427876,167.08683576414904
0.8,11.3137085,4.949747468,100.0,120.0,100.0,3.175,257.0,2.62,700.0,148.0,1693.15,0.22,159.0,2.33,1.0,3.0,3.0,0.5,0.5,20.7,232.0,58.0,490.15,0.36,41.6,7.38,50.0,20.0,20.0,109.0,36.0,36.0,2072.0,0.23,360.0,3890.0,1.0,1410.396867,0,240.0,7.252335178782489,0.0,50.0,240.0,0.24999999895833333,0.49999999791666666,50.09999979166666,25.09999989583333,0.6662233953941235,0.33377659130800436,-17.38,0.6999999999999993,18.08,-6191.191868073049,2.2857138242766966,0.07071067186231006,0.033875338733602385,8.490365793239568e-05,47.794062736600715,380.1072958427876,167.08683576414904
0.8,11.3137085,4.949747468,100.0,310.0,100.0,3.175,257.0,2.62,700.0,148.0,1693.15,0.22,159.0,2.33,1.0,3.0,3.0,0.5,0.5,20.7,232.0,58.0,490.15,0.36,41.6,7.38,50.0,20.0,20.0,109.0,36.0,36.0,2072.0,0.23,360.0,3890.0,1.0,1085.16829,0,720.0,6.990411451655917,0.0,50.0,720.0,0.08333333321759259,0.4305555549575617,43.15555549575617,8.433333321759259,0.8365280906103939,0.1634718900055876,-17.38,0.6999999999999993,18.08,-6191.191868073049,2.2857138242766966,0.07071067186231006,0.033875338733602385,8.490365793239568e-05,47.794062736600715,380.1072958427876,167.08683576414904
0.8,11.3137085,4.949747468,100.0,11.0,100.0,3.175,257.0,2.62,700.0,148.0,1693.15,0.22,159.0,2.33,1.0,3.0,3.0,0.5,0.5,20.7,232.0,58.0,490.15,0.36,41.6,7.38,50.0,20.0,20.0,109.0,36.0,36.0,2072.0,0.23,360.0,3890.0,1.0,2728.842907,1,,7.911999343299887,0.0,50.0,,,,0.1,142.9571394557824,0.0006990213818156743,0.9993009716279706,-17.38,0.6999999999999993,18.08,-6191.191868073049,2.2857138242766966,0.07071067186231006,0.033875338733602385,8.490365793239568e-05,47.794062736600715,380.1072958427876,167.08683576414904
0.8,11.3137085,4.949747468,100.0,31.0,100.0,3.175,257.0,2.62,700.0,148.0,1693.15,0.22,159.0,2.33,1.0,3.0,3.0,0.5,0.5,20.7,232.0,58.0,490.15,0.36,41.6,7.38,50.0,20.0,20.0,109.0,36.0,36.0,2072.0,0.23,360.0,3890.0,1.0,2049.732064,1,,7.6259521127761,0.0,50.0,,,,0.1,142.9571394557824,0.0006990213818156743,0.9993009716279706,-17.38,0.6999999999999993,18.08,-6191.191868073049,2.2857138242766966,0.07071067186231006,0.033875338733602385,8.490365793239568e-05,47.794062736600715,380.1072958427876,167.08683576414904
0.8,11.3137085,4.949747468,100.0,61.0,100.0,3.175,257.0,2.62,700.0,148.0,1693.15,0.22,159.0,2.33,1.0,3.0,3.0,0.5,0.5,20.7,232.0,58.0,490.15,0.36,41.6,7.38,50.0,20.0,20.0,109.0,36.0,36.0,2072.0,0.23,360.0,3890.0,1.0,1700.212067,1,,7.439096256582631,0.0,50.0,,,,0.1,142.9571394557824,0.0006990213818156743,0.9993009716279706,-17.38,0.6999999999999993,18.08,-6191.191868073049,2.2857138242766966,0.07071067186231006,0.033875338733602385,8.490365793239568e-05,47.794062736600715,380.1072958427876,167.08683576414904
0.8,11.3137085,4.949747468,125.0,44.8,100.0,3.175,257.0,2.62,700.0,148.0,1693.15,0.22,159.0,2.33,1.0,3.0,3.0,0.5,0.5,20.7,232.0,58.0,490.15,0.36,41.6,7.38,50.0,20.0,20.0,109.0,36.0,36.0,2072.0,0.23,360.0,3890.0,1.0,1346.717125,0,40.0,7.206167421528248,-25.0,37.5,40.0,1.4999999625000011,1.1199999720000007,112.09999720000006,187.62499531250012,0.3740095074698029,0.6259904891938053,-17.38,0.6999999999999993,18.08,-7738.98983509131,2.2857138242766966,0.07071067186231006,0.033875338733602385,8.490365793239568e-05,47.794062736600715,380.1072958427876,167.08683576414904
0.8,11.3137085,4.949747468,75.0,44.8,75.0,3.175,257.0,2.62,700.0,148.0,1693.15,0.22,159.0,2.33,1.0,3.0,3.0,0.5,0.5,20.7,232.0,58.0,490.15,0.36,41.6,7.38,50.0,20.0,20.0,109.0,36.0,36.0,2072.0,0.23,360.0,3890.0,1.0,4625.060949,0,40.0,8.439461018018036,0.0,37.5,40.0,1.4999999625000011,1.1199999720000007,84.07499790000004,112.57499718750007,0.4275362297113425,0.5724637652034807,-17.38,0.6999999999999993,18.08,-4643.3939010547865,2.2857138242766966,0.07071067186231006,0.033875338733602385,8.490365793239568e-05,47.794062736600715,380.1072958427876,167.08683576414904
0.8,11.3137085,4.949747468,60.0,16.0,60.0,3.175,257.0,2.62,700.0,148.0,1693.15,0.22,159.0,2.33,1.0,3.0,3.0,0.5,0.5,20.7,232.0,58.0,490.15,0.36,41.6,7.38,50.0,20.0,20.0,109.0,36.0,36.0,2072.0,0.23,360.0,3890.0,1.0,11865.53525,0,40.0,9.381477553672488,0.0,30.0,40.0,1.4999999625000011,0.39999999000000025,24.059999400000017,90.05999775000006,0.2108307026817105,0.7891692885555835,-17.38,0.6999999999999993,18.08,-3714.715120843829,2.2857138242766966,0.07071067186231006,0.033875338733602385,8.490365793239568e-05,47.794062736600715,380.1072958427876,167.08683576414904
0.8,11.3137085,4.949747468,140.0,16.0,100.0,3.175,257.0,2.62,700.0,148.0,1693.15,0.22,159.0,2.33,1.0,3.0,3.0,0.5,0.5,20.7,232.0,58.0,490.15,0.36,41.6,7.38,50.0,20.0,20.0,109.0,36.0,36.0,2072.0,0.23,360.0,3890.0,1.0,1522.534,0,40.0,7.328787915209889,-40.0,30.0,40.0,1.4999999625000011,0.39999999000000025,40.099999000000025,210.13999475000014,0.16024616304864273,0.8397538329551936,-17.38,0.6999999999999993,18.08,-8667.668615302267,2.2857138242766966,0.07071067186231006,0.033875338733602385,8.490365793239568e-05,47.794062736600715,380.1072958427876,167.08683576414904
0.8,11.3137085,4.949747468,150.0,25.0,125.0,3.175,257.0,2.62,700.0,148.0,1693.15,0.22,159.0,2.33,1.0,3.0,3.0,0.5,0.5,20.7,232.0,58.0,490.15,0.36,41.6,7.38,50.0,20.0,20.0,109.0,36.0,36.0,2072.0,0.23,360.0,3890.0,1.0,784.3015639,0,40.0,6.666067801847074,-25.0,50.0,40.0,1.4999999625000011,0.6249999843750005,78.24999804687506,225.14999437500015,0.2579103485281527,0.7420896481758684,-17.38,0.6999999999999993,18.08,-9286.787802109573,2.2857138242766966,0.07071067186231006,0.033875338733602385,8.490365793239568e-05,47.794062736600715,380.1072958427876,167.08683576414904
0.8,11.3137085,4.949747468,100.0,15.0,60.0,3.175,257.0,2.62,700.0,148.0,1693.15,0.22,159.0,2.33,1.0,3.0,3.0,0.5,0.5,20.7,232.0,58.0,490.15,0.36,41.6,7.38,50.0,20.0,20.0,109.0,36.0,36.0,2072.0,0.23,360.0,3890.0,1.0,5828.267028,0,30.0,8.670646547255341,-40.0,10.0,30.0,1.9999999333333356,0.4999999833333339,30.05999900000003,200.09999333333357,0.1306047961014018,0.8693951995537945,-17.38,0.6999999999999993,18.08,-6191.191868073049,2.2857138242766966,0.07071067186231006,0.033875338733602385,8.490365793239568e-05,47.794062736600715,380.1072958427876,167.08683576414904
0.8,11.3137085,4.949747468,165.0,30.0,125.0,3.175,257.0,2.62,700.0,148.0,1693.15,0.22,159.0,2.33,1.0,3.0,3.0,0.5,0.5,20.7,232.0,58.0,490.15,0.36,41.6,7.38,50.0,20.0,20.0,109.0,36.0,36.0,2072.0,0.23,360.0,3890.0,1.0,539.4563298,0,60.0,6.292413837885401,-40.0,42.5,60.0,0.9999999833333336,0.4999999916666668,62.62499895833334,165.16499725000006,0.27492427115251,0.7250757244574816,-17.38,0.6999999999999993,18.08,-10215.46658232053,2.2857138242766966,0.07071067186231006,0.033875338733602385,8.490365793239568e-05,47.794062736600715,380.1072958427876,167.08683576414904
0.8,11.3137085,4.949747468,165.0,21.0,125.0,3.175,257.0,2.62,700.0,148.0,1693.15,0.22,159.0,2.33,1.0,3.0,3.0,0.5,0.5,20.7,232.0,58.0,490.15,0.36,41.6,7.38,50.0,20.0,20.0,109.0,36.0,36.0,2072.0,0.23,360.0,3890.0,1.0,595.3059382,0,42.0,6.390753854489672,-40.0,42.5,42.0,1.428571394557824,0.49999998809523843,62.6249985119048,235.87928010204095,0.20979598213096787,0.7902040145189964,-17.38,0.6999999999999993,18.08,-10215.46658232053,2.2857138242766966,0.07071067186231006,0.033875338733602385,8.490365793239568e-05,47.794062736600715,380.1072958427876,167.08683576414904
0.8,11.3137085,4.949747468,165.0,120.0,125.0,3.175,257.0,2.62,700.0,148.0,1693.15,0.22,159.0,2.33,1.0,3.0,3.0,0.5,0.5,20.7,232.0,58.0,490.15,0.36,41.6,7.38,50.0,20.0,20.0,109.0,36.0,36.0,2072.0,0.23,360.0,3890.0,1.0,367.8470891,0,240.0,5.910382165473225,-40.0,42.5,240.0,0.24999999895833333,0.49999999791666666,62.62499973958332,41.414999828125,0.6019319434627216,0.3980680469255907,-17.38,0.6999999999999993,18.08,-10215.46658232053,2.2857138242766966,0.07071067186231006,0.033875338733602385,8.490365793239568e-05,47.794062736600715,380.1072958427876,167.08683576414904
0.8,11.3137085,4.949747468,180.0,15.0,125.0,3.175,257.0,2.62,700.0,148.0,1693.15,0.22,159.0,2.33,1.0,3.0,3.0,0.5,0.5,20.7,232.0,58.0,490.15,0.36,41.6,7.38,50.0,20.0,20.0,109.0,36.0,36.0,2072.0,0.23,360.0,3890.0,1.0,577.0209974,0,30.0,6.359610195694204,-55.0,35.0,30.0,1.9999999333333356,0.4999999833333339,62.62499791666673,360.17998800000044,0.1481179263597707,0.8518820712750726,-17.38,0.6999999999999993,18.08,-11144.145362531486,2.2857138242766966,0.07071067186231006,0.033875338733602385,8.490365793239568e-05,47.794062736600715,380.1072958427876,167.08683576414904
0.8,11.3137085,4.949747468,100.0,15.0,100.0,3.175,257.0,2.62,700.0,148.0,1693.15,0.22,159.0,2.33,1.0,3.0,3.0,0.5,0.5,20.7,232.0,58.0,490.15,0.36,41.6,7.38,50.0,20.0,20.0,109.0,36.0,36.0,2072.0,0.23,360.0,3890.0,1.0,2075.719504,0,30.0,7.638544766128397,0.0,50.0,30.0,1.9999999333333356,0.4999999833333339,50.09999833333338,200.09999333333357,0.20023980736114538,0.7997601886420519,-17.38,0.6999999999999993,18.08,-6191.191868073049,2.2857138242766966,0.07071067186231006,0.033875338733602385,8.490365793239568e-05,47.794062736600715,380.1072958427876,167.08683576414904
0.8,11.3137085,4.949747468,100.0,38.65,100.0,3.175,257.0,2.62,700.0,148.0,1693.15,0.22,159.0,2.33,1.0,3.0,3.0,0.5,0.5,20.7,232.0,58.0,490.15,0.36,41.6,7.38,50.0,20.0,20.0,109.0,36.0,36.0,2072.0,0.23,360.0,3890.0,1.0,1598.211975,0,30.0,7.377266271277214,0.0,50.0,30.0,1.9999999333333356,1.2883332903888902,128.933329038889,200.09999333333357,0.3918549273899281,0.608145069570866,-17.38,0.6999999999999993,18.08,-6191.191868073049,2.2857138242766966,0.07071067186231006,0.033875338733602385,8.490365793239568e-05,47.794062736600715,380.1072958427876,167.08683576414904
0.8,11.3137085,4.949747468,100.0,20.0,100.0,3.175,257.0,2.62,700.0,148.0,1693.15,0.22,159.0,2.33,1.0,3.0,3.0,0.5,0.5,20.7,232.0,58.0,490.15,0.36,41.6,7.38,50.0,20.0,20.0,109.0,36.0,36.0,2072.0,0.23,360.0,3890.0,1.0,1917.169834,0,40.0,7.559126798968546,0.0,50.0,40.0,1.4999999625000011,0.49999998750000035,50.09999875000003,150.0999962500001,0.250249749005989,0.749750245999006,-17.38,0.6999999999999993,18.08,-6191.191868073049,2.2857138242766966,0.07071067186231006,0.033875338733602385,8.490365793239568e-05,47.794062736600715,380.1072958427876,167.08683576414904
0.8,11.3137085,4.949747468,100.0,47.3,100.0,3.175,257.0,2.62,700.0,148.0,1693.15,0.22,159.0,2.33,1.0,3.0,3.0,0.5,0.5,20.7,232.0,58.0,490.15,0.36,41.6,7.38,50.0,20.0,20.0,109.0,36.0,36.0,2072.0,0.23,360.0,3890.0,1.0,1511.500951,0,40.0,7.321519818665129,0.0,50.0,40.0,1.4999999625000011,1.1824999704375008,118.34999704375007,150.0999962500001,0.44086421888408067,0.5591357773908309,-17.38,0.6999999999999993,18.08,-6191.191868073049,2.2857138242766966,0.07071067186231006,0.033875338733602385,8.490365793239568e-05,47.794062736600715,380.1072958427876,167.08683576414904
0.8,11.3137085,4.949747468,100.0,79.6,100.0,3.175,257.0,2.62,700.0,148.0,1693.15,0.22,159.0,2.33,1.0,3.0,3.0,0.5,0.5,20.7,232.0,58.0,490.15,0.36,41.6,7.38,50.0,20.0,20.0,109.0,36.0,36.0,2072.0,0.23,360.0,3890.0,1.0,1309.10018,0,50.0,7.177858886553707,0.0,50.0,50.0,1.1999999760000006,1.5919999681600006,159.29999681600003,120.09999760000005,0.5701503200771978,0.42984967634370413,-17.38,0.6999999999999993,18.08,-6191.191868073049,2.2857138242766966,0.07071067186231006,0.033875338733602385,8.490365793239568e-05,47.794062736600715,380.1072958427876,167.08683576414904
0.8,11.3137085,4.949747468,100.0,30.0,100.0,3.175,257.0,2.62,700.0,148.0,1693.15,0.22,159.0,2.33,1.0,3.0,3.0,0.5,0.5,20.7,232.0,58.0,490.15,0.36,41.6,7.38,50.0,20.0,20.0,109.0,36.0,36.0,2072.0,0.23,360.0,3890.0,1.0,1714.052742,0,60.0,7.447199112479935,0.0,50.0,60.0,0.9999999833333336,0.4999999916666668,50.09999916666668,100.09999833333336,0.33355525743674797,0.6664447359054623,-17.38,0.6999999999999993,18.08,-6191.191868073049,2.2857138242766966,0.07071067186231006,0.033875338733602385,8.490365793239568e-05,47.794062736600715,380.1072958427876,167.08683576414904
0.8,11.3137085,4.949747468,100.0,40.0,100.0,3.175,257.0,2.62,700.0,148.0,1693.15,0.22,159.0,2.33,1.0,3.0,3.0,0.5,0.5,20.7,232.0,58.0,490.15,0.36,41.6,7.38,50.0,20.0,20.0,109.0,36.0,36.0,2072.0,0.23,360.0,3890.0,1.0,1583.128263,0,80.0,7.3677895432123055,0.0,50.0,80.0,0.7499999906250001,0.4999999937500001,50.099999375,75.09999906250002,0.40015974121477516,0.5998402507980043,-17.38,0.6999999999999993,18.08,-6191.191868073049,2.2857138242766966,0.07071067186231006,0.033875338733602385,8.490365793239568e-05,47.794062736600715,380.1072958427876,167.08683576414904
0.8,11.3137085,4.949747468,100.0,47.3,100.0,3.175,257.0,2.62,700.0,148.0,1693.15,0.22,159.0,2.33,1.0,3.0,3.0,0.5,0.5,20.7,232.0,58.0,490.15,0.36,41.6,7.38,50.0,20.0,20.0,109.0,36.0,36.0,2072.0,0.23,360.0,3890.0,1.0,1511.500951,0,80.0,7.321519818665129,0.0,50.0,80.0,0.7499999906250001,0.591249992609375,59.22499926093751,75.09999906250002,0.44090824164704623,0.5590917509083233,-17.38,0.6999999999999993,18.08,-6191.191868073049,2.2857138242766966,0.07071067186231006,0.033875338733602385,8.490365793239568e-05,47.794062736600715,380.1072958427876,167.08683576414904
0.8,11.3137085,4.949747468,100.0,70.0,100.0,3.175,257.0,2.62,700.0,148.0,1693.15,0.22,159.0,2.33,1.0,3.0,3.0,0.5,0.5,20.7,232.0,58.0,490.15,0.36,41.6,7.38,50.0,20.0,20.0,109.0,36.0,36.0,2072.0,0.23,360.0,3890.0,1.0,1356.403785,0,90.0,7.213329172684807,0.0,50.0,90.0,0.6666666592592594,0.7777777691358025,77.87777691358025,66.76666592592593,0.5384083539357478,0.46159163915074775,-17.38,0.6999999999999993,18.08,-6191.191868073049,2.2857138242766966,0.07071067186231006,0.033875338733602385,8.490365793239568e-05,47.794062736600715,380.1072958427876,167.08683576414904
0.8,11.3137085,4.949747468,100.0,70.0,100.0,3.175,257.0,2.62,700.0,148.0,1693.15,0.22,159.0,2.33,1.0,3.0,3.0,0.5,0.5,20.7,232.0,58.0,490.15,0.36,41.6,7.38,50.0,20.0,20.0,109.0,36.0,36.0,2072.0,0.23,360.0,3890.0,1.0,1356.403785,0,100.0,7.213329172684807,0.0,50.0,100.0,0.599999994,0.699999993,70.09999930000001,60.0999994,0.5384024536215111,0.4615975386979974,-17.38,0.6999999999999993,18.08,-6191.191868073049,2.2857138242766966,0.07071067186231006,0.033875338733602385,8.490365793239568e-05,47.794062736600715,380.1072958427876,167.08683576414904
0.8,11.3137085,4.949747468,100.0,60.0,100.0,3.175,257.0,2.62,700.0,148.0,1693.15,0.22,159.0,2.33,1.0,3.0,3.0,0.5,0.5,20.7,232.0,58.0,490.15,0.36,41.6,7.38,50.0,20.0,20.0,109.0,36.0,36.0,2072.0,0.23,360.0,3890.0,1.0,1415.401646,0,120.0,7.2558748823381745,0.0,50.0,120.0,0.4999999958333334,0.4999999958333334,50.09999958333333,50.09999958333333,0.49999999500998005,0.49999999500998005,-17.38,0.6999999999999993,18.08,-6191.191868073049,2.2857138242766966,0.07071067186231006,0.033875338733602385,8.490365793239568e-05,47.794062736600715,380.1072958427876,167.08683576414904
0.8,11.3137085,4.949747468,100.0,70.0,100.0,3.175,257.0,2.62,700.0,148.0,1693.15,0.22,159.0,2.33,1.0,3.0,3.0,0.5,0.5,20.7,232.0,58.0,490.15,0.36,41.6,7.38,50.0,20.0,20.0,109.0,36.0,36.0,2072.0,0.23,360.0,3890.0,1.0,1356.403785,0,140.0,7.213329172684807,0.0,50.0,140.0,0.4285714255102041,0.49999999642857146,50.09999964285714,42.95714255102041,0.5383788704804484,0.4616211187734663,-17.38,0.6999999999999993,18.08,-6191.191868073049,2.2857138242766966,0.07071067186231006,0.033875338733602385,8.490365793239568e-05,47.794062736600715,380.1072958427876,167.08683576414904
0.8,11.3137085,4.949747468,100.0,120.0,100.0,3.175,257.0,2.62,700.0,148.0,1693.15,0.22,159.0,2.33,1.0,3.0,3.0,0.5,0.5,20.7,232.0,58.0,490.15,0.36,41.6,7.38,50.0,20.0,20.0,109.0,36.0,36.0,2072.0,0.23,360.0,3890.0,1.0,1168.786567,0,240.0,7.064576589783479,0.0,50.0,240.0,0.24999999895833333,0.49999999791666666,50.09999979166666,25.09999989583333,0.6662233953941235,0.33377659130800436,-17.38,0.6999999999999993,18.08,-6191.191868073049,2.2857138242766966,0.07071067186231006,0.033875338733602385,8.490365793239568e-05,47.794062736600715,380.1072958427876,167.08683576414904
0.8,11.3137085,4.949747468,100.0,310.0,100.0,3.175,257.0,2.62,700.0,148.0,1693.15,0.22,159.0,2.33,1.0,3.0,3.0,0.5,0.5,20.7,232.0,58.0,490.15,0.36,41.6,7.38,50.0,20.0,20.0,109.0,36.0,36.0,2072.0,0.23,360.0,3890.0,1.0,899.2717942,0,720.0,6.8026967112889904,0.0,50.0,720.0,0.08333333321759259,0.4305555549575617,43.15555549575617,8.433333321759259,0.8365280906103939,0.1634718900055876,-17.38,0.6999999999999993,18.08,-6191.191868073049,2.2857138242766966,0.07071067186231006,0.033875338733602385,8.490365793239568e-05,47.794062736600715,380.1072958427876,167.08683576414904
0.8,11.3137085,4.949747468,100.0,11.0,100.0,3.175,257.0,2.62,700.0,148.0,1693.15,0.22,159.0,2.33,1.0,3.0,3.0,0.5,0.5,20.7,232.0,58.0,490.15,0.36,41.6,7.38,50.0,20.0,20.0,109.0,36.0,36.0,2072.0,0.23,360.0,3890.0,1.0,2261.374091,1,,7.7241700236388,0.0,50.0,,,,0.1,142.9571394557824,0.0006990213818156743,0.9993009716279706,-17.38,0.6999999999999993,18.08,-6191.191868073049,2.2857138242766966,0.07071067186231006,0.033875338733602385,8.490365793239568e-05,47.794062736600715,380.1072958427876,167.08683576414904
0.8,11.3137085,4.949747468,100.0,31.0,100.0,3.175,257.0,2.62,700.0,148.0,1693.15,0.22,159.0,2.33,1.0,3.0,3.0,0.5,0.5,20.7,232.0,58.0,490.15,0.36,41.6,7.38,50.0,20.0,20.0,109.0,36.0,36.0,2072.0,0.23,360.0,3890.0,1.0,1698.599422,1,,7.43814786816058,0.0,50.0,,,,0.1,142.9571394557824,0.0006990213818156743,0.9993009716279706,-17.38,0.6999999999999993,18.08,-6191.191868073049,2.2857138242766966,0.07071067186231006,0.033875338733602385,8.490365793239568e-05,47.794062736600715,380.1072958427876,167.08683576414904
0.8,11.3137085,4.949747468,100.0,61.0,100.0,3.175,257.0,2.62,700.0,148.0,1693.15,0.22,159.0,2.33,1.0,3.0,3.0,0.5,0.5,20.7,232.0,58.0,490.15,0.36,41.6,7.38,50.0,20.0,20.0,109.0,36.0,36.0,2072.0,0.23,360.0,3890.0,1.0,1408.954509,1,,7.251312719731181,0.0,50.0,,,,0.1,142.9571394557824,0.0006990213818156743,0.9993009716279706,-17.38,0.6999999999999993,18.08,-6191.191868073049,2.2857138242766966,0.07071067186231006,0.033875338733602385,8.490365793239568e-05,47.794062736600715,380.1072958427876,167.08683576414904
0.8,11.3137085,4.949747468,125.0,44.8,100.0,3.175,257.0,2.62,700.0,148.0,1693.15,0.22,159.0,2.33,1.0,3.0,3.0,0.5,0.5,20.7,232.0,58.0,490.15,0.36,41.6,7.38,50.0,20.0,20.0,109.0,36.0,36.0,2072.0,0.23,360.0,3890.0,1.0,1116.015586,0,40.0,7.018415752418584,-25.0,37.5,40.0,1.4999999625000011,1.1199999720000007,112.09999720000006,187.62499531250012,0.3740095074698029,0.6259904891938053,-17.38,0.6999999999999993,18.08,-7738.98983509131,2.2857138242766966,0.07071067186231006,0.033875338733602385,8.490365793239568e-05,47.794062736600715,380.1072958427876,167.08683576414904
0.8,11.3137085,4.949747468,75.0,44.8,75.0,3.175,257.0,2.62,700.0,148.0,1693.15,0.22,159.0,2.33,1.0,3.0,3.0,0.5,0.5,20.7,232.0,58.0,490.15,0.36,41.6,7.38,50.0,20.0,20.0,109.0,36.0,36.0,2072.0,0.23,360.0,3890.0,1.0,3832.757458,0,40.0,8.251600660780335,0.0,37.5,40.0,1.4999999625000011,1.1199999720000007,84.07499790000004,112.57499718750007,0.4275362297113425,0.5724637652034807,-17.38,0.6999999999999993,18.08,-4643.3939010547865,2.2857138242766966,0.07071067186231006,0.033875338733602385,8.490365793239568e-05,47.794062736600715,380.1072958427876,167.08683576414904
0.8,11.3137085,4.949747468,60.0,16.0,60.0,3.175,257.0,2.62,700.0,148.0,1693.15,0.22,159.0,2.33,1.0,3.0,3.0,0.5,0.5,20.7,232.0,58.0,490.15,0.36,41.6,7.38,50.0,20.0,20.0,109.0,36.0,36.0,2072.0,0.23,360.0,3890.0,1.0,9832.890685,0,40.0,9.19358993188407,0.0,30.0,40.0,1.4999999625000011,0.39999999000000025,24.059999400000017,90.05999775000006,0.2108307026817105,0.7891692885555835,-17.38,0.6999999999999993,18.08,-3714.715120843829,2.2857138242766966,0.07071067186231006,0.033875338733602385,8.490365793239568e-05,47.794062736600715,380.1072958427876,167.08683576414904
0.8,11.3137085,4.949747468,140.0,16.0,100.0,3.175,257.0,2.62,700.0,148.0,1693.15,0.22,159.0,2.33,1.0,3.0,3.0,0.5,0.5,20.7,232.0,58.0,490.15,0.36,41.6,7.38,50.0,20.0,20.0,109.0,36.0,36.0,2072.0,0.23,360.0,3890.0,1.0,1261.713869,0,40.0,7.141018547990872,-40.0,30.0,40.0,1.4999999625000011,0.39999999000000025,40.099999000000025,210.13999475000014,0.16024616304864273,0.8397538329551936,-17.38,0.6999999999999993,18.08,-8667.668615302267,2.2857138242766966,0.07071067186231006,0.033875338733602385,8.490365793239568e-05,47.794062736600715,380.1072958427876,167.08683576414904
0.8,11.3137085,4.949747468,150.0,25.0,125.0,3.175,257.0,2.62,700.0,148.0,1693.15,0.22,159.0,2.33,1.0,3.0,3.0,0.5,0.5,20.7,232.0,58.0,490.15,0.36,41.6,7.38,50.0,20.0,20.0,109.0,36.0,36.0,2072.0,0.23,360.0,3890.0,1.0,649.9455253,0,40.0,6.478425960212705,-25.0,50.0,40.0,1.4999999625000011,0.6249999843750005,78.24999804687506,225.14999437500015,0.2579103485281527,0.7420896481758684,-17.38,0.6999999999999993,18.08,-9286.787802109573,2.2857138242766966,0.07071067186231006,0.033875338733602385,8.490365793239568e-05,47.794062736600715,380.1072958427876,167.08683576414904
0.8,11.3137085,4.949747468,100.0,15.0,60.0,3.175,257.0,2.62,700.0,148.0,1693.15,0.22,159.0,2.33,1.0,3.0,3.0,0.5,0.5,20.7,232.0,58.0,490.15,0.36,41.6,7.38,50.0,20.0,20.0,109.0,36.0,36.0,2072.0,0.23,360.0,3890.0,1.0,4829.846387,0,30.0,8.482776966698415,-40.0,10.0,30.0,1.9999999333333356,0.4999999833333339,30.05999900000003,200.09999333333357,0.1306047961014018,0.8693951995537945,-17.38,0.6999999999999993,18.08,-6191.191868073049,2.2857138242766966,0.07071067186231006,0.033875338733602385,8.490365793239568e-05,47.794062736600715,380.1072958427876,167.08683576414904
0.8,11.3137085,4.949747468,165.0,30.0,125.0,3.175,257.0,2.62,700.0,148.0,1693.15,0.22,159.0,2.33,1.0,3.0,3.0,0.5,0.5,20.7,232.0,58.0,490.15,0.36,41.6,7.38,50.0,20.0,20.0,109.0,36.0,36.0,2072.0,0.23,360.0,3890.0,1.0,796.1919771,0,60.0,6.681095524439529,-40.0,42.5,60.0,0.9999999833333336,0.4999999916666668,62.62499895833334,165.16499725000006,0.27492427115251,0.7250757244574816,-17.38,0.6999999999999993,18.08,-10215.46658232053,2.2857138242766966,0.07071067186231006,0.033875338733602385,8.490365793239568e-05,47.794062736600715,380.1072958427876,167.08683576414904
0.8,11.3137085,4.949747468,165.0,21.0,125.0,3.175,257.0,2.62,700.0,148.0,1693.15,0.22,159.0,2.33,1.0,3.0,3.0,0.5,0.5,20.7,232.0,58.0,490.15,0.36,41.6,7.38,50.0,20.0,20.0,109.0,36.0,36.0,2072.0,0.23,360.0,3890.0,1.0,878.6212817,0,42.0,6.77949145313553,-40.0,42.5,42.0,1.428571394557824,0.49999998809523843,62.6249985119048,235.87928010204095,0.20979598213096787,0.7902040145189964,-17.38,0.6999999999999993,18.08,-10215.46658232053,2.2857138242766966,0.07071067186231006,0.033875338733602385,8.490365793239568e-05,47.794062736600715,380.1072958427876,167.08683576414904
0.8,11.3137085,4.949747468,165.0,120.0,125.0,3.175,257.0,2.62,700.0,148.0,1693.15,0.22,159.0,2.33,1.0,3.0,3.0,0.5,0.5,20.7,232.0,58.0,490.15,0.36,41.6,7.38,50.0,20.0,20.0,109.0,36.0,36.0,2072.0,0.23,360.0,3890.0,1.0,542.911233,0,240.0,6.298786058909161,-40.0,42.5,240.0,0.24999999895833333,0.49999999791666666,62.62499973958332,41.414999828125,0.6019319434627216,0.3980680469255907,-17.38,0.6999999999999993,18.08,-10215.46658232053,2.2857138242766966,0.07071067186231006,0.033875338733602385,8.490365793239568e-05,47.794062736600715,380.1072958427876,167.08683576414904
0.8,11.3137085,4.949747468,180.0,15.0,125.0,3.175,257.0,2.62,700.0,148.0,1693.15,0.22,159.0,2.33,1.0,3.0,3.0,0.5,0.5,20.7,232.0,58.0,490.15,0.36,41.6,7.38,50.0,20.0,20.0,109.0,36.0,36.0,2072.0,0.23,360.0,3890.0,1.0,851.6342536,0,30.0,6.7483306789873865,-55.0,35.0,30.0,1.9999999333333356,0.4999999833333339,62.62499791666673,360.17998800000044,0.1481179263597707,0.8518820712750726,-17.38,0.6999999999999993,18.08,-11144.145362531486,2.2857138242766966,0.07071067186231006,0.033875338733602385,8.490365793239568e-05,47.794062736600715,380.1072958427876,167.08683576414904
0.8,11.3137085,4.949747468,100.0,15.0,100.0,3.175,257.0,2.62,700.0,148.0,1693.15,0.22,159.0,2.33,1.0,3.0,3.0,0.5,0.5,20.7,232.0,58.0,490.15,0.36,41.6,7.38,50.0,20.0,20.0,109.0,36.0,36.0,2072.0,0.23,360.0,3890.0,1.0,3063.58666,0,30.0,8.027667981201104,0.0,50.0,30.0,1.9999999333333356,0.4999999833333339,50.09999833333338,200.09999333333357,0.20023980736114538,0.7997601886420519,-17.38,0.6999999999999993,18.08,-6191.191868073049,2.2857138242766966,0.07071067186231006,0.033875338733602385,8.490365793239568e-05,47.794062736600715,380.1072958427876,167.08683576414904
0.8,11.3137085,4.949747468,100.0,38.65,100.0,3.175,257.0,2.62,700.0,148.0,1693.15,0.22,159.0,2.33,1.0,3.0,3.0,0.5,0.5,20.7,232.0,58.0,490.15,0.36,41.6,7.38,50.0,20.0,20.0,109.0,36.0,36.0,2072.0,0.23,360.0,3890.0,1.0,2358.82588,0,30.0,7.7663431156367855,0.0,50.0,30.0,1.9999999333333356,1.2883332903888902,128.933329038889,200.09999333333357,0.3918549273899281,0.608145069570866,-17.38,0.6999999999999993,18.08,-6191.191868073049,2.2857138242766966,0.07071067186231006,0.033875338733602385,8.490365793239568e-05,47.794062736600715,380.1072958427876,167.08683576414904
0.8,11.3137085,4.949747468,100.0,20.0,100.0,3.175,257.0,2.62,700.0,148.0,1693.15,0.22,159.0,2.33,1.0,3.0,3.0,0.5,0.5,20.7,232.0,58.0,490.15,0.36,41.6,7.38,50.0,20.0,20.0,109.0,36.0,36.0,2072.0,0.23,360.0,3890.0,1.0,2829.58074,0,40.0,7.948237178065468,0.0,50.0,40.0,1.4999999625000011,0.49999998750000035,50.09999875000003,150.0999962500001,0.250249749005989,0.749750245999006,-17.38,0.6999999999999993,18.08,-6191.191868073049,2.2857138242766966,0.07071067186231006,0.033875338733602385,8.490365793239568e-05,47.794062736600715,380.1072958427876,167.08683576414904
0.8,11.3137085,4.949747468,100.0,47.3,100.0,3.175,257.0,2.62,700.0,148.0,1693.15,0.22,159.0,2.33,1.0,3.0,3.0,0.5,0.5,20.7,232.0,58.0,490.15,0.36,41.6,7.38,50.0,20.0,20.0,109.0,36.0,36.0,2072.0,0.23,360.0,3890.0,1.0,2230.847733,0,40.0,7.710585101192033,0.0,50.0,40.0,1.4999999625000011,1.1824999704375008,118.34999704375007,150.0999962500001,0.44086421888408067,0.5591357773908309,-17.38,0.6999999999999993,18.08,-6191.191868073049,2.2857138242766966,0.07071067186231006,0.033875338733602385,8.490365793239568e-05,47.794062736600715,380.1072958427876,167.08683576414904
0.8,11.3137085,4.949747468,100.0,79.6,100.0,3.175,257.0,2.62,700.0,148.0,1693.15,0.22,159.0,2.33,1.0,3.0,3.0,0.5,0.5,20.7,232.0,58.0,490.15,0.36,41.6,7.38,50.0,20.0,20.0,109.0,36.0,36.0,2072.0,0.23,360.0,3890.0,1.0,1932.121291,0,50.0,7.566891224782466,0.0,50.0,50.0,1.1999999760000006,1.5919999681600006,159.29999681600003,120.09999760000005,0.5701503200771978,0.42984967634370413,-17.38,0.6999999999999993,18.08,-6191.191868073049,2.2857138242766966,0.07071067186231006,0.033875338733602385,8.490365793239568e-05,47.794062736600715,380.1072958427876,167.08683576414904
0.8,11.3137085,4.949747468,100.0,30.0,100.0,3.175,257.0,2.62,700.0,148.0,1693.15,0.22,159.0,2.33,1.0,3.0,3.0,0.5,0.5,20.7,232.0,58.0,490.15,0.36,41.6,7.38,50.0,20.0,20.0,109.0,36.0,36.0,2072.0,0.23,360.0,3890.0,1.0,2529.797068,0,60.0,7.8362895787451095,0.0,50.0,60.0,0.9999999833333336,0.4999999916666668,50.09999916666668,100.09999833333336,0.33355525743674797,0.6664447359054623,-17.38,0.6999999999999993,18.08,-6191.191868073049,2.2857138242766966,0.07071067186231006,0.033875338733602385,8.490365793239568e-05,47.794062736600715,380.1072958427876,167.08683576414904
0.8,11.3137085,4.949747468,100.0,40.0,100.0,3.175,257.0,2.62,700.0,148.0,1693.15,0.22,159.0,2.33,1.0,3.0,3.0,0.5,0.5,20.7,232.0,58.0,490.15,0.36,41.6,7.38,50.0,20.0,20.0,109.0,36.0,36.0,2072.0,0.23,360.0,3890.0,1.0,2336.563595,0,80.0,7.7568644672098666,0.0,50.0,80.0,0.7499999906250001,0.4999999937500001,50.099999375,75.09999906250002,0.40015974121477516,0.5998402507980043,-17.38,0.6999999999999993,18.08,-6191.191868073049,2.2857138242766966,0.07071067186231006,0.033875338733602385,8.490365793239568e-05,47.794062736600715,380.1072958427876,167.08683576414904
0.8,11.3137085,4.949747468,100.0,47.3,100.0,3.175,257.0,2.62,700.0,148.0,1693.15,0.22,159.0,2.33,1.0,3.0,3.0,0.5,0.5,20.7,232.0,58.0,490.15,0.36,41.6,7.38,50.0,20.0,20.0,109.0,36.0,36.0,2072.0,0.23,360.0,3890.0,1.0,2230.847733,0,80.0,7.710585101192033,0.0,50.0,80.0,0.7499999906250001,0.591249992609375,59.22499926093751,75.09999906250002,0.44090824164704623,0.5590917509083233,-17.38,0.6999999999999993,18.08,-6191.191868073049,2.2857138242766966,0.07071067186231006,0.033875338733602385,8.490365793239568e-05,47.794062736600715,380.1072958427876,167.08683576414904
0.8,11.3137085,4.949747468,100.0,70.0,100.0,3.175,257.0,2.62,700.0,148.0,1693.15,0.22,159.0,2.33,1.0,3.0,3.0,0.5,0.5,20.7,232.0,58.0,490.15,0.36,41.6,7.38,50.0,20.0,20.0,109.0,36.0,36.0,2072.0,0.23,360.0,3890.0,1.0,2001.937417,0,90.0,7.602370090544644,0.0,50.0,90.0,0.6666666592592594,0.7777777691358025,77.87777691358025,66.76666592592593,0.5384083539357478,0.46159163915074775,-17.38,0.6999999999999993,18.08,-6191.191868073049,2.2857138242766966,0.07071067186231006,0.033875338733602385,8.490365793239568e-05,47.794062736600715,380.1072958427876,167.08683576414904
0.8,11.3137085,4.949747468,100.0,70.0,100.0,3.175,257.0,2.62,700.0,148.0,1693.15,0.22,159.0,2.33,1.0,3.0,3.0,0.5,0.5,20.7,232.0,58.0,490.15,0.36,41.6,7.38,50.0,20.0,20.0,109.0,36.0,36.0,2072.0,0.23,360.0,3890.0,1.0,2001.937417,0,100.0,7.602370090544644,0.0,50.0,100.0,0.599999994,0.699999993,70.09999930000001,60.0999994,0.5384024536215111,0.4615975386979974,-17.38,0.6999999999999993,18.08,-6191.191868073049,2.2857138242766966,0.07071067186231006,0.033875338733602385,8.490365793239568e-05,47.794062736600715,380.1072958427876,167.08683576414904
0.8,11.3137085,4.949747468,100.0,60.0,100.0,3.175,257.0,2.62,700.0,148.0,1693.15,0.22,159.0,2.33,1.0,3.0,3.0,0.5,0.5,20.7,232.0,58.0,490.15,0.36,41.6,7.38,50.0,20.0,20.0,109.0,36.0,36.0,2072.0,0.23,360.0,3890.0,1.0,2089.013277,0,120.0,7.644925697570257,0.0,50.0,120.0,0.4999999958333334,0.4999999958333334,50.09999958333333,50.09999958333333,0.49999999500998005,0.49999999500998005,-17.38,0.6999999999999993,18.08,-6191.191868073049,2.2857138242766966,0.07071067186231006,0.033875338733602385,8.490365793239568e-05,47.794062736600715,380.1072958427876,167.08683576414904
0.8,11.3137085,4.949747468,100.0,70.0,100.0,3.175,257.0,2.62,700.0,148.0,1693.15,0.22,159.0,2.33,1.0,3.0,3.0,0.5,0.5,20.7,232.0,58.0,490.15,0.36,41.6,7.38,50.0,20.0,20.0,109.0,36.0,36.0,2072.0,0.23,360.0,3890.0,1.0,2001.937417,0,140.0,7.602370090544644,0.0,50.0,140.0,0.4285714255102041,0.49999999642857146,50.09999964285714,42.95714255102041,0.5383788704804484,0.4616211187734663,-17.38,0.6999999999999993,18.08,-6191.191868073049,2.2857138242766966,0.07071067186231006,0.033875338733602385,8.490365793239568e-05,47.794062736600715,380.1072958427876,167.08683576414904
0.8,11.3137085,4.949747468,100.0,120.0,100.0,3.175,257.0,2.62,700.0,148.0,1693.15,0.22,159.0,2.33,1.0,3.0,3.0,0.5,0.5,20.7,232.0,58.0,490.15,0.36,41.6,7.38,50.0,20.0,20.0,109.0,36.0,36.0,2072.0,0.23,360.0,3890.0,1.0,1725.03025,0,240.0,7.453579397561636,0.0,50.0,240.0,0.24999999895833333,0.49999999791666666,50.09999979166666,25.09999989583333,0.6662233953941235,0.33377659130800436,-17.38,0.6999999999999993,18.08,-6191.191868073049,2.2857138242766966,0.07071067186231006,0.033875338733602385,8.490365793239568e-05,47.794062736600715,380.1072958427876,167.08683576414904
0.8,11.3137085,4.949747468,100.0,310.0,100.0,3.175,257.0,2.62,700.0,148.0,1693.15,0.22,159.0,2.33,1.0,3.0,3.0,0.5,0.5,20.7,232.0,58.0,490.15,0.36,41.6,7.38,50.0,20.0,20.0,109.0,36.0,36.0,2072.0,0.23,360.0,3890.0,1.0,1327.24921,0,720.0,7.191616970563324,0.0,50.0,720.0,0.08333333321759259,0.4305555549575617,43.15555549575617,8.433333321759259,0.8365280906103939,0.1634718900055876,-17.38,0.6999999999999993,18.08,-6191.191868073049,2.2857138242766966,0.07071067186231006,0.033875338733602385,8.490365793239568e-05,47.794062736600715,380.1072958427876,167.08683576414904
0.8,11.3137085,4.949747468,100.0,11.0,100.0,3.175,257.0,2.62,700.0,148.0,1693.15,0.22,159.0,2.33,1.0,3.0,3.0,0.5,0.5,20.7,232.0,58.0,490.15,0.36,41.6,7.38,50.0,20.0,20.0,109.0,36.0,36.0,2072.0,0.23,360.0,3890.0,1.0,3337.59715,1,,8.113305982769692,0.0,50.0,,,,0.1,142.9571394557824,0.0006990213818156743,0.9993009716279706,-17.38,0.6999999999999993,18.08,-6191.191868073049,2.2857138242766966,0.07071067186231006,0.033875338733602385,8.490365793239568e-05,47.794062736600715,380.1072958427876,167.08683576414904
0.8,11.3137085,4.949747468,100.0,31.0,100.0,3.175,257.0,2.62,700.0,148.0,1693.15,0.22,159.0,2.33,1.0,3.0,3.0,0.5,0.5,20.7,232.0,58.0,490.15,0.36,41.6,7.38,50.0,20.0,20.0,109.0,36.0,36.0,2072.0,0.23,360.0,3890.0,1.0,2506.989273,1,,7.827236624630427,0.0,50.0,,,,0.1,142.9571394557824,0.0006990213818156743,0.9993009716279706,-17.38,0.6999999999999993,18.08,-6191.191868073049,2.2857138242766966,0.07071067186231006,0.033875338733602385,8.490365793239568e-05,47.794062736600715,380.1072958427876,167.08683576414904
0.8,11.3137085,4.949747468,100.0,61.0,100.0,3.175,257.0,2.62,700.0,148.0,1693.15,0.22,159.0,2.33,1.0,3.0,3.0,0.5,0.5,20.7,232.0,58.0,490.15,0.36,41.6,7.38,50.0,20.0,20.0,109.0,36.0,36.0,2072.0,0.23,360.0,3890.0,1.0,2079.497847,1,,7.640362493575068,0.0,50.0,,,,0.1,142.9571394557824,0.0006990213818156743,0.9993009716279706,-17.38,0.6999999999999993,18.08,-6191.191868073049,2.2857138242766966,0.07071067186231006,0.033875338733602385,8.490365793239568e-05,47.794062736600715,380.1072958427876,167.08683576414904
0.8,11.3137085,4.949747468,125.0,44.8,100.0,3.175,257.0,2.62,700.0,148.0,1693.15,0.22,159.0,2.33,1.0,3.0,3.0,0.5,0.5,20.7,232.0,58.0,490.15,0.36,41.6,7.38,50.0,20.0,20.0,109.0,36.0,36.0,2072.0,0.23,360.0,3890.0,1.0,1647.144739,0,40.0,7.407405533675953,-25.0,37.5,40.0,1.4999999625000011,1.1199999720000007,112.09999720000006,187.62499531250012,0.3740095074698029,0.6259904891938053,-17.38,0.6999999999999993,18.08,-7738.98983509131,2.2857138242766966,0.07071067186231006,0.033875338733602385,8.490365793239568e-05,47.794062736600715,380.1072958427876,167.08683576414904
0.8,11.3137085,4.949747468,75.0,44.8,75.0,3.175,257.0,2.62,700.0,148.0,1693.15,0.22,159.0,2.33,1.0,3.0,3.0,0.5,0.5,20.7,232.0,58.0,490.15,0.36,41.6,7.38,50.0,20.0,20.0,109.0,36.0,36.0,2072.0,0.23,360.0,3890.0,1.0,5656.82627,0,40.0,8.640795046193915,0.0,37.5,40.0,1.4999999625000011,1.1199999720000007,84.07499790000004,112.57499718750007,0.4275362297113425,0.5724637652034807,-17.38,0.6999999999999993,18.08,-4643.3939010547865,2.2857138242766966,0.07071067186231006,0.033875338733602385,8.490365793239568e-05,47.794062736600715,380.1072958427876,167.08683576414904
0.8,11.3137085,4.949747468,60.0,16.0,60.0,3.175,257.0,2.62,700.0,148.0,1693.15,0.22,159.0,2.33,1.0,3.0,3.0,0.5,0.5,20.7,232.0,58.0,490.15,0.36,41.6,7.38,50.0,20.0,20.0,109.0,36.0,36.0,2072.0,0.23,360.0,3890.0,1.0,14512.51611,0,40.0,9.582835639748065,0.0,30.0,40.0,1.4999999625000011,0.39999999000000025,24.059999400000017,90.05999775000006,0.2108307026817105,0.7891692885555835,-17.38,0.6999999999999993,18.08,-3714.715120843829,2.2857138242766966,0.07071067186231006,0.033875338733602385,8.490365793239568e-05,47.794062736600715,380.1072958427876,167.08683576414904
0.8,11.3137085,4.949747468,140.0,16.0,100.0,3.175,257.0,2.62,700.0,148.0,1693.15,0.22,159.0,2.33,1.0,3.0,3.0,0.5,0.5,20.7,232.0,58.0,490.15,0.36,41.6,7.38,50.0,20.0,20.0,109.0,36.0,36.0,2072.0,0.23,360.0,3890.0,1.0,1862.183099,0,40.0,7.530041647575791,-40.0,30.0,40.0,1.4999999625000011,0.39999999000000025,40.099999000000025,210.13999475000014,0.16024616304864273,0.8397538329551936,-17.38,0.6999999999999993,18.08,-8667.668615302267,2.2857138242766966,0.07071067186231006,0.033875338733602385,8.490365793239568e-05,47.794062736600715,380.1072958427876,167.08683576414904
0.8,11.3137085,4.949747468,150.0,25.0,125.0,3.175,257.0,2.62,700.0,148.0,1693.15,0.22,159.0,2.33,1.0,3.0,3.0,0.5,0.5,20.7,232.0,58.0,490.15,0.36,41.6,7.38,50.0,20.0,20.0,109.0,36.0,36.0,2072.0,0.23,360.0,3890.0,1.0,959.2646972,0,40.0,6.867208972706385,-25.0,50.0,40.0,1.4999999625000011,0.6249999843750005,78.24999804687506,225.14999437500015,0.2579103485281527,0.7420896481758684,-17.38,0.6999999999999993,18.08,-9286.787802109573,2.2857138242766966,0.07071067186231006,0.033875338733602385,8.490365793239568e-05,47.794062736600715,380.1072958427876,167.08683576414904
0.8,11.3137085,4.949747468,100.0,15.0,60.0,3.175,257.0,2.62,700.0,148.0,1693.15,0.22,159.0,2.33,1.0,3.0,3.0,0.5,0.5,20.7,232.0,58.0,490.15,0.36,41.6,7.38,50.0,20.0,20.0,109.0,36.0,36.0,2072.0,0.23,360.0,3890.0,1.0,7128.44531,0,30.0,8.871988713748085,-40.0,10.0,30.0,1.9999999333333356,0.4999999833333339,30.05999900000003,200.09999333333357,0.1306047961014018,0.8693951995537945,-17.38,0.6999999999999993,18.08,-6191.191868073049,2.2857138242766966,0.07071067186231006,0.033875338733602385,8.490365793239568e-05,47.794062736600715,380.1072958427876,167.08683576414904
0.8,11.3137085,4.949747468,165.0,30.0,125.0,3.175,257.0,2.62,700.0,148.0,1693.15,0.22,159.0,2.33,1.0,3.0,3.0,0.5,0.5,20.7,232.0,58.0,490.15,0.36,41.6,7.38,50.0,20.0,20.0,109.0,36.0,36.0,2072.0,0.23,360.0,3890.0,1.0,440.6439074,0,60.0,6.0905039180093805,-40.0,42.5,60.0,0.9999999833333336,0.4999999916666668,62.62499895833334,165.16499725000006,0.27492427115251,0.7250757244574816,-17.38,0.6999999999999993,18.08,-10215.46658232053,2.2857138242766966,0.07071067186231006,0.033875338733602385,8.490365793239568e-05,47.794062736600715,380.1072958427876,167.08683576414904
0.8,11.3137085,4.949747468,165.0,21.0,125.0,3.175,257.0,2.62,700.0,148.0,1693.15,0.22,159.0,2.33,1.0,3.0,3.0,0.5,0.5,20.7,232.0,58.0,490.15,0.36,41.6,7.38,50.0,20.0,20.0,109.0,36.0,36.0,2072.0,0.23,360.0,3890.0,1.0,486.2635217,0,42.0,6.188805089054438,-40.0,42.5,42.0,1.428571394557824,0.49999998809523843,62.6249985119048,235.87928010204095,0.20979598213096787,0.7902040145189964,-17.38,0.6999999999999993,18.08,-10215.46658232053,2.2857138242766966,0.07071067186231006,0.033875338733602385,8.490365793239568e-05,47.794062736600715,380.1072958427876,167.08683576414904
0.8,11.3137085,4.949747468,165.0,120.0,125.0,3.175,257.0,2.62,700.0,148.0,1693.15,0.22,159.0,2.33,1.0,3.0,3.0,0.5,0.5,20.7,232.0,58.0,490.15,0.36,41.6,7.38,50.0,20.0,20.0,109.0,36.0,36.0,2072.0,0.23,360.0,3890.0,1.0,300.4683971,0,240.0,5.708665191767882,-40.0,42.5,240.0,0.24999999895833333,0.49999999791666666,62.62499973958332,41.414999828125,0.6019319434627216,0.3980680469255907,-17.38,0.6999999999999993,18.08,-10215.46658232053,2.2857138242766966,0.07071067186231006,0.033875338733602385,8.490365793239568e-05,47.794062736600715,380.1072958427876,167.08683576414904
0.8,11.3137085,4.949747468,180.0,15.0,125.0,3.175,257.0,2.62,700.0,148.0,1693.15,0.22,159.0,2.33,1.0,3.0,3.0,0.5,0.5,20.7,232.0,58.0,490.15,0.36,41.6,7.38,50.0,20.0,20.0,109.0,36.0,36.0,2072.0,0.23,360.0,3890.0,1.0,471.3278406,0,30.0,6.157673322020585,-55.0,35.0,30.0,1.9999999333333356,0.4999999833333339,62.62499791666673,360.17998800000044,0.1481179263597707,0.8518820712750726,-17.38,0.6999999999999993,18.08,-11144.145362531486,2.2857138242766966,0.07071067186231006,0.033875338733602385,8.490365793239568e-05,47.794062736600715,380.1072958427876,167.08683576414904
0.8,11.3137085,4.949747468,100.0,15.0,100.0,3.175,257.0,2.62,700.0,148.0,1693.15,0.22,159.0,2.33,1.0,3.0,3.0,0.5,0.5,20.7,232.0,58.0,490.15,0.36,41.6,7.38,50.0,20.0,20.0,109.0,36.0,36.0,2072.0,0.23,360.0,3890.0,1.0,1695.509168,0,30.0,7.43632798827688,0.0,50.0,30.0,1.9999999333333356,0.4999999833333339,50.09999833333338,200.09999333333357,0.20023980736114538,0.7997601886420519,-17.38,0.6999999999999993,18.08,-6191.191868073049,2.2857138242766966,0.07071067186231006,0.033875338733602385,8.490365793239568e-05,47.794062736600715,380.1072958427876,167.08683576414904
0.8,11.3137085,4.949747468,100.0,38.65,100.0,3.175,257.0,2.62,700.0,148.0,1693.15,0.22,159.0,2.33,1.0,3.0,3.0,0.5,0.5,20.7,232.0,58.0,490.15,0.36,41.6,7.38,50.0,20.0,20.0,109.0,36.0,36.0,2072.0,0.23,360.0,3890.0,1.0,1305.466876,0,30.0,7.175081731405437,0.0,50.0,30.0,1.9999999333333356,1.2883332903888902,128.933329038889,200.09999333333357,0.3918549273899281,0.608145069570866,-17.38,0.6999999999999993,18.08,-6191.191868073049,2.2857138242766966,0.07071067186231006,0.033875338733602385,8.490365793239568e-05,47.794062736600715,380.1072958427876,167.08683576414904
0.8,11.3137085,4.949747468,100.0,20.0,100.0,3.175,257.0,2.62,700.0,148.0,1693.15,0.22,159.0,2.33,1.0,3.0,3.0,0.5,0.5,20.7,232.0,58.0,490.15,0.36,41.6,7.38,50.0,20.0,20.0,109.0,36.0,36.0,2072.0,0.23,360.0,3890.0,1.0,1566.001102,0,40.0,7.3569189456104,0.0,50.0,40.0,1.4999999625000011,0.49999998750000035,50.09999875000003,150.0999962500001,0.250249749005989,0.749750245999006,-17.38,0.6999999999999993,18.08,-6191.191868073049,2.2857138242766966,0.07071067186231006,0.033875338733602385,8.490365793239568e-05,47.794062736600715,380.1072958427876,167.08683576414904
0.8,11.3137085,4.949747468,100.0,47.3,100.0,3.175,257.0,2.62,700.0,148.0,1693.15,0.22,159.0,2.33,1.0,3.0,3.0,0.5,0.5,20.7,232.0,58.0,490.15,0.36,41.6,7.38,50.0,20.0,20.0,109.0,36.0,36.0,2072.0,0.23,360.0,3890.0,1.0,1234.638743,0,40.0,7.119343316169553,0.0,50.0,40.0,1.4999999625000011,1.1824999704375008,118.34999704375007,150.0999962500001,0.44086421888408067,0.5591357773908309,-17.38,0.6999999999999993,18.08,-6191.191868073049,2.2857138242766966,0.07071067186231006,0.033875338733602385,8.490365793239568e-05,47.794062736600715,380.1072958427876,167.08683576414904
0.8,11.3137085,4.949747468,100.0,79.6,100.0,3.175,257.0,2.62,700.0,148.0,1693.15,0.22,159.0,2.33,1.0,3.0,3.0,0.5,0.5,20.7,232.0,58.0,490.15,0.36,41.6,7.38,50.0,20.0,20.0,109.0,36.0,36.0,2072.0,0.23,360.0,3890.0,1.0,1069.311799,0,50.0,6.975705285941525,0.0,50.0,50.0,1.1999999760000006,1.5919999681600006,159.29999681600003,120.09999760000005,0.5701503200771978,0.42984967634370413,-17.38,0.6999999999999993,18.08,-6191.191868073049,2.2857138242766966,0.07071067186231006,0.033875338733602385,8.490365793239568e-05,47.794062736600715,380.1072958427876,167.08683576414904
0.8,11.3137085,4.949747468,100.0,30.0,100.0,3.175,257.0,2.62,700.0,148.0,1693.15,0.22,159.0,2.33,1.0,3.0,3.0,0.5,0.5,20.7,232.0,58.0,490.15,0.36,41.6,7.38,50.0,20.0,20.0,109.0,36.0,36.0,2072.0,0.23,360.0,3890.0,1.0,1400.089046,0,60.0,7.245005103203736,0.0,50.0,60.0,0.9999999833333336,0.4999999916666668,50.09999916666668,100.09999833333336,0.33355525743674797,0.6664447359054623,-17.38,0.6999999999999993,18.08,-6191.191868073049,2.2857138242766966,0.07071067186231006,0.033875338733602385,8.490365793239568e-05,47.794062736600715,380.1072958427876,167.08683576414904
0.8,11.3137085,4.949747468,100.0,40.0,100.0,3.175,257.0,2.62,700.0,148.0,1693.15,0.22,159.0,2.33,1.0,3.0,3.0,0.5,0.5,20.7,232.0,58.0,490.15,0.36,41.6,7.38,50.0,20.0,20.0,109.0,36.0,36.0,2072.0,0.23,360.0,3890.0,1.0,1293.146053,0,80.0,7.165606338088792,0.0,50.0,80.0,0.7499999906250001,0.4999999937500001,50.099999375,75.09999906250002,0.40015974121477516,0.5998402507980043,-17.38,0.6999999999999993,18.08,-6191.191868073049,2.2857138242766966,0.07071067186231006,0.033875338733602385,8.490365793239568e-05,47.794062736600715,380.1072958427876,167.08683576414904
0.8,11.3137085,4.949747468,100.0,47.3,100.0,3.175,257.0,2.62,700.0,148.0,1693.15,0.22,159.0,2.33,1.0,3.0,3.0,0.5,0.5,20.7,232.0,58.0,490.15,0.36,41.6,7.38,50.0,20.0,20.0,109.0,36.0,36.0,2072.0,0.23,360.0,3890.0,1.0,1234.638743,0,80.0,7.119343316169553,0.0,50.0,80.0,0.7499999906250001,0.591249992609375,59.22499926093751,75.09999906250002,0.44090824164704623,0.5590917509083233,-17.38,0.6999999999999993,18.08,-6191.191868073049,2.2857138242766966,0.07071067186231006,0.033875338733602385,8.490365793239568e-05,47.794062736600715,380.1072958427876,167.08683576414904
0.8,11.3137085,4.949747468,100.0,70.0,100.0,3.175,257.0,2.62,700.0,148.0,1693.15,0.22,159.0,2.33,1.0,3.0,3.0,0.5,0.5,20.7,232.0,58.0,490.15,0.36,41.6,7.38,50.0,20.0,20.0,109.0,36.0,36.0,2072.0,0.23,360.0,3890.0,1.0,1107.950785,0,90.0,7.011169608547789,0.0,50.0,90.0,0.6666666592592594,0.7777777691358025,77.87777691358025,66.76666592592593,0.5384083539357478,0.46159163915074775,-17.38,0.6999999999999993,18.08,-6191.191868073049,2.2857138242766966,0.07071067186231006,0.033875338733602385,8.490365793239568e-05,47.794062736600715,380.1072958427876,167.08683576414904
0.8,11.3137085,4.949747468,100.0,70.0,100.0,3.175,257.0,2.62,700.0,148.0,1693.15,0.22,159.0,2.33,1.0,3.0,3.0,0.5,0.5,20.7,232.0,58.0,490.15,0.36,41.6,7.38,50.0,20.0,20.0,109.0,36.0,36.0,2072.0,0.23,360.0,3890.0,1.0,1107.950785,0,100.0,7.011169608547789,0.0,50.0,100.0,0.599999994,0.699999993,70.09999930000001,60.0999994,0.5384024536215111,0.4615975386979974,-17.38,0.6999999999999993,18.08,-6191.191868073049,2.2857138242766966,0.07071067186231006,0.033875338733602385,8.490365793239568e-05,47.794062736600715,380.1072958427876,167.08683576414904
0.8,11.3137085,4.949747468,100.0,60.0,100.0,3.175,257.0,2.62,700.0,148.0,1693.15,0.22,159.0,2.33,1.0,3.0,3.0,0.5,0.5,20.7,232.0,58.0,490.15,0.36,41.6,7.38,50.0,20.0,20.0,109.0,36.0,36.0,2072.0,0.23,360.0,3890.0,1.0,1156.141985,0,120.0,7.0537084379012285,0.0,50.0,120.0,0.4999999958333334,0.4999999958333334,50.09999958333333,50.09999958333333,0.49999999500998005,0.49999999500998005,-17.38,0.6999999999999993,18.08,-6191.191868073049,2.2857138242766966,0.07071067186231006,0.033875338733602385,8.490365793239568e-05,47.794062736600715,380.1072958427876,167.08683576414904
0.8,11.3137085,4.949747468,100.0,70.0,100.0,3.175,257.0,2.62,700.0,148.0,1693.15,0.22,159.0,2.33,1.0,3.0,3.0,0.5,0.5,20.7,232.0,58.0,490.15,0.36,41.6,7.38,50.0,20.0,20.0,109.0,36.0,36.0,2072.0,0.23,360.0,3890.0,1.0,1107.950785,0,140.0,7.011169608547789,0.0,50.0,140.0,0.4285714255102041,0.49999999642857146,50.09999964285714,42.95714255102041,0.5383788704804484,0.4616211187734663,-17.38,0.6999999999999993,18.08,-6191.191868073049,2.2857138242766966,0.07071067186231006,0.033875338733602385,8.490365793239568e-05,47.794062736600715,380.1072958427876,167.08683576414904
0.8,11.3137085,4.949747468,100.0,120.0,100.0,3.175,257.0,2.62,700.0,148.0,1693.15,0.22,159.0,2.33,1.0,3.0,3.0,0.5,0.5,20.7,232.0,58.0,490.15,0.36,41.6,7.38,50.0,20.0,20.0,109.0,36.0,36.0,2072.0,0.23,360.0,3890.0,1.0,954.6994844,0,240.0,6.862443516772145,0.0,50.0,240.0,0.24999999895833333,0.49999999791666666,50.09999979166666,25.09999989583333,0.6662233953941235,0.33377659130800436,-17.38,0.6999999999999993,18.08,-6191.191868073049,2.2857138242766966,0.07071067186231006,0.033875338733602385,8.490365793239568e-05,47.794062736600715,380.1072958427876,167.08683576414904
0.8,11.3137085,4.949747468,100.0,310.0,100.0,3.175,257.0,2.62,700.0,148.0,1693.15,0.22,159.0,2.33,1.0,3.0,3.0,0.5,0.5,20.7,232.0,58.0,490.15,0.36,41.6,7.38,50.0,20.0,20.0,109.0,36.0,36.0,2072.0,0.23,360.0,3890.0,1.0,734.5518356,0,720.0,6.600621014240656,0.0,50.0,720.0,0.08333333321759259,0.4305555549575617,43.15555549575617,8.433333321759259,0.8365280906103939,0.1634718900055876,-17.38,0.6999999999999993,18.08,-6191.191868073049,2.2857138242766966,0.07071067186231006,0.033875338733602385,8.490365793239568e-05,47.794062736600715,380.1072958427876,167.08683576414904
0.8,11.3137085,4.949747468,100.0,11.0,100.0,3.175,257.0,2.62,700.0,148.0,1693.15,0.22,159.0,2.33,1.0,3.0,3.0,0.5,0.5,20.7,232.0,58.0,490.15,0.36,41.6,7.38,50.0,20.0,20.0,109.0,36.0,36.0,2072.0,0.23,360.0,3890.0,1.0,1847.157334,1,,7.52194438602353,0.0,50.0,,,,0.1,142.9571394557824,0.0006990213818156743,0.9993009716279706,-17.38,0.6999999999999993,18.08,-6191.191868073049,2.2857138242766966,0.07071067186231006,0.033875338733602385,8.490365793239568e-05,47.794062736600715,380.1072958427876,167.08683576414904
0.8,11.3137085,4.949747468,100.0,31.0,100.0,3.175,257.0,2.62,700.0,148.0,1693.15,0.22,159.0,2.33,1.0,3.0,3.0,0.5,0.5,20.7,232.0,58.0,490.15,0.36,41.6,7.38,50.0,20.0,20.0,109.0,36.0,36.0,2072.0,0.23,360.0,3890.0,1.0,1387.466316,1,,7.2359550471799965,0.0,50.0,,,,0.1,142.9571394557824,0.0006990213818156743,0.9993009716279706,-17.38,0.6999999999999993,18.08,-6191.191868073049,2.2857138242766966,0.07071067186231006,0.033875338733602385,8.490365793239568e-05,47.794062736600715,380.1072958427876,167.08683576414904
0.8,11.3137085,4.949747468,100.0,61.0,100.0,3.175,257.0,2.62,700.0,148.0,1693.15,0.22,159.0,2.33,1.0,3.0,3.0,0.5,0.5,20.7,232.0,58.0,490.15,0.36,41.6,7.38,50.0,20.0,20.0,109.0,36.0,36.0,2072.0,0.23,360.0,3890.0,1.0,1150.875773,1,,7.049146999503623,0.0,50.0,,,,0.1,142.9571394557824,0.0006990213818156743,0.9993009716279706,-17.38,0.6999999999999993,18.08,-6191.191868073049,2.2857138242766966,0.07071067186231006,0.033875338733602385,8.490365793239568e-05,47.794062736600715,380.1072958427876,167.08683576414904
0.8,11.3137085,4.949747468,125.0,44.8,100.0,3.175,257.0,2.62,700.0,148.0,1693.15,0.22,159.0,2.33,1.0,3.0,3.0,0.5,0.5,20.7,232.0,58.0,490.15,0.36,41.6,7.38,50.0,20.0,20.0,109.0,36.0,36.0,2072.0,0.23,360.0,3890.0,1.0,911.5945838,0,40.0,6.816291733564448,-25.0,37.5,40.0,1.4999999625000011,1.1199999720000007,112.09999720000006,187.62499531250012,0.3740095074698029,0.6259904891938053,-17.38,0.6999999999999993,18.08,-7738.98983509131,2.2857138242766966,0.07071067186231006,0.033875338733602385,8.490365793239568e-05,47.794062736600715,380.1072958427876,167.08683576414904
0.8,11.3137085,4.949747468,75.0,44.8,75.0,3.175,257.0,2.62,700.0,148.0,1693.15,0.22,159.0,2.33,1.0,3.0,3.0,0.5,0.5,20.7,232.0,58.0,490.15,0.36,41.6,7.38,50.0,20.0,20.0,109.0,36.0,36.0,2072.0,0.23,360.0,3890.0,1.0,3130.709808,0,40.0,8.049334398922781,0.0,37.5,40.0,1.4999999625000011,1.1199999720000007,84.07499790000004,112.57499718750007,0.4275362297113425,0.5724637652034807,-17.38,0.6999999999999993,18.08,-4643.3939010547865,2.2857138242766966,0.07071067186231006,0.033875338733602385,8.490365793239568e-05,47.794062736600715,380.1072958427876,167.08683576414904
0.8,11.3137085,4.949747468,60.0,16.0,60.0,3.175,257.0,2.62,700.0,148.0,1693.15,0.22,159.0,2.33,1.0,3.0,3.0,0.5,0.5,20.7,232.0,58.0,490.15,0.36,41.6,7.38,50.0,20.0,20.0,109.0,36.0,36.0,2072.0,0.23,360.0,3890.0,1.0,8031.796336,0,40.0,8.991287982435255,0.0,30.0,40.0,1.4999999625000011,0.39999999000000025,24.059999400000017,90.05999775000006,0.2108307026817105,0.7891692885555835,-17.38,0.6999999999999993,18.08,-3714.715120843829,2.2857138242766966,0.07071067186231006,0.033875338733602385,8.490365793239568e-05,47.794062736600715,380.1072958427876,167.08683576414904
0.8,11.3137085,4.949747468,140.0,16.0,100.0,3.175,257.0,2.62,700.0,148.0,1693.15,0.22,159.0,2.33,1.0,3.0,3.0,0.5,0.5,20.7,232.0,58.0,490.15,0.36,41.6,7.38,50.0,20.0,20.0,109.0,36.0,36.0,2072.0,0.23,360.0,3890.0,1.0,1030.605257,0,40.0,6.9388713699616344,-40.0,30.0,40.0,1.4999999625000011,0.39999999000000025,40.099999000000025,210.13999475000014,0.16024616304864273,0.8397538329551936,-17.38,0.6999999999999993,18.08,-8667.668615302267,2.2857138242766966,0.07071067186231006,0.033875338733602385,8.490365793239568e-05,47.794062736600715,380.1072958427876,167.08683576414904
0.8,11.3137085,4.949747468,150.0,25.0,125.0,3.175,257.0,2.62,700.0,148.0,1693.15,0.22,159.0,2.33,1.0,3.0,3.0,0.5,0.5,20.7,232.0,58.0,490.15,0.36,41.6,7.38,50.0,20.0,20.0,109.0,36.0,36.0,2072.0,0.23,360.0,3890.0,1.0,530.8947548,0,40.0,6.276445640447534,-25.0,50.0,40.0,1.4999999625000011,0.6249999843750005,78.24999804687506,225.14999437500015,0.2579103485281527,0.7420896481758684,-17.38,0.6999999999999993,18.08,-9286.787802109573,2.2857138242766966,0.07071067186231006,0.033875338733602385,8.490365793239568e-05,47.794062736600715,380.1072958427876,167.08683576414904
0.8,11.3137085,4.949747468,100.0,15.0,60.0,3.175,257.0,2.62,700.0,148.0,1693.15,0.22,159.0,2.33,1.0,3.0,3.0,0.5,0.5,20.7,232.0,58.0,490.15,0.36,41.6,7.38,50.0,20.0,20.0,109.0,36.0,36.0,2072.0,0.23,360.0,3890.0,1.0,3945.161577,0,30.0,8.280498632779226,-40.0,10.0,30.0,1.9999999333333356,0.4999999833333339,30.05999900000003,200.09999333333357,0.1306047961014018,0.8693951995537945,-17.38,0.6999999999999993,18.08,-6191.191868073049,2.2857138242766966,0.07071067186231006,0.033875338733602385,8.490365793239568e-05,47.794062736600715,380.1072958427876,167.08683576414904
0.8,6.363961031,4.949747468,100.0,47.3,100.0,3.175,191.0,2.62,700.0,148.0,1693.15,0.22,159.0,2.33,1.0,3.0,3.0,0.5,0.5,20.7,232.0,58.0,490.15,0.36,41.6,7.38,50.0,20.0,20.0,109.0,36.0,36.0,2072.0,0.23,360.0,3890.0,1.0,1067.0,0,40.0,6.9735430195201396,0.0,50.0,40.0,1.4999999625000011,1.1824999704375008,118.34999704375007,150.0999962500001,0.44086421888408067,0.5591357773908309,-17.38,0.6999999999999993,18.08,-3482.5454256542826,1.285714026105134,0.1257078524515163,0.033875338733602385,8.490365793239568e-05,47.794062736600715,380.1072958427876,167.08683576414904
0.8,6.363961031,4.949747468,165.0,30.0,125.0,3.175,191.0,2.62,700.0,148.0,1693.15,0.22,159.0,2.33,1.0,3.0,3.0,0.5,0.5,20.7,232.0,58.0,490.15,0.36,41.6,7.38,50.0,20.0,20.0,109.0,36.0,36.0,2072.0,0.23,360.0,3890.0,1.0,287.5513644,0,60.0,5.664873109615732,-40.0,42.5,60.0,0.9999999833333336,0.4999999916666668,62.62499895833334,165.16499725000006,0.27492427115251,0.7250757244574816,-17.38,0.6999999999999993,18.08,-5746.199952329565,1.285714026105134,0.1257078524515163,0.033875338733602385,8.490365793239568e-05,47.794062736600715,380.1072958427876,167.08683576414904
0.8,6.363961031,4.949747468,165.0,21.0,125.0,3.175,191.0,2.62,700.0,148.0,1693.15,0.22,159.0,2.33,1.0,3.0,3.0,0.5,0.5,20.7,232.0,58.0,490.15,0.36,41.6,7.38,50.0,20.0,20.0,109.0,36.0,36.0,2072.0,0.23,360.0,3890.0,1.0,317.3213944,0,42.0,5.763061546606691,-40.0,42.5,42.0,1.428571394557824,0.49999998809523843,62.6249985119048,235.87928010204095,0.20979598213096787,0.7902040145189964,-17.38,0.6999999999999993,18.08,-5746.199952329565,1.285714026105134,0.1257078524515163,0.033875338733602385,8.490365793239568e-05,47.794062736600715,380.1072958427876,167.08683576414904
0.8,6.363961031,4.949747468,165.0,120.0,125.0,3.175,191.0,2.62,700.0,148.0,1693.15,0.22,159.0,2.33,1.0,3.0,3.0,0.5,0.5,20.7,232.0,58.0,490.15,0.36,41.6,7.38,50.0,20.0,20.0,109.0,36.0,36.0,2072.0,0.23,360.0,3890.0,1.0,196.076914,0,240.0,5.283594078937374,-40.0,42.5,240.0,0.24999999895833333,0.49999999791666666,62.62499973958332,41.414999828125,0.6019319434627216,0.3980680469255907,-17.38,0.6999999999999993,18.08,-5746.199952329565,1.285714026105134,0.1257078524515163,0.033875338733602385,8.490365793239568e-05,47.794062736600715,380.1072958427876,167.08683576414904
0.8,6.363961031,4.949747468,180.0,15.0,125.0,3.175,191.0,2.62,700.0,148.0,1693.15,0.22,159.0,2.33,1.0,3.0,3.0,0.5,0.5,20.7,232.0,58.0,490.15,0.36,41.6,7.38,50.0,20.0,20.0,109.0,36.0,36.0,2072.0,0.23,360.0,3890.0,1.0,307.5748044,0,30.0,5.731964291748239,-55.0,35.0,30.0,1.9999999333333356,0.4999999833333339,62.62499791666673,360.17998800000044,0.1481179263597707,0.8518820712750726,-17.38,0.6999999999999993,18.08,-6268.581766177707,1.285714026105134,0.1257078524515163,0.033875338733602385,8.490365793239568e-05,47.794062736600715,380.1072958427876,167.08683576414904
0.8,6.363961031,4.949747468,100.0,15.0,100.0,3.175,191.0,2.62,700.0,148.0,1693.15,0.22,159.0,2.33,1.0,3.0,3.0,0.5,0.5,20.7,232.0,58.0,490.15,0.36,41.6,7.38,50.0,20.0,20.0,109.0,36.0,36.0,2072.0,0.23,360.0,3890.0,1.0,1106.43984,0,30.0,7.009806179902116,0.0,50.0,30.0,1.9999999333333356,0.4999999833333339,50.09999833333338,200.09999333333357,0.20023980736114538,0.7997601886420519,-17.38,0.6999999999999993,18.08,-3482.5454256542826,1.285714026105134,0.1257078524515163,0.033875338733602385,8.490365793239568e-05,47.794062736600715,380.1072958427876,167.08683576414904
0.8,6.363961031,4.949747468,100.0,38.65,100.0,3.175,191.0,2.62,700.0,148.0,1693.15,0.22,159.0,2.33,1.0,3.0,3.0,0.5,0.5,20.7,232.0,58.0,490.15,0.36,41.6,7.38,50.0,20.0,20.0,109.0,36.0,36.0,2072.0,0.23,360.0,3890.0,1.0,851.9096145,0,30.0,6.748653579978141,0.0,50.0,30.0,1.9999999333333356,1.2883332903888902,128.933329038889,200.09999333333357,0.3918549273899281,0.608145069570866,-17.38,0.6999999999999993,18.08,-3482.5454256542826,1.285714026105134,0.1257078524515163,0.033875338733602385,8.490365793239568e-05,47.794062736600715,380.1072958427876,167.08683576414904
0.8,6.363961031,4.949747468,100.0,20.0,100.0,3.175,191.0,2.62,700.0,148.0,1693.15,0.22,159.0,2.33,1.0,3.0,3.0,0.5,0.5,20.7,232.0,58.0,490.15,0.36,41.6,7.38,50.0,20.0,20.0,109.0,36.0,36.0,2072.0,0.23,360.0,3890.0,1.0,1021.926653,0,40.0,6.930423065433992,0.0,50.0,40.0,1.4999999625000011,0.49999998750000035,50.09999875000003,150.0999962500001,0.250249749005989,0.749750245999006,-17.38,0.6999999999999993,18.08,-3482.5454256542826,1.285714026105134,0.1257078524515163,0.033875338733602385,8.490365793239568e-05,47.794062736600715,380.1072958427876,167.08683576414904
0.8,6.363961031,4.949747468,100.0,47.3,100.0,3.175,191.0,2.62,700.0,148.0,1693.15,0.22,159.0,2.33,1.0,3.0,3.0,0.5,0.5,20.7,232.0,58.0,490.15,0.36,41.6,7.38,50.0,20.0,20.0,109.0,36.0,36.0,2072.0,0.23,360.0,3890.0,1.0,805.6892406,0,40.0,6.692938514305947,0.0,50.0,40.0,1.4999999625000011,1.1824999704375008,118.34999704375007,150.0999962500001,0.44086421888408067,0.5591357773908309,-17.38,0.6999999999999993,18.08,-3482.5454256542826,1.285714026105134,0.1257078524515163,0.033875338733602385,8.490365793239568e-05,47.794062736600715,380.1072958427876,167.08683576414904
0.8,6.363961031,4.949747468,100.0,79.6,100.0,3.175,191.0,2.62,700.0,148.0,1693.15,0.22,159.0,2.33,1.0,3.0,3.0,0.5,0.5,20.7,232.0,58.0,490.15,0.36,41.6,7.38,50.0,20.0,20.0,109.0,36.0,36.0,2072.0,0.23,360.0,3890.0,1.0,697.8016978,0,50.0,6.549367007850539,0.0,50.0,50.0,1.1999999760000006,1.5919999681600006,159.29999681600003,120.09999760000005,0.5701503200771978,0.42984967634370413,-17.38,0.6999999999999993,18.08,-3482.5454256542826,1.285714026105134,0.1257078524515163,0.033875338733602385,8.490365793239568e-05,47.794062736600715,380.1072958427876,167.08683576414904
0.8,6.363961031,4.949747468,100.0,30.0,100.0,3.175,191.0,2.62,700.0,148.0,1693.15,0.22,159.0,2.33,1.0,3.0,3.0,0.5,0.5,20.7,232.0,58.0,490.15,0.36,41.6,7.38,50.0,20.0,20.0,109.0,36.0,36.0,2072.0,0.23,360.0,3890.0,1.0,913.6572831,0,60.0,6.818549441123584,0.0,50.0,60.0,0.9999999833333336,0.4999999916666668,50.09999916666668,100.09999833333336,0.33355525743674797,0.6664447359054623,-17.38,0.6999999999999993,18.08,-3482.5454256542826,1.285714026105134,0.1257078524515163,0.033875338733602385,8.490365793239568e-05,47.794062736600715,380.1072958427876,167.08683576414904
0.8,6.363961031,4.949747468,100.0,40.0,100.0,3.175,191.0,2.62,700.0,148.0,1693.15,0.22,159.0,2.33,1.0,3.0,3.0,0.5,0.5,20.7,232.0,58.0,490.15,0.36,41.6,7.38,50.0,20.0,20.0,109.0,36.0,36.0,2072.0,0.23,360.0,3890.0,1.0,843.8694048,0,80.0,6.739182064880465,0.0,50.0,80.0,0.7499999906250001,0.4999999937500001,50.099999375,75.09999906250002,0.40015974121477516,0.5998402507980043,-17.38,0.6999999999999993,18.08,-3482.5454256542826,1.285714026105134,0.1257078524515163,0.033875338733602385,8.490365793239568e-05,47.794062736600715,380.1072958427876,167.08683576414904
0.8,6.363961031,4.949747468,100.0,47.3,100.0,3.175,191.0,2.62,700.0,148.0,1693.15,0.22,159.0,2.33,1.0,3.0,3.0,0.5,0.5,20.7,232.0,58.0,490.15,0.36,41.6,7.38,50.0,20.0,20.0,109.0,36.0,36.0,2072.0,0.23,360.0,3890.0,1.0,805.6892406,0,80.0,6.692938514305947,0.0,50.0,80.0,0.7499999906250001,0.591249992609375,59.22499926093751,75.09999906250002,0.44090824164704623,0.5590917509083233,-17.38,0.6999999999999993,18.08,-3482.5454256542826,1.285714026105134,0.1257078524515163,0.033875338733602385,8.490365793239568e-05,47.794062736600715,380.1072958427876,167.08683576414904
0.8,6.363961031,4.949747468,100.0,70.0,100.0,3.175,191.0,2.62,700.0,148.0,1693.15,0.22,159.0,2.33,1.0,3.0,3.0,0.5,0.5,20.7,232.0,58.0,490.15,0.36,41.6,7.38,50.0,20.0,20.0,109.0,36.0,36.0,2072.0,0.23,360.0,3890.0,1.0,723.0163734,0,90.0,6.5848140073233665,0.0,50.0,90.0,0.6666666592592594,0.7777777691358025,77.87777691358025,66.76666592592593,0.5384083539357478,0.46159163915074775,-17.38,0.6999999999999993,18.08,-3482.5454256542826,1.285714026105134,0.1257078524515163,0.033875338733602385,8.490365793239568e-05,47.794062736600715,380.1072958427876,167.08683576414904
0.8,6.363961031,4.949747468,100.0,70.0,100.0,3.175,191.0,2.62,700.0,148.0,1693.15,0.22,159.0,2.33,1.0,3.0,3.0,0.5,0.5,20.7,232.0,58.0,490.15,0.36,41.6,7.38,50.0,20.0,20.0,109.0,36.0,36.0,2072.0,0.23,360.0,3890.0,1.0,723.0163734,0,100.0,6.5848140073233665,0.0,50.0,100.0,0.599999994,0.699999993,70.09999930000001,60.0999994,0.5384024536215111,0.4615975386979974,-17.38,0.6999999999999993,18.08,-3482.5454256542826,1.285714026105134,0.1257078524515163,0.033875338733602385,8.490365793239568e-05,47.794062736600715,380.1072958427876,167.08683576414904
0.8,6.363961031,4.949747468,100.0,60.0,100.0,3.175,191.0,2.62,700.0,148.0,1693.15,0.22,159.0,2.33,1.0,3.0,3.0,0.5,0.5,20.7,232.0,58.0,490.15,0.36,41.6,7.38,50.0,20.0,20.0,109.0,36.0,36.0,2072.0,0.23,360.0,3890.0,1.0,754.4645453,0,120.0,6.627332851822723,0.0,50.0,120.0,0.4999999958333334,0.4999999958333334,50.09999958333333,50.09999958333333,0.49999999500998005,0.49999999500998005,-17.38,0.6999999999999993,18.08,-3482.5454256542826,1.285714026105134,0.1257078524515163,0.033875338733602385,8.490365793239568e-05,47.794062736600715,380.1072958427876,167.08683576414904
0.8,6.363961031,4.949747468,100.0,70.0,100.0,3.175,191.0,2.62,700.0,148.0,1693.15,0.22,159.0,2.33,1.0,3.0,3.0,0.5,0.5,20.7,232.0,58.0,490.15,0.36,41.6,7.38,50.0,20.0,20.0,109.0,36.0,36.0,2072.0,0.23,360.0,3890.0,1.0,723.0163734,0,140.0,6.5848140073233665,0.0,50.0,140.0,0.4285714255102041,0.49999999642857146,50.09999964285714,42.95714255102041,0.5383788704804484,0.4616211187734663,-17.38,0.6999999999999993,18.08,-3482.5454256542826,1.285714026105134,0.1257078524515163,0.033875338733602385,8.490365793239568e-05,47.794062736600715,380.1072958427876,167.08683576414904
0.8,6.363961031,4.949747468,100.0,120.0,100.0,3.175,191.0,2.62,700.0,148.0,1693.15,0.22,159.0,2.33,1.0,3.0,3.0,0.5,0.5,20.7,232.0,58.0,490.15,0.36,41.6,7.38,50.0,20.0,20.0,109.0,36.0,36.0,2072.0,0.23,360.0,3890.0,1.0,623.0090436,0,240.0,6.436164861213124,0.0,50.0,240.0,0.24999999895833333,0.49999999791666666,50.09999979166666,25.09999989583333,0.6662233953941235,0.33377659130800436,-17.38,0.6999999999999993,18.08,-3482.5454256542826,1.285714026105134,0.1257078524515163,0.033875338733602385,8.490365793239568e-05,47.794062736600715,380.1072958427876,167.08683576414904
0.8,6.363961031,4.949747468,100.0,310.0,100.0,3.175,191.0,2.62,700.0,148.0,1693.15,0.22,159.0,2.33,1.0,3.0,3.0,0.5,0.5,20.7,232.0,58.0,490.15,0.36,41.6,7.38,50.0,20.0,20.0,109.0,36.0,36.0,2072.0,0.23,360.0,3890.0,1.0,479.3471077,0,720.0,6.174508983603103,0.0,50.0,720.0,0.08333333321759259,0.4305555549575617,43.15555549575617,8.433333321759259,0.8365280906103939,0.1634718900055876,-17.38,0.6999999999999993,18.08,-3482.5454256542826,1.285714026105134,0.1257078524515163,0.033875338733602385,8.490365793239568e-05,47.794062736600715,380.1072958427876,167.08683576414904
0.8,6.363961031,4.949747468,100.0,11.0,100.0,3.175,191.0,2.62,700.0,148.0,1693.15,0.22,159.0,2.33,1.0,3.0,3.0,0.5,0.5,20.7,232.0,58.0,490.15,0.36,41.6,7.38,50.0,20.0,20.0,109.0,36.0,36.0,2072.0,0.23,360.0,3890.0,1.0,1205.401011,1,,7.095396835283844,0.0,50.0,,,,0.1,142.9571394557824,0.0006990213818156743,0.9993009716279706,-17.38,0.6999999999999993,18.08,-3482.5454256542826,1.285714026105134,0.1257078524515163,0.033875338733602385,8.490365793239568e-05,47.794062736600715,380.1072958427876,167.08683576414904
0.8,6.363961031,4.949747468,100.0,31.0,100.0,3.175,191.0,2.62,700.0,148.0,1693.15,0.22,159.0,2.33,1.0,3.0,3.0,0.5,0.5,20.7,232.0,58.0,490.15,0.36,41.6,7.38,50.0,20.0,20.0,109.0,36.0,36.0,2072.0,0.23,360.0,3890.0,1.0,905.4200579,1,,6.809502838661359,0.0,50.0,,,,0.1,142.9571394557824,0.0006990213818156743,0.9993009716279706,-17.38,0.6999999999999993,18.08,-3482.5454256542826,1.285714026105134,0.1257078524515163,0.033875338733602385,8.490365793239568e-05,47.794062736600715,380.1072958427876,167.08683576414904
0.8,6.363961031,4.949747468,100.0,61.0,100.0,3.175,191.0,2.62,700.0,148.0,1693.15,0.22,159.0,2.33,1.0,3.0,3.0,0.5,0.5,20.7,232.0,58.0,490.15,0.36,41.6,7.38,50.0,20.0,20.0,109.0,36.0,36.0,2072.0,0.23,360.0,3890.0,1.0,751.0279686,1,,6.6227735155454575,0.0,50.0,,,,0.1,142.9571394557824,0.0006990213818156743,0.9993009716279706,-17.38,0.6999999999999993,18.08,-3482.5454256542826,1.285714026105134,0.1257078524515163,0.033875338733602385,8.490365793239568e-05,47.794062736600715,380.1072958427876,167.08683576414904
0.8,6.363961031,4.949747468,125.0,44.8,100.0,3.175,191.0,2.62,700.0,148.0,1693.15,0.22,159.0,2.33,1.0,3.0,3.0,0.5,0.5,20.7,232.0,58.0,490.15,0.36,41.6,7.38,50.0,20.0,20.0,109.0,36.0,36.0,2072.0,0.23,360.0,3890.0,1.0,594.8800424,0,40.0,6.390039375666656,-25.0,37.5,40.0,1.4999999625000011,1.1199999720000007,112.09999720000006,187.62499531250012,0.3740095074698029,0.6259904891938053,-17.38,0.6999999999999993,18.08,-4353.181782067853,1.285714026105134,0.1257078524515163,0.033875338733602385,8.490365793239568e-05,47.794062736600715,380.1072958427876,167.08683576414904
0.8,6.363961031,4.949747468,75.0,44.8,75.0,3.175,191.0,2.62,700.0,148.0,1693.15,0.22,159.0,2.33,1.0,3.0,3.0,0.5,0.5,20.7,232.0,58.0,490.15,0.36,41.6,7.38,50.0,20.0,20.0,109.0,36.0,36.0,2072.0,0.23,360.0,3890.0,1.0,2043.009926,0,40.0,7.622668807476187,0.0,37.5,40.0,1.4999999625000011,1.1199999720000007,84.07499790000004,112.57499718750007,0.4275362297113425,0.5724637652034807,-17.38,0.6999999999999993,18.08,-2611.9090692407117,1.285714026105134,0.1257078524515163,0.033875338733602385,8.490365793239568e-05,47.794062736600715,380.1072958427876,167.08683576414904
0.8,6.363961031,4.949747468,60.0,16.0,60.0,3.175,191.0,2.62,700.0,148.0,1693.15,0.22,159.0,2.33,1.0,3.0,3.0,0.5,0.5,20.7,232.0,58.0,490.15,0.36,41.6,7.38,50.0,20.0,20.0,109.0,36.0,36.0,2072.0,0.23,360.0,3890.0,1.0,5241.316074,0,40.0,8.564518678517329,0.0,30.0,40.0,1.4999999625000011,0.39999999000000025,24.059999400000017,90.05999775000006,0.2108307026817105,0.7891692885555835,-17.38,0.6999999999999993,18.08,-2089.5272553925693,1.285714026105134,0.1257078524515163,0.033875338733602385,8.490365793239568e-05,47.794062736600715,380.1072958427876,167.08683576414904
0.8,6.363961031,4.949747468,140.0,16.0,100.0,3.175,191.0,2.62,700.0,148.0,1693.15,0.22,159.0,2.33,1.0,3.0,3.0,0.5,0.5,20.7,232.0,58.0,490.15,0.36,41.6,7.38,50.0,20.0,20.0,109.0,36.0,36.0,2072.0,0.23,360.0,3890.0,1.0,672.5429371,0,40.0,6.512551746008386,-40.0,30.0,40.0,1.4999999625000011,0.39999999000000025,40.099999000000025,210.13999475000014,0.16024616304864273,0.8397538329551936,-17.38,0.6999999999999993,18.08,-4875.563595915995,1.285714026105134,0.1257078524515163,0.033875338733602385,8.490365793239568e-05,47.794062736600715,380.1072958427876,167.08683576414904
0.8,6.363961031,4.949747468,150.0,25.0,125.0,3.175,191.0,2.62,700.0,148.0,1693.15,0.22,159.0,2.33,1.0,3.0,3.0,0.5,0.5,20.7,232.0,58.0,490.15,0.36,41.6,7.38,50.0,20.0,20.0,109.0,36.0,36.0,2072.0,0.23,360.0,3890.0,1.0,346.4464356,0,40.0,5.85061051096545,-25.0,50.0,40.0,1.4999999625000011,0.6249999843750005,78.24999804687506,225.14999437500015,0.2579103485281527,0.7420896481758684,-17.38,0.6999999999999993,18.08,-5223.818138481423,1.285714026105134,0.1257078524515163,0.033875338733602385,8.490365793239568e-05,47.794062736600715,380.1072958427876,167.08683576414904
0.8,6.363961031,4.949747468,100.0,15.0,60.0,3.175,191.0,2.62,700.0,148.0,1693.15,0.22,159.0,2.33,1.0,3.0,3.0,0.5,0.5,20.7,232.0,58.0,490.15,0.36,41.6,7.38,50.0,20.0,20.0,109.0,36.0,36.0,2072.0,0.23,360.0,3890.0,1.0,2574.4974,0,30.0,7.8537979594924145,-40.0,10.0,30.0,1.9999999333333356,0.4999999833333339,30.05999900000003,200.09999333333357,0.1306047961014018,0.8693951995537945,-17.38,0.6999999999999993,18.08,-3482.5454256542826,1.285714026105134,0.1257078524515163,0.033875338733602385,8.490365793239568e-05,47.794062736600715,380.1072958427876,167.08683576414904
0.8,6.363961031,4.949747468,75.0,44.8,100.0,3.175,191.0,2.62,700.0,148.0,1693.15,0.22,159.0,2.33,1.0,3.0,3.0,0.5,0.5,20.7,232.0,58.0,490.15,0.36,41.6,7.38,50.0,20.0,20.0,109.0,36.0,36.0,2072.0,0.23,360.0,3890.0,1.0,2306.0,0,40.0,7.7437032581737535,25.0,62.5,40.0,1.4999999625000011,1.1199999720000007,112.09999720000006,112.57499718750007,0.4989429153282483,0.5010570802208781,-17.38,0.6999999999999993,18.08,-2611.9090692407117,1.285714026105134,0.1257078524515163,0.033875338733602385,8.490365793239568e-05,47.794062736600715,380.1072958427876,167.08683576414904
0.8,6.363961031,4.949747468,165.0,30.0,125.0,3.175,191.0,2.62,700.0,148.0,1693.15,0.22,159.0,2.33,1.0,3.0,3.0,0.5,0.5,20.7,232.0,58.0,490.15,0.36,41.6,7.38,50.0,20.0,20.0,109.0,36.0,36.0,2072.0,0.23,360.0,3890.0,1.0,406.124374,0,60.0,6.0091187259839165,-40.0,42.5,60.0,0.9999999833333336,0.4999999916666668,62.62499895833334,165.16499725000006,0.27492427115251,0.7250757244574816,-17.38,0.6999999999999993,18.08,-5746.199952329565,1.285714026105134,0.1257078524515163,0.033875338733602385,8.490365793239568e-05,47.794062736600715,380.1072958427876,167.08683576414904
0.8,6.363961031,4.949747468,165.0,21.0,125.0,3.175,191.0,2.62,700.0,148.0,1693.15,0.22,159.0,2.33,1.0,3.0,3.0,0.5,0.5,20.7,232.0,58.0,490.15,0.36,41.6,7.38,50.0,20.0,20.0,109.0,36.0,36.0,2072.0,0.23,360.0,3890.0,1.0,448.1702005,0,42.0,6.107401881616561,-40.0,42.5,42.0,1.428571394557824,0.49999998809523843,62.6249985119048,235.87928010204095,0.20979598213096787,0.7902040145189964,-17.38,0.6999999999999993,18.08,-5746.199952329565,1.285714026105134,0.1257078524515163,0.033875338733602385,8.490365793239568e-05,47.794062736600715,380.1072958427876,167.08683576414904
0.8,6.363961031,4.949747468,165.0,120.0,125.0,3.175,191.0,2.62,700.0,148.0,1693.15,0.22,159.0,2.33,1.0,3.0,3.0,0.5,0.5,20.7,232.0,58.0,490.15,0.36,41.6,7.38,50.0,20.0,20.0,109.0,36.0,36.0,2072.0,0.23,360.0,3890.0,1.0,276.9300508,0,240.0,5.627369466202725,-40.0,42.5,240.0,0.24999999895833333,0.49999999791666666,62.62499973958332,41.414999828125,0.6019319434627216,0.3980680469255907,-17.38,0.6999999999999993,18.08,-5746.199952329565,1.285714026105134,0.1257078524515163,0.033875338733602385,8.490365793239568e-05,47.794062736600715,380.1072958427876,167.08683576414904
0.8,6.363961031,4.949747468,180.0,15.0,125.0,3.175,191.0,2.62,700.0,148.0,1693.15,0.22,159.0,2.33,1.0,3.0,3.0,0.5,0.5,20.7,232.0,58.0,490.15,0.36,41.6,7.38,50.0,20.0,20.0,109.0,36.0,36.0,2072.0,0.23,360.0,3890.0,1.0,434.4045633,0,30.0,6.07627562945292,-55.0,35.0,30.0,1.9999999333333356,0.4999999833333339,62.62499791666673,360.17998800000044,0.1481179263597707,0.8518820712750726,-17.38,0.6999999999999993,18.08,-6268.581766177707,1.285714026105134,0.1257078524515163,0.033875338733602385,8.490365793239568e-05,47.794062736600715,380.1072958427876,167.08683576414904
0.8,6.363961031,4.949747468,100.0,15.0,100.0,3.175,191.0,2.62,700.0,148.0,1693.15,0.22,159.0,2.33,1.0,3.0,3.0,0.5,0.5,20.7,232.0,58.0,490.15,0.36,41.6,7.38,50.0,20.0,20.0,109.0,36.0,36.0,2072.0,0.23,360.0,3890.0,1.0,1562.684943,0,30.0,7.354800457718241,0.0,50.0,30.0,1.9999999333333356,0.4999999833333339,50.09999833333338,200.09999333333357,0.20023980736114538,0.7997601886420519,-17.38,0.6999999999999993,18.08,-3482.5454256542826,1.285714026105134,0.1257078524515163,0.033875338733602385,8.490365793239568e-05,47.794062736600715,380.1072958427876,167.08683576414904
0.8,6.363961031,4.949747468,100.0,38.65,100.0,3.175,191.0,2.62,700.0,148.0,1693.15,0.22,159.0,2.33,1.0,3.0,3.0,0.5,0.5,20.7,232.0,58.0,490.15,0.36,41.6,7.38,50.0,20.0,20.0,109.0,36.0,36.0,2072.0,0.23,360.0,3890.0,1.0,1203.198112,0,30.0,7.0935691571832455,0.0,50.0,30.0,1.9999999333333356,1.2883332903888902,128.933329038889,200.09999333333357,0.3918549273899281,0.608145069570866,-17.38,0.6999999999999993,18.08,-3482.5454256542826,1.285714026105134,0.1257078524515163,0.033875338733602385,8.490365793239568e-05,47.794062736600715,380.1072958427876,167.08683576414904
0.8,6.363961031,4.949747468,100.0,20.0,100.0,3.175,191.0,2.62,700.0,148.0,1693.15,0.22,159.0,2.33,1.0,3.0,3.0,0.5,0.5,20.7,232.0,58.0,490.15,0.36,41.6,7.38,50.0,20.0,20.0,109.0,36.0,36.0,2072.0,0.23,360.0,3890.0,1.0,1443.322389,0,40.0,7.2753955556140575,0.0,50.0,40.0,1.4999999625000011,0.49999998750000035,50.09999875000003,150.0999962500001,0.250249749005989,0.749750245999006,-17.38,0.6999999999999993,18.08,-3482.5454256542826,1.285714026105134,0.1257078524515163,0.033875338733602385,8.490365793239568e-05,47.794062736600715,380.1072958427876,167.08683576414904
0.8,6.363961031,4.949747468,100.0,47.3,100.0,3.175,191.0,2.62,700.0,148.0,1693.15,0.22,159.0,2.33,1.0,3.0,3.0,0.5,0.5,20.7,232.0,58.0,490.15,0.36,41.6,7.38,50.0,20.0,20.0,109.0,36.0,36.0,2072.0,0.23,360.0,3890.0,1.0,1137.918574,0,40.0,7.037834471866259,0.0,50.0,40.0,1.4999999625000011,1.1824999704375008,118.34999704375007,150.0999962500001,0.44086421888408067,0.5591357773908309,-17.38,0.6999999999999993,18.08,-3482.5454256542826,1.285714026105134,0.1257078524515163,0.033875338733602385,8.490365793239568e-05,47.794062736600715,380.1072958427876,167.08683576414904
0.8,6.363961031,4.949747468,100.0,79.6,100.0,3.175,191.0,2.62,700.0,148.0,1693.15,0.22,159.0,2.33,1.0,3.0,3.0,0.5,0.5,20.7,232.0,58.0,490.15,0.36,41.6,7.38,50.0,20.0,20.0,109.0,36.0,36.0,2072.0,0.23,360.0,3890.0,1.0,985.5431507,0,50.0,6.894207065712336,0.0,50.0,50.0,1.1999999760000006,1.5919999681600006,159.29999681600003,120.09999760000005,0.5701503200771978,0.42984967634370413,-17.38,0.6999999999999993,18.08,-3482.5454256542826,1.285714026105134,0.1257078524515163,0.033875338733602385,8.490365793239568e-05,47.794062736600715,380.1072958427876,167.08683576414904
0.8,6.363961031,4.949747468,100.0,30.0,100.0,3.175,191.0,2.62,700.0,148.0,1693.15,0.22,159.0,2.33,1.0,3.0,3.0,0.5,0.5,20.7,232.0,58.0,490.15,0.36,41.6,7.38,50.0,20.0,20.0,109.0,36.0,36.0,2072.0,0.23,360.0,3890.0,1.0,1290.407691,0,60.0,7.163488135726746,0.0,50.0,60.0,0.9999999833333336,0.4999999916666668,50.09999916666668,100.09999833333336,0.33355525743674797,0.6664447359054623,-17.38,0.6999999999999993,18.08,-3482.5454256542826,1.285714026105134,0.1257078524515163,0.033875338733602385,8.490365793239568e-05,47.794062736600715,380.1072958427876,167.08683576414904
0.8,6.363961031,4.949747468,100.0,40.0,100.0,3.175,191.0,2.62,700.0,148.0,1693.15,0.22,159.0,2.33,1.0,3.0,3.0,0.5,0.5,20.7,232.0,58.0,490.15,0.36,41.6,7.38,50.0,20.0,20.0,109.0,36.0,36.0,2072.0,0.23,360.0,3890.0,1.0,1191.842489,0,80.0,7.084094384043472,0.0,50.0,80.0,0.7499999906250001,0.4999999937500001,50.099999375,75.09999906250002,0.40015974121477516,0.5998402507980043,-17.38,0.6999999999999993,18.08,-3482.5454256542826,1.285714026105134,0.1257078524515163,0.033875338733602385,8.490365793239568e-05,47.794062736600715,380.1072958427876,167.08683576414904
0.8,6.363961031,4.949747468,100.0,47.3,100.0,3.175,191.0,2.62,700.0,148.0,1693.15,0.22,159.0,2.33,1.0,3.0,3.0,0.5,0.5,20.7,232.0,58.0,490.15,0.36,41.6,7.38,50.0,20.0,20.0,109.0,36.0,36.0,2072.0,0.23,360.0,3890.0,1.0,1137.918574,0,80.0,7.037834471866259,0.0,50.0,80.0,0.7499999906250001,0.591249992609375,59.22499926093751,75.09999906250002,0.44090824164704623,0.5590917509083233,-17.38,0.6999999999999993,18.08,-3482.5454256542826,1.285714026105134,0.1257078524515163,0.033875338733602385,8.490365793239568e-05,47.794062736600715,380.1072958427876,167.08683576414904
0.8,6.363961031,4.949747468,100.0,70.0,100.0,3.175,191.0,2.62,700.0,148.0,1693.15,0.22,159.0,2.33,1.0,3.0,3.0,0.5,0.5,20.7,232.0,58.0,490.15,0.36,41.6,7.38,50.0,20.0,20.0,109.0,36.0,36.0,2072.0,0.23,360.0,3890.0,1.0,1021.155203,0,90.0,6.929668621269003,0.0,50.0,90.0,0.6666666592592594,0.7777777691358025,77.87777691358025,66.76666592592593,0.5384083539357478,0.46159163915074775,-17.38,0.6999999999999993,18.08,-3482.5454256542826,1.285714026105134,0.1257078524515163,0.033875338733602385,8.490365793239568e-05,47.794062736600715,380.1072958427876,167.08683576414904
0.8,6.363961031,4.949747468,100.0,70.0,100.0,3.175,191.0,2.62,700.0,148.0,1693.15,0.22,159.0,2.33,1.0,3.0,3.0,0.5,0.5,20.7,232.0,58.0,490.15,0.36,41.6,7.38,50.0,20.0,20.0,109.0,36.0,36.0,2072.0,0.23,360.0,3890.0,1.0,1021.155203,0,100.0,6.929668621269003,0.0,50.0,100.0,0.599999994,0.699999993,70.09999930000001,60.0999994,0.5384024536215111,0.4615975386979974,-17.38,0.6999999999999993,18.08,-3482.5454256542826,1.285714026105134,0.1257078524515163,0.033875338733602385,8.490365793239568e-05,47.794062736600715,380.1072958427876,167.08683576414904
0.8,6.363961031,4.949747468,100.0,60.0,100.0,3.175,191.0,2.62,700.0,148.0,1693.15,0.22,159.0,2.33,1.0,3.0,3.0,0.5,0.5,20.7,232.0,58.0,490.15,0.36,41.6,7.38,50.0,20.0,20.0,109.0,36.0,36.0,2072.0,0.23,360.0,3890.0,1.0,1065.571161,0,120.0,6.972204259548571,0.0,50.0,120.0,0.4999999958333334,0.4999999958333334,50.09999958333333,50.09999958333333,0.49999999500998005,0.49999999500998005,-17.38,0.6999999999999993,18.08,-3482.5454256542826,1.285714026105134,0.1257078524515163,0.033875338733602385,8.490365793239568e-05,47.794062736600715,380.1072958427876,167.08683576414904
0.8,6.363961031,4.949747468,100.0,70.0,100.0,3.175,191.0,2.62,700.0,148.0,1693.15,0.22,159.0,2.33,1.0,3.0,3.0,0.5,0.5,20.7,232.0,58.0,490.15,0.36,41.6,7.38,50.0,20.0,20.0,109.0,36.0,36.0,2072.0,0.23,360.0,3890.0,1.0,1021.155203,0,140.0,6.929668621269003,0.0,50.0,140.0,0.4285714255102041,0.49999999642857146,50.09999964285714,42.95714255102041,0.5383788704804484,0.4616211187734663,-17.38,0.6999999999999993,18.08,-3482.5454256542826,1.285714026105134,0.1257078524515163,0.033875338733602385,8.490365793239568e-05,47.794062736600715,380.1072958427876,167.08683576414904
0.8,6.363961031,4.949747468,100.0,120.0,100.0,3.175,191.0,2.62,700.0,148.0,1693.15,0.22,159.0,2.33,1.0,3.0,3.0,0.5,0.5,20.7,232.0,58.0,490.15,0.36,41.6,7.38,50.0,20.0,20.0,109.0,36.0,36.0,2072.0,0.23,360.0,3890.0,1.0,879.9094323,0,240.0,6.780954819630225,0.0,50.0,240.0,0.24999999895833333,0.49999999791666666,50.09999979166666,25.09999989583333,0.6662233953941235,0.33377659130800436,-17.38,0.6999999999999993,18.08,-3482.5454256542826,1.285714026105134,0.1257078524515163,0.033875338733602385,8.490365793239568e-05,47.794062736600715,380.1072958427876,167.08683576414904
0.8,6.363961031,4.949747468,100.0,310.0,100.0,3.175,191.0,2.62,700.0,148.0,1693.15,0.22,159.0,2.33,1.0,3.0,3.0,0.5,0.5,20.7,232.0,58.0,490.15,0.36,41.6,7.38,50.0,20.0,20.0,109.0,36.0,36.0,2072.0,0.23,360.0,3890.0,1.0,677.0078954,0,720.0,6.519158933005334,0.0,50.0,720.0,0.08333333321759259,0.4305555549575617,43.15555549575617,8.433333321759259,0.8365280906103939,0.1634718900055876,-17.38,0.6999999999999993,18.08,-3482.5454256542826,1.285714026105134,0.1257078524515163,0.033875338733602385,8.490365793239568e-05,47.794062736600715,380.1072958427876,167.08683576414904
0.8,6.363961031,4.949747468,100.0,11.0,100.0,3.175,191.0,2.62,700.0,148.0,1693.15,0.22,159.0,2.33,1.0,3.0,3.0,0.5,0.5,20.7,232.0,58.0,490.15,0.36,41.6,7.38,50.0,20.0,20.0,109.0,36.0,36.0,2072.0,0.23,360.0,3890.0,1.0,1702.453167,1,,7.440412744501207,0.0,50.0,,,,0.1,142.9571394557824,0.0006990213818156743,0.9993009716279706,-17.38,0.6999999999999993,18.08,-3482.5454256542826,1.285714026105134,0.1257078524515163,0.033875338733602385,8.490365793239568e-05,47.794062736600715,380.1072958427876,167.08683576414904
0.8,6.363961031,4.949747468,100.0,31.0,100.0,3.175,191.0,2.62,700.0,148.0,1693.15,0.22,159.0,2.33,1.0,3.0,3.0,0.5,0.5,20.7,232.0,58.0,490.15,0.36,41.6,7.38,50.0,20.0,20.0,109.0,36.0,36.0,2072.0,0.23,360.0,3890.0,1.0,1278.773811,1,,7.154438631142334,0.0,50.0,,,,0.1,142.9571394557824,0.0006990213818156743,0.9993009716279706,-17.38,0.6999999999999993,18.08,-3482.5454256542826,1.285714026105134,0.1257078524515163,0.033875338733602385,8.490365793239568e-05,47.794062736600715,380.1072958427876,167.08683576414904
0.8,6.363961031,4.949747468,100.0,61.0,100.0,3.175,191.0,2.62,700.0,148.0,1693.15,0.22,159.0,2.33,1.0,3.0,3.0,0.5,0.5,20.7,232.0,58.0,490.15,0.36,41.6,7.38,50.0,20.0,20.0,109.0,36.0,36.0,2072.0,0.23,360.0,3890.0,1.0,1060.717497,1,,6.967643156057037,0.0,50.0,,,,0.1,142.9571394557824,0.0006990213818156743,0.9993009716279706,-17.38,0.6999999999999993,18.08,-3482.5454256542826,1.285714026105134,0.1257078524515163,0.033875338733602385,8.490365793239568e-05,47.794062736600715,380.1072958427876,167.08683576414904
0.8,6.363961031,4.949747468,125.0,44.8,100.0,3.175,191.0,2.62,700.0,148.0,1693.15,0.22,159.0,2.33,1.0,3.0,3.0,0.5,0.5,20.7,232.0,58.0,490.15,0.36,41.6,7.38,50.0,20.0,20.0,109.0,36.0,36.0,2072.0,0.23,360.0,3890.0,1.0,840.1813196,0,40.0,6.734807236734608,-25.0,37.5,40.0,1.4999999625000011,1.1199999720000007,112.09999720000006,187.62499531250012,0.3740095074698029,0.6259904891938053,-17.38,0.6999999999999993,18.08,-4353.181782067853,1.285714026105134,0.1257078524515163,0.033875338733602385,8.490365793239568e-05,47.794062736600715,380.1072958427876,167.08683576414904
0.8,6.363961031,4.949747468,75.0,44.8,75.0,3.175,191.0,2.62,700.0,148.0,1693.15,0.22,159.0,2.33,1.0,3.0,3.0,0.5,0.5,20.7,232.0,58.0,490.15,0.36,41.6,7.38,50.0,20.0,20.0,109.0,36.0,36.0,2072.0,0.23,360.0,3890.0,1.0,2885.453627,0,40.0,7.967783908894715,0.0,37.5,40.0,1.4999999625000011,1.1199999720000007,84.07499790000004,112.57499718750007,0.4275362297113425,0.5724637652034807,-17.38,0.6999999999999993,18.08,-2611.9090692407117,1.285714026105134,0.1257078524515163,0.033875338733602385,8.490365793239568e-05,47.794062736600715,380.1072958427876,167.08683576414904
0.8,6.363961031,4.949747468,60.0,16.0,60.0,3.175,191.0,2.62,700.0,148.0,1693.15,0.22,159.0,2.33,1.0,3.0,3.0,0.5,0.5,20.7,232.0,58.0,490.15,0.36,41.6,7.38,50.0,20.0,20.0,109.0,36.0,36.0,2072.0,0.23,360.0,3890.0,1.0,7402.594712,0,40.0,8.909720933135183,0.0,30.0,40.0,1.4999999625000011,0.39999999000000025,24.059999400000017,90.05999775000006,0.2108307026817105,0.7891692885555835,-17.38,0.6999999999999993,18.08,-2089.5272553925693,1.285714026105134,0.1257078524515163,0.033875338733602385,8.490365793239568e-05,47.794062736600715,380.1072958427876,167.08683576414904
0.8,6.363961031,4.949747468,140.0,16.0,100.0,3.175,191.0,2.62,700.0,148.0,1693.15,0.22,159.0,2.33,1.0,3.0,3.0,0.5,0.5,20.7,232.0,58.0,490.15,0.36,41.6,7.38,50.0,20.0,20.0,109.0,36.0,36.0,2072.0,0.23,360.0,3890.0,1.0,949.8688342,0,40.0,6.8573761289530735,-40.0,30.0,40.0,1.4999999625000011,0.39999999000000025,40.099999000000025,210.13999475000014,0.16024616304864273,0.8397538329551936,-17.38,0.6999999999999993,18.08,-4875.563595915995,1.285714026105134,0.1257078524515163,0.033875338733602385,8.490365793239568e-05,47.794062736600715,380.1072958427876,167.08683576414904
0.8,6.363961031,4.949747468,150.0,25.0,125.0,3.175,191.0,2.62,700.0,148.0,1693.15,0.22,159.0,2.33,1.0,3.0,3.0,0.5,0.5,20.7,232.0,58.0,490.15,0.36,41.6,7.38,50.0,20.0,20.0,109.0,36.0,36.0,2072.0,0.23,360.0,3890.0,1.0,489.3050744,0,40.0,6.195027798185519,-25.0,50.0,40.0,1.4999999625000011,0.6249999843750005,78.24999804687506,225.14999437500015,0.2579103485281527,0.7420896481758684,-17.38,0.6999999999999993,18.08,-5223.818138481423,1.285714026105134,0.1257078524515163,0.033875338733602385,8.490365793239568e-05,47.794062736600715,380.1072958427876,167.08683576414904
0.8,6.363961031,4.949747468,100.0,15.0,60.0,3.175,191.0,2.62,700.0,148.0,1693.15,0.22,159.0,2.33,1.0,3.0,3.0,0.5,0.5,20.7,232.0,58.0,490.15,0.36,41.6,7.38,50.0,20.0,20.0,109.0,36.0,36.0,2072.0,0.23,360.0,3890.0,1.0,3636.102187,0,30.0,8.1989425411004,-40.0,10.0,30.0,1.9999999333333356,0.4999999833333339,30.05999900000003,200.09999333333357,0.1306047961014018,0.8693951995537945,-17.38,0.6999999999999993,18.08,-3482.5454256542826,1.285714026105134,0.1257078524515163,0.033875338733602385,8.490365793239568e-05,47.794062736600715,380.1072958427876,167.08683576414904
0.8,6.363961031,4.949747468,75.0,44.8,75.0,3.175,191.0,2.62,700.0,148.0,1693.15,0.22,159.0,2.33,1.0,3.0,3.0,0.5,0.5,20.7,232.0,58.0,490.15,0.36,41.6,7.38,50.0,20.0,20.0,109.0,36.0,36.0,2072.0,0.23,360.0,3890.0,1.0,3452.0,0,40.0,8.146998697389993,0.0,37.5,40.0,1.4999999625000011,1.1199999720000007,84.07499790000004,112.57499718750007,0.4275362297113425,0.5724637652034807,-17.38,0.6999999999999993,18.08,-2611.9090692407117,1.285714026105134,0.1257078524515163,0.033875338733602385,8.490365793239568e-05,47.794062736600715,380.1072958427876,167.08683576414904
0.8,6.363961031,4.949747468,165.0,30.0,125.0,3.175,191.0,2.62,700.0,148.0,1693.15,0.22,159.0,2.33,1.0,3.0,3.0,0.5,0.5,20.7,232.0,58.0,490.15,0.36,41.6,7.38,50.0,20.0,20.0,109.0,36.0,36.0,2072.0,0.23,360.0,3890.0,1.0,366.8756496,0,60.0,5.9077449723692705,-40.0,42.5,60.0,0.9999999833333336,0.4999999916666668,62.62499895833334,165.16499725000006,0.27492427115251,0.7250757244574816,-17.38,0.6999999999999993,18.08,-5746.199952329565,1.285714026105134,0.1257078524515163,0.033875338733602385,8.490365793239568e-05,47.794062736600715,380.1072958427876,167.08683576414904
0.8,6.363961031,4.949747468,165.0,21.0,125.0,3.175,191.0,2.62,700.0,148.0,1693.15,0.22,159.0,2.33,1.0,3.0,3.0,0.5,0.5,20.7,232.0,58.0,490.15,0.36,41.6,7.38,50.0,20.0,20.0,109.0,36.0,36.0,2072.0,0.23,360.0,3890.0,1.0,404.8580779,0,42.0,6.006003536668096,-40.0,42.5,42.0,1.428571394557824,0.49999998809523843,62.6249985119048,235.87928010204095,0.20979598213096787,0.7902040145189964,-17.38,0.6999999999999993,18.08,-5746.199952329565,1.285714026105134,0.1257078524515163,0.033875338733602385,8.490365793239568e-05,47.794062736600715,380.1072958427876,167.08683576414904
0.8,6.363961031,4.949747468,165.0,120.0,125.0,3.175,191.0,2.62,700.0,148.0,1693.15,0.22,159.0,2.33,1.0,3.0,3.0,0.5,0.5,20.7,232.0,58.0,490.15,0.36,41.6,7.38,50.0,20.0,20.0,109.0,36.0,36.0,2072.0,0.23,360.0,3890.0,1.0,250.1669409,0,240.0,5.526117821235933,-40.0,42.5,240.0,0.24999999895833333,0.49999999791666666,62.62499973958332,41.414999828125,0.6019319434627216,0.3980680469255907,-17.38,0.6999999999999993,18.08,-5746.199952329565,1.285714026105134,0.1257078524515163,0.033875338733602385,8.490365793239568e-05,47.794062736600715,380.1072958427876,167.08683576414904
0.8,6.363961031,4.949747468,180.0,15.0,125.0,3.175,191.0,2.62,700.0,148.0,1693.15,0.22,159.0,2.33,1.0,3.0,3.0,0.5,0.5,20.7,232.0,58.0,490.15,0.36,41.6,7.38,50.0,20.0,20.0,109.0,36.0,36.0,2072.0,0.23,360.0,3890.0,1.0,392.4227812,0,30.0,5.974884812768413,-55.0,35.0,30.0,1.9999999333333356,0.4999999833333339,62.62499791666673,360.17998800000044,0.1481179263597707,0.8518820712750726,-17.38,0.6999999999999993,18.08,-6268.581766177707,1.285714026105134,0.1257078524515163,0.033875338733602385,8.490365793239568e-05,47.794062736600715,380.1072958427876,167.08683576414904
0.8,6.363961031,4.949747468,100.0,15.0,100.0,3.175,191.0,2.62,700.0,148.0,1693.15,0.22,159.0,2.33,1.0,3.0,3.0,0.5,0.5,20.7,232.0,58.0,490.15,0.36,41.6,7.38,50.0,20.0,20.0,109.0,36.0,36.0,2072.0,0.23,360.0,3890.0,1.0,1411.663742,0,30.0,7.253232379841805,0.0,50.0,30.0,1.9999999333333356,0.4999999833333339,50.09999833333338,200.09999333333357,0.20023980736114538,0.7997601886420519,-17.38,0.6999999999999993,18.08,-3482.5454256542826,1.285714026105134,0.1257078524515163,0.033875338733602385,8.490365793239568e-05,47.794062736600715,380.1072958427876,167.08683576414904
0.8,6.363961031,4.949747468,100.0,38.65,100.0,3.175,191.0,2.62,700.0,148.0,1693.15,0.22,159.0,2.33,1.0,3.0,3.0,0.5,0.5,20.7,232.0,58.0,490.15,0.36,41.6,7.38,50.0,20.0,20.0,109.0,36.0,36.0,2072.0,0.23,360.0,3890.0,1.0,1086.918485,0,30.0,6.9920215027341035,0.0,50.0,30.0,1.9999999333333356,1.2883332903888902,128.933329038889,200.09999333333357,0.3918549273899281,0.608145069570866,-17.38,0.6999999999999993,18.08,-3482.5454256542826,1.285714026105134,0.1257078524515163,0.033875338733602385,8.490365793239568e-05,47.794062736600715,380.1072958427876,167.08683576414904
0.8,6.363961031,4.949747468,100.0,20.0,100.0,3.175,191.0,2.62,700.0,148.0,1693.15,0.22,159.0,2.33,1.0,3.0,3.0,0.5,0.5,20.7,232.0,58.0,490.15,0.36,41.6,7.38,50.0,20.0,20.0,109.0,36.0,36.0,2072.0,0.23,360.0,3890.0,1.0,1303.83664,0,40.0,7.173833131844486,0.0,50.0,40.0,1.4999999625000011,0.49999998750000035,50.09999875000003,150.0999962500001,0.250249749005989,0.749750245999006,-17.38,0.6999999999999993,18.08,-3482.5454256542826,1.285714026105134,0.1257078524515163,0.033875338733602385,8.490365793239568e-05,47.794062736600715,380.1072958427876,167.08683576414904
0.8,6.363961031,4.949747468,100.0,47.3,100.0,3.175,191.0,2.62,700.0,148.0,1693.15,0.22,159.0,2.33,1.0,3.0,3.0,0.5,0.5,20.7,232.0,58.0,490.15,0.36,41.6,7.38,50.0,20.0,20.0,109.0,36.0,36.0,2072.0,0.23,360.0,3890.0,1.0,1027.9477,0,40.0,6.936291908497658,0.0,50.0,40.0,1.4999999625000011,1.1824999704375008,118.34999704375007,150.0999962500001,0.44086421888408067,0.5591357773908309,-17.38,0.6999999999999993,18.08,-3482.5454256542826,1.285714026105134,0.1257078524515163,0.033875338733602385,8.490365793239568e-05,47.794062736600715,380.1072958427876,167.08683576414904
0.8,6.363961031,4.949747468,100.0,79.6,100.0,3.175,191.0,2.62,700.0,148.0,1693.15,0.22,159.0,2.33,1.0,3.0,3.0,0.5,0.5,20.7,232.0,58.0,490.15,0.36,41.6,7.38,50.0,20.0,20.0,109.0,36.0,36.0,2072.0,0.23,360.0,3890.0,1.0,890.2981618,0,50.0,6.792679008753753,0.0,50.0,50.0,1.1999999760000006,1.5919999681600006,159.29999681600003,120.09999760000005,0.5701503200771978,0.42984967634370413,-17.38,0.6999999999999993,18.08,-3482.5454256542826,1.285714026105134,0.1257078524515163,0.033875338733602385,8.490365793239568e-05,47.794062736600715,380.1072958427876,167.08683576414904
0.8,6.363961031,4.949747468,100.0,30.0,100.0,3.175,191.0,2.62,700.0,148.0,1693.15,0.22,159.0,2.33,1.0,3.0,3.0,0.5,0.5,20.7,232.0,58.0,490.15,0.36,41.6,7.38,50.0,20.0,20.0,109.0,36.0,36.0,2072.0,0.23,360.0,3890.0,1.0,1165.699944,0,60.0,7.061934481831181,0.0,50.0,60.0,0.9999999833333336,0.4999999916666668,50.09999916666668,100.09999833333336,0.33355525743674797,0.6664447359054623,-17.38,0.6999999999999993,18.08,-3482.5454256542826,1.285714026105134,0.1257078524515163,0.033875338733602385,8.490365793239568e-05,47.794062736600715,380.1072958427876,167.08683576414904
0.8,6.363961031,4.949747468,100.0,40.0,100.0,3.175,191.0,2.62,700.0,148.0,1693.15,0.22,159.0,2.33,1.0,3.0,3.0,0.5,0.5,20.7,232.0,58.0,490.15,0.36,41.6,7.38,50.0,20.0,20.0,109.0,36.0,36.0,2072.0,0.23,360.0,3890.0,1.0,1076.660292,0,80.0,6.982547573790833,0.0,50.0,80.0,0.7499999906250001,0.4999999937500001,50.099999375,75.09999906250002,0.40015974121477516,0.5998402507980043,-17.38,0.6999999999999993,18.08,-3482.5454256542826,1.285714026105134,0.1257078524515163,0.033875338733602385,8.490365793239568e-05,47.794062736600715,380.1072958427876,167.08683576414904
0.8,6.363961031,4.949747468,100.0,47.3,100.0,3.175,191.0,2.62,700.0,148.0,1693.15,0.22,159.0,2.33,1.0,3.0,3.0,0.5,0.5,20.7,232.0,58.0,490.15,0.36,41.6,7.38,50.0,20.0,20.0,109.0,36.0,36.0,2072.0,0.23,360.0,3890.0,1.0,1027.9477,0,80.0,6.936291908497658,0.0,50.0,80.0,0.7499999906250001,0.591249992609375,59.22499926093751,75.09999906250002,0.44090824164704623,0.5590917509083233,-17.38,0.6999999999999993,18.08,-3482.5454256542826,1.285714026105134,0.1257078524515163,0.033875338733602385,8.490365793239568e-05,47.794062736600715,380.1072958427876,167.08683576414904
0.8,6.363961031,4.949747468,100.0,70.0,100.0,3.175,191.0,2.62,700.0,148.0,1693.15,0.22,159.0,2.33,1.0,3.0,3.0,0.5,0.5,20.7,232.0,58.0,490.15,0.36,41.6,7.38,50.0,20.0,20.0,109.0,36.0,36.0,2072.0,0.23,360.0,3890.0,1.0,922.46859,0,90.0,6.828136787149669,0.0,50.0,90.0,0.6666666592592594,0.7777777691358025,77.87777691358025,66.76666592592593,0.5384083539357478,0.46159163915074775,-17.38,0.6999999999999993,18.08,-3482.5454256542826,1.285714026105134,0.1257078524515163,0.033875338733602385,8.490365793239568e-05,47.794062736600715,380.1072958427876,167.08683576414904
0.8,6.363961031,4.949747468,100.0,70.0,100.0,3.175,191.0,2.62,700.0,148.0,1693.15,0.22,159.0,2.33,1.0,3.0,3.0,0.5,0.5,20.7,232.0,58.0,490.15,0.36,41.6,7.38,50.0,20.0,20.0,109.0,36.0,36.0,2072.0,0.23,360.0,3890.0,1.0,922.46859,0,100.0,6.828136787149669,0.0,50.0,100.0,0.599999994,0.699999993,70.09999930000001,60.0999994,0.5384024536215111,0.4615975386979974,-17.38,0.6999999999999993,18.08,-3482.5454256542826,1.285714026105134,0.1257078524515163,0.033875338733602385,8.490365793239568e-05,47.794062736600715,380.1072958427876,167.08683576414904
0.8,6.363961031,4.949747468,100.0,60.0,100.0,3.175,191.0,2.62,700.0,148.0,1693.15,0.22,159.0,2.33,1.0,3.0,3.0,0.5,0.5,20.7,232.0,58.0,490.15,0.36,41.6,7.38,50.0,20.0,20.0,109.0,36.0,36.0,2072.0,0.23,360.0,3890.0,1.0,962.5920946,0,120.0,6.870668066680496,0.0,50.0,120.0,0.4999999958333334,0.4999999958333334,50.09999958333333,50.09999958333333,0.49999999500998005,0.49999999500998005,-17.38,0.6999999999999993,18.08,-3482.5454256542826,1.285714026105134,0.1257078524515163,0.033875338733602385,8.490365793239568e-05,47.794062736600715,380.1072958427876,167.08683576414904
0.8,6.363961031,4.949747468,100.0,70.0,100.0,3.175,191.0,2.62,700.0,148.0,1693.15,0.22,159.0,2.33,1.0,3.0,3.0,0.5,0.5,20.7,232.0,58.0,490.15,0.36,41.6,7.38,50.0,20.0,20.0,109.0,36.0,36.0,2072.0,0.23,360.0,3890.0,1.0,922.46859,0,140.0,6.828136787149669,0.0,50.0,140.0,0.4285714255102041,0.49999999642857146,50.09999964285714,42.95714255102041,0.5383788704804484,0.4616211187734663,-17.38,0.6999999999999993,18.08,-3482.5454256542826,1.285714026105134,0.1257078524515163,0.033875338733602385,8.490365793239568e-05,47.794062736600715,380.1072958427876,167.08683576414904
0.8,6.363961031,4.949747468,100.0,120.0,100.0,3.175,191.0,2.62,700.0,148.0,1693.15,0.22,159.0,2.33,1.0,3.0,3.0,0.5,0.5,20.7,232.0,58.0,490.15,0.36,41.6,7.38,50.0,20.0,20.0,109.0,36.0,36.0,2072.0,0.23,360.0,3890.0,1.0,794.8731109,0,240.0,6.679439764720425,0.0,50.0,240.0,0.24999999895833333,0.49999999791666666,50.09999979166666,25.09999989583333,0.6662233953941235,0.33377659130800436,-17.38,0.6999999999999993,18.08,-3482.5454256542826,1.285714026105134,0.1257078524515163,0.033875338733602385,8.490365793239568e-05,47.794062736600715,380.1072958427876,167.08683576414904
0.8,6.363961031,4.949747468,100.0,310.0,100.0,3.175,191.0,2.62,700.0,148.0,1693.15,0.22,159.0,2.33,1.0,3.0,3.0,0.5,0.5,20.7,232.0,58.0,490.15,0.36,41.6,7.38,50.0,20.0,20.0,109.0,36.0,36.0,2072.0,0.23,360.0,3890.0,1.0,611.5804106,0,720.0,6.417680216414319,0.0,50.0,720.0,0.08333333321759259,0.4305555549575617,43.15555549575617,8.433333321759259,0.8365280906103939,0.1634718900055876,-17.38,0.6999999999999993,18.08,-3482.5454256542826,1.285714026105134,0.1257078524515163,0.033875338733602385,8.490365793239568e-05,47.794062736600715,380.1072958427876,167.08683576414904
0.8,6.363961031,4.949747468,100.0,11.0,100.0,3.175,191.0,2.62,700.0,148.0,1693.15,0.22,159.0,2.33,1.0,3.0,3.0,0.5,0.5,20.7,232.0,58.0,490.15,0.36,41.6,7.38,50.0,20.0,20.0,109.0,36.0,36.0,2072.0,0.23,360.0,3890.0,1.0,1537.924468,1,,7.338839054012002,0.0,50.0,,,,0.1,142.9571394557824,0.0006990213818156743,0.9993009716279706,-17.38,0.6999999999999993,18.08,-3482.5454256542826,1.285714026105134,0.1257078524515163,0.033875338733602385,8.490365793239568e-05,47.794062736600715,380.1072958427876,167.08683576414904
0.8,6.363961031,4.949747468,100.0,31.0,100.0,3.175,191.0,2.62,700.0,148.0,1693.15,0.22,159.0,2.33,1.0,3.0,3.0,0.5,0.5,20.7,232.0,58.0,490.15,0.36,41.6,7.38,50.0,20.0,20.0,109.0,36.0,36.0,2072.0,0.23,360.0,3890.0,1.0,1155.190387,1,,7.052885730308328,0.0,50.0,,,,0.1,142.9571394557824,0.0006990213818156743,0.9993009716279706,-17.38,0.6999999999999993,18.08,-3482.5454256542826,1.285714026105134,0.1257078524515163,0.033875338733602385,8.490365793239568e-05,47.794062736600715,380.1072958427876,167.08683576414904
0.8,6.363961031,4.949747468,100.0,61.0,100.0,3.175,191.0,2.62,700.0,148.0,1693.15,0.22,159.0,2.33,1.0,3.0,3.0,0.5,0.5,20.7,232.0,58.0,490.15,0.36,41.6,7.38,50.0,20.0,20.0,109.0,36.0,36.0,2072.0,0.23,360.0,3890.0,1.0,958.2074995,1,,6.866107422177318,0.0,50.0,,,,0.1,142.9571394557824,0.0006990213818156743,0.9993009716279706,-17.38,0.6999999999999993,18.08,-3482.5454256542826,1.285714026105134,0.1257078524515163,0.033875338733602385,8.490365793239568e-05,47.794062736600715,380.1072958427876,167.08683576414904
0.8,6.363961031,4.949747468,125.0,44.8,100.0,3.175,191.0,2.62,700.0,148.0,1693.15,0.22,159.0,2.33,1.0,3.0,3.0,0.5,0.5,20.7,232.0,58.0,490.15,0.36,41.6,7.38,50.0,20.0,20.0,109.0,36.0,36.0,2072.0,0.23,360.0,3890.0,1.0,758.9844077,0,40.0,6.633297916885706,-25.0,37.5,40.0,1.4999999625000011,1.1199999720000007,112.09999720000006,187.62499531250012,0.3740095074698029,0.6259904891938053,-17.38,0.6999999999999993,18.08,-4353.181782067853,1.285714026105134,0.1257078524515163,0.033875338733602385,8.490365793239568e-05,47.794062736600715,380.1072958427876,167.08683576414904
0.8,6.363961031,4.949747468,75.0,44.8,75.0,3.175,191.0,2.62,700.0,148.0,1693.15,0.22,159.0,2.33,1.0,3.0,3.0,0.5,0.5,20.7,232.0,58.0,490.15,0.36,41.6,7.38,50.0,20.0,20.0,109.0,36.0,36.0,2072.0,0.23,360.0,3890.0,1.0,2606.597243,0,40.0,7.866184479755762,0.0,37.5,40.0,1.4999999625000011,1.1199999720000007,84.07499790000004,112.57499718750007,0.4275362297113425,0.5724637652034807,-17.38,0.6999999999999993,18.08,-2611.9090692407117,1.285714026105134,0.1257078524515163,0.033875338733602385,8.490365793239568e-05,47.794062736600715,380.1072958427876,167.08683576414904
0.8,6.363961031,4.949747468,60.0,16.0,60.0,3.175,191.0,2.62,700.0,148.0,1693.15,0.22,159.0,2.33,1.0,3.0,3.0,0.5,0.5,20.7,232.0,58.0,490.15,0.36,41.6,7.38,50.0,20.0,20.0,109.0,36.0,36.0,2072.0,0.23,360.0,3890.0,1.0,6687.192194,0,40.0,8.808098891492781,0.0,30.0,40.0,1.4999999625000011,0.39999999000000025,24.059999400000017,90.05999775000006,0.2108307026817105,0.7891692885555835,-17.38,0.6999999999999993,18.08,-2089.5272553925693,1.285714026105134,0.1257078524515163,0.033875338733602385,8.490365793239568e-05,47.794062736600715,380.1072958427876,167.08683576414904
0.8,6.363961031,4.949747468,140.0,16.0,100.0,3.175,191.0,2.62,700.0,148.0,1693.15,0.22,159.0,2.33,1.0,3.0,3.0,0.5,0.5,20.7,232.0,58.0,490.15,0.36,41.6,7.38,50.0,20.0,20.0,109.0,36.0,36.0,2072.0,0.23,360.0,3890.0,1.0,858.0714873,0,40.0,6.755852140058206,-40.0,30.0,40.0,1.4999999625000011,0.39999999000000025,40.099999000000025,210.13999475000014,0.16024616304864273,0.8397538329551936,-17.38,0.6999999999999993,18.08,-4875.563595915995,1.285714026105134,0.1257078524515163,0.033875338733602385,8.490365793239568e-05,47.794062736600715,380.1072958427876,167.08683576414904
0.8,6.363961031,4.949747468,150.0,25.0,125.0,3.175,191.0,2.62,700.0,148.0,1693.15,0.22,159.0,2.33,1.0,3.0,3.0,0.5,0.5,20.7,232.0,58.0,490.15,0.36,41.6,7.38,50.0,20.0,20.0,109.0,36.0,36.0,2072.0,0.23,360.0,3890.0,1.0,442.01759,0,40.0,6.0936094758031265,-25.0,50.0,40.0,1.4999999625000011,0.6249999843750005,78.24999804687506,225.14999437500015,0.2579103485281527,0.7420896481758684,-17.38,0.6999999999999993,18.08,-5223.818138481423,1.285714026105134,0.1257078524515163,0.033875338733602385,8.490365793239568e-05,47.794062736600715,380.1072958427876,167.08683576414904
0.8,6.363961031,4.949747468,100.0,15.0,60.0,3.175,191.0,2.62,700.0,148.0,1693.15,0.22,159.0,2.33,1.0,3.0,3.0,0.5,0.5,20.7,232.0,58.0,490.15,0.36,41.6,7.38,50.0,20.0,20.0,109.0,36.0,36.0,2072.0,0.23,360.0,3890.0,1.0,3284.701528,0,30.0,8.097335463065827,-40.0,10.0,30.0,1.9999999333333356,0.4999999833333339,30.05999900000003,200.09999333333357,0.1306047961014018,0.8693951995537945,-17.38,0.6999999999999993,18.08,-3482.5454256542826,1.285714026105134,0.1257078524515163,0.033875338733602385,8.490365793239568e-05,47.794062736600715,380.1072958427876,167.08683576414904
0.5,6.363961031,2.828427125,100.0,47.3,100.0,3.175,191.0,2.62,700.0,148.0,1693.15,0.22,159.0,2.33,1.0,3.0,3.0,0.5,0.5,20.7,232.0,58.0,490.15,0.36,41.6,7.38,50.0,20.0,20.0,109.0,36.0,36.0,2072.0,0.23,360.0,3890.0,1.0,1378.0,0,40.0,7.229113877793302,0.0,50.0,40.0,1.4999999625000011,1.1824999704375008,118.34999704375007,150.0999962500001,0.44086421888408067,0.5591357773908309,-17.38,0.6999999999999993,18.08,-3482.5454256542826,2.249999204416764,0.07856740778219769,0.033875338733602385,8.490365793239568e-05,47.794062736600715,380.1072958427876,167.08683576414904
0.5,6.363961031,2.828427125,165.0,30.0,125.0,3.175,191.0,2.62,700.0,148.0,1693.15,0.22,159.0,2.33,1.0,3.0,3.0,0.5,0.5,20.7,232.0,58.0,490.15,0.36,41.6,7.38,50.0,20.0,20.0,109.0,36.0,36.0,2072.0,0.23,360.0,3890.0,1.0,408.809019,0,60.0,6.01569124385935,-40.0,42.5,60.0,0.9999999833333336,0.4999999916666668,62.62499895833334,165.16499725000006,0.27492427115251,0.7250757244574816,-17.38,0.6999999999999993,18.08,-5746.199952329565,2.249999204416764,0.07856740778219769,0.033875338733602385,8.490365793239568e-05,47.794062736600715,380.1072958427876,167.08683576414904
0.5,6.363961031,2.828427125,165.0,21.0,125.0,3.175,191.0,2.62,700.0,148.0,1693.15,0.22,159.0,2.33,1.0,3.0,3.0,0.5,0.5,20.7,232.0,58.0,490.15,0.36,41.6,7.38,50.0,20.0,20.0,109.0,36.0,36.0,2072.0,0.23,360.0,3890.0,1.0,451.1327852,0,42.0,6.113975909255892,-40.0,42.5,42.0,1.428571394557824,0.49999998809523843,62.6249985119048,235.87928010204095,0.20979598213096787,0.7902040145189964,-17.38,0.6999999999999993,18.08,-5746.199952329565,2.249999204416764,0.07856740778219769,0.033875338733602385,8.490365793239568e-05,47.794062736600715,380.1072958427876,167.08683576414904
0.5,6.363961031,2.828427125,165.0,120.0,125.0,3.175,191.0,2.62,700.0,148.0,1693.15,0.22,159.0,2.33,1.0,3.0,3.0,0.5,0.5,20.7,232.0,58.0,490.15,0.36,41.6,7.38,50.0,20.0,20.0,109.0,36.0,36.0,2072.0,0.23,360.0,3890.0,1.0,278.7606695,0,240.0,5.633934485874933,-40.0,42.5,240.0,0.24999999895833333,0.49999999791666666,62.62499973958332,41.414999828125,0.6019319434627216,0.3980680469255907,-17.38,0.6999999999999993,18.08,-5746.199952329565,2.249999204416764,0.07856740778219769,0.033875338733602385,8.490365793239568e-05,47.794062736600715,380.1072958427876,167.08683576414904
0.5,6.363961031,2.828427125,180.0,15.0,125.0,3.175,191.0,2.62,700.0,148.0,1693.15,0.22,159.0,2.33,1.0,3.0,3.0,0.5,0.5,20.7,232.0,58.0,490.15,0.36,41.6,7.38,50.0,20.0,20.0,109.0,36.0,36.0,2072.0,0.23,360.0,3890.0,1.0,437.2761517,0,30.0,6.082849195038664,-55.0,35.0,30.0,1.9999999333333356,0.4999999833333339,62.62499791666673,360.17998800000044,0.1481179263597707,0.8518820712750726,-17.38,0.6999999999999993,18.08,-6268.581766177707,2.249999204416764,0.07856740778219769,0.033875338733602385,8.490365793239568e-05,47.794062736600715,380.1072958427876,167.08683576414904
0.5,6.363961031,2.828427125,100.0,15.0,100.0,3.175,191.0,2.62,700.0,148.0,1693.15,0.22,159.0,2.33,1.0,3.0,3.0,0.5,0.5,20.7,232.0,58.0,490.15,0.36,41.6,7.38,50.0,20.0,20.0,109.0,36.0,36.0,2072.0,0.23,360.0,3890.0,1.0,1573.014917,0,30.0,7.361384906060776,0.0,50.0,30.0,1.9999999333333356,0.4999999833333339,50.09999833333338,200.09999333333357,0.20023980736114538,0.7997601886420519,-17.38,0.6999999999999993,18.08,-3482.5454256542826,2.249999204416764,0.07856740778219769,0.033875338733602385,8.490365793239568e-05,47.794062736600715,380.1072958427876,167.08683576414904
0.5,6.363961031,2.828427125,100.0,38.65,100.0,3.175,191.0,2.62,700.0,148.0,1693.15,0.22,159.0,2.33,1.0,3.0,3.0,0.5,0.5,20.7,232.0,58.0,490.15,0.36,41.6,7.38,50.0,20.0,20.0,109.0,36.0,36.0,2072.0,0.23,360.0,3890.0,1.0,1211.151734,0,30.0,7.100152351862568,0.0,50.0,30.0,1.9999999333333356,1.2883332903888902,128.933329038889,200.09999333333357,0.3918549273899281,0.608145069570866,-17.38,0.6999999999999993,18.08,-3482.5454256542826,2.249999204416764,0.07856740778219769,0.033875338733602385,8.490365793239568e-05,47.794062736600715,380.1072958427876,167.08683576414904
0.5,6.363961031,2.828427125,100.0,20.0,100.0,3.175,191.0,2.62,700.0,148.0,1693.15,0.22,159.0,2.33,1.0,3.0,3.0,0.5,0.5,20.7,232.0,58.0,490.15,0.36,41.6,7.38,50.0,20.0,20.0,109.0,36.0,36.0,2072.0,0.23,360.0,3890.0,1.0,1452.863329,0,40.0,7.2819796571143005,0.0,50.0,40.0,1.4999999625000011,0.49999998750000035,50.09999875000003,150.0999962500001,0.250249749005989,0.749750245999006,-17.38,0.6999999999999993,18.08,-3482.5454256542826,2.249999204416764,0.07856740778219769,0.033875338733602385,8.490365793239568e-05,47.794062736600715,380.1072958427876,167.08683576414904
0.5,6.363961031,2.828427125,100.0,47.3,100.0,3.175,191.0,2.62,700.0,148.0,1693.15,0.22,159.0,2.33,1.0,3.0,3.0,0.5,0.5,20.7,232.0,58.0,490.15,0.36,41.6,7.38,50.0,20.0,20.0,109.0,36.0,36.0,2072.0,0.23,360.0,3890.0,1.0,1145.440672,0,40.0,7.044417353902776,0.0,50.0,40.0,1.4999999625000011,1.1824999704375008,118.34999704375007,150.0999962500001,0.44086421888408067,0.5591357773908309,-17.38,0.6999999999999993,18.08,-3482.5454256542826,2.249999204416764,0.07856740778219769,0.033875338733602385,8.490365793239568e-05,47.794062736600715,380.1072958427876,167.08683576414904
0.5,6.363961031,2.828427125,100.0,79.6,100.0,3.175,191.0,2.62,700.0,148.0,1693.15,0.22,159.0,2.33,1.0,3.0,3.0,0.5,0.5,20.7,232.0,58.0,490.15,0.36,41.6,7.38,50.0,20.0,20.0,109.0,36.0,36.0,2072.0,0.23,360.0,3890.0,1.0,992.0579862,0,50.0,6.900789057305006,0.0,50.0,50.0,1.1999999760000006,1.5919999681600006,159.29999681600003,120.09999760000005,0.5701503200771978,0.42984967634370413,-17.38,0.6999999999999993,18.08,-3482.5454256542826,2.249999204416764,0.07856740778219769,0.033875338733602385,8.490365793239568e-05,47.794062736600715,380.1072958427876,167.08683576414904
0.5,6.363961031,2.828427125,100.0,30.0,100.0,3.175,191.0,2.62,700.0,148.0,1693.15,0.22,159.0,2.33,1.0,3.0,3.0,0.5,0.5,20.7,232.0,58.0,490.15,0.36,41.6,7.38,50.0,20.0,20.0,109.0,36.0,36.0,2072.0,0.23,360.0,3890.0,1.0,1298.937803,0,60.0,7.170071698458921,0.0,50.0,60.0,0.9999999833333336,0.4999999916666668,50.09999916666668,100.09999833333336,0.33355525743674797,0.6664447359054623,-17.38,0.6999999999999993,18.08,-3482.5454256542826,2.249999204416764,0.07856740778219769,0.033875338733602385,8.490365793239568e-05,47.794062736600715,380.1072958427876,167.08683576414904
0.5,6.363961031,2.828427125,100.0,40.0,100.0,3.175,191.0,2.62,700.0,148.0,1693.15,0.22,159.0,2.33,1.0,3.0,3.0,0.5,0.5,20.7,232.0,58.0,490.15,0.36,41.6,7.38,50.0,20.0,20.0,109.0,36.0,36.0,2072.0,0.23,360.0,3890.0,1.0,1199.721045,0,80.0,7.090677526158827,0.0,50.0,80.0,0.7499999906250001,0.4999999937500001,50.099999375,75.09999906250002,0.40015974121477516,0.5998402507980043,-17.38,0.6999999999999993,18.08,-3482.5454256542826,2.249999204416764,0.07856740778219769,0.033875338733602385,8.490365793239568e-05,47.794062736600715,380.1072958427876,167.08683576414904
0.5,6.363961031,2.828427125,100.0,47.3,100.0,3.175,191.0,2.62,700.0,148.0,1693.15,0.22,159.0,2.33,1.0,3.0,3.0,0.5,0.5,20.7,232.0,58.0,490.15,0.36,41.6,7.38,50.0,20.0,20.0,109.0,36.0,36.0,2072.0,0.23,360.0,3890.0,1.0,1145.440672,0,80.0,7.044417353902776,0.0,50.0,80.0,0.7499999906250001,0.591249992609375,59.22499926093751,75.09999906250002,0.44090824164704623,0.5590917509083233,-17.38,0.6999999999999993,18.08,-3482.5454256542826,2.249999204416764,0.07856740778219769,0.033875338733602385,8.490365793239568e-05,47.794062736600715,380.1072958427876,167.08683576414904
0.5,6.363961031,2.828427125,100.0,70.0,100.0,3.175,191.0,2.62,700.0,148.0,1693.15,0.22,159.0,2.33,1.0,3.0,3.0,0.5,0.5,20.7,232.0,58.0,490.15,0.36,41.6,7.38,50.0,20.0,20.0,109.0,36.0,36.0,2072.0,0.23,360.0,3890.0,1.0,1027.905449,0,90.0,6.936250845314869,0.0,50.0,90.0,0.6666666592592594,0.7777777691358025,77.87777691358025,66.76666592592593,0.5384083539357478,0.46159163915074775,-17.38,0.6999999999999993,18.08,-3482.5454256542826,2.249999204416764,0.07856740778219769,0.033875338733602385,8.490365793239568e-05,47.794062736600715,380.1072958427876,167.08683576414904
0.5,6.363961031,2.828427125,100.0,70.0,100.0,3.175,191.0,2.62,700.0,148.0,1693.15,0.22,159.0,2.33,1.0,3.0,3.0,0.5,0.5,20.7,232.0,58.0,490.15,0.36,41.6,7.38,50.0,20.0,20.0,109.0,36.0,36.0,2072.0,0.23,360.0,3890.0,1.0,1027.905449,0,100.0,6.936250845314869,0.0,50.0,100.0,0.599999994,0.699999993,70.09999930000001,60.0999994,0.5384024536215111,0.4615975386979974,-17.38,0.6999999999999993,18.08,-3482.5454256542826,2.249999204416764,0.07856740778219769,0.033875338733602385,8.490365793239568e-05,47.794062736600715,380.1072958427876,167.08683576414904
0.5,6.363961031,2.828427125,100.0,60.0,100.0,3.175,191.0,2.62,700.0,148.0,1693.15,0.22,159.0,2.33,1.0,3.0,3.0,0.5,0.5,20.7,232.0,58.0,490.15,0.36,41.6,7.38,50.0,20.0,20.0,109.0,36.0,36.0,2072.0,0.23,360.0,3890.0,1.0,1072.615013,0,120.0,6.978786749912492,0.0,50.0,120.0,0.4999999958333334,0.4999999958333334,50.09999958333333,50.09999958333333,0.49999999500998005,0.49999999500998005,-17.38,0.6999999999999993,18.08,-3482.5454256542826,2.249999204416764,0.07856740778219769,0.033875338733602385,8.490365793239568e-05,47.794062736600715,380.1072958427876,167.08683576414904
0.5,6.363961031,2.828427125,100.0,70.0,100.0,3.175,191.0,2.62,700.0,148.0,1693.15,0.22,159.0,2.33,1.0,3.0,3.0,0.5,0.5,20.7,232.0,58.0,490.15,0.36,41.6,7.38,50.0,20.0,20.0,109.0,36.0,36.0,2072.0,0.23,360.0,3890.0,1.0,1027.905449,0,140.0,6.936250845314869,0.0,50.0,140.0,0.4285714255102041,0.49999999642857146,50.09999964285714,42.95714255102041,0.5383788704804484,0.4616211187734663,-17.38,0.6999999999999993,18.08,-3482.5454256542826,2.249999204416764,0.07856740778219769,0.033875338733602385,8.490365793239568e-05,47.794062736600715,380.1072958427876,167.08683576414904
0.5,6.363961031,2.828427125,100.0,120.0,100.0,3.175,191.0,2.62,700.0,148.0,1693.15,0.22,159.0,2.33,1.0,3.0,3.0,0.5,0.5,20.7,232.0,58.0,490.15,0.36,41.6,7.38,50.0,20.0,20.0,109.0,36.0,36.0,2072.0,0.23,360.0,3890.0,1.0,885.7259865,0,240.0,6.78753601293746,0.0,50.0,240.0,0.24999999895833333,0.49999999791666666,50.09999979166666,25.09999989583333,0.6662233953941235,0.33377659130800436,-17.38,0.6999999999999993,18.08,-3482.5454256542826,2.249999204416764,0.07856740778219769,0.033875338733602385,8.490365793239568e-05,47.794062736600715,380.1072958427876,167.08683576414904
0.5,6.363961031,2.828427125,100.0,310.0,100.0,3.175,191.0,2.62,700.0,148.0,1693.15,0.22,159.0,2.33,1.0,3.0,3.0,0.5,0.5,20.7,232.0,58.0,490.15,0.36,41.6,7.38,50.0,20.0,20.0,109.0,36.0,36.0,2072.0,0.23,360.0,3890.0,1.0,681.4831891,0,720.0,6.525737895400447,0.0,50.0,720.0,0.08333333321759259,0.4305555549575617,43.15555549575617,8.433333321759259,0.8365280906103939,0.1634718900055876,-17.38,0.6999999999999993,18.08,-3482.5454256542826,2.249999204416764,0.07856740778219769,0.033875338733602385,8.490365793239568e-05,47.794062736600715,380.1072958427876,167.08683576414904
0.5,6.363961031,2.828427125,100.0,11.0,100.0,3.175,191.0,2.62,700.0,148.0,1693.15,0.22,159.0,2.33,1.0,3.0,3.0,0.5,0.5,20.7,232.0,58.0,490.15,0.36,41.6,7.38,50.0,20.0,20.0,109.0,36.0,36.0,2072.0,0.23,360.0,3890.0,1.0,1713.707065,1,,7.4469975374305895,0.0,50.0,,,,0.1,142.9571394557824,0.0006990213818156743,0.9993009716279706,-17.38,0.6999999999999993,18.08,-3482.5454256542826,2.249999204416764,0.07856740778219769,0.033875338733602385,8.490365793239568e-05,47.794062736600715,380.1072958427876,167.08683576414904
0.5,6.363961031,2.828427125,100.0,31.0,100.0,3.175,191.0,2.62,700.0,148.0,1693.15,0.22,159.0,2.33,1.0,3.0,3.0,0.5,0.5,20.7,232.0,58.0,490.15,0.36,41.6,7.38,50.0,20.0,20.0,109.0,36.0,36.0,2072.0,0.23,360.0,3890.0,1.0,1287.227019,1,,7.161022148120439,0.0,50.0,,,,0.1,142.9571394557824,0.0006990213818156743,0.9993009716279706,-17.38,0.6999999999999993,18.08,-3482.5454256542826,2.249999204416764,0.07856740778219769,0.033875338733602385,8.490365793239568e-05,47.794062736600715,380.1072958427876,167.08683576414904
0.5,6.363961031,2.828427125,100.0,61.0,100.0,3.175,191.0,2.62,700.0,148.0,1693.15,0.22,159.0,2.33,1.0,3.0,3.0,0.5,0.5,20.7,232.0,58.0,490.15,0.36,41.6,7.38,50.0,20.0,20.0,109.0,36.0,36.0,2072.0,0.23,360.0,3890.0,1.0,1067.729265,1,,6.974225618893174,0.0,50.0,,,,0.1,142.9571394557824,0.0006990213818156743,0.9993009716279706,-17.38,0.6999999999999993,18.08,-3482.5454256542826,2.249999204416764,0.07856740778219769,0.033875338733602385,8.490365793239568e-05,47.794062736600715,380.1072958427876,167.08683576414904
0.5,6.363961031,2.828427125,125.0,44.8,100.0,3.175,191.0,2.62,700.0,148.0,1693.15,0.22,159.0,2.33,1.0,3.0,3.0,0.5,0.5,20.7,232.0,58.0,490.15,0.36,41.6,7.38,50.0,20.0,20.0,109.0,36.0,36.0,2072.0,0.23,360.0,3890.0,1.0,845.7352551,0,40.0,6.741388078023973,-25.0,37.5,40.0,1.4999999625000011,1.1199999720000007,112.09999720000006,187.62499531250012,0.3740095074698029,0.6259904891938053,-17.38,0.6999999999999993,18.08,-4353.181782067853,2.249999204416764,0.07856740778219769,0.033875338733602385,8.490365793239568e-05,47.794062736600715,380.1072958427876,167.08683576414904
0.5,6.363961031,2.828427125,75.0,44.8,75.0,3.175,191.0,2.62,700.0,148.0,1693.15,0.22,159.0,2.33,1.0,3.0,3.0,0.5,0.5,20.7,232.0,58.0,490.15,0.36,41.6,7.38,50.0,20.0,20.0,109.0,36.0,36.0,2072.0,0.23,360.0,3890.0,1.0,2904.527632,0,40.0,7.974370281709139,0.0,37.5,40.0,1.4999999625000011,1.1199999720000007,84.07499790000004,112.57499718750007,0.4275362297113425,0.5724637652034807,-17.38,0.6999999999999993,18.08,-2611.9090692407117,2.249999204416764,0.07856740778219769,0.033875338733602385,8.490365793239568e-05,47.794062736600715,380.1072958427876,167.08683576414904
0.5,6.363961031,2.828427125,60.0,16.0,60.0,3.175,191.0,2.62,700.0,148.0,1693.15,0.22,159.0,2.33,1.0,3.0,3.0,0.5,0.5,20.7,232.0,58.0,490.15,0.36,41.6,7.38,50.0,20.0,20.0,109.0,36.0,36.0,2072.0,0.23,360.0,3890.0,1.0,7451.528831,0,40.0,8.91630869417943,0.0,30.0,40.0,1.4999999625000011,0.39999999000000025,24.059999400000017,90.05999775000006,0.2108307026817105,0.7891692885555835,-17.38,0.6999999999999993,18.08,-2089.5272553925693,2.249999204416764,0.07856740778219769,0.033875338733602385,8.490365793239568e-05,47.794062736600715,380.1072958427876,167.08683576414904
0.5,6.363961031,2.828427125,140.0,16.0,100.0,3.175,191.0,2.62,700.0,148.0,1693.15,0.22,159.0,2.33,1.0,3.0,3.0,0.5,0.5,20.7,232.0,58.0,490.15,0.36,41.6,7.38,50.0,20.0,20.0,109.0,36.0,36.0,2072.0,0.23,360.0,3890.0,1.0,956.1478482,0,40.0,6.863957870847462,-40.0,30.0,40.0,1.4999999625000011,0.39999999000000025,40.099999000000025,210.13999475000014,0.16024616304864273,0.8397538329551936,-17.38,0.6999999999999993,18.08,-4875.563595915995,2.249999204416764,0.07856740778219769,0.033875338733602385,8.490365793239568e-05,47.794062736600715,380.1072958427876,167.08683576414904
0.5,6.363961031,2.828427125,150.0,25.0,125.0,3.175,191.0,2.62,700.0,148.0,1693.15,0.22,159.0,2.33,1.0,3.0,3.0,0.5,0.5,20.7,232.0,58.0,490.15,0.36,41.6,7.38,50.0,20.0,20.0,109.0,36.0,36.0,2072.0,0.23,360.0,3890.0,1.0,492.5395772,0,40.0,6.2016030526184185,-25.0,50.0,40.0,1.4999999625000011,0.6249999843750005,78.24999804687506,225.14999437500015,0.2579103485281527,0.7420896481758684,-17.38,0.6999999999999993,18.08,-5223.818138481423,2.249999204416764,0.07856740778219769,0.033875338733602385,8.490365793239568e-05,47.794062736600715,380.1072958427876,167.08683576414904
0.5,6.363961031,2.828427125,100.0,15.0,60.0,3.175,191.0,2.62,700.0,148.0,1693.15,0.22,159.0,2.33,1.0,3.0,3.0,0.5,0.5,20.7,232.0,58.0,490.15,0.36,41.6,7.38,50.0,20.0,20.0,109.0,36.0,36.0,2072.0,0.23,360.0,3890.0,1.0,3660.138281,0,30.0,8.205529383780856,-40.0,10.0,30.0,1.9999999333333356,0.4999999833333339,30.05999900000003,200.09999333333357,0.1306047961014018,0.8693951995537945,-17.38,0.6999999999999993,18.08,-3482.5454256542826,2.249999204416764,0.07856740778219769,0.033875338733602385,8.490365793239568e-05,47.794062736600715,380.1072958427876,167.08683576414904
0.5,6.363961031,2.828427125,75.0,44.8,100.0,3.175,191.0,2.62,700.0,148.0,1693.15,0.22,159.0,2.33,1.0,3.0,3.0,0.5,0.5,20.7,232.0,58.0,490.15,0.36,41.6,7.38,50.0,20.0,20.0,109.0,36.0,36.0,2072.0,0.23,360.0,3890.0,1.0,900.0,0,40.0,6.803505257608338,25.0,62.5,40.0,1.4999999625000011,1.1199999720000007,112.09999720000006,112.57499718750007,0.4989429153282483,0.5010570802208781,-17.38,0.6999999999999993,18.08,-2611.9090692407117,2.249999204416764,0.07856740778219769,0.033875338733602385,8.490365793239568e-05,47.794062736600715,380.1072958427876,167.08683576414904
0.5,6.363961031,2.828427125,165.0,30.0,125.0,3.175,191.0,2.62,700.0,148.0,1693.15,0.22,159.0,2.33,1.0,3.0,3.0,0.5,0.5,20.7,232.0,58.0,490.15,0.36,41.6,7.38,50.0,20.0,20.0,109.0,36.0,36.0,2072.0,0.23,360.0,3890.0,1.0,174.4867683,0,60.0,5.167563645761633,-40.0,42.5,60.0,0.9999999833333336,0.4999999916666668,62.62499895833334,165.16499725000006,0.27492427115251,0.7250757244574816,-17.38,0.6999999999999993,18.08,-5746.199952329565,2.249999204416764,0.07856740778219769,0.033875338733602385,8.490365793239568e-05,47.794062736600715,380.1072958427876,167.08683576414904
0.5,6.363961031,2.828427125,165.0,21.0,125.0,3.175,191.0,2.62,700.0,148.0,1693.15,0.22,159.0,2.33,1.0,3.0,3.0,0.5,0.5,20.7,232.0,58.0,490.15,0.36,41.6,7.38,50.0,20.0,20.0,109.0,36.0,36.0,2072.0,0.23,360.0,3890.0,1.0,192.5512846,0,42.0,5.265542514046323,-40.0,42.5,42.0,1.428571394557824,0.49999998809523843,62.6249985119048,235.87928010204095,0.20979598213096787,0.7902040145189964,-17.38,0.6999999999999993,18.08,-5746.199952329565,2.249999204416764,0.07856740778219769,0.033875338733602385,8.490365793239568e-05,47.794062736600715,380.1072958427876,167.08683576414904
0.5,6.363961031,2.828427125,165.0,120.0,125.0,3.175,191.0,2.62,700.0,148.0,1693.15,0.22,159.0,2.33,1.0,3.0,3.0,0.5,0.5,20.7,232.0,58.0,490.15,0.36,41.6,7.38,50.0,20.0,20.0,109.0,36.0,36.0,2072.0,0.23,360.0,3890.0,1.0,118.9798808,0,240.0,4.787324068725537,-40.0,42.5,240.0,0.24999999895833333,0.49999999791666666,62.62499973958332,41.414999828125,0.6019319434627216,0.3980680469255907,-17.38,0.6999999999999993,18.08,-5746.199952329565,2.249999204416764,0.07856740778219769,0.033875338733602385,8.490365793239568e-05,47.794062736600715,380.1072958427876,167.08683576414904
0.5,6.363961031,2.828427125,180.0,15.0,125.0,3.175,191.0,2.62,700.0,148.0,1693.15,0.22,159.0,2.33,1.0,3.0,3.0,0.5,0.5,20.7,232.0,58.0,490.15,0.36,41.6,7.38,50.0,20.0,20.0,109.0,36.0,36.0,2072.0,0.23,360.0,3890.0,1.0,186.6370335,0,30.0,5.2345094238064,-55.0,35.0,30.0,1.9999999333333356,0.4999999833333339,62.62499791666673,360.17998800000044,0.1481179263597707,0.8518820712750726,-17.38,0.6999999999999993,18.08,-6268.581766177707,2.249999204416764,0.07856740778219769,0.033875338733602385,8.490365793239568e-05,47.794062736600715,380.1072958427876,167.08683576414904
0.5,6.363961031,2.828427125,100.0,15.0,100.0,3.175,191.0,2.62,700.0,148.0,1693.15,0.22,159.0,2.33,1.0,3.0,3.0,0.5,0.5,20.7,232.0,58.0,490.15,0.36,41.6,7.38,50.0,20.0,20.0,109.0,36.0,36.0,2072.0,0.23,360.0,3890.0,1.0,671.3900052,0,30.0,6.510838537057536,0.0,50.0,30.0,1.9999999333333356,0.4999999833333339,50.09999833333338,200.09999333333357,0.20023980736114538,0.7997601886420519,-17.38,0.6999999999999993,18.08,-3482.5454256542826,2.249999204416764,0.07856740778219769,0.033875338733602385,8.490365793239568e-05,47.794062736600715,380.1072958427876,167.08683576414904
0.5,6.363961031,2.828427125,100.0,38.65,100.0,3.175,191.0,2.62,700.0,148.0,1693.15,0.22,159.0,2.33,1.0,3.0,3.0,0.5,0.5,20.7,232.0,58.0,490.15,0.36,41.6,7.38,50.0,20.0,20.0,109.0,36.0,36.0,2072.0,0.23,360.0,3890.0,1.0,516.9405328,0,30.0,6.24986043412488,0.0,50.0,30.0,1.9999999333333356,1.2883332903888902,128.933329038889,200.09999333333357,0.3918549273899281,0.608145069570866,-17.38,0.6999999999999993,18.08,-3482.5454256542826,2.249999204416764,0.07856740778219769,0.033875338733602385,8.490365793239568e-05,47.794062736600715,380.1072958427876,167.08683576414904
0.5,6.363961031,2.828427125,100.0,20.0,100.0,3.175,191.0,2.62,700.0,148.0,1693.15,0.22,159.0,2.33,1.0,3.0,3.0,0.5,0.5,20.7,232.0,58.0,490.15,0.36,41.6,7.38,50.0,20.0,20.0,109.0,36.0,36.0,2072.0,0.23,360.0,3890.0,1.0,620.1072268,0,40.0,6.431503734982995,0.0,50.0,40.0,1.4999999625000011,0.49999998750000035,50.09999875000003,150.0999962500001,0.250249749005989,0.749750245999006,-17.38,0.6999999999999993,18.08,-3482.5454256542826,2.249999204416764,0.07856740778219769,0.033875338733602385,8.490365793239568e-05,47.794062736600715,380.1072958427876,167.08683576414904
0.5,6.363961031,2.828427125,100.0,47.3,100.0,3.175,191.0,2.62,700.0,148.0,1693.15,0.22,159.0,2.33,1.0,3.0,3.0,0.5,0.5,20.7,232.0,58.0,490.15,0.36,41.6,7.38,50.0,20.0,20.0,109.0,36.0,36.0,2072.0,0.23,360.0,3890.0,1.0,488.8939134,0,40.0,6.194188864399151,0.0,50.0,40.0,1.4999999625000011,1.1824999704375008,118.34999704375007,150.0999962500001,0.44086421888408067,0.5591357773908309,-17.38,0.6999999999999993,18.08,-3482.5454256542826,2.249999204416764,0.07856740778219769,0.033875338733602385,8.490365793239568e-05,47.794062736600715,380.1072958427876,167.08683576414904
0.5,6.363961031,2.828427125,100.0,79.6,100.0,3.175,191.0,2.62,700.0,148.0,1693.15,0.22,159.0,2.33,1.0,3.0,3.0,0.5,0.5,20.7,232.0,58.0,490.15,0.36,41.6,7.38,50.0,20.0,20.0,109.0,36.0,36.0,2072.0,0.23,360.0,3890.0,1.0,423.4275271,0,50.0,6.050741265852264,0.0,50.0,50.0,1.1999999760000006,1.5919999681600006,159.29999681600003,120.09999760000005,0.5701503200771978,0.42984967634370413,-17.38,0.6999999999999993,18.08,-3482.5454256542826,2.249999204416764,0.07856740778219769,0.033875338733602385,8.490365793239568e-05,47.794062736600715,380.1072958427876,167.08683576414904
0.5,6.363961031,2.828427125,100.0,30.0,100.0,3.175,191.0,2.62,700.0,148.0,1693.15,0.22,159.0,2.33,1.0,3.0,3.0,0.5,0.5,20.7,232.0,58.0,490.15,0.36,41.6,7.38,50.0,20.0,20.0,109.0,36.0,36.0,2072.0,0.23,360.0,3890.0,1.0,554.409147,0,60.0,6.319705043948462,0.0,50.0,60.0,0.9999999833333336,0.4999999916666668,50.09999916666668,100.09999833333336,0.33355525743674797,0.6664447359054623,-17.38,0.6999999999999993,18.08,-3482.5454256542826,2.249999204416764,0.07856740778219769,0.033875338733602385,8.490365793239568e-05,47.794062736600715,380.1072958427876,167.08683576414904
0.5,6.363961031,2.828427125,100.0,40.0,100.0,3.175,191.0,2.62,700.0,148.0,1693.15,0.22,159.0,2.33,1.0,3.0,3.0,0.5,0.5,20.7,232.0,58.0,490.15,0.36,41.6,7.38,50.0,20.0,20.0,109.0,36.0,36.0,2072.0,0.23,360.0,3890.0,1.0,512.0617167,0,80.0,6.240396143392738,0.0,50.0,80.0,0.7499999906250001,0.4999999937500001,50.099999375,75.09999906250002,0.40015974121477516,0.5998402507980043,-17.38,0.6999999999999993,18.08,-3482.5454256542826,2.249999204416764,0.07856740778219769,0.033875338733602385,8.490365793239568e-05,47.794062736600715,380.1072958427876,167.08683576414904
0.5,6.363961031,2.828427125,100.0,47.3,100.0,3.175,191.0,2.62,700.0,148.0,1693.15,0.22,159.0,2.33,1.0,3.0,3.0,0.5,0.5,20.7,232.0,58.0,490.15,0.36,41.6,7.38,50.0,20.0,20.0,109.0,36.0,36.0,2072.0,0.23,360.0,3890.0,1.0,488.8939134,0,80.0,6.194188864399151,0.0,50.0,80.0,0.7499999906250001,0.591249992609375,59.22499926093751,75.09999906250002,0.44090824164704623,0.5590917509083233,-17.38,0.6999999999999993,18.08,-3482.5454256542826,2.249999204416764,0.07856740778219769,0.033875338733602385,8.490365793239568e-05,47.794062736600715,380.1072958427876,167.08683576414904
0.5,6.363961031,2.828427125,100.0,70.0,100.0,3.175,191.0,2.62,700.0,148.0,1693.15,0.22,159.0,2.33,1.0,3.0,3.0,0.5,0.5,20.7,232.0,58.0,490.15,0.36,41.6,7.38,50.0,20.0,20.0,109.0,36.0,36.0,2072.0,0.23,360.0,3890.0,1.0,438.7278449,0,90.0,6.086156001222856,0.0,50.0,90.0,0.6666666592592594,0.7777777691358025,77.87777691358025,66.76666592592593,0.5384083539357478,0.46159163915074775,-17.38,0.6999999999999993,18.08,-3482.5454256542826,2.249999204416764,0.07856740778219769,0.033875338733602385,8.490365793239568e-05,47.794062736600715,380.1072958427876,167.08683576414904
0.5,6.363961031,2.828427125,100.0,70.0,100.0,3.175,191.0,2.62,700.0,148.0,1693.15,0.22,159.0,2.33,1.0,3.0,3.0,0.5,0.5,20.7,232.0,58.0,490.15,0.36,41.6,7.38,50.0,20.0,20.0,109.0,36.0,36.0,2072.0,0.23,360.0,3890.0,1.0,438.7278449,0,100.0,6.086156001222856,0.0,50.0,100.0,0.599999994,0.699999993,70.09999930000001,60.0999994,0.5384024536215111,0.4615975386979974,-17.38,0.6999999999999993,18.08,-3482.5454256542826,2.249999204416764,0.07856740778219769,0.033875338733602385,8.490365793239568e-05,47.794062736600715,380.1072958427876,167.08683576414904
0.5,6.363961031,2.828427125,100.0,60.0,100.0,3.175,191.0,2.62,700.0,148.0,1693.15,0.22,159.0,2.33,1.0,3.0,3.0,0.5,0.5,20.7,232.0,58.0,490.15,0.36,41.6,7.38,50.0,20.0,20.0,109.0,36.0,36.0,2072.0,0.23,360.0,3890.0,1.0,457.8106613,0,120.0,6.128637622343558,0.0,50.0,120.0,0.4999999958333334,0.4999999958333334,50.09999958333333,50.09999958333333,0.49999999500998005,0.49999999500998005,-17.38,0.6999999999999993,18.08,-3482.5454256542826,2.249999204416764,0.07856740778219769,0.033875338733602385,8.490365793239568e-05,47.794062736600715,380.1072958427876,167.08683576414904
0.5,6.363961031,2.828427125,100.0,70.0,100.0,3.175,191.0,2.62,700.0,148.0,1693.15,0.22,159.0,2.33,1.0,3.0,3.0,0.5,0.5,20.7,232.0,58.0,490.15,0.36,41.6,7.38,50.0,20.0,20.0,109.0,36.0,36.0,2072.0,0.23,360.0,3890.0,1.0,438.7278449,0,140.0,6.086156001222856,0.0,50.0,140.0,0.4285714255102041,0.49999999642857146,50.09999964285714,42.95714255102041,0.5383788704804484,0.4616211187734663,-17.38,0.6999999999999993,18.08,-3482.5454256542826,2.249999204416764,0.07856740778219769,0.033875338733602385,8.490365793239568e-05,47.794062736600715,380.1072958427876,167.08683576414904
0.5,6.363961031,2.828427125,100.0,120.0,100.0,3.175,191.0,2.62,700.0,148.0,1693.15,0.22,159.0,2.33,1.0,3.0,3.0,0.5,0.5,20.7,232.0,58.0,490.15,0.36,41.6,7.38,50.0,20.0,20.0,109.0,36.0,36.0,2072.0,0.23,360.0,3890.0,1.0,378.0431884,0,240.0,5.937650152152218,0.0,50.0,240.0,0.24999999895833333,0.49999999791666666,50.09999979166666,25.09999989583333,0.6662233953941235,0.33377659130800436,-17.38,0.6999999999999993,18.08,-3482.5454256542826,2.249999204416764,0.07856740778219769,0.033875338733602385,8.490365793239568e-05,47.794062736600715,380.1072958427876,167.08683576414904
0.5,6.363961031,2.828427125,100.0,310.0,100.0,3.175,191.0,2.62,700.0,148.0,1693.15,0.22,159.0,2.33,1.0,3.0,3.0,0.5,0.5,20.7,232.0,58.0,490.15,0.36,41.6,7.38,50.0,20.0,20.0,109.0,36.0,36.0,2072.0,0.23,360.0,3890.0,1.0,290.8688258,0,720.0,5.676304474623405,0.0,50.0,720.0,0.08333333321759259,0.4305555549575617,43.15555549575617,8.433333321759259,0.8365280906103939,0.1634718900055876,-17.38,0.6999999999999993,18.08,-3482.5454256542826,2.249999204416764,0.07856740778219769,0.033875338733602385,8.490365793239568e-05,47.794062736600715,380.1072958427876,167.08683576414904
0.5,6.363961031,2.828427125,100.0,11.0,100.0,3.175,191.0,2.62,700.0,148.0,1693.15,0.22,159.0,2.33,1.0,3.0,3.0,0.5,0.5,20.7,232.0,58.0,490.15,0.36,41.6,7.38,50.0,20.0,20.0,109.0,36.0,36.0,2072.0,0.23,360.0,3890.0,1.0,731.4398503,1,,6.59638122188815,0.0,50.0,,,,0.1,142.9571394557824,0.0006990213818156743,0.9993009716279706,-17.38,0.6999999999999993,18.08,-3482.5454256542826,2.249999204416764,0.07856740778219769,0.033875338733602385,8.490365793239568e-05,47.794062736600715,380.1072958427876,167.08683576414904
0.5,6.363961031,2.828427125,100.0,31.0,100.0,3.175,191.0,2.62,700.0,148.0,1693.15,0.22,159.0,2.33,1.0,3.0,3.0,0.5,0.5,20.7,232.0,58.0,490.15,0.36,41.6,7.38,50.0,20.0,20.0,109.0,36.0,36.0,2072.0,0.23,360.0,3890.0,1.0,549.4107815,1,,6.310664874908387,0.0,50.0,,,,0.1,142.9571394557824,0.0006990213818156743,0.9993009716279706,-17.38,0.6999999999999993,18.08,-3482.5454256542826,2.249999204416764,0.07856740778219769,0.033875338733602385,8.490365793239568e-05,47.794062736600715,380.1072958427876,167.08683576414904
0.5,6.363961031,2.828427125,100.0,61.0,100.0,3.175,191.0,2.62,700.0,148.0,1693.15,0.22,159.0,2.33,1.0,3.0,3.0,0.5,0.5,20.7,232.0,58.0,490.15,0.36,41.6,7.38,50.0,20.0,20.0,109.0,36.0,36.0,2072.0,0.23,360.0,3890.0,1.0,455.7253394,1,,6.124082202339112,0.0,50.0,,,,0.1,142.9571394557824,0.0006990213818156743,0.9993009716279706,-17.38,0.6999999999999993,18.08,-3482.5454256542826,2.249999204416764,0.07856740778219769,0.033875338733602385,8.490365793239568e-05,47.794062736600715,380.1072958427876,167.08683576414904
0.5,6.363961031,2.828427125,125.0,44.8,100.0,3.175,191.0,2.62,700.0,148.0,1693.15,0.22,159.0,2.33,1.0,3.0,3.0,0.5,0.5,20.7,232.0,58.0,490.15,0.36,41.6,7.38,50.0,20.0,20.0,109.0,36.0,36.0,2072.0,0.23,360.0,3890.0,1.0,360.9744518,0,40.0,5.891573634197107,-25.0,37.5,40.0,1.4999999625000011,1.1199999720000007,112.09999720000006,187.62499531250012,0.3740095074698029,0.6259904891938053,-17.38,0.6999999999999993,18.08,-4353.181782067853,2.249999204416764,0.07856740778219769,0.033875338733602385,8.490365793239568e-05,47.794062736600715,380.1072958427876,167.08683576414904
0.5,6.363961031,2.828427125,75.0,44.8,75.0,3.175,191.0,2.62,700.0,148.0,1693.15,0.22,159.0,2.33,1.0,3.0,3.0,0.5,0.5,20.7,232.0,58.0,490.15,0.36,41.6,7.38,50.0,20.0,20.0,109.0,36.0,36.0,2072.0,0.23,360.0,3890.0,1.0,1239.702689,0,40.0,7.123433182771374,0.0,37.5,40.0,1.4999999625000011,1.1199999720000007,84.07499790000004,112.57499718750007,0.4275362297113425,0.5724637652034807,-17.38,0.6999999999999993,18.08,-2611.9090692407117,2.249999204416764,0.07856740778219769,0.033875338733602385,8.490365793239568e-05,47.794062736600715,380.1072958427876,167.08683576414904
0.5,6.363961031,2.828427125,60.0,16.0,60.0,3.175,191.0,2.62,700.0,148.0,1693.15,0.22,159.0,2.33,1.0,3.0,3.0,0.5,0.5,20.7,232.0,58.0,490.15,0.36,41.6,7.38,50.0,20.0,20.0,109.0,36.0,36.0,2072.0,0.23,360.0,3890.0,1.0,3180.441537,0,40.0,8.0650896865807,0.0,30.0,40.0,1.4999999625000011,0.39999999000000025,24.059999400000017,90.05999775000006,0.2108307026817105,0.7891692885555835,-17.38,0.6999999999999993,18.08,-2089.5272553925693,2.249999204416764,0.07856740778219769,0.033875338733602385,8.490365793239568e-05,47.794062736600715,380.1072958427876,167.08683576414904
0.5,6.363961031,2.828427125,140.0,16.0,100.0,3.175,191.0,2.62,700.0,148.0,1693.15,0.22,159.0,2.33,1.0,3.0,3.0,0.5,0.5,20.7,232.0,58.0,490.15,0.36,41.6,7.38,50.0,20.0,20.0,109.0,36.0,36.0,2072.0,0.23,360.0,3890.0,1.0,408.1004584,0,40.0,6.013960745443158,-40.0,30.0,40.0,1.4999999625000011,0.39999999000000025,40.099999000000025,210.13999475000014,0.16024616304864273,0.8397538329551936,-17.38,0.6999999999999993,18.08,-4875.563595915995,2.249999204416764,0.07856740778219769,0.033875338733602385,8.490365793239568e-05,47.794062736600715,380.1072958427876,167.08683576414904
0.5,6.363961031,2.828427125,150.0,25.0,125.0,3.175,191.0,2.62,700.0,148.0,1693.15,0.22,159.0,2.33,1.0,3.0,3.0,0.5,0.5,20.7,232.0,58.0,490.15,0.36,41.6,7.38,50.0,20.0,20.0,109.0,36.0,36.0,2072.0,0.23,360.0,3890.0,1.0,210.2244204,0,40.0,5.352921172041771,-25.0,50.0,40.0,1.4999999625000011,0.6249999843750005,78.24999804687506,225.14999437500015,0.2579103485281527,0.7420896481758684,-17.38,0.6999999999999993,18.08,-5223.818138481423,2.249999204416764,0.07856740778219769,0.033875338733602385,8.490365793239568e-05,47.794062736600715,380.1072958427876,167.08683576414904
0.5,6.363961031,2.828427125,100.0,15.0,60.0,3.175,191.0,2.62,700.0,148.0,1693.15,0.22,159.0,2.33,1.0,3.0,3.0,0.5,0.5,20.7,232.0,58.0,490.15,0.36,41.6,7.38,50.0,20.0,20.0,109.0,36.0,36.0,2072.0,0.23,360.0,3890.0,1.0,1562.210398,0,30.0,7.354496933006415,-40.0,10.0,30.0,1.9999999333333356,0.4999999833333339,30.05999900000003,200.09999333333357,0.1306047961014018,0.8693951995537945,-17.38,0.6999999999999993,18.08,-3482.5454256542826,2.249999204416764,0.07856740778219769,0.033875338733602385,8.490365793239568e-05,47.794062736600715,380.1072958427876,167.08683576414904
0.5,6.363961031,2.828427125,165.0,30.0,125.0,3.175,191.0,2.62,700.0,148.0,1693.15,0.22,159.0,2.33,1.0,3.0,3.0,0.5,0.5,20.7,232.0,58.0,490.15,0.36,41.6,7.38,50.0,20.0,20.0,109.0,36.0,36.0,2072.0,0.23,360.0,3890.0,1.0,644.2930026,0,60.0,6.469704481244383,-40.0,42.5,60.0,0.9999999833333336,0.4999999916666668,62.62499895833334,165.16499725000006,0.27492427115251,0.7250757244574816,-17.38,0.6999999999999993,18.08,-5746.199952329565,2.249999204416764,0.07856740778219769,0.033875338733602385,8.490365793239568e-05,47.794062736600715,380.1072958427876,167.08683576414904
0.5,6.363961031,2.828427125,165.0,21.0,125.0,3.175,191.0,2.62,700.0,148.0,1693.15,0.22,159.0,2.33,1.0,3.0,3.0,0.5,0.5,20.7,232.0,58.0,490.15,0.36,41.6,7.38,50.0,20.0,20.0,109.0,36.0,36.0,2072.0,0.23,360.0,3890.0,1.0,710.9962924,0,42.0,6.568072704095047,-40.0,42.5,42.0,1.428571394557824,0.49999998809523843,62.6249985119048,235.87928010204095,0.20979598213096787,0.7902040145189964,-17.38,0.6999999999999993,18.08,-5746.199952329565,2.249999204416764,0.07856740778219769,0.033875338733602385,8.490365793239568e-05,47.794062736600715,380.1072958427876,167.08683576414904
0.5,6.363961031,2.828427125,165.0,120.0,125.0,3.175,191.0,2.62,700.0,148.0,1693.15,0.22,159.0,2.33,1.0,3.0,3.0,0.5,0.5,20.7,232.0,58.0,490.15,0.36,41.6,7.38,50.0,20.0,20.0,109.0,36.0,36.0,2072.0,0.23,360.0,3890.0,1.0,439.3336262,0,240.0,6.08753268095619,-40.0,42.5,240.0,0.24999999895833333,0.49999999791666666,62.62499973958332,41.414999828125,0.6019319434627216,0.3980680469255907,-17.38,0.6999999999999993,18.08,-5746.199952329565,2.249999204416764,0.07856740778219769,0.033875338733602385,8.490365793239568e-05,47.794062736600715,380.1072958427876,167.08683576414904
0.5,6.363961031,2.828427125,180.0,15.0,125.0,3.175,191.0,2.62,700.0,148.0,1693.15,0.22,159.0,2.33,1.0,3.0,3.0,0.5,0.5,20.7,232.0,58.0,490.15,0.36,41.6,7.38,50.0,20.0,20.0,109.0,36.0,36.0,2072.0,0.23,360.0,3890.0,1.0,689.1578993,0,30.0,6.536920410976743,-55.0,35.0,30.0,1.9999999333333356,0.4999999833333339,62.62499791666673,360.17998800000044,0.1481179263597707,0.8518820712750726,-17.38,0.6999999999999993,18.08,-6268.581766177707,2.249999204416764,0.07856740778219769,0.033875338733602385,8.490365793239568e-05,47.794062736600715,380.1072958427876,167.08683576414904
0.5,6.363961031,2.828427125,100.0,15.0,100.0,3.175,191.0,2.62,700.0,148.0,1693.15,0.22,159.0,2.33,1.0,3.0,3.0,0.5,0.5,20.7,232.0,58.0,490.15,0.36,41.6,7.38,50.0,20.0,20.0,109.0,36.0,36.0,2072.0,0.23,360.0,3890.0,1.0,2479.109944,0,30.0,7.816058170434447,0.0,50.0,30.0,1.9999999333333356,0.4999999833333339,50.09999833333338,200.09999333333357,0.20023980736114538,0.7997601886420519,-17.38,0.6999999999999993,18.08,-3482.5454256542826,2.249999204416764,0.07856740778219769,0.033875338733602385,8.490365793239568e-05,47.794062736600715,380.1072958427876,167.08683576414904
0.5,6.363961031,2.828427125,100.0,38.65,100.0,3.175,191.0,2.62,700.0,148.0,1693.15,0.22,159.0,2.33,1.0,3.0,3.0,0.5,0.5,20.7,232.0,58.0,490.15,0.36,41.6,7.38,50.0,20.0,20.0,109.0,36.0,36.0,2072.0,0.23,360.0,3890.0,1.0,1908.804727,0,30.0,7.5547562786413245,0.0,50.0,30.0,1.9999999333333356,1.2883332903888902,128.933329038889,200.09999333333357,0.3918549273899281,0.608145069570866,-17.38,0.6999999999999993,18.08,-3482.5454256542826,2.249999204416764,0.07856740778219769,0.033875338733602385,8.490365793239568e-05,47.794062736600715,380.1072958427876,167.08683576414904
0.5,6.363961031,2.828427125,100.0,20.0,100.0,3.175,191.0,2.62,700.0,148.0,1693.15,0.22,159.0,2.33,1.0,3.0,3.0,0.5,0.5,20.7,232.0,58.0,490.15,0.36,41.6,7.38,50.0,20.0,20.0,109.0,36.0,36.0,2072.0,0.23,360.0,3890.0,1.0,2289.748105,0,40.0,7.736633726604993,0.0,50.0,40.0,1.4999999625000011,0.49999998750000035,50.09999875000003,150.0999962500001,0.250249749005989,0.749750245999006,-17.38,0.6999999999999993,18.08,-3482.5454256542826,2.249999204416764,0.07856740778219769,0.033875338733602385,8.490365793239568e-05,47.794062736600715,380.1072958427876,167.08683576414904
0.5,6.363961031,2.828427125,100.0,47.3,100.0,3.175,191.0,2.62,700.0,148.0,1693.15,0.22,159.0,2.33,1.0,3.0,3.0,0.5,0.5,20.7,232.0,58.0,490.15,0.36,41.6,7.38,50.0,20.0,20.0,109.0,36.0,36.0,2072.0,0.23,360.0,3890.0,1.0,1805.242486,0,40.0,7.499003991852089,0.0,50.0,40.0,1.4999999625000011,1.1824999704375008,118.34999704375007,150.0999962500001,0.44086421888408067,0.5591357773908309,-17.38,0.6999999999999993,18.08,-3482.5454256542826,2.249999204416764,0.07856740778219769,0.033875338733602385,8.490365793239568e-05,47.794062736600715,380.1072958427876,167.08683576414904
0.5,6.363961031,2.828427125,100.0,79.6,100.0,3.175,191.0,2.62,700.0,148.0,1693.15,0.22,159.0,2.33,1.0,3.0,3.0,0.5,0.5,20.7,232.0,58.0,490.15,0.36,41.6,7.38,50.0,20.0,20.0,109.0,36.0,36.0,2072.0,0.23,360.0,3890.0,1.0,1563.507626,0,50.0,7.3553264374978236,0.0,50.0,50.0,1.1999999760000006,1.5919999681600006,159.29999681600003,120.09999760000005,0.5701503200771978,0.42984967634370413,-17.38,0.6999999999999993,18.08,-3482.5454256542826,2.249999204416764,0.07856740778219769,0.033875338733602385,8.490365793239568e-05,47.794062736600715,380.1072958427876,167.08683576414904
0.5,6.363961031,2.828427125,100.0,30.0,100.0,3.175,191.0,2.62,700.0,148.0,1693.15,0.22,159.0,2.33,1.0,3.0,3.0,0.5,0.5,20.7,232.0,58.0,490.15,0.36,41.6,7.38,50.0,20.0,20.0,109.0,36.0,36.0,2072.0,0.23,360.0,3890.0,1.0,2047.157716,0,60.0,7.624695992959923,0.0,50.0,60.0,0.9999999833333336,0.4999999916666668,50.09999916666668,100.09999833333336,0.33355525743674797,0.6664447359054623,-17.38,0.6999999999999993,18.08,-3482.5454256542826,2.249999204416764,0.07856740778219769,0.033875338733602385,8.490365793239568e-05,47.794062736600715,380.1072958427876,167.08683576414904
0.5,6.363961031,2.828427125,100.0,40.0,100.0,3.175,191.0,2.62,700.0,148.0,1693.15,0.22,159.0,2.33,1.0,3.0,3.0,0.5,0.5,20.7,232.0,58.0,490.15,0.36,41.6,7.38,50.0,20.0,20.0,109.0,36.0,36.0,2072.0,0.23,360.0,3890.0,1.0,1890.789681,0,80.0,7.545278581170685,0.0,50.0,80.0,0.7499999906250001,0.4999999937500001,50.099999375,75.09999906250002,0.40015974121477516,0.5998402507980043,-17.38,0.6999999999999993,18.08,-3482.5454256542826,2.249999204416764,0.07856740778219769,0.033875338733602385,8.490365793239568e-05,47.794062736600715,380.1072958427876,167.08683576414904
0.5,6.363961031,2.828427125,100.0,47.3,100.0,3.175,191.0,2.62,700.0,148.0,1693.15,0.22,159.0,2.33,1.0,3.0,3.0,0.5,0.5,20.7,232.0,58.0,490.15,0.36,41.6,7.38,50.0,20.0,20.0,109.0,36.0,36.0,2072.0,0.23,360.0,3890.0,1.0,1805.242486,0,80.0,7.499003991852089,0.0,50.0,80.0,0.7499999906250001,0.591249992609375,59.22499926093751,75.09999906250002,0.44090824164704623,0.5590917509083233,-17.38,0.6999999999999993,18.08,-3482.5454256542826,2.249999204416764,0.07856740778219769,0.033875338733602385,8.490365793239568e-05,47.794062736600715,380.1072958427876,167.08683576414904
0.5,6.363961031,2.828427125,100.0,70.0,100.0,3.175,191.0,2.62,700.0,148.0,1693.15,0.22,159.0,2.33,1.0,3.0,3.0,0.5,0.5,20.7,232.0,58.0,490.15,0.36,41.6,7.38,50.0,20.0,20.0,109.0,36.0,36.0,2072.0,0.23,360.0,3890.0,1.0,1620.004103,0,90.0,7.390801052886081,0.0,50.0,90.0,0.6666666592592594,0.7777777691358025,77.87777691358025,66.76666592592593,0.5384083539357478,0.46159163915074775,-17.38,0.6999999999999993,18.08,-3482.5454256542826,2.249999204416764,0.07856740778219769,0.033875338733602385,8.490365793239568e-05,47.794062736600715,380.1072958427876,167.08683576414904
0.5,6.363961031,2.828427125,100.0,70.0,100.0,3.175,191.0,2.62,700.0,148.0,1693.15,0.22,159.0,2.33,1.0,3.0,3.0,0.5,0.5,20.7,232.0,58.0,490.15,0.36,41.6,7.38,50.0,20.0,20.0,109.0,36.0,36.0,2072.0,0.23,360.0,3890.0,1.0,1620.004103,0,100.0,7.390801052886081,0.0,50.0,100.0,0.599999994,0.699999993,70.09999930000001,60.0999994,0.5384024536215111,0.4615975386979974,-17.38,0.6999999999999993,18.08,-3482.5454256542826,2.249999204416764,0.07856740778219769,0.033875338733602385,8.490365793239568e-05,47.794062736600715,380.1072958427876,167.08683576414904
0.5,6.363961031,2.828427125,100.0,60.0,100.0,3.175,191.0,2.62,700.0,148.0,1693.15,0.22,159.0,2.33,1.0,3.0,3.0,0.5,0.5,20.7,232.0,58.0,490.15,0.36,41.6,7.38,50.0,20.0,20.0,109.0,36.0,36.0,2072.0,0.23,360.0,3890.0,1.0,1690.467469,0,120.0,7.433351755993259,0.0,50.0,120.0,0.4999999958333334,0.4999999958333334,50.09999958333333,50.09999958333333,0.49999999500998005,0.49999999500998005,-17.38,0.6999999999999993,18.08,-3482.5454256542826,2.249999204416764,0.07856740778219769,0.033875338733602385,8.490365793239568e-05,47.794062736600715,380.1072958427876,167.08683576414904
0.5,6.363961031,2.828427125,100.0,70.0,100.0,3.175,191.0,2.62,700.0,148.0,1693.15,0.22,159.0,2.33,1.0,3.0,3.0,0.5,0.5,20.7,232.0,58.0,490.15,0.36,41.6,7.38,50.0,20.0,20.0,109.0,36.0,36.0,2072.0,0.23,360.0,3890.0,1.0,1620.004103,0,140.0,7.390801052886081,0.0,50.0,140.0,0.4285714255102041,0.49999999642857146,50.09999964285714,42.95714255102041,0.5383788704804484,0.4616211187734663,-17.38,0.6999999999999993,18.08,-3482.5454256542826,2.249999204416764,0.07856740778219769,0.033875338733602385,8.490365793239568e-05,47.794062736600715,380.1072958427876,167.08683576414904
0.5,6.363961031,2.828427125,100.0,120.0,100.0,3.175,191.0,2.62,700.0,148.0,1693.15,0.22,159.0,2.33,1.0,3.0,3.0,0.5,0.5,20.7,232.0,58.0,490.15,0.36,41.6,7.38,50.0,20.0,20.0,109.0,36.0,36.0,2072.0,0.23,360.0,3890.0,1.0,1395.925796,0,240.0,7.242029241167624,0.0,50.0,240.0,0.24999999895833333,0.49999999791666666,50.09999979166666,25.09999989583333,0.6662233953941235,0.33377659130800436,-17.38,0.6999999999999993,18.08,-3482.5454256542826,2.249999204416764,0.07856740778219769,0.033875338733602385,8.490365793239568e-05,47.794062736600715,380.1072958427876,167.08683576414904
0.5,6.363961031,2.828427125,100.0,310.0,100.0,3.175,191.0,2.62,700.0,148.0,1693.15,0.22,159.0,2.33,1.0,3.0,3.0,0.5,0.5,20.7,232.0,58.0,490.15,0.36,41.6,7.38,50.0,20.0,20.0,109.0,36.0,36.0,2072.0,0.23,360.0,3890.0,1.0,1074.034157,0,720.0,6.98010771401047,0.0,50.0,720.0,0.08333333321759259,0.4305555549575617,43.15555549575617,8.433333321759259,0.8365280906103939,0.1634718900055876,-17.38,0.6999999999999993,18.08,-3482.5454256542826,2.249999204416764,0.07856740778219769,0.033875338733602385,8.490365793239568e-05,47.794062736600715,380.1072958427876,167.08683576414904
0.5,6.363961031,2.828427125,100.0,11.0,100.0,3.175,191.0,2.62,700.0,148.0,1693.15,0.22,159.0,2.33,1.0,3.0,3.0,0.5,0.5,20.7,232.0,58.0,490.15,0.36,41.6,7.38,50.0,20.0,20.0,109.0,36.0,36.0,2072.0,0.23,360.0,3890.0,1.0,2700.844207,1,,7.90168985845665,0.0,50.0,,,,0.1,142.9571394557824,0.0006990213818156743,0.9993009716279706,-17.38,0.6999999999999993,18.08,-3482.5454256542826,2.249999204416764,0.07856740778219769,0.033875338733602385,8.490365793239568e-05,47.794062736600715,380.1072958427876,167.08683576414904
0.5,6.363961031,2.828427125,100.0,31.0,100.0,3.175,191.0,2.62,700.0,148.0,1693.15,0.22,159.0,2.33,1.0,3.0,3.0,0.5,0.5,20.7,232.0,58.0,490.15,0.36,41.6,7.38,50.0,20.0,20.0,109.0,36.0,36.0,2072.0,0.23,360.0,3890.0,1.0,2028.701234,1,,7.615643885835017,0.0,50.0,,,,0.1,142.9571394557824,0.0006990213818156743,0.9993009716279706,-17.38,0.6999999999999993,18.08,-3482.5454256542826,2.249999204416764,0.07856740778219769,0.033875338733602385,8.490365793239568e-05,47.794062736600715,380.1072958427876,167.08683576414904
0.5,6.363961031,2.828427125,100.0,61.0,100.0,3.175,191.0,2.62,700.0,148.0,1693.15,0.22,159.0,2.33,1.0,3.0,3.0,0.5,0.5,20.7,232.0,58.0,490.15,0.36,41.6,7.38,50.0,20.0,20.0,109.0,36.0,36.0,2072.0,0.23,360.0,3890.0,1.0,1682.767411,1,,7.42878906827987,0.0,50.0,,,,0.1,142.9571394557824,0.0006990213818156743,0.9993009716279706,-17.38,0.6999999999999993,18.08,-3482.5454256542826,2.249999204416764,0.07856740778219769,0.033875338733602385,8.490365793239568e-05,47.794062736600715,380.1072958427876,167.08683576414904
0.5,6.363961031,2.828427125,125.0,44.8,100.0,3.175,191.0,2.62,700.0,148.0,1693.15,0.22,159.0,2.33,1.0,3.0,3.0,0.5,0.5,20.7,232.0,58.0,490.15,0.36,41.6,7.38,50.0,20.0,20.0,109.0,36.0,36.0,2072.0,0.23,360.0,3890.0,1.0,1332.899427,0,40.0,7.195861831579472,-25.0,37.5,40.0,1.4999999625000011,1.1199999720000007,112.09999720000006,187.62499531250012,0.3740095074698029,0.6259904891938053,-17.38,0.6999999999999993,18.08,-4353.181782067853,2.249999204416764,0.07856740778219769,0.033875338733602385,8.490365793239568e-05,47.794062736600715,380.1072958427876,167.08683576414904
0.5,6.363961031,2.828427125,75.0,44.8,75.0,3.175,191.0,2.62,700.0,148.0,1693.15,0.22,159.0,2.33,1.0,3.0,3.0,0.5,0.5,20.7,232.0,58.0,490.15,0.36,41.6,7.38,50.0,20.0,20.0,109.0,36.0,36.0,2072.0,0.23,360.0,3890.0,1.0,4577.606517,0,40.0,8.429149976883481,0.0,37.5,40.0,1.4999999625000011,1.1199999720000007,84.07499790000004,112.57499718750007,0.4275362297113425,0.5724637652034807,-17.38,0.6999999999999993,18.08,-2611.9090692407117,2.249999204416764,0.07856740778219769,0.033875338733602385,8.490365793239568e-05,47.794062736600715,380.1072958427876,167.08683576414904
0.5,6.363961031,2.828427125,60.0,16.0,60.0,3.175,191.0,2.62,700.0,148.0,1693.15,0.22,159.0,2.33,1.0,3.0,3.0,0.5,0.5,20.7,232.0,58.0,490.15,0.36,41.6,7.38,50.0,20.0,20.0,109.0,36.0,36.0,2072.0,0.23,360.0,3890.0,1.0,11743.79151,0,40.0,9.371165145551888,0.0,30.0,40.0,1.4999999625000011,0.39999999000000025,24.059999400000017,90.05999775000006,0.2108307026817105,0.7891692885555835,-17.38,0.6999999999999993,18.08,-2089.5272553925693,2.249999204416764,0.07856740778219769,0.033875338733602385,8.490365793239568e-05,47.794062736600715,380.1072958427876,167.08683576414904
0.5,6.363961031,2.828427125,140.0,16.0,100.0,3.175,191.0,2.62,700.0,148.0,1693.15,0.22,159.0,2.33,1.0,3.0,3.0,0.5,0.5,20.7,232.0,58.0,490.15,0.36,41.6,7.38,50.0,20.0,20.0,109.0,36.0,36.0,2072.0,0.23,360.0,3890.0,1.0,1506.912371,0,40.0,7.318481437463038,-40.0,30.0,40.0,1.4999999625000011,0.39999999000000025,40.099999000000025,210.13999475000014,0.16024616304864273,0.8397538329551936,-17.38,0.6999999999999993,18.08,-4875.563595915995,2.249999204416764,0.07856740778219769,0.033875338733602385,8.490365793239568e-05,47.794062736600715,380.1072958427876,167.08683576414904
0.5,6.363961031,2.828427125,150.0,25.0,125.0,3.175,191.0,2.62,700.0,148.0,1693.15,0.22,159.0,2.33,1.0,3.0,3.0,0.5,0.5,20.7,232.0,58.0,490.15,0.36,41.6,7.38,50.0,20.0,20.0,109.0,36.0,36.0,2072.0,0.23,360.0,3890.0,1.0,776.2544082,0,40.0,6.655767720457035,-25.0,50.0,40.0,1.4999999625000011,0.6249999843750005,78.24999804687506,225.14999437500015,0.2579103485281527,0.7420896481758684,-17.38,0.6999999999999993,18.08,-5223.818138481423,2.249999204416764,0.07856740778219769,0.033875338733602385,8.490365793239568e-05,47.794062736600715,380.1072958427876,167.08683576414904
0.5,6.363961031,2.828427125,100.0,15.0,60.0,3.175,191.0,2.62,700.0,148.0,1693.15,0.22,159.0,2.33,1.0,3.0,3.0,0.5,0.5,20.7,232.0,58.0,490.15,0.36,41.6,7.38,50.0,20.0,20.0,109.0,36.0,36.0,2072.0,0.23,360.0,3890.0,1.0,5768.467361,0,30.0,8.660335043456055,-40.0,10.0,30.0,1.9999999333333356,0.4999999833333339,30.05999900000003,200.09999333333357,0.1306047961014018,0.8693951995537945,-17.38,0.6999999999999993,18.08,-3482.5454256542826,2.249999204416764,0.07856740778219769,0.033875338733602385,8.490365793239568e-05,47.794062736600715,380.1072958427876,167.08683576414904
